tree
version=v4
num_class=1
num_tree_per_iteration=1
label_index=0
max_feature_idx=383
objective=binary sigmoid:1
feature_names=MaxAbsEStateIndex MaxEStateIndex MinAbsEStateIndex MinEStateIndex qed SPS MolWt HeavyAtomMolWt ExactMolWt NumValenceElectrons NumRadicalElectrons MaxPartialCharge MinPartialCharge MaxAbsPartialCharge MinAbsPartialCharge FpDensityMorgan1 FpDensityMorgan2 FpDensityMorgan3 BCUT2D_MWHI BCUT2D_MWLOW BCUT2D_CHGHI BCUT2D_CHGLO BCUT2D_LOGPHI BCUT2D_LOGPLOW BCUT2D_MRHI BCUT2D_MRLOW AvgIpc BalabanJ BertzCT Chi0 Chi0n Chi0v Chi1 Chi1n Chi1v Chi2n Chi2v Chi3n Chi3v Chi4n Chi4v HallKierAlpha Ipc Kappa1 Kappa2 Kappa3 LabuteASA PEOE_VSA1 PEOE_VSA10 PEOE_VSA11 PEOE_VSA12 PEOE_VSA13 PEOE_VSA14 PEOE_VSA2 PEOE_VSA3 PEOE_VSA4 PEOE_VSA5 PEOE_VSA6 PEOE_VSA7 PEOE_VSA8 PEOE_VSA9 SMR_VSA1 SMR_VSA10 SMR_VSA2 SMR_VSA3 SMR_VSA4 SMR_VSA5 SMR_VSA6 SMR_VSA7 SMR_VSA8 SMR_VSA9 SlogP_VSA1 SlogP_VSA10 SlogP_VSA11 SlogP_VSA12 SlogP_VSA2 SlogP_VSA3 SlogP_VSA4 SlogP_VSA5 SlogP_VSA6 SlogP_VSA7 SlogP_VSA8 SlogP_VSA9 TPSA EState_VSA1 EState_VSA10 EState_VSA11 EState_VSA2 EState_VSA3 EState_VSA4 EState_VSA5 EState_VSA6 EState_VSA7 EState_VSA8 EState_VSA9 VSA_EState1 VSA_EState10 VSA_EState2 VSA_EState3 VSA_EState4 VSA_EState5 VSA_EState6 VSA_EState7 VSA_EState8 VSA_EState9 FractionCSP3 HeavyAtomCount NHOHCount NOCount NumAliphaticCarbocycles NumAliphaticHeterocycles NumAliphaticRings NumAmideBonds NumAromaticCarbocycles NumAromaticHeterocycles NumAromaticRings NumAtomStereoCenters NumBridgeheadAtoms NumHAcceptors NumHDonors NumHeteroatoms NumHeterocycles NumRotatableBonds NumSaturatedCarbocycles NumSaturatedHeterocycles NumSaturatedRings NumSpiroAtoms NumUnspecifiedAtomStereoCenters Phi RingCount MolLogP MolMR fr_Al_COO fr_Al_OH fr_Al_OH_noTert fr_ArN fr_Ar_COO fr_Ar_N fr_Ar_NH fr_Ar_OH fr_COO fr_COO2 fr_C_O fr_C_O_noCOO fr_C_S fr_HOCCN fr_Imine fr_NH0 fr_NH1 fr_NH2 fr_N_O fr_Ndealkylation1 fr_Ndealkylation2 fr_Nhpyrrole fr_SH fr_aldehyde fr_alkyl_carbamate fr_alkyl_halide fr_allylic_oxid fr_amide fr_amidine fr_aniline fr_aryl_methyl fr_azide fr_azo fr_barbitur fr_benzene fr_benzodiazepine fr_bicyclic fr_diazo fr_dihydropyridine fr_epoxide fr_ester fr_ether fr_furan fr_guanido fr_halogen fr_hdrzine fr_hdrzone fr_imidazole fr_imide fr_isocyan fr_isothiocyan fr_ketone fr_ketone_Topliss fr_lactam fr_lactone fr_methoxy fr_morpholine fr_nitrile fr_nitro fr_nitro_arom fr_nitro_arom_nonortho fr_nitroso fr_oxazole fr_oxime fr_para_hydroxylation fr_phenol fr_phenol_noOrthoHbond fr_phos_acid fr_phos_ester fr_piperdine fr_piperzine fr_priamide fr_prisulfonamd fr_pyridine fr_quatN fr_sulfide fr_sulfonamd fr_sulfone fr_term_acetylene fr_tetrazole fr_thiazole fr_thiocyan fr_thiophene fr_unbrch_alkane fr_urea maccs_0 maccs_1 maccs_2 maccs_3 maccs_4 maccs_5 maccs_6 maccs_7 maccs_8 maccs_9 maccs_10 maccs_11 maccs_12 maccs_13 maccs_14 maccs_15 maccs_16 maccs_17 maccs_18 maccs_19 maccs_20 maccs_21 maccs_22 maccs_23 maccs_24 maccs_25 maccs_26 maccs_27 maccs_28 maccs_29 maccs_30 maccs_31 maccs_32 maccs_33 maccs_34 maccs_35 maccs_36 maccs_37 maccs_38 maccs_39 maccs_40 maccs_41 maccs_42 maccs_43 maccs_44 maccs_45 maccs_46 maccs_47 maccs_48 maccs_49 maccs_50 maccs_51 maccs_52 maccs_53 maccs_54 maccs_55 maccs_56 maccs_57 maccs_58 maccs_59 maccs_60 maccs_61 maccs_62 maccs_63 maccs_64 maccs_65 maccs_66 maccs_67 maccs_68 maccs_69 maccs_70 maccs_71 maccs_72 maccs_73 maccs_74 maccs_75 maccs_76 maccs_77 maccs_78 maccs_79 maccs_80 maccs_81 maccs_82 maccs_83 maccs_84 maccs_85 maccs_86 maccs_87 maccs_88 maccs_89 maccs_90 maccs_91 maccs_92 maccs_93 maccs_94 maccs_95 maccs_96 maccs_97 maccs_98 maccs_99 maccs_100 maccs_101 maccs_102 maccs_103 maccs_104 maccs_105 maccs_106 maccs_107 maccs_108 maccs_109 maccs_110 maccs_111 maccs_112 maccs_113 maccs_114 maccs_115 maccs_116 maccs_117 maccs_118 maccs_119 maccs_120 maccs_121 maccs_122 maccs_123 maccs_124 maccs_125 maccs_126 maccs_127 maccs_128 maccs_129 maccs_130 maccs_131 maccs_132 maccs_133 maccs_134 maccs_135 maccs_136 maccs_137 maccs_138 maccs_139 maccs_140 maccs_141 maccs_142 maccs_143 maccs_144 maccs_145 maccs_146 maccs_147 maccs_148 maccs_149 maccs_150 maccs_151 maccs_152 maccs_153 maccs_154 maccs_155 maccs_156 maccs_157 maccs_158 maccs_159 maccs_160 maccs_161 maccs_162 maccs_163 maccs_164 maccs_165 maccs_166
feature_infos=[2.0097193877551023:15.649144935752076] [2.0097193877551023:15.649144935752076] [0:1.4213888888888884] [-7.0260612717309137:1.1253325774754346] [0.065462629653523854:0.93813550420503056] [6.8571428571428568:63.516129032258064] [94.11699999999999:838.06599999999992] [88.068999999999988:760.45000000000005] [94.053098191999993:837.53184618409] [36:340] none [0.0010137632931433648:2] [-1:-0.23250484922259315] [0.24099742421585083:2] [0.0010137632931433648:1] [0.5714285714285714:2] [0.76190476190476186:2.5714285714285716] [0.90476190476190477:3.2857142857142856] [14.637977658565807:79.918731362842649] [9.3285719398829698:10.820893690968237] [1.7275141618986984:2.9503193097297151] [-2.736984706496175:-1.7489477597750465] [1.6440883307081258:2.8777781045996673] [-3.2845559143516425:-1.7650103703361295] [4.557898044090412:9.1030238595209259] [-1.0238695850549404:1.3327777790703192] [1.2532975784630429:3.8211500905471629] [0:4.0695119089320109] [60.919684538544004:2234.1947388586382] [5.1128841751223639:43.913120125584555] [3.5343461273399099:37.37576598378859] [3.5343461273399099:37.37576598378859] [3.25:27.881893610566248] [1.5625804364368561:20.940873252225263] [1.5625804364368561:22.408407222753205] [0.85529080107281596:18.815636027838842] [0.85529080107281596:18.815636027838842] [0.28979304667634026:15.951628518858234] [0.28979304667634026:15.951628518858234] [0:12.782750842259389] [0:12.782750842259389] [-5.0099999999999998:0.82999999999999985] [21.306058833871731:7399813331104.3047] [4.1180672268907559:50.774191823695553] [1.598931214740438:22.702773485830658] [0.8507940839640471:14.154404849318068] [39.739327958057437:345.08323472523341] [0:73.165038919191034] [0:55.90361298976314] [0:40.601037387451733] [0:18.607301764802838] [0:15.930470882759089] [0:90.699730189896002] [0:28.97796819798824] [0:23.116275102363904] [0:52.684980572097849] [0:22.673571755869474] [0:106.00384175216476] [0:121.6902759549333] [0:67.125077301675205] [0:80.660632504021194] [0:77.959576103262862] [0:81.984457843600396] [0:10.818567211583044] [0:30.818232584763884] [0:34.501605123439127] [0:197.17934035003762] [0:64.059585167442833] [0:156.03975202568918] none [0:51.745606499555144] [0:35.479883243035324] [0:52.684980572097849] [0:51.745606499555144] [0:81.984457843600396] [4.5670996477913546:169.79205037071705] [0:57.073052366687676] [0:40.927483291753639] [0:136.8489163885047] [0:103.65014617645328] [0:30.135799882447959] [0:32.952058924300651] none [0:218.08999999999995] [0:121.42715855538944] [0:62.274054940241498] none [0:61.111327116872047] [0:71.84619994768849] [0:93.823031076761637] [0:87.59208095644999] [0:77.54559860705838] [0:106.55772068876344] [0:110.84812985435806] [0:74.342502295195146] [-1.5902777777777777:158.85086435500125] [-1.5428348828420255:37.667439727884656] [-0.13765103482342789:59.164707306360611] [-0.35170445956160257:89.572127389531502] [-12.551689578609221:19.282288090396854] [-6.0608461515203009:7.3256729174502784] [-4.3934259259259276:33.582444232862443] [-27.95127338435374:21.45239559712774] [-4.7901566638292081:19.329662645922564] [-11.065668225623583:11.034396868142807] [0:1] [7:58] [0:10] [1:17] [0:6] [0:5] [0:9] [0:5] [0:4] [0:3] [0:5] [0:21] [0:9] [0:16] [0:8] [1:18] [0:5] [0:23] [0:6] [0:4] [0:9] [0:2] [0:8] [0.94064374763931757:19.399767081187573] [0:9] [-4.6067999999999998:10.29179999999999] [23.2074:225.59029999999925] [0:4] [0:8] [0:6] [0:3] none [0:6] [0:2] [0:8] [0:4] [0:4] [0:5] [0:4] none none [0:2] [0:6] [0:5] [0:4] none [0:2] [0:2] [0:2] none none none [0:12] [0:4] [0:5] none [0:4] [0:3] none none none [0:4] none [0:6] none none none [0:3] [0:8] none none [0:12] none none [0:1] [0:2] none none [0:2] [0:2] none none [0:5] none [0:2] none none none none none none [0:4] [0:8] [0:8] none none [0:4] [0:2] none none [0:2] [0:3] none [0:1] none none none none none none [0:11] [0:2] none none none none none none none none none none none none none none none none none none none [0:1] none none [0:1] none [0:1] [0:1] none none [0:1] none none none [0:1] [0:1] none none [0:1] [0:1] [0:1] none none [0:1] [0:1] [0:1] none [0:1] none [0:1] none [0:1] [0:1] [0:1] [0:1] [0:1] [0:1] [0:1] none [0:1] [0:1] [0:1] [0:1] [0:1] [0:1] none [0:1] [0:1] [0:1] [0:1] none [0:1] none [0:1] [0:1] [0:1] [0:1] [0:1] [0:1] [0:1] [0:1] [0:1] [0:1] [0:1] [0:1] [0:1] [0:1] [0:1] [0:1] [0:1] [0:1] [0:1] [0:1] [0:1] [0:1] [0:1] [0:1] [0:1] [0:1] [0:1] [0:1] [0:1] [0:1] [0:1] [0:1] [0:1] [0:1] [0:1] [0:1] [0:1] [0:1] [0:1] [0:1] [0:1] [0:1] [0:1] [0:1] [0:1] [0:1] [0:1] [0:1] [0:1] [0:1] [0:1] [0:1] [0:1] [0:1] [0:1] [0:1] [0:1] [0:1] [0:1] [0:1] [0:1] [0:1] [0:1] [0:1] [0:1] [0:1] [0:1] [0:1] [0:1] [0:1] [0:1] [0:1] [0:1] [0:1] [0:1] [0:1] [0:1] [0:1] [0:1] [0:1] [0:1] [0:1] [0:1] [0:1] [0:1] [0:1] [0:1] [0:1] [0:1] [0:1] [0:1] [0:1] [0:1] [0:1] none none
tree_sizes=1881 2356 2338 2349 2229 2251 2364 2239 2353 2249 2465 2355 2129 2558 2464 2348 2138 2247 2351 2562 2349 2245 2459 2255 2247 2563 2478 2351 2355 2569 2456 2449 2350 2556 2446 2454 2360 2461 2362 2693 2442 2339 2567 2350 2457 2346 2571 2434 2570 2448 2562 2451 2662 2576 2465 2258 2355 2568 2235 2560 2579 2472 2581 2678 2580 2458 2352 2353 2663 2356 2467 2357 2580 2240 2475 2590 2355 2570 2589 2460 2579 2375 2697 2477 2255 2472 2592 2591 2357 2806 2705 2377 2475 2588 2589 2477 2381 2381 2176 2484 2509 2590 2713 2494 2706 2380 2617 2832 2393 2824 2621 2612 2386 2956 2285 2698 2505 2717 2816 2601 2615 2726 2492 2945 2500 2501 2730 2388 2606 2732 2716 2716 2832 2955 2940 2400 2604 2386 2944 2416 2727 2501 3153 2632 3041 2740 2409 2938 2731 2506 2717 2843 2398 2726 2732 2520 2845 2825 2722 2515 2825 2518 2948 2739 2829 2410 2736 2957 2964 2739 2627 2848 2962 2849 2830 2757 2959 3060 2423 2417 2423 2536 2729 2419 2416 2528 2948 3184 3093 2753 2657 2762 2749 2870 2426 3090 2329 2536 2874 3198 2995 2540 2876 2432 2869 2650 2877 2431 2654 2992 3095 2551 2232 2769 2885 2656 2991 2434 2543 2669 2669 2880 2780 2223 2788 3001 2795 3000 2787 2345 2890 3114 3088 3003 2228 2686 2906 2800 2788 2451 2779 2678 2665 3125 2576 2794 2799 3121 2895 2802 3342 2781 2691 3234 2575 2347 2571 3134 2892 2680 2801 2690 2688 2357 2572 2922 3574 2669 2912 3023 2484 2696 3145 2810 3028 2571 2479 2591 2926 3029 2818 2928 2469 2493 2930 2714 2808 2702 3038 2359 2706 2581 2483 2470 2719 2707 2503 2721 3277 2373

Tree=0
num_leaves=17
num_cat=0
split_feature=33 100 44 12 83 84 102 302 130 59 317 90 131 57 2 12
split_gain=141.319 42.8408 22.1496 22.4324 17.5391 9.25845 5.67272 5.40092 4.38655 3.59864 2.31438 1.89985 1.09923 0.736529 0.131326 1.42109e-14
threshold=6.5843290103051588 -1.4589147991118228 5.9736627813024414 -0.50767879912583036 42.670000000000009 30.193431004739093 8.5466766529142539 1.0000000180025095e-35 0.7195900000000004 47.592968985983916 1.0000000180025095e-35 11.111828142928774 87.39075000000004 74.008229507232741 0.098479072414485627 -0.33296781258201358
decision_type=2 2 2 10 2 2 2 2 2 2 2 2 2 2 2 10
left_child=7 5 4 -4 -3 -2 8 11 -5 10 -10 14 -12 15 -1 -14
right_child=1 2 3 6 -6 -7 -8 -9 9 -11 12 -13 13 -15 -16 -17
leaf_value=0.59609465268340589 0.60752484242469595 0.77040504623808015 0.67610598087243667 0.75092176826997203 0.65561046823288205 0.71039655009630709 0.74053068668698097 0.66467579113114661 0.77170393143595406 0.76428173030524615 0.78786783612060673 0.62820804290893528 0.81326825776791822 0.79248609460193609 0.58466446294211583 0.81326825776791789
leaf_weight=4.3743807077407855 4.3743807077407819 6.9990091323852521 4.3743807077407828 4.8118187785148612 6.3428520262241364 4.3743807077407837 4.8118187785148612 4.3743807077407828 4.8118187785148612 6.1241329908370963 5.9054139554500571 4.593099743127822 32.807855308055863 4.8118187785148612 5.905413955450058 4.5930997431278362
leaf_count=20 20 32 20 22 29 20 22 20 22 28 27 21 150 22 27 21
internal_value=0.739398 0.764394 0.775071 0.785891 0.715831 0.658961 0.792883 0.615838 0.796828 0.800568 0.804766 0.601474 0.808073 0.810899 0.589528 0.813268
internal_weight=114.39 95.1428 86.394 73.0522 13.3419 8.74876 68.6778 19.2473 63.866 59.0541 52.93 14.8729 48.1182 42.2128 10.2798 37.401
internal_count=523 435 395 334 61 40 314 88 292 270 242 68 220 193 47 171
is_linear=0
shrinkage=1


Tree=1
num_leaves=21
num_cat=0
split_feature=131 100 12 44 118 84 39 68 317 59 59 75 15 23 73 325 68 345 100 0
split_gain=123.902 38.9948 20.1007 17.86 18.7562 7.71916 6.58532 5.34105 7.61217 4.8892 3.31886 1.27222 0.671271 0.198174 0.18219 0.000348272 0.000184612 0.000144052 8.26132e-05 7.05283e-07
threshold=77.079550000000054 -1.4589147991118228 -0.50767879912583036 6.0465421304186835 2.5000000000000004 30.193431004739093 1.6774422705885661 65.78944485112423 1.0000000180025095e-35 43.479396791617013 12.996640808138759 20.220372749985838 1.1310068649885585 -3.0983924571284915 5.8147500848596385 1.0000000180025095e-35 47.334142968179016 1.0000000180025095e-35 0.23202381744335934 11.558759400183954
decision_type=2 2 10 2 2 2 2 2 2 2 2 2 2 10 2 2 2 2 2 2
left_child=6 5 -3 4 -4 -2 11 8 -5 10 -10 -1 13 -9 16 17 -12 -15 -19 -18
right_child=1 2 3 7 -6 -7 -8 12 9 -11 14 -13 -14 15 -16 -17 19 18 -20 -21
leaf_value=-0.10945171470963296 -0.11997978374430805 -0.060573596054794912 0.043572120634249062 -0.019656040746269293 -0.07904437589514024 -0.027268100085784997 -0.072260042398345076 0.060734147382655729 0.031316306639872428 0.0073603594741631353 0.072569272181005881 -0.14193955034030634 0.049155012680304887 0.072655800752267394 0.060458124444559336 0.072902049399500832 0.072199111376121075 0.072471729344185484 0.072203270891476171 0.072170331649619349
leaf_weight=4.5567024797201183 4.5641968399286252 5.1443220078945151 6.7205242067575437 4.8090036660432807 5.8194171935319901 4.4186714291572571 7.4183757752180091 4.2750586271286073 8.4064949452877062 6.0681458413600913 4.9269293099641827 8.8974414914846403 4.2804554104804984 4.7202019244432494 4.2585857808589926 4.9545238763093939 4.2585857808589918 5.3471328765153885 6.1753135025501251 4.2565205693244934
leaf_count=20 20 23 31 22 26 20 33 20 39 28 23 39 20 22 20 23 20 25 29 20
internal_value=5.32952e-05 0.0246647 0.035203 0.041418 -0.0133306 -0.0743749 -0.110082 0.0517053 0.0390184 0.0477881 0.0571848 -0.130936 0.0674758 0.0705545 0.0694705 0.0725351 0.0723257 0.0724232 0.0723279 0.0721847
internal_weight=114.277 93.4041 84.4212 79.2769 12.5399 8.98287 20.8725 66.737 36.9843 32.1753 26.1071 13.4541 29.7527 25.4722 17.7006 21.1972 13.442 16.2426 11.5224 8.51511
internal_count=523 431 391 368 57 40 92 311 172 150 122 59 139 119 83 99 63 76 54 40
is_linear=0
shrinkage=0.05


Tree=2
num_leaves=21
num_cat=0
split_feature=131 85 13 68 355 118 97 83 103 5 87 49 32 374 99 22 36 47 162 44
split_gain=109.248 35.7663 22.5874 19.2365 11.6728 16.4002 6.23883 5.50115 4.21641 3.81132 5.09621 3.0006 1.6561 0.509544 0.230042 0.199595 0.00335935 0.00197893 0.000309344 0.000137811
threshold=77.079550000000054 14.33754558940141 0.45844802120784262 69.784912783290778 1.0000000180025095e-35 2.5000000000000004 25.780894510798916 38.795000000000009 1.5520069883899459 19.853571428571431 11.285590246001885 5.4658455935065211 10.267586856405698 1.0000000180025095e-35 6.6603346307722679 2.061130790071362 6.9736684676384284 19.663458761920179 1.0000000180025095e-35 9.1960190429439432
decision_type=2 2 10 2 2 2 2 2 2 2 2 2 2 2 2 8 2 2 2 2
left_child=7 4 -3 6 5 -2 -4 -1 -6 12 -11 15 -10 -12 16 -9 -14 18 19 -18
right_child=1 2 3 -5 8 -7 -8 11 9 10 13 -13 14 -15 -16 -17 17 -19 -20 -21
leaf_value=-0.052830712806733661 0.05314325491515786 0.054766066154555454 -0.051970865498828817 0.018654426188880177 0.0059946897765864628 -0.04936364810357137 -0.12680295587075666 -0.11984656671154584 0.036496685085795601 0.0016962743738888515 0.071750040627111142 -0.080489368943767403 0.072756999033627284 0.047716620256727633 0.058982924695906359 -0.13284608013005145 0.070779300621727562 0.072161940095996732 0.071421927696702428 0.071143782062183178
leaf_weight=4.5885614454746273 8.031453534960745 5.7318470329046276 4.6950790286064166 5.3065086603164664 4.4891970455646506 7.5889724045991889 6.8473063260316849 4.9708035141229638 4.2308840453624716 6.3796873092651358 4.640668183565138 4.6772957146167746 5.3406540900468888 4.2026884406805038 4.1640293747186652 7.273508921265603 6.8430899977684039 5.51711881160736 4.1954863518476477 4.1760815232992172
leaf_count=20 38 27 21 24 21 34 30 21 20 30 22 20 25 20 20 31 33 26 20 20
internal_value=9.66587e-05 0.0237267 -0.0309718 -0.060139 0.041422 0.00334166 -0.0963636 -0.101388 0.0524008 0.0565933 0.0357568 -0.114556 0.0657961 0.0603285 0.0698959 -0.127569 0.0716388 0.0713507 0.0710565 0.0709174
internal_weight=113.891 92.3808 22.5807 16.8489 69.8 15.6204 11.5424 21.5102 54.1796 49.6904 15.223 16.9216 34.4673 8.84336 30.2365 12.2443 26.0724 20.7318 15.2147 11.0192
internal_count=523 431 102 75 329 72 51 92 257 236 72 72 164 42 144 52 124 99 73 53
is_linear=0
shrinkage=0.05


Tree=3
num_leaves=21
num_cat=0
split_feature=33 85 13 68 122 33 83 87 36 302 317 37 76 17 20 130 15 16 5 58
split_gain=97.4923 31.8623 23.1074 17.0237 16.5832 9.38067 7.05349 5.03115 3.91567 3.91138 3.39405 1.49604 1.27094 0.622476 0.213196 0.00621072 0.00110932 0.00141652 0.000447635 7.97625e-05
threshold=6.5843290103051588 14.33754558940141 0.45844802120784262 69.784912783290778 1.5000000000000002 7.5302069020486639 32.970000000000006 28.375323184392709 9.6653583616557004 1.0000000180025095e-35 1.0000000180025095e-35 6.5679273149771289 1.0000000180025095e-35 2.7801932367149762 2.1171282579239139 1.6097850000000002 1.0274024024024027 1.6030303030303032 16.874509803921573 42.59633250024536
decision_type=2 2 10 2 2 2 2 2 2 2 2 2 2 2 10 2 2 2 2 2
left_child=9 4 -3 7 -2 6 -6 -4 10 12 -7 13 -1 15 -14 -12 17 -17 19 -18
right_child=1 2 3 -5 5 8 -8 -9 -10 -11 11 -13 14 -15 -16 16 18 -19 -20 -21
leaf_value=-0.088899764174652909 -0.051631692567245993 0.061470879676920824 -0.12152833652317251 0.017836250295897815 0.048017227400885536 0.017853458658936283 -0.038753839832863415 -0.057004093650992849 0.021413412589871113 -0.056773257500399868 0.071834636208692515 0.042048809331956968 -0.11092728819958482 0.051482330352206424 -0.12497320051504784 0.069852589208547422 0.06954336668966328 0.071020612598170496 0.069982748719227147 0.069244753136613463
leaf_weight=5.5148148089647355 4.6945355534553519 5.379959017038348 6.1491409689188021 5.2732950598001471 4.2106534093618375 4.5173865109682074 5.2774478048086166 5.9388082772493362 8.0858192741870862 4.7189521193504325 5.0347735434770611 6.8676798641681662 5.0917285829782468 5.1750980764627448 5.7552254050970078 6.9134901016950625 5.0499304682016355 4.1562196761369705 5.505350023508071 4.0135584622621536
leaf_count=23 21 26 26 24 20 21 24 26 39 20 24 33 21 25 24 34 25 20 27 20
internal_value=0.00013355 0.0223038 -0.029069 -0.0571258 0.0391131 0.0456865 -0.000246357 -0.0898276 0.0535647 -0.096877 0.0590686 0.0634272 -0.108443 0.0675228 -0.11838 0.0702291 0.0699138 0.0702911 0.0696271 0.0694111
internal_weight=113.324 92.2431 22.7412 17.3612 69.5019 64.8074 9.4881 12.0879 55.3193 21.0807 47.2335 42.7161 16.3618 35.8484 10.847 30.6733 25.6385 11.0697 14.5688 9.06349
internal_count=523 435 102 76 333 312 44 52 268 88 229 208 68 175 45 150 126 54 72 45
is_linear=0
shrinkage=0.05


Tree=4
num_leaves=20
num_cat=0
split_feature=131 85 176 6 44 83 39 36 76 12 21 45 25 2 49 47 59 120 130
split_gain=87.326 30.0776 18.5338 15.2072 10.5655 12.3944 4.7864 4.18739 5.42025 3.97406 3.39287 1.86001 2.57554 0.869957 0.219648 0.00334849 0.00150181 0.000887001 0.00012116
threshold=77.079550000000054 14.33754558940141 1.5000000000000002 496.19600000000037 6.2901637203134628 42.670000000000009 1.6774422705885661 9.6653583616557004 16.508393911228222 -0.48120181240514998 -2.1506905882580534 3.8061763262382522 -0.12361464263415849 0.24321629682380044 17.270769849187506 19.851649246919639 15.211159191978263 6.5000000000000009 3.3178000000000027
decision_type=2 2 2 2 2 2 2 2 2 8 10 2 10 2 2 2 2 2 2
left_child=6 4 3 9 5 -2 13 10 -9 -3 11 12 -6 -1 15 16 -13 18 -18
right_child=1 2 -4 -5 7 -7 -8 8 -10 -11 -12 14 -14 -15 -16 -17 17 -19 -20
leaf_value=-0.1141900460329409 0.044269935648769188 -0.11602965628406064 0.04800266537744264 0.0087526526536658746 0.021888937169165946 -0.049109628880079498 -0.056981004702931548 -0.023491063135216726 0.057538301230267923 -0.054395677559475421 0.019415797513838085 0.069656754495827491 0.069847491588545405 -0.088234926168977157 0.057053968244976383 0.070565662736919846 0.06858995660484872 0.069250353129677131 0.068202096501775653
leaf_weight=9.5952912420034426 7.6111105233430845 6.2425599992275238 5.9847335666418067 6.0784859806299201 6.2561404258012772 6.6657077670097351 7.8596610575914374 4.1925610750913602 4.064743772149086 4.50118131935597 5.7892575860023561 6.2680106014013388 5.0667055249214084 4.865469515323638 4.3349737972021094 4.3039474785327902 3.9490119963884336 4.8080478459596625 4.1080757230520248
leaf_count=39 37 26 28 28 31 29 33 20 20 20 28 31 25 20 22 21 20 24 21
internal_value=0.000163035 0.0220691 -0.0275653 -0.0544496 0.03886 0.000671924 -0.0883873 0.0491194 0.0163965 -0.0902076 0.0551395 0.0604295 0.0433493 -0.105457 0.0673932 0.0693056 0.0690221 0.0687129 0.0683922
internal_weight=112.546 90.2253 22.807 16.8222 67.4183 14.2768 22.3204 53.1415 8.2573 10.7437 44.8842 39.0949 11.3228 14.4608 27.7721 23.4371 19.1331 12.8651 8.05709
internal_count=523 431 102 74 329 66 92 263 40 46 223 195 56 59 139 117 96 65 41
is_linear=0
shrinkage=0.05


Tree=5
num_leaves=20
num_cat=0
split_feature=131 85 13 68 355 118 97 50 366 59 31 32 6 255 130 4 5 85 76
split_gain=78.3253 27.6082 17.2955 13.3753 10.2502 13.3534 5.1165 4.86579 4.37636 3.49384 3.17144 3.33129 1.63864 0.236455 0.0584377 0.00261266 0.00217368 0.00187872 0.000238515
threshold=77.079550000000054 14.33754558940141 0.45844802120784262 69.784912783290778 1.0000000180025095e-35 2.5000000000000004 25.780894510798916 7.8311042347564692 1.0000000180025095e-35 45.000700474264058 14.476770607959262 10.664286408264299 250.83750000000001 1.0000000180025095e-35 -0.26809999999999506 0.5694729924249865 19.922619047619051 9.2501890593759111 11.179893099346719
decision_type=2 2 10 2 2 2 2 2 2 2 2 2 2 2 2 2 2 2 2
left_child=8 4 -3 6 5 -2 -4 9 12 10 11 -6 14 15 -1 17 18 -12 -17
right_child=1 2 3 -5 7 -7 -8 -9 -10 -11 13 -13 -14 -15 -16 16 -18 -19 -20
leaf_value=-0.10637262821494242 0.049049161511882933 0.051599342253473734 -0.039787517673643975 0.016595891471829067 0.056046251714039312 -0.044416117642967157 -0.10577343497762096 -0.0050987824275323685 -0.051893283496500145 0.015399535050202862 0.067981831658723998 -0.00026833899510931349 -0.074831123853071488 0.054709601235103489 -0.11396634826337351 0.066906295957573747 0.0684324565532963 0.069259107083780233 0.067399760888158328
leaf_weight=5.2298438847064972 7.5483714789152128 5.4541868269443539 4.9324309229850787 5.2134375274181357 7.0923966914415342 7.7399573475122452 7.2642491012811661 3.9204047471284857 7.5315365791320792 5.4905586987733832 6.7975871711969429 4.1701917052268982 4.8966471403837195 3.8533224910497657 4.9140563607215899 5.8532640784978849 4.5222813487052909 4.9940388798713684 4.2100207954645157
leaf_count=21 38 27 21 24 35 34 30 19 31 27 35 20 20 20 20 31 23 25 22
internal_value=0.000186296 0.0212719 -0.0260957 -0.0504357 0.0376337 0.00173089 -0.0790882 0.0484166 -0.0830055 0.052882 0.0578418 0.0351947 -0.0985849 0.0662792 -0.110051 0.0679693 0.0675219 0.0685228 0.0671127
internal_weight=111.629 89.0567 22.8643 17.4101 66.1924 15.2883 12.1967 50.9041 22.5721 46.9837 41.4931 11.2626 15.0405 30.2305 10.1439 26.3772 14.5856 11.7916 10.0633
internal_count=523 431 102 75 329 72 51 257 92 238 211 55 61 156 41 136 76 60 53
is_linear=0
shrinkage=0.05


Tree=6
num_leaves=21
num_cat=0
split_feature=33 85 13 122 68 33 173 97 36 302 317 37 76 17 130 130 31 15 83 19
split_gain=71.0563 24.6294 18.1566 13.9003 12.1269 8.2498 6.53955 4.11063 3.63633 3.20732 3.1074 1.48928 1.14865 0.626798 0.243287 0.00666828 0.00143047 0.000636078 0.000727476 0.000251165
threshold=6.5843290103051588 14.33754558940141 0.45844802120784262 1.5000000000000002 69.784912783290778 7.5302069020486639 1.0000000180025095e-35 25.780894510798916 9.6653583616557004 1.0000000180025095e-35 1.0000000180025095e-35 6.5679273149771289 1.0000000180025095e-35 2.7801932367149762 -0.46084999999999982 1.6097850000000002 14.343169970247208 1.0307765151515154 32.345000000000006 10.026326206947534
decision_type=2 2 10 2 2 2 2 2 2 2 2 2 2 2 2 2 2 2 2 10
left_child=9 3 -3 -2 7 6 -5 -4 10 12 -7 13 -1 15 -14 -12 -17 18 -18 -19
right_child=1 2 4 5 -6 8 -8 -9 -10 -11 11 -13 14 -15 -16 16 17 19 -20 -21
leaf_value=-0.072784888786886923 -0.046551903369209779 0.058563453545386036 -0.041075878507019999 -0.042844121953898417 0.015861961115423508 0.015571751275353211 0.040892679489945127 -0.099073314880731761 0.018382568169729926 -0.04505489223013396 0.068693709819617643 0.037903764108168467 -0.092112021440347802 0.047520352322385412 -0.10695083400784229 0.067418460505065531 0.066304309295697889 0.066458309103107349 0.067276567204927931 0.06598338139537023
leaf_weight=5.7127203196287217 4.7780723124742499 5.0946643501520184 5.2208875417709368 4.6982158720493299 5.1827305108308783 4.409948617219924 4.6287295073270798 7.3648841232061386 7.821521967649459 4.8931142240762702 4.6747776269912746 6.4814035743474951 4.9796092659235036 4.8555091470479956 6.2031941264867729 4.5891611874103573 3.8913397938013103 5.0269681811332685 3.8054512292146683 6.2387416064739227
leaf_count=23 21 26 22 22 24 21 22 30 39 20 24 33 20 25 25 24 21 27 20 34
internal_value=0.000206084 0.0200665 -0.0246487 0.0355799 -0.0485076 0.0420003 -0.00128764 -0.0750146 0.0497954 -0.0807016 0.0553828 0.0598204 -0.0910252 0.0641143 -0.100343 0.0669687 0.0666264 0.0664347 0.066785 0.0661953
internal_weight=110.552 88.763 22.8632 65.8998 17.7685 61.1218 9.32695 12.5858 51.7948 21.7886 43.9733 39.5634 16.8955 33.0819 11.1828 28.2264 23.5517 18.9625 7.69679 11.2657
internal_count=523 435 102 333 76 312 44 52 268 88 229 208 68 175 45 150 126 102 41 61
is_linear=0
shrinkage=0.05


Tree=7
num_leaves=20
num_cat=0
split_feature=131 85 176 6 355 118 50 39 131 59 31 64 75 255 40 4 85 5 95
split_gain=64.3051 23.3238 14.5706 12.3031 9.22936 11.7458 4.53881 4.02455 3.43628 3.42083 3.01043 3.50725 0.835714 0.238458 0.00371473 0.00198478 0.00124061 0.000402379 0.000163518
threshold=77.079550000000054 14.33754558940141 1.5000000000000002 496.19600000000037 1.0000000180025095e-35 2.5000000000000004 7.8311042347564692 1.6774422705885661 107.72455000000006 45.000700474264058 14.476770607959262 4.5713127536355858 20.220372749985838 1.0000000180025095e-35 5.4462678079695914 0.5694729924249865 9.2501890593759111 18.306250000000002 13.561173837652914
decision_type=2 2 2 2 2 2 2 2 2 2 2 2 2 2 2 2 2 2 2
left_child=7 4 3 8 5 -2 9 12 -3 10 11 -6 -1 14 15 16 -12 18 -17
right_child=1 2 -4 -5 6 -7 -8 -9 -10 -11 13 -13 -14 -15 -16 17 -18 -19 -20
leaf_value=-0.07344080695915943 0.046985682501596633 -0.10656302809451215 0.045263380840708078 0.010439947459168207 -0.0028327584522015808 -0.041259551526901507 -0.005836013265047491 -0.046163030726874152 -0.050613801931868423 0.013001472924630473 0.065664829394670401 0.055440682461617222 -0.098623863222937785 0.052236150986290558 0.067273902378825898 0.065236852298937012 0.06683254880580515 0.065636409089083969 0.064778672869397966
leaf_weight=4.9826302677392986 7.2771617621183378 5.4370510280132347 5.7545718401670447 6.0580684542655936 4.1609706878662092 7.8262370079755783 3.8859752714633933 8.0779517441987974 5.5413464158773422 5.3558403998613349 5.0763019323349088 6.8045729547739029 9.7233709990978223 3.654017135500907 4.192617952823638 3.7508372068405134 4.1211297214031219 3.6269094496965408 4.0498320311307907
leaf_count=20 38 22 28 28 21 34 19 33 24 27 28 34 39 20 22 21 22 20 23
internal_value=0.000222068 0.0198915 -0.0235242 -0.0467592 0.0354049 0.00125901 0.0459992 -0.0745168 -0.0783227 0.0504961 0.0555882 0.0333283 -0.0900914 0.0641613 0.0659171 0.0656413 0.0661881 0.0652013 0.064999
internal_weight=109.357 86.5734 22.791 17.0365 63.7824 15.1034 48.679 22.784 10.9784 44.793 39.4372 10.9655 14.706 28.4716 24.8176 20.625 9.19743 11.4276 7.80067
internal_count=523 431 102 74 329 72 257 92 46 238 211 55 59 156 136 114 50 64 44
is_linear=0
shrinkage=0.05


Tree=8
num_leaves=21
num_cat=0
split_feature=33 85 13 122 68 39 123 151 97 100 90 64 60 50 18 39 131 355 40 33
split_gain=58.2484 20.8752 15.8923 12.4819 10 7.64655 4.79796 3.87185 3.62888 3.03347 1.91631 1.87758 3.65318 0.446111 0.622176 0.0615981 0.0439167 0.00436601 0.00223193 0.00191064
threshold=6.5843290103051588 14.33754558940141 0.45844802120784262 1.5000000000000002 69.784912783290778 2.6312701608979592 1.0000000180025095e-35 1.0000000180025095e-35 25.780894510798916 0.2128957594433786 1.0000000180025095e-35 14.570519902967774 23.605213207332259 5.8578040610963216 19.14352145580909 1.1411228065899996 89.554300000000069 1.0000000180025095e-35 4.9758208890163758 9.4680814358743515
decision_type=2 2 10 2 2 2 2 2 2 2 2 2 2 2 10 2 2 2 2 2
left_child=9 3 -3 -2 8 -5 7 11 -4 10 15 13 -13 16 -15 -1 -7 -18 19 -19
right_child=1 2 4 5 -6 6 -8 -9 -10 -11 -12 12 -14 14 -16 -17 17 18 -20 -21
leaf_value=-0.092659047407265438 -0.043997145649957568 0.057069369237295789 -0.036511785156349015 -0.0076900944916301547 0.014613955186436302 0.070994914555924368 0.005618088726271459 0.0058304663342719186 -0.090758266633953033 -0.040318499521319322 -0.060807034316699343 0.066016851183758052 0.0068612223607143865 0.037610975055919427 0.06679325852620431 -0.10034654399158785 0.067082693266597923 0.065558874532451503 0.066235548567489352 0.064234334156587122
leaf_weight=5.4621441066265159 4.8111588060855857 4.9267812520265606 5.2793525755405444 7.4137288779020301 5.1162514835596076 4.6479534506797853 6.2592585682868949 4.0705469101667395 7.4104271084070206 5.4360303729772559 5.9663444310426703 5.6583418846130353 4.8442452549934387 3.5847093462944022 3.7238622903823853 4.9829564392566681 3.7449620366096505 4.851473927497862 3.6910422891378412 6.2046404927968979
leaf_count=22 21 26 22 36 24 23 32 22 30 22 24 31 25 20 20 20 20 27 20 36
internal_value=0.000234516 0.0187092 -0.0224072 0.0334274 -0.0443977 0.0397738 0.0466356 0.0523382 -0.06819 -0.0726907 -0.0834134 0.0569611 0.0387317 0.0632489 0.0524799 -0.0963265 0.0666502 0.0655581 0.065171 0.0648155
internal_weight=108.086 86.2387 22.7328 63.5059 17.806 58.6948 51.281 45.0218 12.6898 21.8475 16.4114 40.9512 10.5026 30.4486 7.30857 10.4451 23.1401 18.4921 14.7472 11.0561
internal_count=523 435 102 333 76 312 276 244 52 88 66 222 56 166 40 42 126 103 83 63
is_linear=0
shrinkage=0.05


Tree=9
num_leaves=20
num_cat=0
split_feature=131 85 176 6 355 337 50 329 39 59 131 31 64 16 255 35 113 87 48
split_gain=53.1402 19.746 12.392 10.6383 8.56768 11.1221 4.33492 4.16986 3.64688 3.37421 2.98946 2.91427 3.36818 0.792007 0.24797 0.00297292 0.00209859 0.000711593 0.000918682
threshold=77.079550000000054 14.33754558940141 1.5000000000000002 496.19600000000037 1.0000000180025095e-35 1.0000000180025095e-35 7.8311042347564692 1.0000000180025095e-35 1.6774422705885661 45.000700474264058 107.72455000000006 14.476770607959262 4.5713127536355858 1.8492424242424244 1.0000000180025095e-35 9.221504681248982 1.5000000000000002 12.519424852269369 11.540496414215765
decision_type=2 2 2 2 2 2 2 2 2 2 2 2 2 2 2 2 2 2 2
left_child=8 4 3 10 5 7 9 -2 13 11 -3 12 -6 -1 15 16 -13 18 -18
right_child=1 2 -4 -5 6 -7 -8 -9 -10 -11 -12 14 -14 -15 -16 -17 17 -19 -20
leaf_value=-0.068510215690857662 0.068734191990026602 -0.098211383906344596 0.04327292125669522 0.010886400908124545 -0.0038944004935861165 -0.055898240864988014 -0.0071112635045167171 0.0016912346779251256 -0.04075666548221181 0.010757438335871996 -0.046081259238655303 0.064867109312371427 0.053769951762622226 -0.092212522667614649 0.049926533419060837 0.065590524829132898 0.063580480538446588 0.063189779789598652 0.064579479588782504
leaf_weight=5.952113181352618 4.4265130758285505 5.429776489734655 5.5822938531637183 6.0156729668378821 4.1188257932662946 5.5379256904125205 3.8334015905857077 4.8719894737005234 8.1293786317110044 5.2280055135488501 5.5726397931575775 5.4471754431724646 6.574364185333252 8.6410356462001783 3.4572120308876029 3.6190759241580954 6.2046522200107557 4.4575063288211814 3.6581041067838669
leaf_count=24 23 22 28 28 21 25 19 24 33 27 24 31 34 35 20 20 37 27 21
internal_value=0.000245185 0.0185886 -0.0213717 -0.0425765 0.033289 0.000197633 0.043825 0.0336068 -0.0675945 0.0483909 -0.0718079 0.0536323 0.0315587 -0.0825451 0.0624253 0.064273 0.0640318 0.0637141 0.063951
internal_weight=106.758 84.0351 22.6004 17.0181 61.4348 14.8364 46.5983 9.2985 22.7225 42.7649 11.0024 37.5369 10.6932 14.5931 26.8437 23.3865 19.7674 14.3203 9.86276
internal_count=523 431 102 74 329 72 257 47 92 238 46 211 55 59 156 136 116 85 58
is_linear=0
shrinkage=0.05


Tree=10
num_leaves=22
num_cat=0
split_feature=131 100 67 68 353 57 39 59 310 59 366 22 6 377 19 130 85 31 44 32 99
split_gain=48.3378 18.1841 12.8411 7.66186 7.28647 5.48347 4.84025 4.35525 3.91866 3.75268 3.65274 1.5742 1.34496 0.71314 0.287088 0.0607739 0.0194363 0.0190923 0.00496388 0.00270231 0.0010011
threshold=77.079550000000054 -1.4589147991118228 1.0000000180025095e-35 65.78944485112423 1.0000000180025095e-35 11.94730954315717 5.2996374111280788 18.773050708447201 1.0000000180025095e-35 9.8545418701473277 1.0000000180025095e-35 2.4001384332049951 250.83750000000001 1.0000000180025095e-35 10.128435065306094 -0.26809999999999506 14.493540694785851 14.557071921562992 7.9327885794624136 13.592468371971355 2.5851811341182747
decision_type=2 2 2 2 2 2 2 2 2 2 2 10 2 2 10 2 2 2 2 2 2
left_child=10 8 -3 4 6 -6 7 9 -2 -4 12 14 15 -9 16 -1 18 -15 -5 -19 -20
right_child=1 2 3 11 5 -7 -8 13 -10 -11 -12 -13 -14 17 -16 -17 -18 19 20 -21 -22
leaf_value=-0.08555470840778942 -0.014445915410212638 -0.036476525420556835 0.053540977139864859 0.065508313744873412 0.027732005733529214 -0.045980266409299329 -0.010660802333438323 0.040283061468878646 -0.078951596132904756 -0.0080497746607342581 -0.036363417474416793 0.032463898456181278 -0.057542421931320878 0.068196513814583332 0.048794304040881177 -0.093338376807621734 0.068103503304592514 0.062892385870075909 0.062644278431376571 0.064829174064423095 0.063741550363374991
leaf_weight=5.096000075340271 4.6048012077808362 7.3189289569854727 4.1218910515308433 3.5680145621299806 4.2524451315402967 6.2036223709583282 5.386328160762786 3.8246975094079945 4.8176259994506836 6.1829208582639694 7.6307307779788962 5.8597579747438422 4.9531547725200644 3.8187806904315948 3.3536036461591712 4.9375927150249499 3.6463105976581565 3.7425130754709244 3.536846309900282 3.4716135263442993 5.0420136898756027
leaf_count=21 20 34 23 20 21 28 27 21 20 31 31 32 20 20 20 20 19 23 22 20 30
internal_value=0.000254297 0.0179589 0.0263605 0.0333275 0.0200249 -0.0160017 0.0323559 0.0415641 -0.0474273 0.0165863 -0.0645231 0.0551407 -0.078861 0.0588881 0.0620807 -0.0893851 0.0649021 0.0653377 0.063941 0.0638244 0.0632892
internal_weight=105.37 82.7527 73.3303 66.0114 41.0048 10.4561 30.5487 25.1624 9.42243 10.3048 22.6175 25.0065 14.9867 14.8576 19.1468 10.0336 15.7932 11.0329 12.1469 7.21413 8.57886
internal_count=523 431 391 357 214 49 165 138 40 54 92 143 61 84 111 41 91 63 72 43 52
is_linear=0
shrinkage=0.05


Tree=11
num_leaves=21
num_cat=0
split_feature=33 101 12 173 20 151 98 23 68 66 96 37 71 70 35 85 30 54 162 5
split_gain=44.5085 19.0591 14.7116 6.92044 5.03382 6.92458 4.36057 4.07205 6.08127 3.05503 2.90287 2.59981 1.81463 1.62211 0.239215 0.0322609 0.0170347 0.00570216 0.00168329 0.000279696
threshold=7.1171553664998859 4.448976796737214 -0.50795539674112289 1.0000000180025095e-35 2.3620429931466425 1.0000000180025095e-35 11.273953615602734 -3.1338361217418118 68.850603819149271 20.202898575511863 6.3498990271059172 4.0354945812930874 11.132110078225953 17.192951661416277 3.5415822779113442 14.493540694785851 13.252131702548221 5.4529439976157947 1.0000000180025095e-35 16.874509803921573
decision_type=2 2 10 2 10 2 2 8 2 2 2 2 2 2 2 2 2 2 2 2
left_child=3 6 -3 9 10 7 -2 -6 -9 12 11 -4 14 15 -1 16 -13 18 19 -18
right_child=1 2 4 -5 5 -7 -8 8 -10 -11 -12 13 -14 -15 -16 -17 17 -19 -20 -21
leaf_value=-0.085344660816581416 -0.00060422466837478823 -0.044128696208549562 0.021621714019326117 -0.009534569330363972 0.067455146092477228 -0.044227488227997429 -0.063887070235143298 -0.030920391336615075 0.044011975479491067 -0.035305618894138954 0.014526472473809747 0.06678365499417066 -0.057903913173074854 0.030899518812377721 -0.1010012040588046 0.06896255630871205 0.06182891308906268 0.064556588850693902 0.063392160892014701 0.062435148433237525
leaf_weight=4.8369348198175484 4.4076326042413694 6.0685077458620063 5.3468201011419287 6.3844604492187491 5.2861026525497437 3.7226407676935187 7.1185231804847717 4.4867664873600059 6.8285548239946365 5.0441020280122748 5.5372710675001136 3.998624578118334 5.786999747157096 4.1833484917879096 4.9226378798484802 3.6445498764514914 4.1746144741773623 4.987736001610755 3.7993137836456299 3.4957945942878723
leaf_count=20 21 27 29 28 29 18 30 22 38 21 30 22 24 24 20 19 27 29 23 22
internal_value=0.000262811 0.0196064 0.0300308 -0.0550154 0.0375955 0.0174049 -0.0396875 0.0312251 0.0142997 -0.0691174 0.0480723 0.0535956 -0.0800877 0.0596399 -0.0932417 0.0646286 0.0638565 0.0631452 0.0625315 0.0621052
internal_weight=104.062 77.0868 65.5606 26.9751 59.4921 20.3241 11.5262 16.6014 11.3153 20.5907 39.1681 33.6308 15.5466 28.284 9.75957 24.1006 20.4561 16.4575 11.4697 7.67041
internal_count=523 410 359 113 332 107 51 89 60 85 225 195 64 166 40 142 123 101 72 49
is_linear=0
shrinkage=0.05


Tree=12
num_leaves=19
num_cat=0
split_feature=131 85 13 103 44 93 36 76 77 39 21 45 25 75 23 59 59 88
split_gain=40.5647 15.8993 10.8173 8.62028 7.61491 8.45173 3.79769 4.67081 3.70278 3.41589 3.14844 1.95093 2.71009 0.870276 0.264409 0.00562966 0.00722686 0.00185684
threshold=77.079550000000054 14.33754558940141 0.45844802120784262 3.2526543006770527 6.2901637203134628 29.315204066519019 9.6653583616557004 16.508393911228222 17.260643702627693 1.6774422705885661 -2.1506905882580534 3.8061763262382522 -0.12361464263415849 20.220372749985838 -3.1324535857899685 16.96528950675744 41.995178674725913 17.416771545622147
decision_type=2 2 10 2 2 2 2 2 2 2 10 2 10 2 10 2 2 2
left_child=9 4 -3 -4 5 -2 10 -8 -5 13 11 12 -6 -1 -13 -16 17 -17
right_child=1 2 3 8 6 -7 7 -9 -10 -11 -12 14 -14 -15 15 16 -18 -19
leaf_value=-0.057112012901838795 -0.040729990294510438 0.046666863474948153 0.011152474503550759 -0.089210109170400509 0.010616923291692257 0.038478172552419788 -0.029121060335112636 0.050266939670120352 -0.032075407693778028 -0.033577283095146036 0.010784973893700272 0.047912312456014863 0.06413547161417997 -0.083198172003476734 0.064474189699115711 0.06114658392507482 0.064588595445977046 0.062528796932447991
leaf_weight=4.8747248053550747 6.9533555656671506 4.8792687505483654 5.9616247713565853 6.1864515990018827 5.4133070409297943 6.5310592949390411 3.9729061722755423 3.4719011634588242 5.2356990128755569 8.1399410814046842 5.1639328151941291 3.3294347673654512 4.2013023644685727 9.2911949157714826 5.8339568525552847 4.3169145733118039 3.4299204796552649 5.5581753998994827
leaf_count=20 31 27 27 26 31 35 20 20 22 33 28 21 25 39 34 29 20 35
internal_value=0.000271211 0.0168152 -0.0191189 -0.0375836 0.0305665 -0.0023662 0.040503 0.0079017 -0.0630206 -0.0593895 0.0470192 0.0528513 0.034003 -0.0742215 0.0609169 0.0631792 0.0626113 0.0619246
internal_weight=102.745 80.4392 22.263 17.3838 58.1762 13.4844 44.6918 7.44481 11.4222 22.3059 37.2469 32.083 9.61461 14.1659 22.4684 19.139 13.305 9.87509
internal_count=523 431 102 75 329 66 263 40 48 92 223 195 56 59 139 118 84 64
is_linear=0
shrinkage=0.05


Tree=13
num_leaves=23
num_cat=0
split_feature=33 101 12 83 318 20 151 64 18 97 16 15 23 99 12 37 81 83 62 85 131 11
split_gain=37.4555 16.5259 12.76 6.47154 5.08486 4.64381 6.30674 3.95612 7.71949 3.92945 2.91949 5.90107 1.80241 1.12 0.956989 0.268194 0.187945 0.173078 0.0166165 0.00618096 0.00330332 0.00113635
threshold=7.1171553664998859 4.448976796737214 -0.50795539674112289 38.795000000000009 1.0000000180025095e-35 2.3620429931466425 1.0000000180025095e-35 5.2367259305658891 19.142148982498643 24.307890076382897 1.8702664796633943 1.1589473684210529 -2.2661024186684235 6.4397385970827994 -0.45072287489358209 2.2853308336208955 14.314034837909043 74.585000000000008 28.504948249517664 11.665997570740368 95.598150000000047 0.16642694978495601
decision_type=2 2 10 2 2 10 2 2 10 2 2 2 10 2 8 2 2 2 2 2 2 10
left_child=3 9 -3 -1 13 10 7 14 -9 -2 12 -12 16 15 -7 -5 18 -13 19 20 -4 -22
right_child=1 2 5 4 -6 6 -8 8 -10 -11 11 17 -14 -15 -16 -17 -18 -19 -20 -21 21 -23
leaf_value=-0.0048526109537921566 -0.0062100279720583469 -0.040235567874256688 0.063484583184716545 -0.079916159081735369 -0.021519377246653711 0.068579617457809897 -0.042303155505717768 -0.045019545335264442 0.053609200583090467 -0.064767706982027454 -0.010196453643600008 0.065129304594227819 0.022016119015095221 -0.058729554273710516 0.033713416535453025 -0.095924280596643915 0.050440633077152255 0.049273911131758746 0.066822720105674194 0.064387351654741756 0.060876308128781448 0.062184042421217924
leaf_weight=5.9698498249053982 5.4891049861907941 6.1112385094165793 3.3093959838151985 5.3668084144592303 5.2555250525474539 4.807781845331192 3.7359001636505118 3.9358136653900138 4.0003434866666794 5.9924152344465256 5.8485961556434614 3.8074415773153305 3.3191850185394314 4.8857072889804831 3.3320105671882683 5.1054212898015976 3.1824238747358313 3.1411712765693665 3.3087583333253852 4.7388513088226309 3.2175522297620773 3.4341518580913544
leaf_count=26 25 27 20 23 22 26 18 20 23 26 34 22 19 21 20 21 19 20 19 28 22 22
internal_value=0.000276548 0.0184126 0.0284331 -0.0506945 -0.0639708 0.03578 0.0162163 0.0298157 0.00469581 -0.0367724 0.0461692 0.026812 0.0562759 -0.0784978 0.0543072 -0.0877204 0.061642 0.0579618 0.0636214 0.0629009 0.0621937 0.0615515
internal_weight=101.295 74.7121 63.2306 26.5833 20.6135 57.1194 19.8118 16.0759 7.93616 11.4815 37.3075 12.7972 24.5103 15.3579 8.13979 10.4722 21.1911 6.94861 18.0087 14.7 9.9611 6.6517
internal_count=523 410 359 113 87 332 107 89 43 51 225 76 149 65 46 44 130 42 111 92 64 44
is_linear=0
shrinkage=0.05


Tree=14
num_leaves=22
num_cat=0
split_feature=39 101 12 173 97 20 151 18 97 96 88 355 70 18 130 12 122 85 54 18 120
split_gain=34.4141 15.534 12.2835 6.86228 6.05728 5.66726 5.71451 4.40425 4.29871 3.58124 2.26672 2.04241 1.50939 1.00032 0.541621 0.319559 0.0325414 0.0281204 0.00467434 0.00199699 0.000165513
threshold=2.6312701608979592 4.448976796737214 -0.50795539674112289 1.0000000180025095e-35 9.3781189242672394 2.3620429931466425 1.0000000180025095e-35 16.53396857545177 22.613176067482183 6.3498990271059172 14.509115567424262 1.0000000180025095e-35 17.192951661416277 32.092016123775878 0.39930000000000193 -0.33493890558900452 2.5000000000000004 14.493540694785851 5.4529439976157947 16.514924332633118 6.5000000000000009
decision_type=2 2 10 2 2 10 2 10 2 2 2 2 2 10 2 10 2 2 2 10 2
left_child=3 8 -3 10 -5 9 7 -7 -2 12 13 -9 15 14 -1 16 -4 18 19 -18 -21
right_child=1 2 5 4 -6 6 -8 11 -10 -11 -12 -13 -14 -15 -16 -17 17 -19 -20 20 -22
leaf_value=-0.068658904928738829 0.0052034461709432383 -0.037989513576845865 0.067590649161180516 0.036960056334747471 -0.048742535644030138 -0.0064882708157366319 -0.039646286809896063 0.020268540674384283 -0.056586107440075396 0.011600306363355222 -0.032412754637161562 0.065069415578466822 0.027735782868263593 -0.052940614370990915 -0.091535500602283881 0.046256849867069565 0.06160068657714788 0.066588623226495627 0.062985573239645917 0.059960756872677802 0.060503373002970977
leaf_weight=4.8347959071397835 4.5102375447750074 6.1479374766349784 3.5751113742589977 3.87904344499111 4.4007060378789902 5.8302923142910066 3.7856115251779547 4.1787369996309263 7.4880324006080627 5.317899450659751 4.6683788597583762 6.502708226442337 3.9656067043542853 4.6194927096366873 5.5659415572881699 3.18760514259339 5.1290522962808627 3.2037070840597144 3.523826301097869 2.7664436399936676 2.8564325720071793
leaf_count=21 21 27 20 20 20 32 18 21 32 30 20 39 24 20 23 21 34 18 22 20 20
internal_value=0.000283892 0.0185747 0.028965 -0.0467828 -0.00859107 0.0366129 0.0157612 0.0284643 -0.033359 0.0492371 -0.0628438 0.0475427 0.0563326 -0.0723019 -0.0809013 0.0610105 0.0632442 0.0623552 0.0614052 0.0608872 0.0602364
internal_weight=99.9376 71.9692 59.971 27.9684 8.27975 53.823 20.2973 16.5117 11.9983 33.5257 19.6886 10.6814 28.2078 15.0202 10.4007 24.2422 21.0546 17.4795 14.2758 10.7519 5.62288
internal_count=523 399 346 124 40 319 110 92 53 209 84 60 179 64 44 155 134 114 96 74 40
is_linear=0
shrinkage=0.05


Tree=15
num_leaves=21
num_cat=0
split_feature=131 84 142 102 89 60 62 18 22 16 37 366 2 41 91 88 39 65 88 26
split_gain=31.6678 13.4989 11.649 8.04891 13.8353 6.56247 5.05564 3.66123 3.31926 7.45317 3.62571 3.2928 2.58435 1.41805 0.223441 0.207891 0.054212 0.0224453 0.00407834 0.00107038
threshold=77.079550000000054 5.4769578608900629 1.5000000000000002 -0.16716602565246155 30.941670338446368 17.696995588936439 23.359057600328587 19.142144665126327 2.3394340140476486 1.8982758620689657 4.0789646374717607 1.0000000180025095e-35 0.15491331254724119 -1.8349999999999993 5.8197357992654402 6.5758191852127474 0.65288808450035207 5.8257867616617895 31.306672750854112 2.8833868768515916
decision_type=2 2 2 2 2 2 2 10 10 2 2 2 2 2 2 2 2 2 2 2
left_child=11 8 3 -3 5 -5 -4 -6 10 12 -2 13 -10 -1 -9 -14 -15 18 19 -12
right_child=1 2 6 4 7 -7 -8 14 9 -11 17 -13 15 16 -16 -17 -18 -19 -20 -21
leaf_value=-0.04528773887162757 0.0091877970463099187 0.061495264314536204 -0.073289274947091032 -0.0016233824842685472 -0.0038139198474433644 -0.08192664813963485 -0.0071412114270438523 0.046133805874359626 0.0092567455979035828 -0.030957680470595817 0.059721338247583113 -0.026387069902842526 0.063583678985482547 -0.074953971261749464 0.063741861251562545 0.047227163658378736 -0.08257433610032909 0.065497845606980229 0.062557243672154025 0.060896045279814716
leaf_weight=4.7801798731088647 4.082265958189967 6.5057155340909985 7.0553900599479658 4.8067603856325167 3.7819465249776822 5.4048218578100204 4.8909911811351776 3.0391693264245987 4.1227643042802837 4.924263894557952 2.9901275783777219 7.4718687236309043 5.3198553472757322 4.6550328135490417 4.4248492866754532 3.0600991249084473 4.6806789189577103 3.759090155363082 3.2854575216770163 5.5172591209411621
leaf_count=20 22 36 30 24 20 25 23 20 23 26 22 31 33 21 27 19 20 22 21 38
internal_value=0.000289424 0.0152991 -0.00487879 0.0127775 -0.00199322 -0.0441266 -0.0462075 0.0362648 0.0370279 0.0211451 0.0511252 -0.0532274 0.0416661 -0.0674347 0.0565723 0.0576108 -0.0787746 0.0621334 0.061061 0.0604832
internal_weight=98.5586 76.9708 39.9096 27.9633 21.4575 10.2116 11.9464 11.246 37.0612 17.427 19.6342 21.5878 12.5027 14.1159 7.46402 8.37995 9.33571 15.5519 11.7928 8.50739
internal_count=523 431 205 152 116 49 53 67 226 101 125 92 75 61 47 52 41 103 81 60
is_linear=0
shrinkage=0.05


Tree=16
num_leaves=19
num_cat=0
split_feature=39 101 12 97 104 64 100 53 24 59 79 47 60 355 21 54 58 20
split_gain=29.3916 13.5913 10.4557 8.92257 6.10037 4.52255 5.36799 3.91375 3.00215 1.77275 3.576 0.994866 0.890984 0.0784288 0.0102293 0.00444689 0.00154661 0.000845826
threshold=2.616002700881062 6.1663938951352151 -0.50795539674112289 22.613176067482183 1.4653872984378939 14.732096228472434 0.50592142869732804 4.3869733885478999 5.5117093672116146 16.96528950675744 46.648885314620848 10.446923214904638 5.4006073419307885 1.0000000180025095e-35 -2.4125907603278454 4.9881916267914397 50.628897619547303 2.2406524529980056
decision_type=2 2 10 2 2 2 2 2 10 2 2 2 2 2 8 2 2 10
left_child=4 3 -3 -2 7 8 -7 -1 -4 10 -10 -9 -11 -14 -15 16 17 -16
right_child=1 2 5 -5 -6 6 -8 11 9 12 -12 -13 13 14 15 -17 -18 -19
leaf_value=-0.024339310039686975 0.017986163398393373 -0.033216394776251199 0.0068296702207743358 -0.055709548265361813 0.00024668397321060481 0.040725665297218869 -0.028722479223215337 -0.084970894256451379 -0.0046730126144103774 0.035611722020826402 0.057781350673167725 -0.058731832546662338 0.070172802506631854 0.064126088082260654 0.060690259620835234 0.062679640546702539 0.06139453185612697 0.059574328411879464
leaf_weight=6.3625333458185258 7.5152283161878612 5.9120838046073905 4.3521399721503249 9.0569975823163968 5.9868020862340918 6.1974925920367223 5.0495446473360062 6.981418848037718 3.7940838485956174 3.5219034031033543 5.789231464266777 7.4861948788166046 3.1643657237291345 3.1100107580423355 2.8697373420000059 2.8270002305507651 2.9471778348088264 4.1588199138641357
leaf_count=29 39 26 27 39 28 38 28 30 21 24 35 34 17 19 20 18 20 31
internal_value=0.000296488 0.0172924 0.0295092 -0.0222898 -0.0442361 0.0372703 0.00954576 -0.057021 0.0458052 0.051076 0.0330553 -0.0713936 0.0587179 0.0629836 0.061554 0.0609292 0.0604331 0.06003
internal_weight=97.0828 70.2658 53.6936 16.5722 26.8169 47.7815 11.247 20.8301 36.5345 32.1823 9.58332 14.4676 22.599 19.0771 15.9127 12.8027 9.97574 7.02856
internal_count=523 402 324 78 121 298 66 93 232 205 56 64 149 125 108 89 71 51
is_linear=0
shrinkage=0.05


Tree=17
num_leaves=20
num_cat=0
split_feature=131 84 128 60 89 303 330 22 16 37 39 2 25 75 103 83 65 88 26
split_gain=27.0348 11.9204 10.4899 8.59947 10.4359 5.31439 4.74923 3.28384 6.81759 3.40225 3.15973 2.41244 2.31592 0.851773 0.225633 0.0382303 0.0167498 0.00327632 0.000749159
threshold=77.079550000000054 5.4769578608900629 4.048474813530941 25.008230312545702 25.910597229463153 1.0000000180025095e-35 1.0000000180025095e-35 2.3394340140476486 1.8982758620689657 4.0789646374717607 1.6774422705885661 0.15491331254724119 -0.13843620614014709 20.220372749985838 4.2556699971655343 76.220000000000013 5.8257867616617895 31.306672750854112 2.8833868768515916
decision_type=2 2 2 2 2 2 2 10 2 2 2 2 10 2 2 2 2 2 2
left_child=10 7 -3 5 -5 6 -4 9 11 -2 13 -9 15 -1 -13 -7 17 18 -11
right_child=1 2 3 4 -6 12 -8 8 -10 16 -12 14 -14 -15 -16 -17 -18 -19 -20
leaf_value=-0.04760467142830388 0.0094019991989711185 -0.069970905170996175 -0.041552985122883641 -0.073064597760489458 0.024547164717681251 0.061184998570128907 0.027604455644077194 0.0085567706811821003 -0.029997560854260575 0.058874880283702281 -0.024943061510655798 0.062303076236497751 0.021783870545928063 -0.074308312896992176 0.044669244619065927 0.068705235821081317 0.064009850637816543 0.061449904917793556 0.059890096082379995
leaf_weight=4.6152681112289455 4.081766456365588 5.3123681694269171 4.5656983107328415 6.262688681483267 4.8655114769935608 3.6482216194272015 5.4407401829957962 4.073291942477228 4.9483683407306662 2.8049297481775266 7.9706316590309134 5.039365716278553 5.8645796701312092 8.4603291749954206 2.8343537673354149 3.1484918594360352 3.5655126124620429 3.0934589579701424 5.1602468118071556
leaf_count=20 22 24 21 27 28 25 27 23 26 22 33 33 35 39 19 18 22 21 38
internal_value=0.000298509 0.0143994 -0.00465629 0.00561048 -0.0303864 0.0232823 -0.00395043 0.0353323 0.0193539 0.0497642 -0.0497568 0.0397949 0.0448049 -0.0648828 0.0559553 0.0646687 0.0610298 0.0600689 0.0595326
internal_weight=95.7558 74.7096 39.1083 33.7959 11.1282 22.6677 10.0064 35.6013 16.8954 18.7059 21.0462 11.947 12.6613 13.0756 7.87372 6.79671 14.6241 11.0586 7.96518
internal_count=523 431 205 181 55 126 48 226 101 125 92 75 78 59 52 43 103 81 60
is_linear=0
shrinkage=0.05


Tree=18
num_leaves=21
num_cat=0
split_feature=39 355 12 103 26 16 16 100 102 39 127 36 62 97 96 349 99 29 130 20
split_gain=25.0292 11.567 10.3871 10.2184 7.84717 6.0861 8.73449 5.75932 6.911 9.57206 4.6496 2.50335 1.70662 1.38132 0.608918 0.402148 0.100913 0.00846117 0.00446023 0.00107369
threshold=2.6312701608979592 1.0000000180025095e-35 -0.50767879912583036 2.3554256783353211 2.6887425528069655 1.8937969924812033 1.9183333333333337 -0.034441609977323921 2.041513063131315 1.6774422705885661 1.0000000180025095e-35 9.054284931498195 5.8005538620999841 16.909913706223232 6.1816695229685257 1.0000000180025095e-35 0.83296663727219333 24.436546497255652 2.7671000000000014 2.3129660059118478
decision_type=2 2 8 2 2 2 2 2 2 2 2 2 2 2 2 2 2 2 2 10
left_child=7 3 -3 10 -5 12 -7 15 9 -9 -2 13 -4 -8 16 -1 -14 18 -18 -20
right_child=1 2 5 4 -6 6 11 8 -10 -11 -12 -13 14 -15 -16 -17 17 -19 19 -21
leaf_value=-0.079484396930485812 0.059569800999242188 -0.042891888754298904 0.021137940016467165 0.017357648338424136 -0.068839185255709631 -0.055617104508499486 0.065173047050465172 -0.047385242424228993 -0.075496032676915709 0.041201963247211669 -0.013280379636187509 -0.0044686079136263554 0.069644290311836651 0.026427180881975123 0.041644373742269238 -0.059377600115608824 0.061126270626509063 0.062984456541667233 0.058555851889096157 0.059856635009536245
leaf_weight=5.5634674280881899 4.9348586648702639 4.3485007286071777 3.5505577176809338 3.7786097005009642 8.765591084957121 3.5108144581317893 4.8770454674959165 6.0939138680696505 4.5100605487823477 6.103390708565712 3.9381286650896072 3.1921291276812545 3.906619042158133 4.3538146466016769 4.3303367123007765 4.4968164712190628 4.5984423086047155 2.8538702577352515 3.834009662270546 2.7060870155692101
leaf_count=25 28 20 23 21 39 19 32 27 20 31 18 19 22 29 28 21 32 18 31 20
internal_value=0.000302237 0.0165308 0.0306465 -0.0138281 -0.0428747 0.0383126 0.0140196 -0.0406087 -0.0226117 -0.00305723 0.0272365 0.0336993 0.0533274 0.0468982 0.0584688 -0.0704969 0.0625391 0.0605554 0.059933 0.0590941
internal_weight=94.2471 67.4794 46.0622 21.4172 12.5442 41.7137 15.9338 26.7676 16.7074 12.1973 8.87299 12.423 25.7799 9.23086 22.2294 10.0603 17.899 13.9924 11.1385 6.5401
internal_count=523 399 293 106 60 273 99 124 78 58 46 80 174 61 151 46 123 101 83 51
is_linear=0
shrinkage=0.05


Tree=19
num_leaves=23
num_cat=0
split_feature=131 84 28 97 43 358 26 131 36 366 11 33 42 41 13 11 130 124 101 22 41 45
split_gain=23.0625 10.6642 9.21095 12.9452 6.04943 4.08153 3.90908 3.54768 4.02758 3.00896 2.04948 2.025 5.15824 1.42489 0.316998 0.290911 0.045769 0.0377438 0.0270123 0.00376184 0.00323417 0.000462619
threshold=77.079550000000054 5.4769578608900629 1211.550602076527 19.949217970005641 16.205771545070121 1.0000000180025095e-35 2.9518508840678606 83.939600000000056 9.6653583616557004 1.0000000180025095e-35 0.21857963523495977 8.9649504558977462 268942.71635257837 -1.8349999999999993 0.33620489415869498 0.099190019112838701 -0.46084999999999982 1.5000000000000002 10.703266160618909 2.3781013669439099 -3.0349999999999993 4.6450137543461656
decision_type=2 2 2 2 2 2 2 2 2 2 10 2 2 2 10 10 2 2 2 10 2 2
left_child=9 7 3 4 -3 10 -5 -2 11 13 -6 12 15 -1 -13 -9 -15 19 -12 20 -16 -22
right_child=1 2 -4 6 5 -7 -8 8 -10 -11 18 14 -14 16 17 -17 -18 -19 -20 -21 21 -23
leaf_value=-0.038381559150951358 -0.0092829170810369965 -0.034206459225606507 0.053723422546346378 -0.018066462534485166 0.016102450157301655 -0.01385729150862651 -0.073859893424344555 0.042152895876248694 -0.0064900046550310456 -0.020847041532955246 0.066519858111543734 0.042736995158867246 -0.022840434602169491 -0.069250832252373509 0.060673536679690769 0.06338736227845608 -0.076563100146111437 0.066426931394381286 0.059930944217330834 0.061369824329209489 0.058976519446755721 0.058006404930596424
leaf_weight=4.5639301985502252 4.1869663298130027 5.260500609874728 5.748627394437789 5.05235432088375 3.6163237318396551 3.9950265288352957 8.2916220277547819 2.7895220294594818 4.055041477084159 7.2691607922315589 3.2931914031505585 2.8089842647314098 3.2070642933249474 4.2045191675424576 2.6608586534857785 3.8240675702691078 4.3581104427576065 2.7601619064807883 2.9479645863175392 2.9639613926410675 2.5552008152008003 2.3675630912184715
leaf_count=20 22 25 34 24 23 21 37 21 24 31 19 21 18 21 19 24 20 17 22 20 20 20
internal_value=0.000307975 0.0135404 -0.00461177 -0.0149438 0.0114407 0.0287752 -0.0527351 0.0338308 0.0398496 -0.0466543 0.0460532 0.0470943 0.029197 -0.0609457 0.0579999 0.054431 -0.0729725 0.0612216 0.0634076 0.0598594 0.0592691 0.05851
internal_weight=92.7807 72.385 38.2056 32.457 19.113 13.8525 13.344 34.1794 29.9924 20.3957 9.85748 25.9374 9.82065 13.1266 16.1167 6.61359 8.56263 13.3077 6.24116 10.5476 7.58362 4.92276
internal_count=523 431 205 171 110 85 61 226 204 92 64 180 63 61 117 45 41 96 41 79 59 40
is_linear=0
shrinkage=0.05


Tree=20
num_leaves=21
num_cat=0
split_feature=39 355 12 103 26 16 16 100 102 39 127 36 62 97 96 17 99 20 79 0
split_gain=21.3712 10.4138 9.00349 8.88701 6.79551 5.82695 7.79354 5.31388 6.17543 8.5148 4.22416 2.87455 1.68934 1.30641 0.598233 0.397151 0.0849836 0.00641325 0.00481965 0.00107747
threshold=2.6312701608979592 1.0000000180025095e-35 -0.50767879912583036 2.3554256783353211 2.6887425528069655 1.8937969924812033 1.9183333333333337 -0.034441609977323921 2.041513063131315 1.6774422705885661 1.0000000180025095e-35 9.1415249530582319 5.8005538620999841 16.909913706223232 6.1816695229685257 2.3964285714285718 0.83296663727219333 2.3527352057701711 47.941153129498865 12.963908614793514
decision_type=2 2 8 2 2 2 2 2 2 2 2 2 2 2 2 2 2 10 2 2
left_child=7 3 -3 10 -5 12 -7 15 9 -9 -2 13 -4 -8 16 -1 -14 18 -18 -20
right_child=1 2 5 4 -6 6 11 8 -10 -11 -12 -13 14 -15 -16 -17 17 -19 19 -21
leaf_value=-0.076418332157701024 0.057737581643041318 -0.039633375914976891 0.019548957568862782 0.016325485063786196 -0.064385444170449363 -0.05223005072016728 0.064122033287163871 -0.044413954106943404 -0.070909754732607758 0.040089705091938183 -0.012567828252120942 -0.011357068413634997 0.068153289363645106 0.026116637540274174 0.040331909272954762 -0.056002300504301876 0.060492805987337896 0.061576684149318411 0.057630622894219989 0.058928203044768937
leaf_weight=5.39436122775078 4.6908003240823763 4.2706381380558014 3.4534678831696537 3.7154684513807288 8.7489390373229963 3.5544396415352812 4.7276459857821447 5.923250541090967 4.4495995342731467 6.0013071596622467 3.9235298335552216 2.885569915175437 3.7245056331157746 4.3340140283107758 4.1693177595734587 4.2657465636730194 3.4367689564824087 3.1094850227236739 3.7731151208281517 2.7775493711233139
leaf_count=25 28 20 23 21 39 19 33 27 20 31 18 17 22 30 28 21 25 21 33 22
internal_value=0.00031107 0.0155836 0.0293704 -0.0133368 -0.0403266 0.0367476 0.0127674 -0.0379932 -0.0206425 -0.00188555 0.0257159 0.0321049 0.051955 0.0459448 0.0572866 -0.0674029 0.061489 0.0595938 0.0589764 0.0581808
internal_weight=91.3295 65.2953 44.2165 21.0787 12.4644 39.9459 15.5017 26.0343 16.3742 11.9246 8.61433 11.9472 24.4442 9.06166 20.9907 9.66011 16.8214 13.0969 9.98743 6.55066
internal_count=523 399 293 106 60 273 99 124 78 58 46 80 174 63 151 46 123 101 80 55
is_linear=0
shrinkage=0.05


Tree=21
num_leaves=20
num_cat=0
split_feature=131 85 95 341 93 87 45 21 90 23 368 71 88 5 33 91 37 27 121
split_gain=19.7308 9.57916 8.07074 5.93749 6.64221 5.59239 4.98232 3.88765 3.22659 3.71691 2.81461 2.47507 2.01819 0.931233 0.0214845 0.00593762 0.0041722 0.00393789 0.000728379
threshold=77.079550000000054 14.33754558940141 38.169819506259337 1.0000000180025095e-35 22.062132511787169 23.659126006180475 2.2396614474252226 -2.1497711372449908 26.14747579296812 -3.1142399196875856 1.0000000180025095e-35 10.135174946331595 6.2313312260369864 20.358262108262114 7.7045845059996099 23.435301578877219 6.4762329272178416 1.7614972458802782 2.5000000000000004
decision_type=2 2 2 2 2 2 2 10 2 10 2 2 2 2 2 2 2 2 2
left_child=10 3 5 6 -5 -3 -2 8 13 -10 -1 -12 -13 14 -8 16 17 18 -16
right_child=1 2 -4 4 -6 -7 7 -9 9 -11 11 12 -14 -15 15 -17 -18 -19 -20
leaf_value=-0.0095900311058311691 -0.016609673470125305 -0.061439831475403231 0.043015125589073666 0.029862163341473603 -0.057027520005046073 -0.0020791572047265386 0.064177736425266516 -0.0052406259939408494 -0.012426234478169856 0.050056390609517332 -0.077164062022781824 -0.061590721890363957 -0.012831363202489655 0.035397818375472755 0.057285255718071783 0.06173527786461494 0.060894548238743365 0.059905448852470636 0.058457453434777998
leaf_weight=4.5948290824890146 4.571781873703002 8.2391518130898493 4.4972544014453879 4.4921165853738767 4.3095122203230858 7.6532948687672606 3.1883145272731843 4.4090534746646908 4.5157392993569374 5.0328596979379636 6.6319080889225015 4.1088790297508222 4.3891732841730118 4.6866111308336249 3.0919886231422407 2.7540433034300795 2.6696405261754981 3.6930846571922302 2.3193159624934196
leaf_count=21 23 39 25 27 23 38 19 27 30 39 31 20 20 28 28 19 19 28 19
internal_value=0.000315287 0.0127421 -0.0161196 0.0245747 -0.0126813 -0.0328536 0.0325858 0.0387714 0.0448447 0.020507 -0.0438635 -0.054272 -0.0364069 0.0552178 0.0604609 0.0596453 0.0591564 0.0586467 0.0577877
internal_weight=89.8486 70.1238 20.3897 49.7341 8.80163 15.8924 40.9324 36.3607 31.9516 9.5486 19.7248 15.13 8.49805 22.403 17.7164 14.5281 11.774 9.10439 5.4113
internal_count=523 431 102 329 50 77 279 256 229 69 92 71 40 160 132 113 94 75 47
is_linear=0
shrinkage=0.05


Tree=22
num_leaves=22
num_cat=0
split_feature=39 355 103 12 100 16 16 103 100 127 36 24 101 97 65 96 99 31 36 20 93
split_gain=18.4697 9.43791 7.98065 7.93455 6.09696 5.48461 7.07044 5.04558 4.37233 3.8503 2.91004 2.12365 1.91649 1.25297 1.01102 0.622701 0.0730473 0.00676768 0.00340708 0.00152466 0.000503796
threshold=2.6312701608979592 1.0000000180025095e-35 2.3554256783353211 -0.50767879912583036 -0.23678700906818237 1.8937969924812033 1.9183333333333337 2.8523552584614094 0.2128957594433786 1.0000000180025095e-35 9.2122451737457709 5.5530007091318971 8.7402395838873961 16.909913706223232 5.1201906316738333 6.1816695229685257 0.83296663727219333 20.979568762365904 6.9736684676384284 2.3162057337924931 32.114950995711361
decision_type=2 2 2 10 2 2 2 2 2 2 2 10 2 2 2 2 2 2 2 10 2
left_child=7 2 9 -3 -4 11 -7 12 -9 -2 13 -5 14 -8 -1 16 -13 18 -18 20 -20
right_child=1 3 4 5 -6 6 10 8 -10 -11 -12 15 -14 -15 -16 -17 17 -19 19 -21 -22
leaf_value=-0.075050812993896807 0.056288481097571841 -0.037115418956507218 -0.081846196366240659 0.010065579416198355 -0.010089577679407009 -0.049191068428960934 0.063480082232314619 -0.041503141527666182 0.028758796364425923 -0.011629727604109484 -0.013948346957453032 0.067119740726265836 -0.025542384100610639 0.025800902129253664 -0.044844012098061062 0.038516844893232649 0.059906557595347833 0.061109224996001445 0.057749391034014996 0.058651607488134784 0.056710051023006247
leaf_weight=7.0752811580896431 4.497685372829439 4.188624143600463 4.8854876011610031 2.8282896578311947 7.5119842365384084 3.6011513248085967 4.5008974373340589 4.3159316629171354 4.5467982143163681 3.8927622586488724 2.7432376742362967 3.408666677773005 4.753727212548255 4.3279622942209244 4.5523568987846375 3.9619935303926459 2.5109771937131864 2.7259411066770545 2.2780199125409126 3.0738138258457184 2.388385146856308
leaf_count=34 28 20 21 19 39 19 33 20 23 18 16 21 23 31 24 28 19 19 20 25 23
internal_value=0.000315774 0.0147318 -0.0128803 0.0282256 -0.0383668 0.0353624 0.0119931 -0.0358475 -0.00545704 0.0247777 0.0310332 0.0506621 -0.0522895 0.0450095 -0.0632245 0.0563049 0.0606059 0.058895 0.0583062 0.057787 0.0572174
internal_weight=88.57 63.3259 20.7879 42.538 12.3975 38.3493 15.1732 25.2441 8.86273 8.39045 11.5721 23.1761 16.3814 8.82886 11.6276 20.3478 16.3858 12.9771 10.2512 7.74022 4.66641
internal_count=523 399 106 293 60 273 99 124 43 46 80 174 81 64 58 155 127 106 87 68 43
is_linear=0
shrinkage=0.05


Tree=23
num_leaves=20
num_cat=0
split_feature=39 355 53 16 94 77 148 130 102 98 366 88 358 90 98 68 57 0 128
split_gain=17.1736 10.4459 9.59722 7.85866 7.22884 7.39131 7.82628 5.89859 4.506 2.20386 4.04304 1.92903 1.68093 1.45459 0.397146 0.0849929 0.0179676 0.00511621 0.00116436
threshold=1.6774422705885661 1.0000000180025095e-35 9.5380682144754676 1.8937969924812033 16.589131517023958 5.3082683152844075 1.0000000180025095e-35 2.7404500000000009 3.1107174761634022 11.761374715610726 1.0000000180025095e-35 18.756119236711299 1.0000000180025095e-35 9.8814734587583928 8.9819321292726109 47.334142968179016 5.1354566913774224 12.253681504444833 5.4046194137328127
decision_type=2 2 2 2 2 2 2 2 2 2 2 2 2 2 2 2 2 2 2
left_child=13 2 7 9 5 -5 -7 -2 -9 12 -11 -8 14 16 15 -3 -1 -17 -19
right_child=1 3 -4 4 -6 6 11 8 -10 10 -12 -13 -14 -15 -16 17 -18 18 -20
leaf_value=-0.065261450474110624 -0.027472682942532307 0.068148752183346456 -0.057369445006858921 -0.065562890293843989 0.062722763085253555 -0.052981765249601104 0.062473264477207295 0.060806536822278323 -0.0013142676810146533 -0.021638296461904436 0.053052190748730958 0.0091414992621455474 0.020903620905054619 -0.031439098976404081 0.038133597489090391 0.059877639727133662 -0.070046828640470946 0.058348579839573471 0.057014511164033901
leaf_weight=4.1075604707002622 8.2279484719038063 2.8870596587657991 8.9360948950052244 4.9997837617993381 3.6407063379883757 3.4523190259933454 3.891800232231617 5.4863714724779111 6.2384888827800751 3.4327039569616309 3.8371044546365738 3.0045142099261284 3.9762593731284133 4.3228548914194107 2.3162306174635878 4.0377155095338804 3.7544824928045273 2.9873534515500069 3.6145263463258743
leaf_count=23 36 18 39 26 27 20 27 34 35 19 24 19 28 20 19 31 19 25 34
internal_value=0.000317012 0.00926528 -0.0143063 0.0240436 -0.000619083 -0.015644 0.00847351 0.00497997 0.0277537 0.041332 0.0177844 0.0392382 0.0499694 -0.0547367 0.0572644 0.0605402 -0.0675467 0.0584756 0.0576182
internal_weight=87.1519 74.967 28.8889 46.0781 18.9891 15.3484 10.3486 19.9528 11.7249 27.089 7.26981 6.89631 19.8191 12.1849 15.8429 13.5267 7.86204 10.6396 6.60188
internal_count=523 461 144 317 119 92 66 105 69 198 43 46 155 62 127 108 42 90 59
is_linear=0
shrinkage=0.05


Tree=24
num_leaves=20
num_cat=0
split_feature=39 355 53 12 130 16 77 102 100 0 65 12 90 97 25 84 57 88 11
split_gain=15.9054 9.6259 8.7549 7.42422 5.37185 4.90152 6.28512 4.25568 2.79815 2.32185 3.80913 1.44819 1.43847 1.23946 0.325147 0.0319477 0.0148892 0.00319444 0.000662418
threshold=1.6774422705885661 1.0000000180025095e-35 9.5380682144754676 -0.50767879912583036 2.7404500000000009 1.8937969924812033 5.3082683152844075 3.1107174761634022 1.4212322827471053 12.386746558219727 5.5743289732794832 -0.35413601556428714 9.8814734587583928 22.613176067482183 -0.11605893611184297 12.042208896399982 5.1354566913774224 19.324432260271315 0.27988036270751548
decision_type=2 2 2 10 2 2 2 2 2 2 2 10 2 2 10 2 2 2 10
left_child=12 2 4 -3 -2 9 -7 -6 13 10 11 14 16 -8 -5 17 -1 18 -11
right_child=1 3 -4 5 7 6 8 -9 -10 15 -12 -13 -14 -15 -16 -17 -18 -19 -20
leaf_value=-0.064299123038072212 -0.026092888780229469 -0.038513070879465185 -0.055041247438248564 0.06479820444678977 0.059614775378112328 -0.035030214376602274 0.062705141147989363 -0.0012479426946568224 -0.0087019637316415738 0.057583791267598786 -0.021443965586056182 0.012540576468957891 -0.030178351687835975 0.020382322034823326 0.041869519066333273 0.063986480221199057 -0.068728697964125993 0.059042266642535604 0.056504176646313437
leaf_weight=3.964217394590376 8.2298309057951027 4.3785546720027915 8.8505606055259687 4.2592638507485381 5.3204761892557126 5.4645446166396168 4.8129504323005659 6.2414702028036118 3.141379676759243 3.7138123810291273 2.9050903394818297 2.606991387903693 4.2794025540351868 2.7005603462457657 2.4273616895079613 2.750149078667163 3.6381153166294098 3.672043189406395 2.3011729791760445
leaf_count=23 36 21 39 30 34 31 36 35 20 33 19 18 20 19 19 18 19 30 23
internal_value=0.000321624 0.00896812 -0.0137033 0.0233556 0.00478229 0.0300025 0.00856606 0.0267593 0.0309252 0.0440285 0.0285294 0.0441505 -0.0533663 0.0474932 0.0564747 0.0592304 -0.0664189 0.0578802 0.0571708
internal_weight=85.6579 73.7762 28.6423 45.1339 19.7918 40.7553 16.1194 11.5619 10.6549 24.6359 12.1987 9.29362 11.8817 7.51351 6.68663 12.4372 7.60233 9.68703 6.01499
internal_count=523 461 144 317 105 296 106 69 75 190 86 67 62 55 49 104 42 86 56
is_linear=0
shrinkage=0.05


Tree=25
num_leaves=23
num_cat=0
split_feature=39 98 97 22 45 128 100 102 39 36 38 98 13 95 102 349 342 64 90 355 45 49
split_gain=14.8017 8.06286 6.96204 8.32709 6.40782 5.57477 4.58872 5.19356 6.17162 4.07394 3.91007 3.15791 1.91956 1.85521 0.88381 0.425456 0.168625 0.0136556 0.0113739 0.00416805 0.000980374 0.000289727
threshold=2.6312701608979592 9.8939374411348098 15.143770855723011 2.340634070671475 2.2396614474252226 4.7743036718675507 -0.034441609977323921 2.041513063131315 1.6774422705885661 9.8274717882931153 5.7179396640777274 24.233874975387216 0.33695622769067951 22.385329170158432 1.0980286795851442 1.0000000180025095e-35 1.0000000180025095e-35 14.774130623520799 15.910328395537331 1.0000000180025095e-35 3.6821787440835654 10.501113692409517
decision_type=2 2 2 8 2 2 2 2 2 2 2 2 10 2 2 2 2 2 2 2 2 2
left_child=6 4 5 10 -2 -3 15 8 -8 12 -4 18 -6 -5 -14 -1 -16 19 -7 -18 -21 -22
right_child=1 2 3 13 9 11 7 -9 -10 -11 -12 -13 14 -15 16 -17 17 -19 -20 20 21 -23
leaf_value=-0.071746031040536812 -0.024783491266761978 -0.033362875162650595 -0.020093582048565043 -0.084315868464486965 0.019069683439377295 0.058839818124910105 -0.03658299993327737 -0.063503929761814043 0.037964605849958068 -0.0012051123139525577 0.060415318332191104 0.00044476397012084448 0.033430920323105545 -0.037780474174597678 0.072575111282649707 -0.049425939374157124 0.059329263552111523 0.061441449758332045 0.063116702027606927 0.057736009792565171 0.056085369787200572 0.056899273713918896
leaf_weight=4.8613141477108019 4.5152000784873954 3.5201224908232716 3.4982536509633038 4.39419986307621 4.4881408065557542 2.9148942753672582 5.4304905533790571 4.242035672068595 5.6804695799946785 5.056056320667266 2.6509746536612511 3.2656129598617554 3.6285716518759754 4.1782014667987823 2.5836388766765568 3.8070159256458282 2.4346401169896108 2.9993600249290475 3.33086808770895 2.3671210035681725 2.2943506166338921 2.088917963206768
leaf_count=25 23 16 20 20 34 24 27 20 31 32 20 17 30 20 15 21 19 22 22 21 24 20
internal_value=0.000323781 0.0135629 -0.00622387 -0.0297853 0.0304826 0.0203934 -0.0328599 -0.0164393 0.0015294 0.0394135 0.0146144 0.0402884 0.0483876 -0.0616344 0.0555402 -0.0619433 0.0609725 0.0585122 0.0611207 0.0575557 0.0569161 0.0564732
internal_weight=84.2305 60.2091 27.7531 14.7216 32.456 13.0315 24.0213 15.353 11.111 27.9408 6.14923 9.51138 22.8847 8.5724 18.3966 8.66833 14.768 12.1844 6.24576 9.18503 6.75039 4.38327
internal_count=523 399 159 80 240 79 124 78 58 217 40 63 185 40 151 46 121 106 46 84 65 44
is_linear=0
shrinkage=0.05


Tree=26
num_leaves=22
num_cat=0
split_feature=39 130 355 168 16 317 64 19 0 15 85 99 90 67 12 34 100 98 103 68 297
split_gain=13.6974 8.53797 8.12889 6.71196 6.29828 5.38949 5.61482 4.84795 4.75775 4.25714 3.36056 2.57825 1.71771 1.64033 1.0246 0.106872 0.0160825 0.00688945 0.00316703 0.00103297 0.000714359
threshold=1.6774422705885661 2.7404500000000009 1.0000000180025095e-35 1.0000000180025095e-35 1.8937969924812033 1.0000000180025095e-35 14.732096228472434 10.09020777738175 12.629803763810591 1.089572192513369 14.493540694785851 3.0451734321421289 11.111828142928774 24.994076173548439 -0.36293454975211198 8.228457170401672 -0.025944887986058204 11.04929333222368 2.0971692822369232 69.541873342571634 1.0000000180025095e-35
decision_type=2 2 2 2 2 2 2 10 2 2 2 2 2 2 10 2 2 2 2 2 2
left_child=12 2 3 -2 13 9 10 11 -8 -3 15 -6 16 -4 -15 -7 -1 18 -17 20 -20
right_child=1 5 4 -5 7 6 8 -9 -10 -11 -12 -13 -14 14 -16 17 -18 -19 19 -21 -22
leaf_value=-0.062715311996574291 -0.071030958662173779 0.023483998263425718 0.0095074760286224004 0.00093530974002672951 -0.068419516592271842 0.067204452642672982 -0.041398077057169774 0.030607049636817353 0.038184980676082295 -0.046628808453993503 0.0071286804544417361 -0.010109873184035048 -0.024120826473138485 0.064169929694420993 0.024220659931683666 0.058776964410177601 -0.067385682473537795 0.060305201109176358 0.057755844195579047 0.055990973484959211 0.056500962299539818
leaf_weight=3.6914306879043579 7.5338241755962354 4.7106077224016172 3.6658231019973773 5.6844988018274307 3.8245922178029996 3.9814165085554221 3.6466325521469107 3.6514585241675377 3.8722228780388832 4.0063856095075607 3.6739281862974158 3.7590232864022255 3.9304407089948654 4.7357802018523198 2.4278186634182948 2.4585188031196576 3.6817141324281675 2.2035783454775801 2.4916542246937752 3.0019999518990517 2.0815219506621361
leaf_count=23 34 27 23 26 20 26 20 27 29 18 24 22 19 35 18 20 20 17 22 32 21
internal_value=0.000324765 0.00841985 -0.00907487 -0.0400821 0.00950084 0.0255051 0.0363953 -0.0167262 -0.000412672 -0.00874029 0.0503077 -0.0395168 -0.0508166 0.0367102 0.0506307 0.0600888 -0.0650474 0.0577737 0.0572177 0.0567116 0.0571847
internal_weight=82.7149 71.4113 35.2828 13.2183 22.0645 36.1285 27.4115 11.2351 7.51886 8.71699 19.8926 7.58362 11.3036 10.8294 7.1636 16.2187 7.37314 12.2373 10.0337 7.57518 4.57318
internal_count=523 461 205 60 145 256 211 69 49 45 162 42 62 76 53 138 43 112 95 75 43
is_linear=0
shrinkage=0.05


Tree=27
num_leaves=21
num_cat=0
split_feature=39 98 97 22 45 266 17 100 102 39 36 31 13 95 73 349 342 64 57 89
split_gain=12.8742 7.06732 6.21136 7.23965 5.91287 4.57503 4.74059 4.20306 4.68309 5.1673 3.90683 2.94804 1.89043 1.67979 0.918449 0.416307 0.156075 0.0117928 0.00291697 0.00131524
threshold=2.6312701608979592 9.8939374411348098 15.143770855723011 2.340634070671475 2.2396614474252226 1.0000000180025095e-35 2.4309523809523812 -0.034441609977323921 2.041513063131315 1.6774422705885661 9.8274717882931153 17.797891796528166 0.33695622769067951 17.003105849802299 5.8147500848596385 1.0000000180025095e-35 1.0000000180025095e-35 14.774130623520799 29.814480430580392 18.745994474315605
decision_type=2 2 2 8 2 2 2 2 2 2 2 2 10 2 2 2 2 2 2 2
left_child=7 4 5 11 -2 -3 -7 15 9 -9 12 -4 -6 -5 16 -1 -14 18 -18 -20
right_child=1 2 3 13 10 6 -8 8 -10 -11 -12 -13 14 -15 -16 -17 17 -19 19 -21
leaf_value=-0.069843473139061293 -0.023922603607851988 0.053077523517465391 -0.018322593097849501 -0.081177455431370865 0.01782594953699743 0.034885951244170495 -0.04766212936499703 -0.033590421351414046 -0.060587038822127494 0.035748224931372939 -0.0019115107086940218 0.052335375950517717 0.07166333188366257 -0.036372977946387136 0.031853919562227544 -0.047198705159519905 0.058295664945278818 0.061086413382072859 0.057353771554281022 0.055795249942717499
leaf_weight=4.6141367107629794 4.498050861060622 5.6631069630384463 3.2532679289579365 4.1113106906414032 4.3670058995485368 3.3918365687131882 3.5696406587958336 5.232433155179022 4.1361882686614981 5.5230466723442078 4.9739128947257987 2.7025350034236908 2.5371305942535409 4.259119063615799 3.5225566253066054 3.6235296428203583 3.2543159797787649 2.3486017361283311 2.2504264935851097 3.3971963450312614
leaf_count=25 23 36 20 19 34 24 19 27 20 31 32 20 15 21 32 21 28 18 21 37
internal_value=0.000323607 0.0128829 -0.00586469 -0.0283977 0.0291037 0.0197056 -0.00744228 -0.031225 -0.0153723 0.00201567 0.0380533 0.0137395 0.0472233 -0.0583796 0.0546396 -0.0598826 0.0604611 0.0579348 0.0571033 0.0564163
internal_weight=81.2293 58.1 26.9508 14.3262 31.1492 12.6246 6.96148 23.1293 14.8917 10.7555 26.6511 5.9558 21.6772 8.37043 17.3102 8.23767 13.7877 11.2505 8.90194 5.64762
internal_count=523 399 159 80 240 79 43 124 78 58 217 40 185 40 151 46 119 104 86 58
is_linear=0
shrinkage=0.05


Tree=28
num_leaves=21
num_cat=0
split_feature=130 355 53 51 20 100 47 95 115 5 103 9 128 99 25 33 98 60 54 26
split_gain=11.9539 7.54189 6.82731 4.76661 4.39249 6.66099 3.65648 5.93428 5.79116 3.88691 3.11876 1.99439 1.8505 1.6153 0.12535 0.00909133 0.00453809 0.00290274 0.00133792 0.000338989
threshold=0.7195900000000004 1.0000000180025095e-35 9.5380682144754676 1.0000000180025095e-35 2.2864370339592646 0.17685071030506885 19.395281380286939 13.122892646617498 1.5000000000000002 19.905418719211827 2.3554256783353211 113.00000000000001 5.8431262012192517 6.6603346307722679 -0.14256772250776104 7.5404552822435784 11.582151634439988 29.859917246485896 4.8472234574611504 2.8796427051089784
decision_type=2 2 2 2 10 2 2 2 2 2 2 2 2 2 8 2 2 2 2 2
left_child=3 2 4 11 5 -2 8 9 -3 -8 -6 14 -9 15 -1 -10 17 18 19 -17
right_child=1 6 -4 -5 10 -7 7 12 13 -11 -12 -13 -14 -15 -16 16 -18 -19 -20 -21
leaf_value=-0.074949475344287378 -0.051227955109448234 -0.0079911090666827927 -0.051273583118254265 0.0039279767030082121 0.05557856019863238 0.032023359610476858 0.010780494252976267 0.007328675581689599 0.060481694197512516 -0.064986701629214869 -0.0027061756325609458 -0.027265809625850158 0.062034439760437335 0.0095101785454687546 -0.062200459337520164 0.05528179742265138 0.059230320627676407 0.058160194567672685 0.057017990934446039 0.056109597209555252
leaf_weight=3.6952034831047058 5.8790615573525482 5.2338798046112087 7.1432592719793311 5.3175564333796492 5.3374254852533323 4.0632865354418755 3.3271884173154813 2.6332877650856972 2.3532195985317257 3.4457134082913399 4.0266655385494232 4.8020208477973938 3.7432712838053703 1.9708485528826702 4.0314972847700137 2.3883012235164625 2.0934124439954749 2.5451827794313422 3.2336436882615089 2.5649195164442062
leaf_count=18 30 34 33 31 33 24 23 19 17 18 22 25 28 17 26 28 17 22 31 27
internal_value=0.000322204 0.0107043 -0.009511 -0.0357362 0.00594089 -0.0172044 0.025752 0.00482555 0.0380456 -0.0277661 0.0305155 -0.0525708 0.0394429 0.0520955 -0.0682975 0.0576249 0.0571008 0.0566854 0.0562269 0.0557105
internal_weight=79.8288 61.9826 26.4497 17.8463 19.3064 9.94235 35.5329 13.1495 22.3834 6.7729 9.36409 12.5287 6.37656 17.1495 7.7267 15.1787 12.8255 10.732 8.18686 4.95322
internal_count=523 423 142 100 109 54 281 88 193 41 55 69 47 159 44 142 125 108 86 55
is_linear=0
shrinkage=0.05


Tree=29
num_leaves=23
num_cat=0
split_feature=39 22 2 3 84 23 341 45 314 103 100 27 75 41 98 12 31 98 45 64 40 130
split_gain=11.2015 6.5669 6.80924 5.84147 5.35792 4.93038 5.59217 6.31572 4.2594 3.89776 3.32319 2.11951 1.75843 1.44221 1.37043 0.976118 0.0364726 0.00514286 0.00409368 0.00223251 0.000904557 0.000372817
threshold=2.6312701608979592 2.3436750001421003 0.43706920806533006 -2.9957827228339471 15.603450006425433 -3.1142399196875856 1.0000000180025095e-35 2.3872821471163004 1.0000000180025095e-35 2.8523552584614094 0.2128957594433786 1.9960593217140963 22.272937030605153 -3.4949999999999997 9.8939374411348098 -0.45505002304108494 14.343169970247208 11.096671106029842 3.1708266073420783 14.82583237769653 4.8346412792426134 3.0533000000000015
decision_type=2 8 2 2 2 10 2 2 2 2 2 2 2 2 2 8 2 2 2 2 2 2
left_child=9 4 3 -3 11 -5 7 -7 14 12 -11 13 -1 -2 -9 -14 -15 19 -4 20 21 -18
right_child=1 2 18 5 -6 6 -8 8 -10 10 -12 -13 15 16 -16 -17 17 -19 -20 -21 -22 -23
leaf_value=-0.02629538849184266 0.017535748773642439 0.061868395100471263 0.059301363464623204 -0.052202367628466834 -0.020195287399365647 -0.042678280006294145 -0.061071443799076246 0.064573803573238261 -0.016264098739037128 -0.03525330257842884 0.028618727878645792 0.0026332444829529501 -0.076633841287721313 0.063371669330351668 0.023313056994221794 -0.040465003484093771 0.055900516397014016 0.058951099161003821 0.056187678825541654 0.057861514008332227 0.056718176675106848 0.054881578390581366
leaf_weight=6.4656797945499438 2.5773604288697269 2.5902230292558697 2.2371720522642127 7.201716490089896 3.8371329158544532 4.4675915315747323 3.5388909876346579 4.7749612033367139 3.8927150517702094 3.9259792119264585 4.231237918138504 2.5590112134814254 4.5094395577907562 2.9324186146259335 3.4784448072314262 3.1814769431948662 1.8245659768581375 2.6124057322740555 1.9987087994813917 1.892811059951782 2.0370172336697578 1.7672229334712026
leaf_count=36 19 18 19 37 23 22 17 38 24 20 23 18 26 19 22 19 20 23 21 17 20 22
internal_value=0.000321851 0.0122183 -0.00150375 -0.00989726 0.0334991 -0.0166929 -0.00400322 0.0081529 0.0268496 -0.0296517 -0.00212218 0.0448178 -0.0455146 0.0517183 0.0471842 -0.061672 0.0584609 0.0570399 0.0578322 0.056376 0.0558765 0.0553992
internal_weight=78.5342 56.2204 34.1804 29.9445 22.0399 27.3543 20.1526 16.6137 12.1461 22.3138 8.15722 18.2028 14.1566 15.6438 8.25341 7.69092 13.0664 10.134 4.23588 7.52162 5.62881 3.59179
internal_count=523 399 218 178 181 160 123 106 84 124 43 158 81 140 60 45 121 102 40 79 62 42
is_linear=0
shrinkage=0.05


Tree=30
num_leaves=22
num_cat=0
split_feature=39 130 19 27 4 317 64 0 355 129 53 15 85 90 87 34 39 98 102 95 48
split_gain=10.584 6.96575 6.55706 5.04238 4.68935 4.43978 5.07936 3.93316 3.4642 5.01434 3.40196 3.36536 3.33219 1.78137 1.00651 0.0860842 0.0154357 0.00668894 0.00259607 0.00105993 0.000229988
threshold=1.6774422705885661 2.7404500000000009 10.09020777738175 1.327674816804171 0.82156817239475388 1.0000000180025095e-35 14.732096228472434 12.629803763810591 1.0000000180025095e-35 3.5000000000000004 9.4143231052525067 1.089572192513369 14.493540694785851 11.111828142928774 18.257532187374448 8.228457170401672 0.82677040401735302 11.435160855249917 5.0061937598822235 21.664582879182039 5.592035476312966
decision_type=2 2 10 2 2 2 2 2 2 2 2 2 2 2 2 2 2 2 2 2 2
left_child=13 2 3 -2 8 11 12 -8 14 -10 -4 -3 15 16 -5 -7 -1 18 19 20 -17
right_child=1 5 10 4 -6 6 7 -9 9 -11 -12 -13 -14 -15 -16 17 -18 -19 -20 -21 -22
leaf_value=-0.060212971176345026 0.04010276976389425 0.021859982104010259 0.0652932622003599 -0.078946443481728468 0.014752765654972189 0.065529824726158273 -0.037586274814355655 0.036238011506483397 0.021158882101686777 -0.053152280127941237 -0.0016315413401569859 -0.041421194570092551 0.0043923945284911961 -0.019322697120175862 -0.044913469686172214 0.054686721760679569 -0.065066707406559801 0.059380543031572877 0.057535864768509241 0.056480704556548411 0.055440268138920501
leaf_weight=3.3433761373162252 3.0168751180171993 4.4931323230266553 3.8427174836397162 4.6596422791481054 4.8793645128607741 3.7209153175354066 3.6644327044486991 3.5540262833237648 4.1964633762836456 4.9452902898192406 3.7537928074598312 3.9462416172027588 3.4657117500901213 3.7338727861642838 4.0701307356357574 1.7001133486628512 3.2113049775362015 1.9208145663142193 2.3811588138341904 2.2471820861101151 2.5038230642676353
leaf_count=24 23 27 33 22 30 26 20 29 27 26 24 18 24 19 20 22 19 16 22 23 29
internal_value=0.000326897 0.00758141 -0.00860137 -0.0206365 -0.0286909 0.0236518 0.034179 -0.0012387 -0.040552 -0.0190402 0.0322226 -0.00773022 0.0484302 -0.0468882 -0.0630791 0.0589747 -0.0625909 0.0567065 0.0561249 0.0556041 0.0551355
internal_weight=77.2504 66.9618 33.3643 25.7678 22.7509 33.5976 25.1582 7.21846 17.8715 9.14175 7.59651 8.43937 17.9397 10.2886 8.72977 14.474 6.55468 10.7531 8.83228 6.45112 4.20394
internal_count=523 461 205 148 125 256 211 49 95 53 57 45 162 62 42 138 43 112 96 74 51
is_linear=0
shrinkage=0.05


Tree=31
num_leaves=22
num_cat=0
split_feature=39 130 19 27 4 317 64 0 85 53 355 129 75 90 87 34 39 98 102 95 27
split_gain=9.82131 6.42781 6.02075 4.61987 4.29699 4.15179 4.84167 3.56832 3.26679 3.26212 3.26116 4.53764 3.21495 1.75349 0.965435 0.073636 0.0129405 0.00625886 0.002244 0.000923725 0.000205261
threshold=1.6774422705885661 2.7404500000000009 10.09020777738175 1.327674816804171 0.82156817239475388 1.0000000180025095e-35 14.732096228472434 12.629803763810591 14.493540694785851 9.4143231052525067 1.0000000180025095e-35 3.5000000000000004 29.521760965412462 11.111828142928774 18.257532187374448 8.228457170401672 0.82677040401735302 12.358377508317739 5.0061937598822235 21.664582879182039 1.707862441133055
decision_type=2 2 10 2 2 2 2 2 2 2 2 2 2 2 2 2 2 2 2 2 2
left_child=13 2 3 -2 10 12 8 -8 15 -4 14 -12 -3 16 -5 -7 -1 18 19 20 -17
right_child=1 5 9 4 -6 6 7 -9 -10 -11 11 -13 -14 -15 -16 17 -18 -19 -20 -21 -22
leaf_value=-0.059619148620377108 0.038964436463954144 -0.034924204908846804 0.064638185125927644 -0.076972000771119764 0.014084026665103878 0.064662405585094382 -0.035307835859353549 0.035222726104939553 0.0041812848891837782 -0.0015492051997103211 0.02028035457006705 -0.050613629958941191 0.02737089155177886 -0.018505040419662246 -0.043312170397808693 0.054538760515546528 -0.064149004163253587 0.059044822793234399 0.057121777453491653 0.056127932157117581 0.055253959815480737
leaf_weight=3.2111895829439145 2.9514478221535709 4.6838901564478856 3.6914128214120856 4.5431624054908788 4.8561032637953749 3.5857163369655671 3.7047779411077491 3.475665308535099 3.45883785188198 3.755586676299572 4.1602813750505447 4.9339510276913643 3.7128902152180672 3.704674556851387 4.0110999792814255 2.3214180842041952 3.0972734242677689 1.773259826004504 2.2810316905379295 2.1506803743541241 1.7666977643966673
leaf_count=24 23 25 33 22 30 26 20 29 24 24 27 26 20 19 20 31 19 15 22 23 21
internal_value=0.000324822 0.00734332 -0.00828482 -0.0198532 -0.0275671 0.0229659 0.033358 -0.00116779 0.047657 0.0312593 -0.0390276 -0.0181822 -0.00737855 -0.0458089 -0.0611889 0.0584919 -0.0618432 0.0563423 0.0557798 0.0552891 0.0548478
internal_weight=75.831 65.8179 32.903 25.456 22.5046 32.9149 24.5181 7.18044 17.3376 7.447 17.6485 9.09423 8.39678 10.0131 8.55426 13.8788 6.30846 10.2931 8.51983 6.2388 4.08812
internal_count=523 461 205 148 125 256 211 49 162 57 95 53 45 62 42 138 43 112 97 75 52
is_linear=0
shrinkage=0.05


Tree=32
num_leaves=21
num_cat=0
split_feature=39 22 2 23 84 103 103 100 100 102 119 130 27 41 349 31 84 4 26 4
split_gain=9.20906 5.61672 5.79486 4.90298 4.76129 4.76085 6.77214 4.5346 3.34313 4.06857 4.20257 2.43851 2.10536 1.4617 0.43164 0.0318911 0.00423748 0.00230553 0.00144637 0.000867458
threshold=2.6312701608979592 2.3436750001421003 0.43706920806533006 -3.1142399196875856 15.603450006425433 2.6283237170636582 4.7790574029262256 -0.22440667146785662 -0.034441609977323921 2.041513063131315 1.5000000000000002 3.1440600000000019 1.9960593217140963 -3.4949999999999997 1.0000000180025095e-35 14.343169970247208 5.6453971045935818 0.784602702549551 2.8833868768515916 0.5996883482920855
decision_type=2 8 2 10 2 2 2 2 2 2 2 2 2 2 2 2 2 2 2 2
left_child=8 4 3 -3 12 11 -7 -8 14 10 -10 -5 13 -2 -1 -15 18 -4 -17 -20
right_child=1 2 17 5 -6 6 7 -9 9 -11 -12 -13 -14 15 -16 16 -18 -19 19 -21
leaf_value=-0.066043619279407037 0.015610178260424821 -0.044346408783073631 0.057899740622325405 0.0024869090703944093 -0.019074714945274011 -0.053631723010193956 -0.028309797919917841 0.048791420351580225 0.037987876331149389 -0.056907735293163765 -0.027040528953240134 0.059248811817233932 0.00028018269534727593 0.062418718211962466 -0.041414761237883173 0.0544206426005443 0.057896612453253608 0.055418450735452776 0.056836980733464638 0.055426979664647748
leaf_weight=4.0587508454918888 2.491576716303828 7.3540555015206364 2.0622046515345569 3.3558099716901806 3.7589483559131613 6.172155559062956 3.287986189126971 4.5405250638723347 4.6956114768981916 3.8546333685517302 5.276437446475029 4.3381355702877045 2.4473664015531531 2.7715632617473629 3.1672029346227646 1.9019462205469588 2.8485918119549751 1.7144931852817533 2.0079464465379715 2.3881849944591522
leaf_count=25 19 39 20 17 23 35 18 32 26 20 32 37 18 19 21 26 28 20 20 28
internal_value=0.000322376 0.0113563 -0.00148977 -0.00906471 0.0318101 0.0028951 -0.0144684 0.0164088 -0.027687 -0.013283 0.00357987 0.0344914 0.0431568 0.050439 -0.0552486 0.0577201 0.0562964 0.0567733 0.0555726 0.056071
internal_weight=74.4941 53.4415 32.8254 29.0487 20.6161 21.6946 14.0007 7.82851 21.0526 13.8267 9.97205 7.69395 16.8572 14.4098 7.22595 11.9182 9.14667 3.7767 6.29808 4.39613
internal_count=523 399 218 178 181 139 85 50 124 78 58 54 158 140 46 121 102 40 74 48
is_linear=0
shrinkage=0.05


Tree=33
num_leaves=23
num_cat=0
split_feature=39 130 19 27 83 118 4 0 53 43 76 20 107 11 17 90 95 34 39 39 102 67
split_gain=8.65353 5.61674 5.29586 4.00674 3.76888 4.50211 3.74984 3.39867 3.16724 3.14688 3.75517 3.10904 3.00121 2.85569 2.73249 1.72186 0.796919 0.148331 0.0419768 0.0101129 0.00317531 0.00158824
threshold=1.6774422705885661 2.7404500000000009 10.09020777738175 1.327674816804171 41.530000000000008 5.5000000000000009 0.82156817239475388 12.873815415001573 9.4143231052525067 22.56959372318325 9.5602372530077577 2.4417860598546404 3.5000000000000004 0.26897153978651728 2.4932432432432434 11.111828142928774 5.6897107662509461 11.30999210200236 3.0879460022288119 0.82677040401735302 4.5529125981873246 17.361811442681311
decision_type=2 2 10 2 2 2 2 2 2 2 2 8 2 10 2 2 2 2 2 2 2 2
left_child=15 2 3 -2 11 7 12 9 -4 10 -6 18 14 -9 -5 19 -16 -7 -3 -1 21 -20
right_child=1 4 8 6 5 17 -8 13 -10 -11 -12 -13 -14 -15 16 -17 -18 -19 20 -21 -22 -23
leaf_value=-0.058700474893402556 0.03728914570996527 0.064221172888062714 0.064271109173294608 -0.019048057145535733 -0.040582038807722459 0.042388626378626872 0.013322171871448933 -0.0085008967324676412 -0.0021817884597265832 -0.05661754630426355 0.034740943687634807 -0.010672787478750327 -0.0029335652725859269 0.062525663959310113 -0.085835794490051548 -0.017000182682822565 -0.053730201853467635 0.060312130878282112 0.056518162262489319 -0.062838411196695559 0.057629176843817603 0.054526888554407786
leaf_weight=2.9892618432641012 2.825730234384543 2.2163834646344185 3.4774890020489684 4.5998145639896446 3.0312879309058243 2.0497709065675727 4.7596254572272292 2.7530506253242484 3.7017381712794304 3.7683485522866249 3.6436033472418785 2.0026556625962266 4.7375660166144362 2.9121168367564678 3.3916701674461365 3.6331419199705124 4.4936287403106689 2.6423430144786835 1.7937805280089376 2.9178014844655991 2.6592829078435898 2.2667851336300373
leaf_count=24 23 17 33 28 18 23 30 21 24 19 22 16 26 23 16 19 25 21 19 19 26 31
internal_value=0.00032585 0.00697446 -0.00781194 -0.0187563 0.0218763 0.00938162 -0.0259608 -0.00317285 0.0300068 -0.0200884 0.000534297 0.0456353 -0.0368169 0.0280095 -0.0496742 -0.0440855 -0.0675396 0.0524822 0.0582542 -0.0607444 0.0562861 0.0554065
internal_weight=73.2669 63.7267 31.9873 24.808 31.7394 20.8005 21.9823 16.1084 7.17923 10.4432 6.67489 10.9389 17.2227 5.66517 12.4851 9.54021 7.8853 4.69211 8.93623 5.90706 6.71985 4.06057
internal_count=523 461 205 148 256 147 125 103 57 59 40 109 95 44 69 62 41 44 93 43 76 50
is_linear=0
shrinkage=0.05


Tree=34
num_leaves=22
num_cat=0
split_feature=39 130 19 317 64 27 4 90 78 85 95 53 15 90 39 45 57 98 76 102 28
split_gain=8.03074 5.1788 4.84849 3.71529 4.51664 3.39844 3.6355 3.375 4.35564 3.11015 3.071 3.03564 2.7904 1.6966 0.0554677 0.0105211 0.0099974 0.00261562 0.000593976 0.000206313 0.000207373
threshold=1.6774422705885661 2.7404500000000009 10.09020777738175 1.0000000180025095e-35 14.732096228472434 1.3966611578896837 0.82156817239475388 18.417811816301519 25.15160466000744 14.493540694785851 6.9935984238930082 9.4143231052525067 1.089572192513369 11.111828142928774 2.8455493320188796 2.5301536065241534 5.5669097072552569 10.322251181784107 17.002543310550376 3.7173531323941678 1048.6034509058609
decision_type=2 2 10 2 2 2 2 2 2 2 2 2 2 2 2 2 2 2 2 2 2
left_child=13 2 5 12 9 -2 7 8 -7 14 -6 -4 -3 16 -5 -16 -1 18 19 20 -17
right_child=1 3 11 4 10 6 -8 -9 -10 -11 -12 -13 -14 -15 15 17 -18 -19 -20 -21 -22
leaf_value=-0.058132143794107131 0.026035164249117494 0.020116743035213245 0.063672485861713632 0.064298640945564992 -0.037212335235213653 -0.059665644244705045 0.012712686946022168 -0.072902958032710866 0.0030054621056406585 0.0034839498983697359 0.029426570192883625 -0.0020713458810783852 -0.038189608074991291 -0.016269632342193856 0.059356925532777299 0.053777887587564792 -0.062334894128000501 0.05678049052134302 0.055498381847474347 0.054879154814701549 0.054607641375907859
leaf_weight=2.985713414847849 3.7262470275163713 4.318394601345064 3.338202752172946 2.4954119846224811 3.2815918251872054 4.6764603108167702 4.73896650224924 4.6753123030066481 6.8092079013586044 3.3602815568447104 3.6538998857140541 3.7040940746665001 3.9098459929227829 3.6071441471576691 1.8727065920829762 1.6188377663493141 2.6897636204957962 1.9951154813170431 1.6977238990366457 1.51142081618309 1.4078537225723264
leaf_count=25 29 27 33 18 20 25 30 25 39 24 29 24 18 19 16 25 18 21 20 19 19
internal_value=0.000325804 0.00674296 -0.00749217 0.0212275 0.031584 -0.0179543 -0.0257971 -0.0370895 -0.0225115 0.0462239 -0.00210424 0.0290927 -0.00758892 -0.0430825 0.0576231 0.0559743 -0.0601239 0.0552047 0.0547006 0.0544021 0.0541638
internal_weight=72.0742 62.7916 31.6685 31.1231 22.8948 24.6262 20.8999 16.161 11.4857 15.9594 6.93549 7.0423 8.22824 9.28262 12.5991 10.1037 5.67548 8.23095 6.23584 4.53811 3.02669
internal_count=523 461 205 256 211 148 119 89 64 162 49 57 45 62 138 120 43 104 83 63 44
is_linear=0
shrinkage=0.05


Tree=35
num_leaves=22
num_cat=0
split_feature=39 22 2 103 24 98 62 90 84 130 325 21 27 58 41 59 31 84 20 64 39
split_gain=7.63149 4.99427 4.9893 4.24448 5.29289 5.14965 7.25982 5.98792 4.19519 3.19372 3.16408 4.4259 1.99774 1.65573 1.02058 0.51822 0.0264845 0.00372301 0.00155025 0.000997525 0.000598588
threshold=2.6312701608979592 2.3436750001421003 0.43706920806533006 2.3554256783353211 5.5117093672116146 9.8939374411348098 11.733921011147656 26.14747579296812 15.603450006425433 3.1440600000000019 1.0000000180025095e-35 -2.1892914913145218 1.8581313078556756 1.0000000180025095e-35 -3.4949999999999997 10.714846107611026 14.343169970247208 5.6453971045935818 2.2854139181383388 14.82583237769653 4.1109079486819358
decision_type=2 8 2 2 10 2 2 2 2 2 2 8 2 2 2 2 2 2 10 2 2
left_child=10 8 3 9 -5 7 -7 -6 12 -3 11 -1 14 -13 -2 -15 -16 19 -4 20 -18
right_child=1 2 18 4 5 6 -8 -9 -10 -11 -12 13 -14 15 16 -17 17 -19 -20 -21 -22
leaf_value=0.005342205180156984 0.019891556144074084 -0.006950183715966703 0.054836229520898706 -0.085978762428129976 0.051915521912612839 0.028715418203421519 -0.063677000831508471 -0.038165104210743359 -0.017581212758015715 0.057811521975352255 0.01378941749908999 -0.02498399749675799 0.005505554267634649 -0.051661773770642988 0.061878045280004901 -0.077782104018297826 0.053939345358157309 0.057329655086504831 0.056984702664754333 0.056108462008592701 0.055176571639055982
leaf_weight=4.6156757399439812 2.2364907786250106 4.0841875448823037 1.6719576902687543 2.675648711621764 5.0929747521877315 3.097233481705187 6.7812405228614807 2.892596859484911 3.670364521443843 3.5657721497118473 4.0084660872817031 3.6372700482606906 3.0566643439233294 3.4714129120111465 2.2789921611547497 4.191814087331295 1.7781781889498218 2.6288292109966278 1.6865848712623117 1.5729504153132436 2.1714610941708088
leaf_count=29 18 21 22 14 39 18 35 17 23 34 23 27 25 22 16 23 27 28 18 17 27
internal_value=0.000321862 0.0105833 -0.00169142 -0.00855472 -0.0203952 -0.0105722 -0.0347089 0.0192858 0.0305508 0.0232363 -0.0259141 -0.0359134 0.0417862 -0.0527641 0.0505412 -0.0659497 0.0571131 0.0557809 0.0559151 0.0550436 0.0546196
internal_weight=70.8668 50.9421 31.5482 28.1897 20.5397 17.864 9.87847 7.98557 19.3939 7.64996 19.9246 15.9162 15.7236 11.3005 12.6669 7.66323 10.4304 8.15142 3.35854 5.52259 3.94964
internal_count=523 399 218 178 123 109 53 56 181 55 124 101 158 72 133 45 115 99 40 71 54
is_linear=0
shrinkage=0.05


Tree=36
num_leaves=21
num_cat=0
split_feature=39 22 2 12 23 45 98 97 142 57 101 3 3 255 331 79 68 83 20 128
split_gain=7.00581 4.63481 4.6922 4.00421 3.99148 4.10634 4.12082 5.03262 3.05626 3.98379 2.5848 2.47704 1.55197 1.16658 0.145476 0.0754373 0.0210886 0.00695568 0.00132773 0.000474782
threshold=2.6312701608979592 2.3436750001421003 0.43706920806533006 -0.50767879912583036 -3.1142399196875856 2.3872821471163004 9.8939374411348098 15.636889900485698 1.0000000180025095e-35 12.529758344449359 6.3084137918125114 -0.55277001072134424 -0.22258173262761025 1.0000000180025095e-35 1.0000000180025095e-35 46.648885314620848 59.784724205761329 96.75500000000001 2.2854139181383388 5.4954012874940688
decision_type=2 8 2 8 10 2 2 2 2 2 2 2 2 2 2 2 2 2 10 2
left_child=8 3 4 -2 -3 -6 12 -8 9 -1 -5 -10 15 14 16 -7 -12 19 -4 -18
right_child=1 2 18 10 5 6 7 -9 11 -11 13 -13 -14 -15 -16 -17 17 -19 -20 -21
leaf_value=-0.036350974418652267 -0.029060272812695603 -0.040161955900633345 0.054580941762665251 -0.00068480105200305992 -0.039399492951791217 0.069580008158396739 0.02505632264567989 -0.047271336810516144 -0.067985768692975609 0.025819067560539494 0.061090560787674469 -0.016035976466246393 0.008275477198906785 0.012466754928473441 0.041878268931455562 0.056458089564439741 0.055498481766024566 0.058673887927100238 0.056614032762123123 0.054516972751497653
leaf_weight=5.3089856728911418 2.5081288814544678 7.2367670461535516 1.5976659059524529 3.313102073967463 4.4693443849682835 2.1097505763173103 5.7210746854543668 4.149407371878624 5.3331153467297554 5.0068945363163948 2.720406066626305 4.0273776203393918 1.8607740812003637 1.8950559720397002 1.8039774596691138 2.2778734788298607 2.1687074154615402 1.6604424789547918 1.6145671755075452 2.8529190346598625
leaf_count=33 13 39 22 25 23 15 37 22 38 31 23 22 17 18 22 25 26 15 18 39
internal_value=0.00032354 0.0102763 -0.00161492 0.0297803 -0.00822038 0.0030071 0.0147653 -0.00534918 -0.0249473 -0.00617625 0.0387711 -0.0456342 0.0465399 0.0487487 0.0548841 0.0627676 0.0573794 0.0558685 0.0556028 0.0549409
internal_weight=69.6363 49.96 31.0372 18.9227 27.825 20.5882 16.1189 9.87048 19.6764 10.3159 16.4146 9.36049 6.2484 13.1015 11.2065 4.38762 9.40247 6.68207 3.21223 5.02163
internal_count=523 399 218 181 178 139 116 59 124 64 168 60 57 143 125 40 103 80 40 65
is_linear=0
shrinkage=0.05


Tree=37
num_leaves=22
num_cat=0
split_feature=39 355 16 94 53 77 148 13 44 60 22 90 90 97 88 11 84 95 3 57 12
split_gain=6.61387 4.51804 4.83633 5.35376 4.72677 4.39108 5.56568 2.61747 4.00193 2.46984 2.01449 2.19564 1.72611 1.54074 1.47494 0.753135 0.107448 0.0108549 0.0112436 0.00824396 0.00130051
threshold=1.6774422705885661 1.0000000180025095e-35 1.8937969924812033 16.589131517023958 9.5380682144754676 5.3082683152844075 1.0000000180025095e-35 0.50796661235379059 5.8496468502367955 20.764351488467643 2.2039623688759864 41.540479712552944 11.111828142928774 16.725491049710204 5.4892209805468886 0.32764159010402932 12.280778049769255 10.08029053287982 -0.21360723285009917 5.5669097072552569 -0.48622681465554468
decision_type=2 2 2 2 2 2 2 8 2 2 10 2 2 2 2 8 2 2 2 2 10
left_child=12 4 10 5 7 -4 -7 8 -2 -10 -3 14 19 -8 -12 16 17 18 -16 -1 -19
right_child=1 2 3 -5 -6 6 13 -9 9 -11 11 -13 -14 -15 15 -17 -18 20 -20 -21 -22
leaf_value=-0.057001369190341877 -0.015333924274730107 -0.0050085153039327373 -0.055564267517405064 0.061083044757528883 -0.043290035431005937 -0.049819495590664259 0.058984461989490283 -0.035321504030164978 0.061588040367818259 0.00082299762760551271 0.014315034810840392 -0.012456353427587928 -0.013418306562645818 0.0045352803735187151 0.061063727620363176 0.024040127790279447 0.070240541871402967 0.055884022498236055 0.056028307398156563 -0.061002777920681241 0.054172093878326916
leaf_weight=2.6724657118320447 6.1637667641043716 2.8578978329896954 4.6413273327052584 2.6744011379778376 7.5345584452152243 2.9536083638668043 3.0503830164670944 3.3213273137807837 4.6014028005301952 2.6269324645400047 2.9040435627102879 1.7664266414940346 3.4963514357805252 2.2631603255867958 2.1468288786709309 1.8075259067118175 1.7580811232328422 2.0790180340409243 2.2923364005982823 2.483321525156498 2.3786781802773511
leaf_count=25 34 22 26 27 39 20 28 16 39 16 27 17 19 18 17 17 11 24 28 18 35
internal_value=0.000322633 0.00623237 0.017577 -0.00330423 -0.010411 -0.0166441 0.00520639 0.00441108 0.014265 0.0395047 0.0338539 0.0403364 -0.0405378 0.0357933 0.0464051 0.0538828 0.0589454 0.0567134 0.0584635 -0.0589287 0.0549705
internal_weight=68.4738 59.8217 35.5737 15.5829 24.248 12.9085 8.26715 16.7134 13.3921 7.22834 19.9908 17.1329 8.65214 5.31354 15.3665 12.4625 10.6549 8.89686 4.43917 5.15579 4.4577
internal_count=523 461 317 119 144 92 66 105 89 55 198 176 62 46 159 132 115 104 45 43 59
is_linear=0
shrinkage=0.05


Tree=38
num_leaves=21
num_cat=0
split_feature=32 83 28 355 4 47 47 20 366 66 83 316 305 28 83 11 83 34 89 92
split_gain=6.14898 5.68142 5.47753 3.55167 3.7954 3.46284 4.50345 3.39727 3.08961 3.20047 2.64729 1.87592 1.67456 1.40513 0.290152 0.167303 0.00979564 0.00254837 0.0021957 0.00103523
threshold=9.2502761076024704 41.530000000000008 1197.5536924495539 1.0000000180025095e-35 0.6711784331616607 14.971988467647625 24.929097584428614 2.4245038887266159 1.0000000180025095e-35 26.561594639837526 64.620000000000019 1.0000000180025095e-35 1.0000000180025095e-35 657.80554754125967 108.81000000000002 0.31118841946704862 32.970000000000006 11.008295273819792 17.932932132025332 12.202798907685091
decision_type=2 2 2 2 2 2 2 8 2 2 2 2 2 2 2 10 2 2 2 2
left_child=8 7 3 4 11 13 10 16 14 -10 -7 -3 15 -5 -1 -4 18 -15 -2 -20
right_child=1 2 12 5 -6 6 -8 -9 9 -11 -12 -13 -14 17 -16 -17 -18 -19 19 -21
leaf_value=-0.061310538965833154 0.056638854514162895 -0.075392723484619895 0.045520983946706735 0.0053161333865889412 -0.00025470302635550779 0.0036489999951289116 0.042068191281886852 -0.0030461226287204998 0.026052062828315171 -0.039346356547547451 -0.047690411293322535 -0.02667434176084614 0.0037892157686819868 0.057507322466254646 -0.03898824290518195 0.063684850638642487 0.059118581410611194 0.05483620624396144 0.053814247096477509 0.055353933109090009
leaf_weight=4.4340860620141012 1.8057160302996598 3.9739356189966184 2.5750776864588252 2.1448693871498135 6.8175190910696983 4.4624653272330743 3.2853440307080737 3.4215821772813806 3.695401132106781 3.788837768137455 5.7417813502252102 3.9299882352352142 2.402551643550396 2.0567868947982793 2.1672934889793396 2.4970564022660255 2.1097073927521706 1.577997602522373 2.2356524504721165 2.1336131989955902
leaf_count=33 20 20 31 14 38 33 30 27 21 19 38 21 17 21 19 18 21 20 35 27
internal_value=0.000325365 0.00810662 -0.000577479 -0.00909937 -0.0275905 0.00502761 -0.00884652 0.038867 -0.029048 -0.00705538 -0.0252389 -0.051169 0.0381753 0.0374095 -0.0539819 0.0544632 0.0561772 0.0563477 0.0551722 0.0545661
internal_weight=67.2573 53.1716 41.4654 33.9907 14.7214 19.2692 13.4896 11.7063 14.0856 7.48424 10.2042 7.90392 7.47469 5.77965 6.60138 5.07213 8.28469 3.63478 6.17498 4.36927
internal_count=523 431 301 235 79 156 101 130 92 40 71 41 66 55 52 49 103 41 82 62
is_linear=0
shrinkage=0.05


Tree=39
num_leaves=24
num_cat=0
split_feature=39 130 19 83 118 20 100 0 14 14 66 168 349 313 7 90 355 43 39 57 294 19 100
split_gain=5.79404 3.90625 4.02645 3.00447 3.79431 3.21183 2.82902 2.63332 2.91051 2.70026 2.59521 5.09573 3.17077 3.30712 1.94396 1.73407 1.60319 0.127968 0.0235869 0.0074475 0.00429712 0.00132185 0.000122704
threshold=1.6774422705885661 2.7404500000000009 10.09020777738175 41.530000000000008 5.5000000000000009 2.4554671471616558 0.13350437242798399 12.873815415001573 0.25640986142349104 0.31706401657271316 44.218852552226146 1.0000000180025095e-35 1.0000000180025095e-35 1.0000000180025095e-35 347.69800000000009 11.111828142928774 1.0000000180025095e-35 22.110977290827979 3.0879460022288119 5.5669097072552569 1.0000000180025095e-35 9.8572921711222907 0.22330087516056482
decision_type=2 2 10 2 2 10 2 2 10 10 2 2 2 2 2 2 2 2 2 2 2 10 2
left_child=15 2 10 5 7 18 -4 9 -9 14 12 -12 16 -14 -5 19 -2 -6 -3 -1 21 -20 -23
right_child=1 3 6 4 17 -7 -8 8 -10 -11 11 -13 13 -15 -16 -17 -18 -19 20 -21 -22 22 -24
leaf_value=-0.05630133545740032 -0.069690122279269198 0.061546375924651411 -0.011539654885179421 -0.026526407879265579 0.040820331736259534 -0.01863732959323787 0.055497262070703435 -0.015009312577002399 0.060595826653226909 -0.053589812569071554 -0.031857828856537276 0.053425907796147643 0.03490340030881494 -0.03506015801106574 0.028089830352936274 -0.011671762894932195 -0.027813180459933935 0.058948002949050088 0.055424251541091811 -0.060232667411606128 0.057399521793273615 0.053887314530913166 0.053193588079053916
leaf_weight=2.4645912051200849 4.1935533955693298 1.9001467823982254 2.6739784218370906 3.2722656354308146 1.6910434812307351 1.7414125613868234 3.8250861689448357 2.3684609830379477 2.7520027495920658 3.5382446348667145 3.6845698133110991 3.3385405018925667 3.2191030532121649 3.5536846593022346 3.2447857670485973 3.4194089323282242 5.0229231715202332 2.2945175096392632 1.5427977107465265 2.3565417155623436 1.4917357601225374 1.4075390361249449 1.1649893298745153
leaf_count=25 24 17 19 19 22 14 38 18 26 18 22 24 22 21 22 19 35 22 19 18 16 22 21
internal_value=0.000321623 0.00590266 -0.00683737 0.0191366 0.00784013 0.0425408 0.0279156 -0.00356219 0.0256248 -0.0184251 -0.0166522 0.00868307 -0.0277804 -0.00180651 0.000666564 -0.0389066 -0.0468674 0.0512566 0.056732 -0.0582229 0.0551005 0.0542671 0.0535732
internal_weight=66.1619 57.9214 29.5114 28.4099 19.1613 9.24862 6.49906 15.1758 5.12046 10.0553 23.0124 7.02311 15.9893 6.77279 6.51705 8.24054 9.21648 3.98556 7.50721 4.82113 5.60706 4.11533 2.57253
internal_count=523 461 205 256 147 109 57 103 44 59 148 46 102 43 41 62 59 44 95 43 78 62 43
is_linear=0
shrinkage=0.05


Tree=40
num_leaves=22
num_cat=0
split_feature=39 3 11 28 370 88 88 17 47 25 50 92 43 99 3 90 0 15 79 57 26
split_gain=5.377 3.66844 5.68846 5.81573 5.07638 3.14969 3.13582 4.03496 3.26383 3.03068 3.36521 3.41224 2.73749 2.08746 1.8022 1.70305 1.60215 0.329693 0.310774 0.00630591 0.00162814
threshold=1.6774422705885661 -0.59740604031913414 0.38716154706065237 1195.1161735402372 1.0000000180025095e-35 17.285838773637639 22.861322135859655 2.5536398467432955 9.6331975082322927 0.088117917518046332 5.8578040610963216 11.232769929241265 21.458809018653927 4.6226562078094764 -0.85030104402872253 11.111828142928774 12.148176492819351 1.2034482758620693 42.382370336536361 5.5669097072552569 2.6805525364528839
decision_type=2 2 8 2 2 2 2 2 2 8 2 2 2 2 2 2 2 2 2 2 2
left_child=15 2 3 4 -2 16 7 8 -3 10 11 -9 18 17 -7 19 -6 -8 -10 -1 -20
right_child=1 6 -4 -5 5 14 13 9 12 -11 -12 -13 -14 -15 -16 -17 -18 -19 20 -21 -22
leaf_value=-0.05595704754065052 -0.071045592089656814 -0.0072768268720062694 0.04825564246666518 0.042996068274405996 -0.015207915480884829 -0.062855114864250591 0.048922791748399141 -0.042473359818620451 0.078382955013882094 0.030882274859086373 -0.073345253822831052 0.028988901458760097 -0.0054609610186795582 0.0013734501472834843 -0.0064399823682879864 -0.011149357059257006 0.034829761020594915 0.072771624866222004 0.056097097592184009 -0.059651779748929518 0.053965661872005716
leaf_weight=2.3584505841135961 5.335570365190514 4.1418785974383372 3.6958709508180609 3.19434481114149 2.9956457167863846 3.3851293101906776 3.4416575357317907 3.3843507543206179 2.3417613953351974 3.086481038480998 2.699875570833683 3.2984386868774891 1.8491461388766763 2.1397553086280823 2.4331749007105827 3.4011234194040298 3.4330892749130726 2.5031361430883408 1.7013468183577063 2.2628861740231514 1.8926665075123308
leaf_count=25 29 36 30 24 17 20 35 18 14 31 16 33 17 21 22 19 31 17 20 18 30
internal_value=0.00032095 0.00571927 -0.00889983 -0.0190668 -0.0303422 -0.0126093 0.0167342 0.0077908 0.0285823 -0.0120964 -0.0262345 -0.00720158 0.0476608 0.0437219 -0.0392627 -0.038003 0.0115133 0.0589647 0.0642096 -0.0577662 0.0549746
internal_weight=64.9758 56.9533 24.4728 20.777 17.5826 12.247 32.4805 24.3959 11.9268 12.4691 9.38267 6.68279 7.78492 8.08455 5.8183 8.02246 6.42873 5.94479 5.93577 4.62134 3.59401
internal_count=523 461 173 143 119 90 288 215 117 98 67 51 81 73 42 62 48 52 64 43 50
is_linear=0
shrinkage=0.05


Tree=41
num_leaves=21
num_cat=0
split_feature=93 89 102 93 176 20 98 60 88 84 26 42 17 47 151 12 57 67 98 68
split_gain=5.12225 6.06667 4.42485 4.23213 4.18135 4.38743 3.88252 2.9659 2.79901 4.33526 3.27128 6.39384 2.02214 1.72304 1.63851 0.234613 0.100718 0.0266597 0.00407313 0.00135262
threshold=31.306650178683075 41.633613113387689 4.6422779498454441 42.321451450884091 1.5000000000000002 2.2864370339592646 12.788816372133452 5.9798734376546774 18.622059691329039 15.603450006425433 2.8589269737064611 31904.580941118551 2.3660287081339715 15.533486938863142 1.0000000180025095e-35 -0.33982360314879029 29.553409826421177 19.789424947131526 9.5217524355421208 66.354006850987574
decision_type=2 2 2 2 2 10 2 2 2 2 2 2 2 2 2 10 2 2 2 2
left_child=1 4 14 -4 7 -6 17 12 10 13 11 -9 -1 -10 15 16 -2 -3 -18 -19
right_child=2 6 3 -5 5 -7 -8 8 9 -11 -12 -13 -14 -15 -16 -17 18 19 -20 -21
leaf_value=-0.021095041741455833 0.068513474896249843 0.062499902666542539 0.03062171671650173 -0.05059086591413086 -0.021475168838276621 0.06242404842038192 -0.0096526907201614914 -0.044294648701583353 0.058842022292942525 -0.036488765837842156 -0.060021209728790416 0.040574943193153218 -0.072330407884734146 0.004651667990828166 0.0092213614881398696 0.038824958718793268 0.054158481035909103 0.055664960993166257 0.057609339614991033 0.053668476669996579
leaf_weight=3.3458169549703589 2.4233284294605264 1.6744648218154887 3.3561011478304854 3.0730683021247387 3.0921080075204364 3.1412440203130245 3.7328985705971718 5.6683284342288989 3.0152316428720933 3.7234704047441483 5.3854967579245558 3.6470721215009689 4.5375465527176857 2.8565421774983406 2.4487243890762329 1.5520573966205127 2.3678687363862996 2.004583273082972 1.3384353518486021 1.4708578474819658
leaf_count=23 20 16 27 20 22 30 27 38 25 22 32 26 30 25 22 20 36 24 14 24
internal_value=0.000314289 -0.00806517 0.0242468 -0.00819695 -0.0166765 0.0208051 0.0291738 -0.0239369 -0.0152903 0.00571587 -0.029001 -0.0110674 -0.0505854 0.0324791 0.0448369 0.0561902 0.0605872 0.0573171 0.0554047 0.05482
internal_weight=63.8552 47.2957 16.5596 6.42917 38.4129 6.23335 8.8828 32.1795 24.2961 9.59524 14.7009 9.3154 7.88336 5.87177 10.1304 7.68169 6.12963 5.14991 3.7063 3.47544
internal_count=523 364 159 47 273 52 91 221 168 72 96 64 53 50 112 90 70 64 50 48
is_linear=0
shrinkage=0.05


Tree=42
num_leaves=23
num_cat=0
split_feature=130 355 53 51 13 3 87 43 20 3 48 9 101 90 5 90 35 98 142 60 105 16
split_gain=4.81468 3.53242 4.07739 3.11574 2.79937 2.84415 5.48935 3.96527 2.64553 4.72951 3.19994 1.61308 1.37521 1.09539 2.98379 0.288245 0.0514432 0.028649 0.00488279 0.00234 0.00107479 0.000278158
threshold=0.7195900000000004 1.0000000180025095e-35 9.5380682144754676 1.0000000180025095e-35 0.50766975734506981 0.05528163002666809 5.8208126695229119 16.533086475908739 2.2809810326209656 -1.0000000180025095e-35 1.0000000180025095e-35 113.00000000000001 7.4026879311565468 5.6302454023764161 17.420588235294122 33.839409661006229 3.9298949002714649 21.428811476090559 1.5000000000000002 31.038804859268829 0.43614130434782611 1.8729838709677422
decision_type=2 2 2 2 8 2 2 2 10 2 2 2 2 2 2 2 2 2 2 2 2 2
left_child=3 2 8 11 5 7 15 -3 9 -2 -10 16 -12 14 -9 -7 -1 18 19 20 21 -15
right_child=1 4 -4 -5 -6 6 -8 13 10 -11 12 -13 -14 17 -16 -17 -18 -19 -20 -21 -22 -23
leaf_value=-0.056696955559789736 -0.052903538283831798 -0.010580375506492129 -0.042447067425625283 0.0083357282757970854 -0.037634909929587033 0.057293186473740702 -0.043700457472728604 0.055791830956067538 -0.015537505570714856 0.031111571983846422 0.019793287627016317 -0.018500447596579147 0.068633106772457972 0.053040081161178559 -0.027174365917425499 0.026721695426370342 -0.066747146079546793 0.062472768367073418 0.057790581706605837 0.056124341733684524 0.055116064775346155 0.054040139636706078
leaf_weight=3.0104676187038404 3.9791403263807297 3.8255131393671133 5.9977335855364791 4.4361314475536338 1.9752484709024418 1.9374657981097692 3.7847590148448944 3.1522853001952162 3.3276549875736219 2.8929491713643101 2.6881848275661469 3.9199325516819954 3.1074505597352982 1.6663060486316665 1.651418514549732 1.2806780189275739 2.2064945548772812 1.6881834305822847 1.5619409605860708 1.9087579064071176 1.4832296185195444 1.1932158991694448
leaf_count=31 23 30 33 31 12 25 25 39 21 24 15 25 26 32 13 18 13 13 15 22 19 18
internal_value=0.00031376 0.00759985 -0.00728928 -0.0260446 0.0196792 0.0241835 -0.00288027 0.0346366 0.00589371 -0.0175356 0.0235418 -0.0427368 0.0459798 0.0467285 0.0272697 0.0451271 -0.0609476 0.0565662 0.05529 0.0546652 0.0540239 0.0534574
internal_weight=62.6751 49.1021 21.9931 13.573 27.109 25.1338 7.0029 18.1309 15.9954 6.87209 9.12329 9.13689 5.79564 14.3053 4.8037 3.21814 5.21696 9.50163 7.81345 6.25151 4.34275 2.85952
internal_count=523 423 142 100 281 269 68 201 109 47 62 69 41 171 52 43 44 119 106 91 69 50
is_linear=0
shrinkage=0.05


Tree=43
num_leaves=21
num_cat=0
split_feature=93 89 102 93 98 176 20 60 51 84 39 0 300 17 151 12 15 67 98 5
split_gain=4.5282 5.33333 4.01883 3.74404 3.70916 3.68515 4.01331 2.70636 2.5189 4.12387 2.55996 4.87917 3.30426 2.0224 1.62097 0.230615 0.0871314 0.0256453 0.00757798 0.00107987
threshold=31.306650178683075 41.633613113387689 4.6422779498454441 42.321451450884091 12.788816372133452 1.5000000000000002 2.2864370339592646 5.9798734376546774 1.0000000180025095e-35 5.7948893505039107 2.2562349885857116 12.651306689342405 1.0000000180025095e-35 2.3499399759903965 1.0000000180025095e-35 -0.33982360314879029 1.1507575757575761 19.789424947131526 6.0307379166901827 18.466517857142861
decision_type=2 2 2 2 2 2 10 2 2 2 2 2 2 2 2 10 2 2 2 2
left_child=1 5 14 -4 17 7 -7 13 10 -10 -9 12 -12 -1 15 16 18 -3 -2 -19
right_child=2 4 3 -5 -6 6 -8 8 9 -11 11 -13 -14 -15 -16 -17 -18 19 -20 -21
leaf_value=-0.017956274017789594 0.053766733039044681 0.062129151360640546 0.029692414436908367 -0.047199494645650333 -0.0096859929617063856 -0.020365557253658913 0.061388697539086871 -0.058282457643197907 0.045904200868882389 -0.028526132428715004 0.048744697156214919 -0.051417309383494571 -0.020721724038123834 -0.070433048218923863 0.0080601314522159104 0.037794633070638191 0.068735299957046581 0.053518324301862374 0.058270849369774461 0.055357000142000262
leaf_weight=3.1253284811973598 2.220908902585506 1.6041739247739295 3.2592160403728476 3.0785029828548431 3.6877459287643433 3.0410870909690848 2.9644604437053204 4.3567511960864129 3.8170701079070559 3.6315356492996216 3.4097245484590513 4.9166178330779076 3.4377746805548668 4.4504590481519699 2.4019513092935085 1.4669694937765587 1.9089760370552538 1.6941996179521086 1.6114033274352548 1.5105234310030935
leaf_count=22 37 16 27 20 27 22 30 34 32 24 28 29 21 31 22 20 17 29 16 19
internal_value=0.000314603 -0.00769854 0.0232505 -0.0076573 0.0280388 -0.0158719 0.01999 -0.0227869 -0.0144308 0.00961601 -0.0255416 -0.0134162 0.0138692 -0.0487842 0.0436334 0.0554873 0.0600079 0.0569683 0.0556606 0.054385
internal_weight=61.5954 45.6475 15.9479 6.33772 8.49664 37.1508 6.00555 31.1453 23.5695 7.44861 16.1209 11.7641 6.8475 7.57579 9.61021 7.20826 5.74129 4.8089 3.83231 3.20472
internal_count=523 364 159 47 91 273 52 221 168 56 112 78 49 53 112 90 70 64 53 48
is_linear=0
shrinkage=0.05


Tree=44
num_leaves=22
num_cat=0
split_feature=39 22 103 24 98 62 90 84 130 100 102 23 27 41 31 17 31 12 119 17 48
split_gain=4.19725 3.45016 3.59482 3.90888 4.24132 5.29637 3.72817 3.34429 2.54902 2.45915 3.34421 3.11594 1.60357 1.11238 0.530735 0.435612 0.0156604 0.00605607 0.00233444 0.00238692 0.000306203
threshold=2.6312701608979592 2.3436750001421003 2.3554256783353211 5.5117093672116146 9.8939374411348098 11.733921011147656 26.14747579296812 15.603450006425433 3.1440600000000019 -0.034441609977323921 2.041513063131315 -2.3296212902901372 1.8581313078556756 -3.4949999999999997 16.65111228816242 2.3964285714285718 14.343169970247208 -0.48622681465554468 1.5000000000000002 2.5345238095238098 5.8211336379174785
decision_type=2 8 2 10 2 2 2 2 2 2 2 10 2 2 2 2 2 8 2 2 2
left_child=9 7 8 -4 6 -6 14 12 -3 15 11 -11 13 -2 -5 -1 -15 -10 20 -20 -18
right_child=1 2 3 4 5 -7 -8 -9 17 10 -12 -13 -14 16 -16 -17 18 -19 19 -21 -22
leaf_value=-0.061252169300688865 0.013028305566238692 -0.0013308363523745687 -0.067618941900538895 0.030028422465860051 0.028081992305297055 -0.054528634986942243 -0.019304606134488894 -0.018741800765240364 0.058531558994298218 0.034940960089670174 -0.05084065080371987 -0.027220254670948293 0.0042547453901335078 0.05948783586036898 0.063829130354468924 -0.03254600854339048 0.052966628910586781 0.054463570218433711 0.05671070762362658 0.053831500919065349 0.053927343817183504
leaf_weight=3.0354589223861721 1.8885808214545239 3.9474931135773685 2.8523676879704025 1.9698850214481369 2.8519677147269231 6.0688528977334499 3.2645872570574284 3.1952883042395106 1.5599632039666174 4.8360695466399193 3.2453591078519812 3.45717705786228 2.7036216706037512 1.9651899635791759 2.8295206725597382 2.340620718896389 1.6061818860471251 2.2124827057123189 1.5855860747396948 1.3183387443423269 1.7149476557970045
leaf_count=25 18 24 16 21 18 38 26 23 14 33 20 25 25 16 28 21 32 33 18 22 27
internal_value=0.000312989 0.00852537 -0.00219258 -0.0134583 -0.00436275 -0.0281182 0.0219168 0.0270108 0.0267558 -0.020824 -0.00781069 0.00902803 0.0384479 0.0476201 0.0499558 -0.0487542 0.0555966 0.0561457 0.0543681 0.0554036 0.0534627
internal_weight=60.4495 43.5349 27.5571 19.8372 16.9848 8.92082 8.06399 15.9777 7.71994 16.9147 11.5386 8.29325 12.7824 10.0788 4.79941 5.37608 8.19024 3.77245 6.22505 2.90392 3.32113
internal_count=523 399 218 147 131 56 75 181 71 124 78 58 158 133 49 46 115 47 99 40 59
is_linear=0
shrinkage=0.05


Tree=45
num_leaves=21
num_cat=0
split_feature=93 28 176 84 83 0 102 20 76 97 43 17 151 322 26 62 71 12 15 98
split_gain=4.04737 4.82642 4.2895 3.76178 4.37468 5.71442 3.6732 3.55126 3.40836 2.47071 2.83163 2.27117 1.56224 1.34886 1.01476 0.672592 0.277991 0.238116 0.0726086 0.00697364
threshold=31.306650178683075 1211.550602076527 1.5000000000000002 5.6453971045935818 46.295000000000009 11.664518691735955 4.6422779498454441 2.2864370339592646 11.897779483816075 19.949217970005641 16.533086475908739 2.6099033816425128 1.0000000180025095e-35 1.0000000180025095e-35 2.9518508840678606 22.737864166601565 11.132110078225953 -0.33982360314879029 1.1507575757575761 6.0307379166901827
decision_type=2 2 2 2 2 2 2 10 2 2 2 2 2 2 2 2 2 10 2 2
left_child=1 2 3 4 11 -6 12 -4 -8 10 13 -1 17 -5 -11 -3 -7 18 19 -2
right_child=6 15 7 9 5 16 8 -9 -10 14 -12 -13 -14 -15 -16 -17 -18 -19 -20 -21
leaf_value=-0.00029593915743647103 0.053458197193061087 0.059686768757304422 -0.013528896125577264 -0.063534189864233079 -0.030227129890302924 0.049160103329260227 -0.037953063653167897 0.059899683437818534 0.037072466053501167 -0.035322287187537882 0.01299830798140246 -0.060481002189226897 0.0074655989805687377 -0.014869482254479059 -0.068547260044722239 0.020333975577572341 0.07390077192179681 0.036291961148232736 0.06766132456091796 0.057902973557878525
leaf_weight=3.0703974366188032 2.0590654499828811 2.4528957307338706 3.2294080369174472 3.0105888023972529 2.834754403680563 2.5993490181863308 3.6888739950954905 3.3596247732639313 2.5673510618507862 4.2802143730223161 4.3571965135633945 3.2024527601897717 2.3571119159460068 2.7016972899436951 4.9626349024474621 1.9481118023395536 2.0159776173532009 1.3956107236444939 1.7995499335229395 1.5443386137485502
leaf_count=23 37 25 26 28 20 27 23 38 24 36 38 20 22 15 31 19 18 20 17 16
internal_value=0.000312172 -0.0074076 -0.0129249 -0.020272 -0.000256223 0.0256481 0.0223643 0.023911 -0.00716503 -0.0344947 -0.0173606 -0.031022 0.0425422 -0.0405176 -0.0531613 0.0422672 0.0599668 0.0547035 0.0594593 0.0553631
internal_weight=59.4372 44.0253 39.6243 33.0353 13.7229 7.45008 15.4119 6.58903 6.25623 19.3123 10.0695 6.27285 9.15568 5.71229 9.24285 4.40101 4.61533 6.79856 5.40295 3.6034
internal_count=523 364 320 256 108 65 159 64 47 148 81 43 112 43 67 44 45 90 70 53
is_linear=0
shrinkage=0.05


Tree=46
num_leaves=23
num_cat=0
split_feature=130 2 28 72 3 5 51 16 16 20 15 30 332 25 9 24 313 34 11 11 35 99
split_gain=3.84819 2.84452 3.2426 2.87448 4.13268 3.80986 2.58795 2.32352 3.08744 3.19546 3.09583 2.90115 3.24397 1.98935 1.58362 1.03892 1.00505 0.270586 0.150684 0.141938 0.0380631 0.00123379
threshold=0.7195900000000004 0.58116352250776859 1197.5536924495539 11.831440310397257 -0.91219562284790467 11.079192546583853 1.0000000180025095e-35 2.0467391304347831 1.8702664796633943 2.3765109914338636 1.1310068649885585 12.264177337312164 1.0000000180025095e-35 0.094914554461339881 113.00000000000001 7.0999901808933847 1.0000000180025095e-35 7.9114918191288153 0.31118841946704862 0.12234832109227202 3.9298949002714649 2.5851811341182747
decision_type=2 2 2 2 2 2 2 2 2 10 2 2 2 10 2 10 2 2 10 10 2 2
left_child=6 2 3 4 16 -6 14 8 9 13 -10 -12 -13 17 20 18 -2 -7 -4 -3 -1 -19
right_child=1 19 15 -5 5 7 -8 -9 10 -11 11 12 -14 -15 -16 -17 -18 21 -20 -21 -22 -23
leaf_value=-0.055713868446400229 -0.02213644268348644 0.046028772884762086 0.042254334703918373 0.048169718407314099 -0.059827649879090644 0.080797114859903138 0.0076641313332136592 0.049186657707046291 -0.062698730977100728 -0.0099611265077490276 -0.046211831110848423 0.059787689112105684 -0.020461612242217719 0.0046913781077974536 -0.015865683901376548 0.0070390611155995266 -0.05900433424523565 0.055468139822542874 0.061467632301881861 0.068842289771096174 -0.064822979420257568 0.05343926270588753
leaf_weight=2.6176479794085008 4.2190217971801713 1.514082740992307 1.9593928977847088 2.6904480755329123 2.1717720404267373 1.4180191271007112 4.2349618263542643 3.1735773272812358 2.6952100507915002 4.8072128854691982 2.3311709314584732 2.6212333813309669 2.4237506575882435 2.2047647573053837 3.6930838339030743 1.8423029556870458 3.2900668978691101 1.3484366722404959 2.1295934319496155 1.2403158061206339 2.0409774258732796 1.686512056738138
leaf_count=31 30 25 30 29 14 11 31 28 15 36 12 28 20 25 25 16 21 18 18 16 13 31
internal_value=0.000309568 0.00704313 0.00388874 -0.00160183 -0.00549554 0.0036652 -0.0241746 0.00924563 0.00335995 0.0211036 -0.0168389 -8.18905e-05 0.0212337 0.0435338 -0.0403193 0.0382146 -0.0382899 0.0627656 0.0522609 0.0563018 -0.0597046 0.0543407
internal_weight=58.3536 45.7669 43.0125 37.0812 34.3907 26.8817 12.5867 24.7099 21.5363 11.4649 10.0714 7.37615 5.04498 6.65773 8.35171 5.93129 7.50909 4.45297 4.08899 2.7544 4.65863 3.03495
internal_count=523 423 382 318 289 238 100 224 196 121 75 60 48 85 69 64 51 60 48 41 44 49
is_linear=0
shrinkage=0.05


Tree=47
num_leaves=22
num_cat=0
split_feature=162 39 3 97 18 20 88 17 20 11 95 99 303 24 97 94 28 18 57 101 90
split_gain=3.67865 5.15085 2.82427 4.18852 4.35271 2.89992 2.2864 3.99586 2.7078 2.66117 4.3639 1.90297 1.72073 1.13985 1.11212 1.04075 0.830837 0.254223 0.170365 0.0438774 0.020498
threshold=1.5000000000000002 1.6774422705885661 -0.59740604031913414 21.370706474231984 16.53236695211217 2.2842334901408043 22.861322135859655 2.5638586956521743 2.4520039772366915 0.15400560790319393 7.5372818907472796 4.1851240864342714 1.0000000180025095e-35 6.0398545721637387 15.143770855723011 17.031916938228779 762.74637387608084 16.555723609600218 42.013247762119867 6.198260961696433 9.8814734587583928
decision_type=2 2 2 2 8 8 2 2 8 10 2 2 2 8 2 2 2 10 2 2 2
left_child=1 15 3 4 -3 -6 7 8 13 -9 -11 17 -5 16 19 20 18 -8 -4 -7 -1
right_child=-2 2 6 12 5 14 11 9 -10 10 -12 -13 -14 -15 -16 -17 -18 -19 -20 -21 -22
leaf_value=-0.05538177963401051 0.049211171719667351 -0.039062668210097261 0.075752436051796893 -0.063326782848359339 -0.014143522786766069 0.065699381531175008 0.068585867293343192 0.032604505358094053 -0.026210386778720146 -0.063956823804111551 0.010513675919845478 -0.0024795070786511769 -0.017622025945950616 0.010835598376726544 0.013085195197326607 -0.014484126899452339 0.025055232148614631 0.045033216443921921 0.054646926385813858 0.055407575561472938 -0.062199033359628814
leaf_weight=2.2507146261632434 3.6036740355193606 3.6379680521786222 2.0064830295741589 3.817963555455206 3.0206264182925215 1.9272605851292617 2.28597493097186 2.1286875866353494 1.8882857635617263 4.3587212115526199 3.5853349454700947 1.9231441877782343 4.4708398655056953 2.3265212029218683 1.7943536825478075 1.9029733911156652 1.8717607744038103 2.2969052866101265 1.8265783302485941 2.2384350374341011 2.1616232991218567
leaf_count=28 38 23 14 26 20 14 17 23 12 26 38 21 34 25 18 17 29 27 27 31 15
internal_value=0.000307361 -0.00297316 0.00267775 -0.0110616 0.0070764 0.0257668 0.0135182 0.0051398 0.027665 -0.017043 -0.0303466 0.0392642 -0.0386744 0.0403319 0.0459938 -0.0453916 0.052361 0.0567815 0.065695 0.0601691 -0.0587216
internal_weight=57.3248 53.7212 47.4058 20.9074 12.6186 8.98068 26.4984 19.9924 9.91963 10.0727 7.94406 6.50602 8.2888 8.03134 5.96005 6.31531 5.70482 4.58288 3.83306 4.1657 4.41234
internal_count=523 485 425 166 106 83 259 194 107 87 64 65 60 95 63 60 70 44 41 45 43
is_linear=0
shrinkage=0.05


Tree=48
num_leaves=23
num_cat=0
split_feature=355 168 97 40 94 16 3 24 83 97 16 13 54 130 96 83 35 25 19 297 20 363
split_gain=3.61073 3.67551 4.39963 3.67002 3.97535 4.36333 2.9279 2.68526 2.59554 2.35592 2.02754 1.65601 1.64441 1.07629 0.9598 0.126254 0.0610482 0.0430342 0.014985 0.00269806 0.00207189 0.000982303
threshold=1.0000000180025095e-35 1.0000000180025095e-35 2.4213223970143614 2.6069058556991656 16.455832596598825 1.8937969924812033 -0.59740604031913414 5.3671081051008072 55.685000000000009 15.235763525907251 1.6984848484848487 0.50766975734506981 4.8472234574611504 2.8267500000000014 6.1816695229685257 104.80500000000002 4.322463071347415 0.088123480280467473 9.7521049220279625 1.0000000180025095e-35 2.3918625877613313 1.0000000180025095e-35
decision_type=2 2 2 2 2 2 2 10 2 2 2 8 2 2 2 2 2 10 10 2 10 2
left_child=1 2 10 -2 5 7 -3 -5 -8 -7 -1 14 -11 16 17 19 -4 18 -9 -6 21 -20
right_child=3 6 13 4 15 9 8 11 -10 12 -12 -13 -14 -15 -16 -17 -18 -19 20 -21 -22 -23
leaf_value=0.033934831562293551 -0.032298358257016969 -0.025068487684164677 -0.055761968827644129 -0.032418720674609998 0.056583763183646635 0.019305283560132388 0.0025710511469052739 0.059655467626590235 0.067325548352747844 -0.054816377811821651 -0.023660742917010619 -0.010818355544812849 -0.0053122555679435517 -0.025612538896753318 0.0081958089129479644 0.072334464307364565 -0.065907866834926512 0.044971657032906821 0.052694316331424997 0.053578492310596026 0.055994062503977871 0.054313775605593764
leaf_weight=2.9377637021243599 4.0904931053519276 3.7490393966436386 2.3512448854744417 1.4958199374377787 1.2951177284121504 3.4485024176537973 3.5568725690245611 1.6351395659148655 2.7392645478248596 3.5638608150184155 3.1842717379331589 1.4284172542393214 3.1693343929946423 2.9473719894886017 1.3472977839410303 1.558644328266382 4.013297826051712 1.1371125690639017 1.745761586353183 1.7641198262572289 1.1422277875244615 2.0196177363395691
leaf_count=26 33 24 28 12 16 33 28 14 15 23 19 9 32 23 14 11 25 24 38 31 14 31
internal_value=0.000302882 -0.0136258 -0.0289464 0.0118098 0.0185544 0.0097502 0.00991368 0.030241 0.0307438 -0.0143021 0.00397748 0.0392054 -0.0315146 -0.0505919 0.0471209 0.0607519 -0.0621597 0.0539496 0.05551 0.0548508 0.0541288 0.0535629
internal_weight=56.3206 25.4791 15.434 30.8415 26.751 22.1331 10.0452 11.9514 6.29614 10.1817 6.12204 10.4556 6.7332 9.31191 9.02716 4.61788 6.36454 7.67986 6.54275 3.05924 4.90761 3.76538
internal_count=523 188 121 335 302 244 67 156 43 88 45 144 55 76 135 58 53 121 97 47 83 69
is_linear=0
shrinkage=0.05


Tree=49
num_leaves=22
num_cat=0
split_feature=162 39 3 11 370 94 88 99 88 16 20 15 101 50 68 94 89 26 90 58 79
split_gain=3.37526 4.67941 2.50866 3.80673 4.28797 4.11514 2.0809 2.04473 3.96659 3.03507 2.61088 2.32323 3.83737 1.99452 1.59982 1.01107 0.230646 0.113084 0.0175748 0.00197082 0.000201437
threshold=1.5000000000000002 1.6774422705885661 -0.59740604031913414 0.38716154706065237 1.0000000180025095e-35 5.3965102767618705 17.285838773637639 7.8700201152676117 22.861322135859655 1.8702664796633943 2.3620429931466425 1.1270161290322582 7.4026879311565468 5.4940286434762751 73.66853738021041 17.031916938228779 30.864168967213811 2.4868006754249907 9.8814734587583928 66.890567029023785 50.168835325600405
decision_type=2 2 2 8 2 2 2 2 2 2 8 2 2 2 2 2 2 2 2 2 2
left_child=1 15 3 4 -3 6 -6 8 9 10 14 -11 -13 -7 17 18 -10 -4 -1 20 -19
right_child=-2 2 7 -5 5 13 -8 -9 16 11 -12 12 -14 -15 -16 -17 -18 19 -20 -21 -22
leaf_value=-0.054933440262569237 0.048097226649255448 -0.058898684250303091 0.07116405829239128 0.042752485248448768 -0.001216585707292178 0.0022145720303023528 -0.056403654849069673 -0.032781787759702405 0.062218371082090412 -0.056645868140967219 -0.010256125083662604 -0.04595229382035905 0.034431618910234135 0.062699083419134841 -8.7666353481488787e-05 -0.013767339501396293 0.039980296569304435 0.053580666193776876 -0.061447923942354446 0.055720343542372153 0.052628844812950021
leaf_weight=2.0864887014031401 3.4625431336462489 4.9336337596178099 1.3433000296354372 2.8640741836279622 3.3019229471683502 3.180535189807415 3.5387205965816975 2.2373720593750468 3.6319296825677148 2.45321694947779 3.3397437334060678 2.5441094376146793 3.5653501525521278 2.3850841969251633 1.5200407300144432 1.8573603704571722 1.7172999233007429 1.2485757544636733 2.0549882054328918 1.12442503683269 1.0019158516079185
leaf_count=28 38 32 12 29 30 27 24 16 39 18 26 17 29 24 21 17 20 21 15 17 23
internal_value=0.00029922 -0.00288781 0.00253639 -0.0106497 -0.0194703 -0.00379064 -0.0297653 0.0128916 0.0172419 0.00608465 0.0254219 -0.0155455 0.000958041 0.0281345 0.0445227 -0.0444192 0.0550791 0.0588945 -0.0581659 0.054011 0.0531569
internal_weight=55.3926 51.9301 45.9313 20.204 17.3399 12.4063 6.84064 25.7273 23.4899 18.1407 9.578 8.56268 6.10946 5.56562 6.23826 5.99884 5.34923 4.71822 4.14148 3.37492 2.25049
internal_count=523 485 425 166 137 105 54 259 243 184 120 64 46 51 94 60 59 73 43 61 44
is_linear=0
shrinkage=0.05


Tree=50
num_leaves=23
num_cat=0
split_feature=93 89 98 102 64 72 23 13 16 100 29 129 151 39 107 12 34 105 67 75 98 5
split_gain=3.15359 3.91656 3.13706 3.12666 2.89631 2.85929 3.17752 2.29899 3.31695 3.32523 2.33462 4.59463 1.58821 1.3111 1.0435 0.192856 0.166842 0.0544288 0.0144008 0.00727311 0.00107759 0.000646463
threshold=31.306650178683075 41.633613113387689 12.788816372133452 4.6422779498454441 14.570519902967774 11.831440310397257 -2.3296212902901372 0.50795610316707562 1.8937969924812033 -0.079555434828251767 14.785169427003238 3.5000000000000004 1.0000000180025095e-35 2.2562349885857116 2.5000000000000004 -0.34045690926811084 6.1295428159691943 0.43614130434782611 19.789424947131526 51.022310277574697 4.2162276500267595 19.016129032258068
decision_type=2 2 2 2 2 2 8 8 2 2 2 2 2 2 2 10 2 2 2 2 2 2
left_child=1 5 18 12 -5 6 7 8 9 -1 -10 -12 15 16 -11 17 -8 19 -3 20 -2 -20
right_child=3 2 -4 4 -6 -7 13 -9 10 14 11 -13 -14 -15 -16 -17 -18 -19 21 -21 -22 -23
leaf_value=-0.014093437115149852 0.052725878479216309 0.059945698794403417 -0.0094423522354229565 0.023422868463062747 -0.047146688381462354 0.033510703301810149 -0.055293611380940556 -0.045228366778116445 -0.053143542157498329 0.070256001185444825 0.046341791987597913 -0.0409129028246542 0.0041404138008366634 -0.024040910324584917 0.022638831802279977 0.03782759771890664 -0.07496943733935979 0.067708222932144138 0.052972155298382499 0.058615020352652702 0.054967211890846669 0.054552498111583803
leaf_weight=3.672963298857213 1.1862066630274055 1.355604413896798 3.4038229808211327 3.3594776093959799 2.5633532255887985 2.8543079085648051 2.3538193963468093 3.6278908103704444 3.6368761807680112 2.6358995996415659 2.6915076896548271 3.4332697205245495 2.1994604207575321 3.7864566408097744 2.0417679287493229 1.4433355964720238 1.986841522157192 1.2445971406996248 1.5786711256951096 1.1825921032577751 0.97874609753489483 1.0966372564435003
leaf_count=31 26 16 27 29 18 28 30 21 25 27 25 27 22 26 21 23 12 13 32 14 14 16
internal_value=0.000296587 -0.00685721 0.0259017 0.0205872 -0.00711906 -0.0143004 -0.0188696 -0.00889825 -0.00162132 0.0215129 -0.0214116 -0.00256919 0.0405145 -0.045543 0.0494715 0.05377 -0.0642998 0.0587808 0.0557473 0.0554617 0.0537392 0.05362
internal_weight=54.3141 40.1563 7.43474 14.1578 5.92283 32.7216 29.8673 21.7402 18.1123 8.35063 9.76165 6.12478 8.23494 8.12712 4.67767 6.03548 4.34066 4.59214 4.03091 3.34754 2.16495 2.67531
internal_count=523 364 91 159 47 273 245 177 156 79 77 52 112 68 48 90 42 67 64 54 40 48
is_linear=0
shrinkage=0.05


Tree=51
num_leaves=22
num_cat=0
split_feature=162 39 269 176 3 75 97 47 75 24 31 24 34 364 57 94 68 12 90 42 15
split_gain=3.0147 4.16008 2.28336 2.75502 3.39058 3.51482 4.53308 2.71581 2.97776 2.46229 2.12372 1.88731 2.6868 1.55313 1.27815 1.02184 0.12777 0.0243824 0.013292 0.0102611 0.000948658
threshold=1.5000000000000002 1.6774422705885661 1.0000000180025095e-35 1.5000000000000002 -0.59740604031913414 35.720946851257985 23.171829654513331 19.395281380286939 18.031456937723998 6.0124155217471591 15.441564733149368 5.9742845223334706 10.035568209903589 1.0000000180025095e-35 12.529758344449359 17.612644035073092 35.70906729719848 -0.48546205555767002 9.8814734587583928 148625.40005640738 1.1017241379310347
decision_type=2 2 2 2 2 2 2 2 2 10 2 8 2 2 2 2 2 8 2 2 2
left_child=1 15 3 4 5 -3 10 8 -6 -9 -7 14 -13 -5 -10 18 -16 -15 -1 -18 -19
right_child=-2 2 -4 13 7 6 -8 9 11 -11 -12 12 -14 17 16 -17 19 20 -20 -21 -22
leaf_value=-0.054495105093562091 0.046537642441057576 -0.06044328898686372 -0.040815247140344062 -0.00015151386704942486 -0.028002382539466256 -0.010669045163034456 -0.038345495173543138 -0.050681288289242746 0.015257583016239022 0.013492727759040014 0.05010590835410951 -0.0180930733673722 0.055210665943350092 0.062137807188565923 0.071718472242011139 -0.011278795996626423 0.058644480488443534 0.052835329994415897 -0.060326271469910014 0.053344948575472763 0.054873172640634696
leaf_weight=1.9956335388123982 3.306141333654522 3.6719728522002653 2.8621347881853572 1.7625698111951349 2.3028839342296186 2.4074783399701101 5.1639005467295647 2.7051953300833693 2.0133071653544876 3.3404378592967987 3.5674473866820335 3.194454701617361 2.0536748748272657 1.3844971749931572 2.0202223993837833 1.738542318344116 1.8656883947551253 1.2771891877055166 1.9151351749897001 1.7894966825842855 1.0330006983131168
leaf_count=29 38 28 21 13 20 12 39 21 18 29 38 31 32 16 12 16 17 27 15 36 15
internal_value=0.000294714 -0.00275904 0.00238122 0.00535652 0.000350578 -0.0180202 -0.00403522 0.0131334 0.0243823 -0.0152228 0.0256178 0.0337073 0.0105918 0.0384676 0.0494853 -0.0431723 0.0616273 0.056891 -0.0573507 0.0560499 0.0537466
internal_weight=53.371 50.0649 44.4156 41.5534 36.0962 14.8108 11.1388 21.2854 15.2397 6.04563 5.97493 12.9368 5.24813 5.45726 7.68871 5.64931 5.67541 3.69469 3.91077 3.65519 2.31019
internal_count=523 485 425 404 333 117 89 216 166 50 50 146 63 71 83 60 65 58 44 53 42
is_linear=0
shrinkage=0.05


Tree=52
num_leaves=24
num_cat=0
split_feature=130 2 28 23 68 98 48 4 75 97 84 0 51 79 18 9 305 78 11 24 35 119 89
split_gain=2.85669 2.39001 2.60992 2.20926 2.91676 3.20386 2.74391 2.59818 2.23876 2.87288 2.47553 2.15539 2.14397 1.8469 1.63285 1.31982 1.04603 0.141839 0.11735 0.0264342 0.0230737 0.00554083 0.000892703
threshold=0.7195900000000004 0.58116352250776859 1197.5536924495539 -2.34634710865422 65.78944485112423 24.922728996800554 11.856269945613034 0.66368464214692968 26.763162780018003 5.5557294028722604 5.4769578608900629 12.153288801369266 1.0000000180025095e-35 36.667093254466103 19.143524132110475 113.00000000000001 1.0000000180025095e-35 22.853924587273429 0.31118841946704862 6.0855591887374034 3.8727813578302541 1.5000000000000002 37.853461780806903
decision_type=2 2 2 8 2 2 2 2 2 2 2 2 2 2 10 2 2 2 10 10 2 2 2
left_child=12 2 3 4 6 19 8 -8 -2 -10 11 -11 15 -5 -15 20 18 -3 -4 21 -1 22 -6
right_child=1 17 16 13 5 -7 7 -9 9 10 -12 -13 -14 14 -16 -17 -18 -19 -20 -21 -22 -23 -24
leaf_value=-0.054254264599960501 -0.057859367431569157 0.067910069049583535 0.042068476475079553 0.0055363803862284143 0.054371601743485022 -0.030460511240470008 -0.010428907994283839 0.063758444120084454 0.046083478270169474 -0.02864355982042396 -0.050120375224115055 0.035131068391276492 0.0075827706275973282 -0.067974344073172974 -0.011952821739986212 -0.015274622345020443 0.0033898456177496195 0.043356255730243508 0.060048896356000019 0.046519546170585305 -0.061952090871410272 0.05736190613897249 0.052370250051839817
leaf_weight=1.991257701069115 2.5696358531713548 1.1455552559345954 1.8093155622482293 3.3129167929291707 1.3663225527852771 1.476916082203388 2.2562668714672318 2.4745431542396545 2.1331376619637004 2.6404562145471555 3.6580023467540741 2.6590368188917637 3.9461154751479626 2.8235658146440983 2.4116302691400051 3.3668752461671829 1.6822258941829202 1.2087947614490984 1.8205319084227083 1.1510581523180006 1.9045339822769163 1.6324926875531671 0.94087365455925454
leaf_count=30 16 17 32 27 21 8 24 26 17 19 26 32 31 19 21 25 15 24 17 22 14 17 23
internal_value=0.000295392 0.0063877 0.00342099 -0.00174112 0.00577252 0.0343752 -0.00444184 0.0283762 -0.0158074 -0.00606415 -0.0184826 0.00335555 -0.0220835 -0.0236794 -0.0421676 -0.0382025 0.0359819 0.0553034 0.0510865 0.0531852 -0.0580175 0.0551327 0.0535555
internal_weight=52.3821 41.1733 38.8189 33.5069 24.9587 6.56766 18.3911 4.73081 13.6603 11.0906 8.9575 5.29949 11.2088 8.54811 5.2352 7.26267 5.31207 2.35435 3.62985 5.09075 3.89579 3.93969 2.3072
internal_count=523 423 382 318 251 91 160 50 110 94 77 51 100 67 40 69 64 41 49 83 44 61 44
is_linear=0
shrinkage=0.05


Tree=53
num_leaves=23
num_cat=0
split_feature=355 168 97 4 103 85 87 112 3 83 16 314 130 3 20 67 78 35 0 130 21 100
split_gain=2.74529 3.04356 3.83241 3.01664 3.29992 2.84454 2.83001 3.23794 2.21301 2.17408 1.72014 1.54007 0.970621 0.585322 0.323008 0.0460242 0.0396082 0.0108644 0.00644886 0.00582368 0.00242552 0.000100458
threshold=1.0000000180025095e-35 1.0000000180025095e-35 2.4213223970143614 0.30140111681748932 1.5520069883899459 14.493540694785851 11.050580173921391 1.0000000180025095e-35 -0.59740604031913414 55.685000000000009 1.6984848484848487 1.0000000180025095e-35 2.8267500000000014 -0.19901523795735362 2.2106927328098238 14.188532303254897 23.15540400981892 4.6549737344073465 12.439229211536075 2.6751300000000011 -2.3141400258135159 0.4899395085624671
decision_type=2 2 2 2 2 2 2 2 2 2 2 2 2 2 10 2 2 2 2 2 10 2
left_child=1 2 10 -2 -5 6 7 11 -3 -10 -1 14 15 16 -6 17 -8 -4 -18 -16 21 -20
right_child=3 8 12 4 5 -7 13 -9 9 -11 -12 -13 -14 -15 19 -17 18 -19 20 -21 -22 -23
leaf_value=0.033222403405186424 0.06386397866462877 -0.022085770063887802 -0.054499369624763844 -0.040453086951535849 0.025026088154337434 -0.024044660041255134 0.044072078989779051 -0.028160269429612601 0.0017333795932872296 0.0629565769949713 -0.021698925627228562 -0.0077431756362546615 -0.02431895606642271 0.022488664175602913 0.058359089721636753 -0.066574093210103324 0.05806643356036028 -0.06001855168697004 0.052169523453193402 0.053743527421834386 0.055332713157545538 0.052944406150719492
leaf_weight=2.7284514419734505 2.4487556330859688 3.4409848898649216 1.8604962974786743 3.3545457646250751 1.2152798790484722 4.2496637739241114 0.99477818980813904 4.3988752346485853 3.3331368900835496 2.5666566863656044 2.9858736544847488 1.9595366343855856 2.7567954435944557 2.1802643574774168 1.3405217770487072 2.0288291350007057 1.2997070625424383 1.7122809067368505 0.79104589670897396 1.3942147847265003 1.5277149770408782 0.88756317272782326
leaf_count=26 25 24 27 36 20 36 19 32 28 15 19 20 23 32 14 13 12 13 21 28 21 19
internal_value=0.000293797 -0.0123454 -0.0270324 0.0108467 0.00577409 0.012747 0.0214383 0.00431965 0.0097817 0.028368 0.00452468 0.0284966 -0.0486067 0.0444124 0.0464746 -0.0605598 0.053102 -0.0571445 0.0550955 0.056006 0.0538912 0.0525792
internal_weight=51.456 23.4135 14.0727 28.0425 25.5937 22.2392 17.9895 10.3084 9.34078 5.89979 5.71433 5.90955 8.3584 7.68107 3.95002 5.60161 5.50081 3.57278 4.50603 2.73474 3.20632 1.67861
internal_count=523 188 121 335 310 274 238 114 67 43 45 82 76 124 62 53 92 40 73 42 61 40
is_linear=0
shrinkage=0.05


Tree=54
num_leaves=22
num_cat=0
split_feature=162 36 83 75 20 55 67 4 3 325 97 21 21 22 3 3 355 42 42 26 34
split_gain=2.67738 3.7265 2.50334 3.2263 2.44324 2.04001 2.60727 2.18666 2.05122 2.46289 2.08708 1.91212 1.58543 2.98418 1.72948 1.56729 0.217283 0.123812 0.00708859 0.00253762 0.000397436
threshold=1.5000000000000002 3.9601827114627191 41.530000000000008 18.098497999121054 2.4296462439179325 5.1573963106972966 45.906483179288543 0.47293169013999709 -0.91219562284790467 1.0000000180025095e-35 15.143770855723011 -2.2109943370187244 -2.3184839735822345 2.3799043873108592 -0.19901523795735362 -0.4214519438527376 1.0000000180025095e-35 38118.227127996892 957.34422253888613 3.1796977765623748 8.6256619545014477
decision_type=2 2 2 2 8 2 2 2 2 2 2 10 8 10 2 2 2 2 2 2 2
left_child=1 18 4 -4 11 6 8 -7 10 12 -5 17 13 -10 -14 -11 -12 -3 -1 20 -19
right_child=-2 2 3 5 -6 7 -8 -9 9 15 16 -13 14 -15 -16 -17 -18 19 -20 -21 -22
leaf_value=-0.053424006627485893 0.044848618521968642 0.072021634635655515 -0.062562108520608076 -0.00088194491007139971 -0.010837700827924238 0.061776318308929726 0.043022477302833179 0.00044733000833744544 0.054891591910862042 0.00017799287260523191 -0.062773050206269915 0.00016622307184824237 -0.0098833601844632371 -0.039088909059416588 -0.064959668443828347 0.051521803791481857 -0.042274495954055309 0.053567790859944078 -0.058247847814380353 0.055894352152048625 0.052244759132597435
leaf_weight=1.4178875684738153 3.1609684545546761 1.2899588048458097 2.3034175708889952 3.290798179805277 3.4817796126008043 2.4105217307806006 2.3347790315747252 3.660486351698637 1.7537483461201193 3.2596868071705103 2.4071827456355095 1.9921508096158476 3.337163539603349 1.6295179165899751 2.488056145608434 2.732076618820428 2.7924204021692276 1.008394097909332 1.6453051343560217 0.94927506707608689 1.2986485473811624
leaf_count=25 38 8 17 26 29 26 29 37 31 26 18 25 33 10 14 22 26 18 16 15 34
internal_value=0.000291195 -0.002675 0.00100331 -0.00540289 0.0229961 -0.00130083 -0.00738903 0.0247983 -0.0123572 -0.00136143 -0.0320429 0.041013 -0.0175963 0.00962678 -0.0334074 0.0235893 -0.0517644 0.0589117 -0.056015 0.0537184 0.052823
internal_weight=50.6442 47.4833 44.4201 34.3999 10.0202 32.0964 26.0254 6.07101 23.6907 15.2002 8.4904 6.53843 9.20849 3.38327 5.82522 5.99176 5.1996 4.54628 3.06319 3.25632 2.30704
internal_count=523 485 444 315 129 298 235 63 206 136 70 100 88 41 47 48 44 75 41 67 52
is_linear=0
shrinkage=0.05


Tree=55
num_leaves=20
num_cat=0
split_feature=68 23 67 16 94 4 101 47 315 372 311 90 12 95 89 118 25 346 0
split_gain=2.54624 2.48429 2.53434 2.35396 2.79874 2.60945 2.41704 2.1345 3.60045 2.02543 2.00098 1.60835 2.56309 1.47004 1.27801 0.779326 0.545058 0.229438 0.0436605
threshold=83.752965664337225 -2.3296212902901372 13.403096158807802 1.8702664796633943 14.338359750817959 0.57827505486903275 -1.0000000180025095e-35 19.395281380286939 1.0000000180025095e-35 1.0000000180025095e-35 1.0000000180025095e-35 26.14747579296812 -0.38448187729307409 2.1791462022391861 11.381314269532025 2.5000000000000004 -0.70157404695992975 1.0000000180025095e-35 12.624963882559708
decision_type=2 8 2 2 2 2 2 2 2 2 2 2 8 2 2 2 8 2 2
left_child=1 3 14 6 5 -5 -1 8 -7 -10 11 13 -13 15 -3 -8 -2 -15 -19
right_child=16 2 -4 4 -6 7 10 -9 9 -11 -12 12 -14 17 -16 -17 -18 18 -20
leaf_value=-0.038158794975864371 0.01457550309107886 -0.065618462885951856 0.012605395603990389 -0.053536764346194435 0.037188423960213664 -0.043046394229342207 0.040879138363698893 -0.038542195274265854 -0.0060367524385145097 0.053155526646929109 -0.013038044193761859 -0.051996713356939596 0.036532809346271504 0.074998848204245669 -0.022254406630446727 -0.0025409126209127199 0.057179184428304657 0.056687658487434248 0.045500922107940663
leaf_weight=1.8327808901667584 1.144039276987314 3.0968268252909166 3.1066695638000965 3.7828972712159183 2.7666265685111275 2.4661735072731954 2.1012311615049892 3.5291144698858252 2.4572470486164093 3.5089437551796436 3.1849077157676211 1.3424856308847664 2.0909930896013971 1.6161150299012659 3.7644476369023323 2.0335694123059511 2.1837613917887206 2.2813563551753764 1.4120813272893427
leaf_count=15 21 33 36 30 34 20 21 26 21 36 28 12 35 14 29 19 31 30 32
internal_value=0.00028612 -0.00274547 -0.0248621 0.00330995 -0.00919082 -0.0173407 0.0162407 -0.0058934 0.00777078 0.0287765 0.0224477 0.031224 0.00191788 0.0418781 -0.0418267 0.0195244 0.0425328 0.0592861 0.0524107
internal_weight=49.7023 46.3745 9.96794 36.4065 18.511 15.7444 17.8955 11.9615 8.43236 5.96619 16.0627 12.8778 3.43348 9.44435 6.86127 4.1348 3.3278 5.30955 3.69344
internal_count=523 471 98 373 167 133 206 103 77 57 191 163 47 116 62 40 52 76 62
is_linear=0
shrinkage=0.05


Tree=56
num_leaves=21
num_cat=0
split_feature=68 140 5 71 130 72 0 11 19 39 95 4 12 40 26 2 90 345 25 29
split_gain=2.37584 2.33031 2.40422 2.32863 2.47021 2.25111 2.20136 2.06104 2.2155 2.158 2.01327 2.66838 1.69479 1.98823 1.35662 1.27877 0.759353 0.741988 0.538263 0.0023182
threshold=83.752965664337225 1.0000000180025095e-35 10.514705882352944 20.371229118717554 0.7195900000000004 11.570487304094325 11.664518691735955 0.23049543666804037 10.075017992437077 2.6312701608979592 10.759870474707055 0.81475865956962512 -0.4688735437827129 4.5741256145084437 2.7639221825643969 0.085512838361942581 10.626743830781304 1.0000000180025095e-35 -0.70157404695992975 17.239134979527709
decision_type=2 2 2 2 2 2 2 10 10 2 2 2 8 2 2 2 2 2 8 2
left_child=1 2 -1 4 6 7 -4 8 10 -9 11 14 -11 17 -6 -15 -3 -14 -2 -19
right_child=18 16 3 -5 5 -7 -8 9 -10 12 -12 -13 13 15 -16 -17 -18 19 -20 -21
leaf_value=-0.060305379338354392 0.014005199937603137 -0.057818686341634111 -0.056477075675089944 0.05848256466428714 -0.00046497581909258723 0.051483316286776951 -0.00026586903044779089 -0.052627635061242885 0.066579513954996922 -0.030684468315883135 0.050433085703392368 0.031352427327774046 0.0078268874281719383 0.011673547879150226 -0.05392870870117257 -0.033631410227832136 -0.015244397708529214 0.056123030567234278 0.056821064168466232 0.053004637671457612
leaf_weight=1.5419635511934746 1.1314229257404802 2.259007152169942 3.2259568721055976 1.8258416336029757 2.394194129854446 2.5766460467129937 3.7857169434428215 2.4180435165762928 1.9766093045473088 3.634330440312624 2.2692899927496901 3.3438258897513151 1.3237020187079891 3.597720243036747 2.3523035906255245 2.7466398403048515 1.9526492618024347 1.042737163603306 2.0900190286338325 1.3910109288990495
leaf_count=17 21 27 30 27 25 36 27 18 25 27 33 35 14 32 17 23 16 12 31 30
internal_value=0.00028333 -0.00264474 0.000956073 0.00332329 0.000678455 0.00672847 -0.0261277 0.00268089 0.01807 -0.00907112 0.00881446 -0.00285933 -0.00140364 0.00913073 -0.0269609 -0.00794016 -0.03808 0.0379545 0.0417834 0.0543407
internal_weight=48.8796 45.6582 41.4465 39.9046 38.0787 31.0671 7.01167 28.4904 12.3362 16.1542 10.3596 8.09032 13.7361 10.1018 4.7465 6.34436 4.21166 3.75745 3.22144 2.43375
internal_count=523 471 428 411 384 327 57 291 135 156 110 77 138 111 42 55 43 56 52 42
is_linear=0
shrinkage=0.05


Tree=57
num_leaves=23
num_cat=0
split_feature=162 36 83 75 20 55 67 4 3 3 70 25 33 97 21 101 355 6 22 42 47 355
split_gain=2.25971 3.24024 2.09545 2.91022 2.22167 1.76378 2.31111 2.04042 1.8483 2.13457 1.99157 2.1805 1.95311 1.85869 1.76098 0.887221 0.214488 0.103228 0.00700451 0.00480753 0.00247217 0.00052328
threshold=1.5000000000000002 3.9601827114627191 41.530000000000008 18.098497999121054 2.4296462439179325 5.1573963106972966 45.906483179288543 0.47293169013999709 -0.91219562284790467 0.05528163002666809 11.290539198558449 -0.12050326427729884 8.5570779320531116 15.143770855723011 -2.2109943370187244 4.1776929678614723 1.0000000180025095e-35 263.3725 2.3388297009216727 957.34422253888613 14.721514636021334 1.0000000180025095e-35
decision_type=2 2 2 2 8 2 2 2 2 2 2 10 2 2 10 2 2 2 10 2 2 2
left_child=1 19 4 -4 14 6 8 -7 13 10 12 -12 -10 -5 17 -14 -15 -3 -17 -1 21 -19
right_child=-2 2 3 5 -6 7 -8 -9 9 -11 11 -13 15 16 -16 18 -18 20 -20 -21 -22 -23
leaf_value=-0.052965193500678992 0.042508398873637381 0.072177049313582708 -0.061458840465367107 -0.0012016779194226833 -0.01063571187488152 0.060698826854203164 0.041717570488777049 -0.00011192975854005122 -0.0075089026340158863 -0.046300840382425962 -0.05206969929664032 0.019707285544242448 0.0088580227252069727 -0.061723872685071485 -6.9703210474827637e-05 0.054443832522066804 -0.040664508985372994 0.053657225945111055 0.059084429919700657 -0.05717337936557701 0.055613071014425655 0.052036856633895304
leaf_weight=1.2497114352881902 2.9717604313045731 0.98405545949935902 2.1395865678787223 3.1747595928609389 3.4141187220811853 2.2678920775651923 2.222525004297494 3.5211416352540255 3.3575250431895309 2.2152832858264437 2.4065579697489738 1.888348028063773 1.3903912454843519 2.2450539916753769 1.9005801528692217 1.9026249255985024 2.6201648525893688 0.80406441912055071 1.4200552739202974 1.48535830527544 1.0587072391062973 1.3100161924958229
leaf_count=25 38 6 17 26 29 26 29 37 23 13 17 26 10 18 25 31 26 14 16 16 17 38
internal_value=0.000280786 -0.00250922 0.00090554 -0.00508118 0.0216198 -0.00114335 -0.00693498 0.0237111 -0.0117152 -0.00110213 0.00699524 -0.0205114 0.0216334 -0.0309623 0.0397999 0.0423939 -0.0503823 0.0580289 0.0564271 -0.0552506 0.0536408 0.0526531
internal_weight=47.9503 44.9785 42.2435 32.7719 9.47154 30.6323 24.8433 5.78903 22.6208 14.5808 12.3655 4.29491 8.0706 8.03998 6.05742 4.71307 4.86522 4.15684 3.32268 2.73507 3.17279 2.11408
internal_count=523 485 444 315 129 298 235 63 206 136 123 43 80 70 100 57 44 75 47 41 69 52
is_linear=0
shrinkage=0.05


Tree=58
num_leaves=20
num_cat=0
split_feature=28 84 97 11 3 93 83 62 21 102 76 44 59 312 96 76 94 68 2
split_gain=2.21062 2.66593 2.77611 2.7034 2.56072 2.45867 2.95397 1.97585 3.28532 1.80826 1.72294 1.63483 1.47337 1.36634 1.03907 0.756062 0.269067 0.0760059 0.0018364
threshold=1211.550602076527 5.4769578608900629 19.949217970005641 0.38716154706065237 -0.19901523795735362 29.315204066519019 44.620000000000012 7.9652466036779588 -2.233650172865159 3.391543342742311 11.179893099346719 9.2886816321284957 19.324432260271315 1.0000000180025095e-35 1.2938352873704502 8.9790308050281293 4.9881916267914397 36.245142585976083 0.19844328010501414
decision_type=2 2 2 8 2 2 2 2 10 2 2 2 2 2 2 2 2 2 2
left_child=1 4 3 7 12 6 -6 13 -9 16 -11 15 -1 -3 -2 -4 -7 -14 -19
right_child=14 2 11 -5 5 9 -8 8 -10 10 -12 -13 17 -15 -16 -17 -18 18 -20
leaf_value=0.0065874702965132981 0.050720030944636479 -0.0083227749363963457 -0.02914271796510667 0.05516108338727297 -0.061293796638162826 0.058620813191154357 0.009350244862132524 0.05602334249376352 -0.023329587614987029 -0.024503793038510441 0.036867646338937111 -0.0076902085178644141 0.069890277438105552 -0.052403613012855482 -0.00039714369041836829 -0.066747384903423759 0.027589402627276723 0.052803366028931868 0.0556956676093045
leaf_weight=2.118963215500119 2.9857905432581893 4.3056187219917774 2.1376658193767053 1.8585207480937249 2.9113418869674188 1.9486957229673865 3.0093787983059883 2.4604081939905869 2.775974299758674 3.0671480279415846 1.8235190436244009 3.1306724511086941 1.1939137428998949 2.9709015339612961 1.4903834443539379 3.5670256875455379 1.088882230222225 1.123224249109626 1.0731455907225607
leaf_count=23 39 34 21 23 20 33 33 36 30 28 24 27 11 25 21 31 21 27 16
internal_value=0.000275938 -0.00323898 -0.0146676 -0.00110808 0.0104617 -0.00100809 -0.0253869 -0.00946565 0.0139558 0.0171977 -0.00162103 -0.0367232 0.0392941 -0.0263204 0.0337001 -0.0526561 0.047497 0.0597362 0.0542165
internal_weight=47.0412 42.565 23.2068 14.3714 19.3582 13.849 5.92072 12.5129 5.23638 7.92825 4.89067 8.83536 5.50925 7.27652 4.47617 5.70469 3.03758 3.39028 2.19637
internal_count=523 463 227 148 236 159 53 125 66 106 52 79 77 59 60 52 54 54 43
is_linear=0
shrinkage=0.05


Tree=59
num_leaves=23
num_cat=0
split_feature=26 162 355 94 16 53 108 78 356 45 366 101 5 84 130 50 3 130 21 31 68 68
split_gain=2.06845 2.91498 1.89971 2.80221 3.66502 2.36016 1.72116 1.69267 1.58332 2.42417 1.90357 1.43534 1.64654 2.05484 1.4275 1.71053 0.352663 0.0717929 0.0405051 0.0214504 0.00322502 0.000251602
threshold=2.3434944211650905 1.5000000000000002 1.0000000180025095e-35 16.589131517023958 1.8937969924812033 9.5380682144754676 2.5000000000000004 37.877988020120547 1.0000000180025095e-35 6.3459614088210801 1.0000000180025095e-35 4.9163551902242384 17.338541666666668 5.6453971045935818 0.68555000000000066 4.963751126205433 -0.26073136730295604 1.21315 -2.2428207397370787 9.8413922677962145 47.972277937273169 65.459700900014269
decision_type=2 2 2 2 2 2 2 2 2 2 2 2 2 2 2 2 2 2 10 2 2 2
left_child=6 2 5 4 8 11 -1 14 9 17 -10 -2 13 -13 -6 -16 -5 -4 20 -8 -19 -22
right_child=1 -3 3 16 7 -7 19 -9 10 -11 -12 12 -14 -15 15 -17 -18 18 -20 -21 21 -23
leaf_value=0.003273846552236333 -0.033278777122781315 0.060221232518598379 0.064338382082220494 0.06056586713289356 -0.070617343888616249 -0.041683393661269351 -0.053130457764376804 0.01719113819998019 -0.035498619193178503 -0.023368920446174207 0.033452782464950169 0.030584078850444181 0.03725767873717932 -0.03130515008141694 0.0058115713408107986 -0.053167956476700064 0.02721696915789712 0.056313543770663776 0.040664790672135173 -0.062087280022922887 0.053129896887025234 0.052028080338148631
leaf_weight=2.0660506673157206 2.5272949859499958 2.1731165274977675 1.3211849331855825 2.51176286675036 1.8426574319601039 4.8208323903381816 1.3778299093246462 2.2270150072872639 2.0370651669800282 1.2568272612988947 1.9680102709680793 2.2029514499008638 3.3298572935163975 3.4284960366785526 2.900990217924118 2.1333667747676373 1.1583429165184487 0.74751477874815586 0.78387074731290285 1.298328887671232 0.89853805117309127 1.2238204702734945
leaf_count=15 25 35 11 36 15 35 27 24 17 16 23 24 28 26 32 16 20 11 17 13 20 37
internal_value=0.000273757 0.00384898 0.000733464 0.00998592 0.00238521 -0.0123208 -0.0310089 -0.0206948 0.0229112 0.0386754 -0.00161734 2.71973e-07 0.00938573 -0.00709486 -0.0329636 -0.0191817 0.0500404 0.0543498 0.0507379 -0.0574758 0.0534893 0.0524946
internal_weight=46.2357 41.4935 39.3204 23.011 19.3409 16.3094 4.74221 9.10403 10.2368 6.23176 4.00508 11.4886 8.9613 5.63145 6.87701 5.03436 3.67011 4.97493 3.65374 2.67616 2.86987 2.12236
internal_count=523 468 433 295 239 138 55 87 152 112 40 103 78 50 63 48 56 96 85 40 68 57
is_linear=0
shrinkage=0.05


Tree=60
num_leaves=23
num_cat=0
split_feature=28 84 97 11 0 2 88 31 47 62 21 313 90 99 312 7 97 303 93 22 355 59
split_gain=2.00496 2.24934 2.73736 2.49489 2.3437 2.35807 1.99656 1.95121 1.9327 1.78795 2.96928 1.62975 1.29725 1.25182 1.18319 0.920686 0.309418 0.00670011 0.00435045 0.000771451 0.000456316 0.000154141
threshold=1197.5536924495539 5.4769578608900629 19.949217970005641 0.38716154706065237 12.148176492819351 0.15491331254724119 11.897779483816072 13.428954666280132 5.1026046015708726 7.9652466036779588 -2.233650172865159 1.0000000180025095e-35 22.203784332624803 0.53323265504746409 1.0000000180025095e-35 238.18299999999999 27.304237797040159 1.0000000180025095e-35 31.036285403110817 2.3491412020398204 1.0000000180025095e-35 31.066948485878338
decision_type=2 2 2 8 2 2 2 2 2 2 10 2 2 2 2 2 2 2 2 10 2 2
left_child=1 4 3 9 5 6 -1 -6 -7 14 -11 13 16 -4 -3 -10 -2 -9 -17 21 -20 -19
right_child=12 2 11 -5 7 8 -8 17 15 10 -12 -13 -14 -15 -16 18 -18 19 20 -21 -22 -23
leaf_value=-0.058215133018035908 0.057072699762981072 -0.0083177758428527732 -0.046286807699861182 0.054121215524940904 -0.0068169063252232556 -0.014121362755208805 0.0021167141257761512 0.057267140481307294 0.0013632228003076273 0.055273223303203202 -0.021871606709411632 -0.061225825037612008 -0.012175637481977752 0.0089239567971317237 -0.049814536822612575 0.056687912055142148 0.026296421843585972 0.052905790164115597 0.053461994261053282 0.054059687758825227 0.051890141832147574 0.05195470049695658
leaf_weight=2.6911116465926188 2.3036173731088634 4.2493058927357197 1.867550529539584 1.7965613249689347 1.9056357033550728 3.0036548636853695 2.7960616666823626 1.3334402702748773 1.1654684022068975 2.3238081503659482 2.6925727911293511 3.811529379338026 1.3001006878912447 2.2802157290279865 2.8833716921508312 1.0143785551190379 1.265236936509609 0.70635611005127463 0.85831901431083657 1.0147519446909425 0.99927054904401302 1.0733464453369377
leaf_count=20 31 34 22 23 16 23 21 15 11 36 30 31 15 21 25 12 23 16 17 18 31 32
internal_value=0.000271296 -0.00337601 -0.0142275 -0.000874328 0.00942988 -0.00289977 -0.0274722 0.0350317 0.0162497 -0.00900688 0.0138653 -0.0376237 0.0305847 -0.0159349 -0.0250928 0.0388443 0.0461618 0.054351 0.0540545 0.0529595 0.0526164 0.0523322
internal_weight=45.3357 40.4667 21.9049 13.9456 18.5618 12.5283 5.48717 6.03353 7.04109 12.1491 5.01638 7.9593 4.86895 4.14777 7.13268 4.03744 3.56885 4.12789 2.87197 2.79445 1.85759 1.7797
internal_count=523 454 222 148 232 135 41 97 94 125 66 74 69 43 59 71 54 81 60 66 48 48
is_linear=0
shrinkage=0.05


Tree=61
num_leaves=22
num_cat=0
split_feature=162 36 176 13 75 68 105 55 3 50 102 88 107 22 25 22 98 39 21 89 60
split_gain=1.9118 2.84754 1.81593 2.3324 1.89201 1.66178 2.57325 2.12894 1.68146 2.67898 2.91644 1.56587 1.27707 1.08968 0.685007 0.140853 0.00475635 0.00354431 0.00102673 0.000268707 6.00905e-05
threshold=1.5000000000000002 3.9601827114627191 2.5000000000000004 0.54876849207753275 18.031456937723998 65.78944485112423 0.25462962962962971 5.1573963106972966 -0.59740604031913414 5.6672817477256459 4.6422779498454441 6.2313312260369864 3.5000000000000004 2.2277182257667616 -0.90578782447249717 2.2945182336017229 13.103252761227678 1.0334455298231344 -2.2156036479921508 37.498601582176541 12.660985913317704
decision_type=2 2 2 8 2 2 2 2 2 2 2 2 2 10 8 10 2 2 10 2 2
left_child=1 17 3 4 -3 7 -7 8 11 10 13 -6 -13 -10 -8 -15 18 -1 19 -16 -21
right_child=-2 2 -4 -5 5 6 14 -9 9 -11 -12 12 -14 15 16 -17 -18 -19 -20 20 -22
leaf_value=-0.05278200850794329 0.04094437181966068 -0.035477524952165107 0.046513313085011672 -0.046232595857930409 0.016175582378370506 -0.026452126800804238 0.0066945869336635646 0.04778249825892876 0.0045260593843688855 -0.033997708245427194 -0.011074474113377209 -0.047634028581574214 -0.0036260754943825465 0.042281063135082883 0.053048979671830858 0.061807260536145339 0.056669330525700536 -0.056592144076224427 0.054345088062827576 0.051551618844423178 0.052204317605692163
leaf_weight=1.1865098010748618 2.7131806742399922 3.0893421098589888 2.0660170176997772 2.7190474793314925 2.1703089438378829 1.6649829074740399 0.94317035004496574 2.0919880010187617 1.3877034187316946 3.1125305239111176 4.4764495007693768 4.7120831739157438 2.5355677455663681 1.3578138686716554 0.76003325916826758 2.887898338958621 1.1305912733078001 1.2569884955883024 0.84530377201736007 0.69501071795821168 0.71581976488232613
leaf_count=26 38 31 30 23 17 21 15 25 11 28 33 39 26 21 15 37 13 15 14 26 19
internal_value=0.000272196 -0.00236745 0.000883862 -0.00164381 0.00186258 0.00552617 0.0275054 -0.000476815 -0.00493602 0.0065639 0.0190516 -0.0210814 -0.032238 0.0429906 0.0451556 0.0555626 0.0539035 -0.054742 0.0528667 0.0522911 0.0518828
internal_weight=44.5183 41.8052 39.3617 37.2956 34.5766 31.4873 6.75491 24.7323 22.6404 13.2224 10.1099 9.41796 7.24765 5.63342 5.08993 4.24571 4.14676 2.4435 3.01617 2.17086 1.41083
internal_count=523 485 444 414 391 360 123 237 212 130 102 82 65 69 102 58 87 41 74 60 45
is_linear=0
shrinkage=0.05


Tree=62
num_leaves=23
num_cat=0
split_feature=28 93 102 23 27 176 372 85 2 2 57 271 20 91 168 74 25 59 31 47 100 30
split_gain=1.80038 2.2493 2.77499 2.26711 2.22656 1.88916 1.6746 2.25192 1.90112 2.29985 1.932 1.37218 1.27537 1.20179 1.19971 0.941335 0.62437 0.233518 0.0296033 0.00402827 0.000881468 0.000118216
threshold=1211.550602076527 31.306650178683075 4.6422779498454441 -2.34634710865422 1.7040158521568642 1.5000000000000002 1.0000000180025095e-35 14.33754558940141 0.10796849929217579 0.14894198265726025 12.529758344449359 1.0000000180025095e-35 2.3828870824882187 6.2620818231888098 1.0000000180025095e-35 1.0000000180025095e-35 -0.12050326427729884 18.541178884579153 12.125446026211852 19.663458761920179 0.94789602725175859 13.836278883461061
decision_type=2 2 2 8 2 2 2 2 2 2 2 2 10 2 2 2 10 2 2 2 2 2
left_child=1 3 12 5 -4 6 13 8 17 -10 -11 -7 18 -1 16 -2 -5 -8 -3 20 21 -20
right_child=15 2 4 14 -6 11 7 -9 9 10 -12 -13 -14 -15 -16 -17 -18 -19 19 -21 -22 -23
leaf_value=-0.056309558219153746 0.049093560292598093 0.064815623885223925 -0.046833388404817537 -0.023136829698180195 0.021227594649543782 0.061815575167414455 0.062229159665537104 -0.028595612720482663 -0.045237727802529777 -0.020189284530838042 0.054271711811376827 -0.00038443873087962816 0.0034293572268407329 -0.0081119161650922735 -0.0063291351538079382 -0.0013518517044578031 -0.060393855658391907 0.034551852324185693 0.052411935768809842 0.056501900879479906 0.053898709607325845 0.051487073343910318
leaf_weight=2.6043699309229931 2.6968278400599948 0.75012628361582567 2.2798890490084887 1.698707617819309 2.5408385246992111 1.8220470473170272 1.4511045347899147 4.2090703919529924 1.9431513901799915 1.5230880789458754 2.0351854898035526 1.7272323723882437 1.631756732240319 2.5692619830369949 2.670661885291338 1.4074074439704416 3.3267990350723293 1.6050599776208399 0.60345116443932123 0.96905480884015549 0.87984789162874211 0.80832996219396591
leaf_count=24 39 7 17 26 23 32 17 37 14 18 26 18 17 24 22 21 34 28 17 15 17 30
internal_value=0.000270635 -0.00299259 0.0168971 -0.0101232 -0.0109608 -0.00178359 -0.00837754 0.00134703 0.0160744 -0.00149067 0.0223993 0.0315464 0.0406975 -0.0323743 -0.0334093 0.031795 -0.0478003 0.0476934 0.0558597 0.0537994 0.0526565 0.0518824
internal_weight=43.7533 39.649 10.4633 29.1857 4.82073 21.4896 17.9403 12.7667 8.55759 5.50142 3.55827 3.54928 5.64257 5.17363 7.69617 4.10424 5.02551 3.05616 4.01081 3.26068 2.29163 1.41178
internal_count=523 463 143 320 40 238 188 140 103 58 44 50 103 48 82 60 60 45 86 79 64 47
is_linear=0
shrinkage=0.05


Tree=63
num_leaves=24
num_cat=0
split_feature=26 162 269 28 3 176 59 84 0 102 18 110 364 108 92 99 93 21 22 92 12 3 68
split_gain=1.7467 2.56645 1.60667 1.65362 1.68911 1.8198 2.26397 1.71576 2.61401 1.88053 1.70648 1.63294 1.55597 1.53635 1.49418 0.969801 0.61301 0.154529 0.0236032 0.0168553 0.0111442 0.000954326 0.000885963
threshold=2.3434944211650905 1.5000000000000002 1.0000000180025095e-35 1197.5536924495539 0.32303524187452731 1.5000000000000002 6.1316053200373437 15.603450006425433 11.900050248022383 1.2897415517132778 16.465324087601839 1.0000000180025095e-35 1.0000000180025095e-35 2.5000000000000004 11.792765939966111 1.0887639976215469 9.97217014773865 -2.2984468144724697 2.4180531142735107 5.1083491674284049 -0.48546205555767002 -0.34299281257432929 66.788863758623748
decision_type=2 2 2 2 2 2 2 2 2 2 10 2 2 2 2 2 2 10 10 2 8 2 2
left_child=13 2 3 4 5 6 -2 8 11 -10 -11 -8 -7 -1 -9 -12 -5 -6 21 -15 -14 -17 -18
right_child=1 -3 -4 16 17 12 7 14 9 10 15 -13 20 19 -16 18 22 -19 -20 -21 -22 -23 -24
leaf_value=0.0027629529736091772 0.039850385615397055 0.059792859178077945 -0.036886052923322969 0.0095485620135445735 0.054625425808024958 -0.010267911881094877 5.5782321669347506e-05 -0.011156321497833365 -0.023199449945242215 -0.017708196467916749 0.011293026537626406 -0.045092458136254107 0.059573103468483768 -0.05278239757314928 -0.067257013976360511 0.054607247606989075 0.054399971428897992 0.027311959958316197 0.062418514323793417 -0.061209524059911959 0.05248203646514335 0.052514511700394367 0.052346010732048601
leaf_weight=1.9832152351737011 2.2347361817956068 1.9341494161635626 2.6389601714909068 1.2899319976568215 1.2179929912090304 1.4897071421146395 3.4178115930408293 2.3397111408412448 2.7149827145040017 1.6848195474594829 1.8527729902416465 4.8372758571058512 1.0117827979847787 1.2315416261553767 2.4088082313537598 1.0069424882531235 0.98572308197617564 0.90084449201822181 1.1115177255123851 1.1450437717139719 1.2247950360178941 1.186867318116122 1.1233112122863529
leaf_count=15 24 35 26 12 26 11 32 22 22 16 19 33 15 27 20 15 15 19 11 13 33 32 30
internal_value=0.00027081 0.00365804 0.000697969 0.00361165 -5.87219e-05 -0.00325836 -0.00815426 -0.0129092 -0.00579007 0.0120105 0.0259804 -0.0264 0.0293211 -0.0297288 -0.0396148 0.0402506 0.0366997 0.0430128 0.0564826 -0.0568426 0.0556899 0.0534751 0.053306
internal_weight=42.9732 38.6134 36.6793 34.0403 30.6414 28.5225 24.7962 22.5615 17.813 9.5579 6.84292 8.25509 3.72628 4.3598 4.74852 5.1581 3.39897 2.11884 3.30533 2.37659 2.23658 2.19381 2.10903
internal_count=523 468 433 407 350 305 246 222 180 115 93 65 59 55 42 77 57 45 58 40 48 47 45
is_linear=0
shrinkage=0.05


Tree=64
num_leaves=23
num_cat=0
split_feature=176 26 162 13 269 176 87 93 15 372 85 325 21 47 18 100 54 48 88 58 59 15
split_gain=1.65361 2.09151 2.58538 1.88877 1.70774 1.81658 1.55479 2.90666 2.69624 2.47388 1.73613 1.66376 1.45318 1.73889 1.11536 1.10376 1.08866 0.81411 0.428992 0.0193111 0.0177605 0.00796709
threshold=2.5000000000000004 2.3434944211650905 1.5000000000000002 0.54876849207753275 1.0000000180025095e-35 1.5000000000000002 37.258847581937466 1.0000000180025095e-35 0.92848020434227341 1.0000000180025095e-35 14.33754558940141 1.0000000180025095e-35 -2.3168050486342637 15.533486938863142 16.545422661516742 0.17685071030506885 4.4777316663030753 5.3944316411827602 5.7869581656419173 35.226446385474794 18.408048235304744 1.1476034858387802
decision_type=2 2 2 8 2 2 2 2 2 2 2 2 8 2 10 2 2 2 2 2 2 2
left_child=1 15 3 4 5 6 7 -3 18 16 11 12 14 -14 -11 19 -10 -13 -9 -1 -20 -7
right_child=-2 2 -4 -5 -6 21 -8 8 9 10 -12 17 13 -15 -16 -17 -18 -19 20 -21 -22 -23
leaf_value=-0.05262806427635397 0.045170355813994506 -0.053218216457901014 0.059465570366813852 -0.043915980246041389 -0.037935026046671122 0.052283477593625283 0.045641068449868621 0.018530854729889735 -0.055221556405644995 -0.005030254939709297 -0.028216579635739272 0.014819378882098378 0.011959137432810997 -0.049494611987817044 0.054397519788506238 -0.0029912212591886775 -0.0073688759163224472 0.05783509517689444 0.061113221118644839 -0.061477871029405579 0.052540318757528987 0.059143176227547459
leaf_weight=1.2756806053221219 1.9555202731862653 2.4113726392388477 1.8496910966932762 2.4084344543516627 2.4699310492724171 0.87567009311169275 1.9242911040782917 1.0751296710222988 2.668878190219421 1.4472061339765789 2.8095393739640722 1.9127692170441148 2.4866537377238078 2.1432383917272091 1.7374137518927453 1.5426140390336511 2.1428411602973938 2.5883986782282591 1.1108544524759056 1.1928027048707006 1.3244538120925424 0.81932966131716967
leaf_count=29 30 18 35 20 24 26 12 14 22 13 23 22 32 18 39 14 27 32 13 11 35 14
internal_value=0.00027044 -0.00191277 0.00188243 -0.00121775 0.00200111 0.00534731 0.00228151 -0.000945107 0.00443076 -0.00268389 0.00725024 0.0153412 0.00139365 -0.0164886 0.0273914 -0.0361701 -0.0339109 0.0395556 0.0448372 -0.0569044 0.0564508 0.0555993
internal_weight=42.1727 40.2172 36.2061 34.3564 31.948 29.478 27.783 25.8587 23.4474 19.9369 15.1252 12.3157 7.81451 4.62989 3.18462 4.0111 4.81172 4.50117 3.51044 2.46848 2.43531 1.695
internal_count=523 493 439 404 384 360 320 308 290 228 179 156 102 50 52 54 49 54 62 40 48 40
is_linear=0
shrinkage=0.05


Tree=65
num_leaves=22
num_cat=0
split_feature=162 36 176 13 75 58 68 105 53 90 376 71 43 98 100 93 39 98 130 59 32
split_gain=1.56105 2.44825 1.49913 1.8855 1.62226 1.45082 1.6985 2.31356 1.36012 1.53838 1.65955 2.0256 2.30091 1.52367 1.42332 0.706761 0.00290791 0.0016045 0.00110792 0.000336429 3.29631e-05
threshold=1.5000000000000002 3.9601827114627191 2.5000000000000004 0.54876849207753275 18.031456937723998 6.0711935876477465 65.78944485112423 0.25462962962962971 4.9881916267914397 25.747436651952256 1.0000000180025095e-35 5.2650868498305998 16.205771545070121 9.8939374411348098 0.52659308103279068 4.9419441258988437 1.0334455298231344 12.454853500402608 1.6576399999999996 19.665331997037899 15.768476689426732
decision_type=2 2 2 8 2 2 2 2 2 2 2 2 2 2 2 2 2 2 2 2 2
left_child=1 16 3 4 -3 -6 8 -8 9 10 -7 -12 -13 -10 -14 -9 -1 18 -17 -20 -21
right_child=-2 2 -4 -5 5 6 7 15 13 -11 11 12 14 -15 -16 17 -18 -19 19 20 -22
leaf_value=-0.052323432243668866 0.03934677501947826 -0.03389088080232025 0.044043778671869559 -0.043269608146110472 0.053929265299527213 0.057407574965524635 -0.025566738194078516 0.0018101097041107286 0.0022163876172057117 -0.022954910827243345 0.04060918652235164 -0.047341071173011 -0.016417980689669168 -0.044445722235974656 0.04428552723760739 0.054212900309600624 -0.056024924965892599 0.055072220643548359 0.052927336519791771 0.051382880546547841 0.051883412531152008
leaf_weight=1.0052791014313691 2.4069454204291096 2.9065872915089122 1.906525776721536 2.5062886402010909 1.4557392261922384 1.8460243958979887 1.6156164668500412 0.81403881311416615 3.3747030124068251 3.7408769456669679 2.8386267498135567 2.5186879932880402 1.9217722853645685 3.632588654756546 1.9408920481801031 0.7989507373422392 1.1237108074128626 0.87817133218049992 0.68700009211897883 0.85719373915344454 0.53374328091740608
leaf_count=26 38 31 30 23 10 32 21 11 37 34 25 23 19 32 25 13 15 12 14 36 16
internal_value=0.000270798 -0.00214685 0.000871175 -0.00148947 0.00174629 0.00526297 0.00273268 0.0258609 -0.00382459 0.00476421 0.0141347 0.00547059 -0.0101602 -0.0219733 0.014084 0.0440455 -0.0542771 0.0532015 0.0526305 0.0520221 0.0515749
internal_weight=41.31 38.903 36.774 34.8675 32.3612 29.4546 27.9989 6.18471 21.8142 14.8069 11.066 9.21998 6.38135 7.00729 3.86266 4.5691 2.12899 3.75506 2.87689 2.07794 1.39094
internal_count=523 485 444 414 391 360 350 123 227 158 124 92 67 69 44 102 41 91 79 66 52
is_linear=0
shrinkage=0.05


Tree=66
num_leaves=21
num_cat=0
split_feature=68 23 67 16 94 4 148 355 98 20 128 77 89 58 59 25 45 19 24 41
split_gain=1.4953 1.55263 1.7879 1.68188 1.9473 1.84244 1.80933 2.02593 1.78695 1.62441 1.94824 1.48607 1.06039 1.04161 1.22575 0.614407 0.155241 0.0361008 0.00989265 0.00632832
threshold=83.752965664337225 -2.3296212902901372 13.403096158807802 1.8702664796633943 14.338359750817959 0.57827505486903275 1.0000000180025095e-35 1.0000000180025095e-35 14.88570208658612 2.3350332232514872 4.0096229596823925 5.6161056552213386 11.381314269532025 70.697430005146046 11.780399590267992 -0.85757412720816872 3.1154503474064703 10.052689364412243 5.8583997660500531 -1.9249999999999992
decision_type=2 8 2 2 2 2 2 2 2 8 2 2 2 2 2 8 2 10 10 2
left_child=1 3 12 6 5 -5 8 -8 16 11 -11 -7 -3 14 -9 -2 -1 19 -18 -16
right_child=15 2 -4 4 -6 9 7 13 -10 10 -12 -13 -14 -15 17 -17 18 -19 -20 -21
leaf_value=0.073169984362198834 0.0032246058260844397 -0.062714980417467342 0.01300226525852952 -0.049862371503140969 0.03414134272938029 -0.056369698614399492 -0.025578300184474857 -0.006057684877169239 0.00020073511125904111 -0.018947376790728998 0.041043507480238259 0.0017016297043806229 -0.01864106806934759 -0.019091544560783637 0.052495254174533192 0.054901887044113841 0.047148087594586191 0.042906958838643629 0.054405403297615978 0.058070791672862346
leaf_weight=1.4181832764297753 0.87312543764710426 2.3818395379930717 2.5610565161332488 3.0798198804259291 2.2657573381438842 2.2625666260719273 3.9043012335896474 1.3582719564437864 1.9290677681565283 2.5609286427497873 2.8700975812971592 2.1471857689321041 3.1958161443471909 1.2269152812659738 1.1008854517713154 1.6854814197868102 0.80352486297488201 0.86843715049326409 1.129829275421798 0.94646822847426348
leaf_count=13 19 33 36 30 34 19 38 13 17 21 33 30 29 12 32 33 23 22 24 12
internal_value=0.000268343 -0.00222212 -0.0215822 0.00305253 -0.00861442 -0.0161121 0.0151171 0.0019668 0.038539 -0.00554941 0.0127556 -0.0280938 -0.0374621 0.0215169 0.0331739 0.037267 0.0606056 0.0514493 0.0513892 0.0550728
internal_weight=40.5696 38.011 8.13871 29.8722 15.1864 12.9206 14.6859 9.40528 5.28061 9.84078 5.43103 4.40975 5.57766 5.50098 4.27406 2.55861 3.35154 2.91579 1.93335 2.04735
internal_count=523 471 98 373 167 133 206 129 77 103 54 49 62 91 79 52 60 66 47 44
is_linear=0
shrinkage=0.05


Tree=67
num_leaves=21
num_cat=0
split_feature=26 162 108 355 94 16 26 101 27 24 66 61 130 58 12 3 103 0 130 304
split_gain=1.41151 2.15139 1.42925 1.26989 2.23427 2.73877 1.93584 2.11666 1.62214 1.3828 1.29208 2.06083 1.27488 1.39212 0.642878 0.310586 0.0153826 0.00615901 0.000579715 7.47791e-05
threshold=2.3434944211650905 1.5000000000000002 2.5000000000000004 1.0000000180025095e-35 16.589131517023958 1.8937969924812033 2.7185147333832238 7.9910410119498776 1.8222234973981679 5.3671081051008072 19.324432260271315 14.620698685034407 2.7117500000000012 31.572426282933449 -0.49356033893145518 -0.28399671128424836 1.9242074169637196 12.415693077947196 2.23936 1.0000000180025095e-35
decision_type=2 2 2 2 2 2 2 2 2 10 2 2 2 2 10 2 2 2 2 2
left_child=2 3 -1 6 5 9 7 -2 -8 -5 11 -11 13 -7 -12 -6 -4 -16 -19 -20
right_child=1 -3 16 4 15 12 8 -9 -10 10 14 -13 -14 -15 17 -17 -18 18 19 -21
leaf_value=0.0036036691979107536 -0.013175942158279856 0.058466098412956358 -0.05229573273670144 -0.025817763462563949 0.059652382759840285 -0.059007739693333332 -0.0037644668726501008 0.044011054788835297 -0.050355582592551233 0.048160155082636547 0.0085345087299844476 -0.040106248321193715 0.00597984807975628 -0.0058416671220737288 0.056506474319591653 0.026242183776105783 -0.060876517778642891 0.053527997876755939 0.052165046638292079 0.051425840652117638
leaf_weight=1.8807784300297492 4.2670024931430799 1.6897994391620148 1.0735922753810885 1.3360643032938293 2.0067505240440373 2.7294550761580449 3.557141987606883 2.6064499020576477 3.9346413016319275 1.249841030687094 0.96615640074014519 1.4043083209544418 3.0634193439036608 2.2431287690997124 1.6420741872861997 1.0646489858627308 1.0171129964292047 0.79062526114285026 0.75510072242468573 0.62556704413145781
leaf_count=15 35 35 28 13 32 25 34 32 37 33 8 13 36 26 22 24 12 15 22 26
internal_value=0.000264974 0.00339134 -0.028021 0.000673503 0.00885909 0.00169271 -0.0106529 0.00850967 -0.0282339 0.0210144 0.0294316 0.00145847 -0.0193932 -0.0350246 0.0449656 0.0480713 -0.0564702 0.0541958 0.0524484 0.0518301
internal_weight=39.9037 35.9322 3.97148 34.2424 19.8771 16.8057 14.3652 6.87345 7.49178 8.76974 7.43367 2.65415 8.036 4.97258 4.77952 3.0714 2.09071 3.81337 2.17129 1.38067
internal_count=523 468 55 433 295 239 138 67 71 152 139 46 87 51 93 56 40 85 63 48
is_linear=0
shrinkage=0.05


Tree=68
num_leaves=24
num_cat=0
split_feature=176 26 162 3 355 94 99 88 16 61 23 130 97 100 60 68 105 61 16 36 57 26 4
split_gain=1.398 1.72406 2.16313 1.53748 1.78871 3.02672 1.49829 3.03255 2.47835 1.66024 1.40174 1.23249 1.16658 1.1099 1.06426 0.967014 0.544976 0.299955 0.145181 0.0879329 0.0147988 0.000814573 0.000182825
threshold=2.5000000000000004 2.3434944211650905 1.5000000000000002 -0.59740604031913414 1.0000000180025095e-35 5.3965102767618705 7.9186332120088458 22.861322135859655 1.8702664796633943 4.7657000689359359 -3.1278131934177398 2.7117500000000012 15.079245043326484 0.19207797141300811 25.208269072014684 53.939760147061278 0.52786377708978338 5.0494660637381878 1.9436507936507939 5.454850278461473 17.925006765505628 2.6496725517316464 0.60760479721093896
decision_type=2 2 2 2 2 2 2 2 2 2 8 2 2 2 2 2 2 2 2 2 2 2 2
left_child=1 13 3 4 12 14 7 8 9 -5 -11 16 -3 20 -6 -7 -10 -12 -9 -19 -1 -21 -23
right_child=-2 2 -4 6 5 15 -8 18 11 10 17 -13 -14 -15 -16 -17 -18 19 -20 21 -22 22 -24
leaf_value=-0.052393310923754523 0.043136241220738308 -0.01471649863630164 0.058164923777410504 -0.026753116584658416 -0.00020344075658402648 0.062280428456467446 -0.037101927083763531 0.03910789203530074 -0.051093360126885881 -0.014174184894667891 0.027792265000538875 0.010220291199081447 -0.058678648381756349 0.00033258434724853936 -0.052243671224399962 0.0092392142115728226 -0.016123403473457407 0.07191305941947998 0.059353830380674523 0.054175762395838427 -0.060528937073221795 0.05269099337649568 0.051522947920087561
leaf_weight=1.1412835009396074 1.8133867578580964 3.4546726997941679 1.6155004389584053 1.306864605285236 1.8848852310329678 1.7927652206271889 1.6631262842565764 1.4000351745635264 2.4302560612559319 1.0794074572622774 1.1030138162896035 2.259201368317008 2.6794285476207733 1.4045260231941936 2.0519859306514263 1.6503365356475113 2.057189404964447 0.85236600972712073 2.4091810071840882 0.72268387675285373 1.0955127738416193 0.65466950275003888 0.68609871622174978
leaf_count=29 30 30 35 19 25 17 13 25 22 17 19 28 28 13 19 25 20 8 32 13 12 16 28
internal_value=0.000262112 -0.00181697 0.00170924 -0.00112864 -0.013967 0.00261725 0.00818715 0.012628 0.00124979 0.0235259 0.0364143 -0.0198986 -0.0339195 -0.0345036 -0.027328 0.0368569 -0.035062 0.0500017 0.0519127 0.0584032 -0.0563779 0.0528226 0.0520933
internal_weight=39.2084 37.395 33.7537 32.1382 13.5141 7.37997 18.6241 16.961 13.1518 6.4051 5.09824 6.74665 6.1341 3.64132 3.93687 3.4431 4.48745 4.01883 3.80922 2.91582 2.2368 2.06345 1.34077
internal_count=523 493 439 404 144 86 260 247 190 120 101 70 58 54 44 42 42 84 57 65 41 57 44
is_linear=0
shrinkage=0.05


Tree=69
num_leaves=21
num_cat=0
split_feature=176 131 58 93 36 89 23 47 0 75 40 94 64 88 85 130 115 79 196 60
split_gain=1.29357 1.6124 1.98754 1.7397 2.24621 2.1933 1.95052 1.81235 1.60237 1.55576 1.55119 1.3506 1.44949 1.01608 0.648631 0.14164 0.0495618 0.00175142 0.000666101 0.000215431
threshold=2.5000000000000004 50.102250000000033 6.0711935876477465 30.138611360806085 9.9203146938773248 38.958701478009047 -3.1158922548967598 5.1026046015708726 12.053724799707883 30.947038860614189 4.7316995925388667 5.1227505662243251 9.8418538567493226 5.6101408754184989 14.493540694785851 4.2064500000000047 1.5000000000000002 29.876508171452517 1.0000000180025095e-35 17.084090437270167
decision_type=2 2 2 2 2 2 10 2 2 2 2 2 2 2 2 2 2 2 2 2
left_child=1 -1 -3 5 6 9 -5 -8 -7 13 11 -11 -13 -4 17 16 -9 -10 -18 -19
right_child=-2 2 3 4 -6 8 7 15 14 10 -12 12 -14 -15 -16 -17 18 19 -20 -21
leaf_value=-0.054201741542965753 0.042007067569123382 0.053870915661332112 -0.010458387023204091 -0.011164149057511249 -0.036101418340494372 -0.024144776260952228 -0.011711254213368827 0.064567063567225733 0.055077771961986793 -0.017731772220108931 -0.034609177995550244 0.046850149312469586 -0.013564268958372518 -0.054399068741322248 0.0083104569936160323 0.037084763973333691 0.053575440451765689 0.051443635850966701 0.051841257238956343 0.052628832902374238
leaf_weight=1.4091570954769839 1.7701412783935655 1.6527657657861698 1.9841289184987605 2.7568691652268162 1.8662806451320637 1.5246752835810173 1.3815791523084033 1.4713805951178076 0.72737727314233858 3.6390851773321611 3.7227390334010124 2.6085888277739286 1.6028908239677546 3.9048815090209246 1.2557645626366136 1.1102469284087417 1.6723897214978936 0.68683847039937951 0.82780058402568091 0.86789866350591183
leaf_count=33 30 14 23 31 21 14 15 10 12 37 35 33 23 37 14 27 35 29 29 21
internal_value=0.000260028 -0.00175501 0.000340762 -0.00229146 0.0139228 -0.010272 0.0240482 0.0390676 0.018705 -0.0186728 -0.00802689 0.00457844 0.0238564 -0.0395945 0.0371715 0.0528727 0.0572861 0.0530527 0.0530013 0.0521052
internal_weight=38.4435 36.6733 35.2642 33.6114 11.0865 22.5249 9.22027 6.4634 5.06255 17.4623 11.5733 7.85056 4.21148 5.88901 3.53788 5.08182 3.97157 2.28211 2.50019 1.55474
internal_count=523 493 460 446 168 278 147 116 90 188 128 93 56 60 76 101 74 62 64 50
is_linear=0
shrinkage=0.05


Tree=70
num_leaves=22
num_cat=0
split_feature=28 93 102 27 23 176 372 85 2 2 57 38 20 168 91 74 25 59 15 98 76
split_gain=1.30116 1.53013 2.29551 1.71532 1.68817 1.38652 1.19135 1.57906 1.50235 1.82889 1.55996 1.15635 1.12578 1.04795 1.04618 0.771742 0.515716 0.190013 0.0184527 0.000609077 0.000174173
threshold=1211.550602076527 31.306650178683075 4.6422779498454441 1.7040158521568642 -2.34634710865422 1.5000000000000002 1.0000000180025095e-35 14.33754558940141 0.10796849929217579 0.14894198265726025 12.529758344449359 5.0508453826644333 2.3828870824882187 1.0000000180025095e-35 6.2620818231888098 1.0000000180025095e-35 -0.12050326427729884 18.541178884579153 1.1507575757575761 9.102764721404272 5.1047638267343016
decision_type=2 2 2 2 8 2 2 2 2 2 2 2 10 2 2 2 10 2 2 2 2
left_child=1 4 12 -4 5 6 14 8 17 -10 -11 -7 18 16 -1 -2 -6 -8 19 20 -3
right_child=15 2 3 -5 13 11 7 -9 9 10 -12 -13 -14 -15 -16 -17 -18 -19 -20 -21 -22
leaf_value=-0.053969248703657019 0.047491549951737502 0.052262663395602899 -0.043845108622305229 0.018643098252028024 -0.021076449090480703 -0.003692525812012442 0.059714091072173098 -0.025455835947808477 -0.041318924074291274 -0.018397903900706333 0.053424058052426407 0.058127421863612673 0.0023376222227532886 -0.0042774823260649693 -0.005278797631964479 -0.0015311082754938124 -0.058195267972479883 0.032531179709223444 0.060223614028008833 0.053736153493451289 0.051152587343245952
leaf_weight=2.1833163499832198 2.1878380971029396 0.96947603486478218 2.1002628300338984 2.3018331546336412 1.4050622619688509 1.4076667651534074 1.2223674338310924 3.6874110735952854 1.828643938526511 1.349149499088526 1.7197115607559679 1.6350573077797887 1.4549307171255348 2.3793498054146767 2.2300247475504875 1.2681724373251198 2.8015604857355383 1.3560988875105975 1.1622987072914837 0.60207404941320408 0.55601812619715929
leaf_count=24 39 28 17 23 26 14 17 37 14 18 26 36 17 22 24 21 34 28 16 15 27
internal_value=0.000259156 -0.0026829 0.0148344 -0.0111703 -0.00903981 -0.00134393 -0.00737427 0.0013201 0.0145269 -0.00173663 0.0218493 0.0295274 0.0389608 -0.0307971 -0.0293664 0.0295028 -0.0457971 0.0454177 0.0551573 0.0523895 0.0518581
internal_weight=37.8083 34.3523 9.14689 4.4021 25.2054 18.6194 15.5767 11.1634 7.47597 4.8975 3.06886 3.04272 4.7448 6.58597 4.41334 3.45601 4.20662 2.57847 3.28987 2.12757 1.52549
internal_count=523 463 143 40 320 238 188 140 103 58 44 50 103 82 48 60 60 45 86 70 55
is_linear=0
shrinkage=0.05


Tree=71
num_leaves=21
num_cat=0
split_feature=68 140 11 168 346 17 108 15 3 48 61 75 57 26 60 23 4 49 122 25
split_gain=1.26451 1.31843 1.54137 1.38494 2.45633 1.8892 1.77115 1.66853 2.19158 1.52879 1.27844 1.34675 1.24191 1.0239 0.887694 0.610239 0.603278 0.329449 0.168396 0.0372385
threshold=83.752965664337225 1.0000000180025095e-35 0.38716154706065237 1.0000000180025095e-35 1.0000000180025095e-35 2.5582655826558267 2.5000000000000004 1.1913919413919416 -0.19901523795735362 11.638666661111721 4.9116103898340748 39.861131598401023 12.529758344449359 3.0340344342192536 14.157469523954726 -3.0580125978292765 0.5694729924249865 5.7717461826196912 4.5000000000000009 -0.33892697569254032
decision_type=2 2 8 2 2 2 2 2 2 2 2 2 2 2 2 8 2 2 2 8
left_child=1 2 3 4 6 13 -1 8 14 10 -6 19 -9 17 -7 -2 -3 -5 -8 -12
right_child=15 16 -4 5 9 7 18 12 -10 -11 11 -13 -14 -15 -16 -17 -18 -19 -20 -21
leaf_value=0.0058169291609542475 0.00061929936151677368 -0.010583651730259502 0.045503021437975716 0.036516788094554706 -0.028749988511942604 -0.018983494205666106 -0.04247279990176904 -0.0097228009015160165 -0.048889692346670975 -0.030472823909806431 0.057962594153931707 0.0019942682860418122 0.042239939807948129 0.006896965312960847 0.040231520063632509 0.054354079475007311 -0.055944605338264099 0.070726675255279037 -0.062661867672188912 0.046019832371620051
leaf_weight=1.6948801744729323 0.80607743747532368 1.4084883537143462 1.8198983836919058 1.3688154052942985 1.2636593077331779 1.1611761245876553 1.7276868447661398 2.0758312344551086 3.1855520196259004 2.3682262562215328 1.4379769358783958 2.6377346478402615 2.5777684487402439 1.9391133049502967 1.3911763904616234 1.5335580892860883 1.5283265067264435 1.4484828673303125 2.5681751854717731 1.1952534876763823
leaf_count=21 18 25 29 35 13 21 32 25 29 27 21 38 28 28 25 34 18 14 23 19
internal_value=0.00025902 -0.0021333 0.000821486 -0.0018853 -0.0127121 0.00875977 -0.0374657 -0.00318653 -0.0212298 0.00394456 0.0164178 0.0272464 0.0190609 0.0348593 0.013292 0.0358408 -0.0341896 0.0541054 -0.0545423 0.0525416
internal_weight=37.1379 34.7982 31.8614 30.0415 14.8936 15.1479 5.99074 10.3915 5.7379 8.90285 6.53462 5.27097 4.6536 4.75641 2.55235 2.33964 2.93681 2.8173 4.29586 2.63323
internal_count=523 471 428 399 194 205 76 128 75 118 91 78 53 77 46 52 43 49 55 40
is_linear=0
shrinkage=0.05


Tree=72
num_leaves=23
num_cat=0
split_feature=68 140 11 68 68 33 168 50 92 16 346 127 48 75 25 90 11 83 98 22 98 97
split_gain=1.17788 1.2208 1.42908 1.30802 1.39971 1.81328 1.3766 1.89718 2.33939 1.802 1.70321 1.22159 1.91995 1.07635 0.622561 0.604393 0.378424 0.0550235 0.0317379 0.002022 0.000656285 3.03667e-05
threshold=83.752965664337225 1.0000000180025095e-35 0.38716154706065237 77.435896709356186 65.78944485112423 7.3454787358962541 1.0000000180025095e-35 6.0570574465605116 11.232769929241265 1.8937969924812033 1.0000000180025095e-35 1.0000000180025095e-35 5.7543383524700413 17.358806036598363 -0.90392092133964808 10.626743830781304 0.31118842028690868 51.065000000000012 10.322251181784107 2.3912173459252668 5.4105795333886642 15.079245043326484
decision_type=2 2 8 2 2 2 2 2 2 2 2 2 2 2 8 2 10 2 2 8 2 2
left_child=1 2 3 4 6 -6 10 8 9 -8 13 12 -12 -1 -2 -3 17 -10 -15 20 21 -7
right_child=14 15 -4 -5 5 19 7 -9 16 -11 11 -13 -14 18 -16 -17 -18 -19 -20 -21 -22 -23
leaf_value=-0.00071376681041410497 -0.0010303698745522366 -0.055134228784891021 0.044397512612144002 -0.037217469551313075 -0.032021372132838719 0.051736771038015356 0.033233309782853486 -0.034813938796356636 0.045680614765279709 -0.023851341852889615 0.03503228936722385 -0.036011249503744285 -0.02745900384079434 -0.06218822202992659 0.054090495361686614 -0.0091839415204040178 0.022316834616733131 0.059184323303250755 -0.051871153853867293 0.055377509941759655 0.053384529330725239 0.051176346368042427
leaf_weight=1.1856960933655623 0.78081695735454559 1.5043764822185033 1.7731569791212667 2.397683408111333 0.83397178351879064 0.42648008465766929 2.1566315395757538 2.1151995807886115 1.2532882466912272 3.8512648902833462 3.2714801635593176 1.8182069752365349 1.9687986448407171 1.4919714219868185 1.4893682990223163 1.3648880161345003 1.3686595428735016 1.8949640579521654 1.4897422939538953 0.74834729731082905 0.74711729399859905 0.55793092306703329
leaf_count=14 17 27 29 23 11 14 30 20 30 33 37 22 25 16 35 16 19 22 26 12 17 28
internal_value=0.000254715 -0.00205908 0.000797947 -0.00181583 0.00130715 0.0317573 -0.00292093 0.0083958 0.0170798 -0.00335988 -0.0156632 -0.00069841 0.011554 -0.0410096 0.035132 -0.033276 0.0442664 0.0538086 -0.0570335 0.0532058 0.0522672 0.0514191
internal_weight=36.49 34.2199 31.3506 29.5774 27.1798 3.31385 23.8659 12.64 10.5248 6.0079 11.2259 7.05849 5.24028 4.16741 2.27019 2.86926 4.51691 3.14825 2.98171 2.47988 1.73153 0.984411
internal_count=523 471 428 399 376 82 294 154 134 63 140 84 62 56 52 43 71 52 42 71 59 42
is_linear=0
shrinkage=0.05


Tree=73
num_leaves=20
num_cat=0
split_feature=28 23 25 74 36 122 42 26 3 18 66 22 70 103 74 3 99 66 11
split_gain=1.16484 1.34455 1.57726 1.36984 1.49466 1.53051 1.6012 1.80669 1.74445 1.98697 1.41431 1.1657 1.18371 0.851467 0.723224 0.48562 0.193467 0.0413718 0.0029647
threshold=1211.550602076527 -2.34634710865422 0.074015317100616498 11.681412419811817 9.6653583616557004 1.5000000000000002 31904.580941118551 2.6887425528069655 -0.40455318558156667 16.543530954186505 18.914546854300152 2.2362290276273846 5.7184490539837345 2.5283298948427402 1.0000000180025095e-35 -0.37161300049557616 3.1552232570192174 32.445007851396646 0.28705589459544895
decision_type=2 8 10 2 2 2 2 2 2 10 2 10 2 2 2 2 2 2 10
left_child=1 2 3 4 5 -1 -7 17 9 -9 -10 16 -13 -11 -2 -4 -3 -8 -12
right_child=14 11 15 -5 -6 6 7 8 10 13 18 12 -14 -15 -16 -17 -18 -19 -20
leaf_value=-0.037702419349722904 0.046982822493914257 -0.032829319932647281 0.01565752711422648 0.044990966827653578 -0.033917557719630294 -0.020342172610673417 0.043917096468579428 -0.055629290503529154 -0.015558619066309752 0.037039112810261697 0.052964325794992967 -0.032984444498716743 0.016209207162904922 -0.012754037980630307 -0.0016689304016847821 0.059538228137839155 -0.06118415669119083 0.056602787476306517 0.05652277304749781
leaf_weight=2.1858558878302707 2.0382132763043042 1.0322958901524537 1.130614838562906 1.49254302214831 3.6004219055175772 3.9692144878208628 1.0259764678776258 1.7829429395496896 1.0331292273476651 1.5401320150122049 1.3020867118611934 2.3378265630453825 2.5639181938022375 1.9400493102148173 1.2217332553118465 1.4254126865416754 1.4418023470789192 1.7205028291791675 1.0633249953389166
leaf_count=20 39 19 16 30 38 39 27 19 16 23 37 29 32 23 21 31 23 27 14
internal_value=0.000252885 -0.00259778 0.00289547 -0.00130507 -0.00457005 0.00144613 0.007011 0.0165279 0.00532345 -0.0127077 0.0332473 -0.0213749 -0.0072531 0.0092816 0.0287496 0.0401284 -0.0493533 0.0518639 0.054564
internal_weight=35.848 32.5881 25.2122 22.6562 21.1636 17.5632 15.3774 11.4081 8.66167 5.26312 3.39854 7.37584 4.90174 3.48018 3.25995 2.55603 2.4741 2.74648 2.36541
internal_count=523 463 360 313 283 245 225 186 132 65 67 103 61 46 60 47 42 54 51
is_linear=0
shrinkage=0.05


Tree=74
num_leaves=22
num_cat=0
split_feature=176 26 162 13 269 55 68 20 87 317 94 130 75 100 129 2 41 130 98 78 89
split_gain=1.08841 1.33249 1.75996 1.21324 1.12471 1.27328 1.38822 1.50358 1.32366 1.61011 1.26279 1.44782 1.35939 0.99774 0.964777 0.633917 0.246282 0.00921204 0.0034853 0.000311461 7.40044e-05
threshold=2.5000000000000004 2.3434944211650905 1.5000000000000002 0.54876849207753275 1.0000000180025095e-35 5.1573963106972966 65.78944485112423 2.4203589789993889 36.832872700751466 1.0000000180025095e-35 14.338359750817959 2.7117500000000012 41.251817615328513 0.2128957594433786 3.5000000000000004 0.12343668881111748 -3.1999999999999988 1.2763400000000014 13.213121337746124 23.527598043974681 37.853461780806903
decision_type=2 2 2 8 2 2 2 10 2 2 2 2 2 2 2 2 2 2 2 2 2
left_child=1 13 3 4 5 6 8 16 9 -3 11 14 -13 17 -11 -7 -8 -1 19 -18 -21
right_child=-2 2 -4 -5 -6 15 7 -9 -10 10 -12 12 -14 -15 -16 -17 18 -19 -20 20 -22
leaf_value=-0.05189827623600346 0.040771539754101166 -0.039322020600501578 0.056701606920467232 -0.038771520768157819 -0.033517010594449684 0.059882517850728623 0.01953088515516057 -0.0150775088165071 0.035358259463176347 -0.0025886954170232582 0.034823545207300209 0.054381597756703585 -0.0066640078354042584 0.001788823545097075 -0.041099408178272234 0.0089337412011599518 0.052976500189375532 -0.058839979485008465 0.056338624975571419 0.051981373753600006 0.051143009371589859
leaf_weight=1.022804914042353 1.5829537585377682 3.6147980205714907 1.3821237497031678 1.9856016822159279 2.0897843837738028 1.452917258255183 0.69852374773472536 1.5294947307556865 1.7925187721848477 3.0894176606088894 2.0146462162956587 1.4324949244037273 2.509674895554781 1.2844658121466634 3.4340347964316607 1.0530095547437666 0.63247358892112959 0.8971388917416333 0.68054938130080689 0.54022484831511952 0.51337179727852345
leaf_count=32 30 34 35 20 24 26 18 21 14 34 32 29 26 12 37 20 15 10 8 19 27
internal_value=0.000253313 -0.00165273 0.00157518 -0.00104638 0.00171998 0.00466688 0.000898714 0.0254136 -0.00539822 -0.0099373 -0.00142628 -0.00840442 0.0155186 -0.0323216 -0.0228613 0.0384735 0.0456185 -0.055142 0.0533184 0.0520994 0.0515729
internal_weight=35.233 33.6501 30.4457 29.0635 27.0779 24.9882 22.4822 4.59464 17.8876 16.0951 12.4803 10.4656 3.94217 3.20441 6.52345 2.50593 3.06514 1.91994 2.36662 1.68607 1.0536
internal_count=523 493 439 404 384 360 314 108 206 192 158 126 55 54 71 46 87 42 69 61 46
is_linear=0
shrinkage=0.05


Tree=75
num_leaves=23
num_cat=0
split_feature=37 22 130 103 103 83 46 130 58 20 325 297 12 94 97 101 2 99 16 67 41 310
split_gain=1.05273 1.96489 1.91928 1.83563 2.01687 1.64895 1.63555 1.47501 1.36177 1.30454 1.50512 0.951148 0.936778 0.739266 0.585277 0.446731 0.0522693 0.00427585 0.00212806 0.000656682 0.000157239 4.41356e-05
threshold=4.0354945812930874 2.3436750001421003 0.34985000000000416 2.6283237170636582 4.7790574029262256 30.505000000000006 179.74485498400171 3.1440600000000019 54.104041077762155 2.1487709070797973 1.0000000180025095e-35 1.0000000180025095e-35 -0.50767879912583036 5.0494660637381878 12.150298106099008 5.9789282340384888 0.25925788377921305 0.83296663727219333 1.9245014245014247 17.361811442681311 -2.2649999999999988 1.0000000180025095e-35
decision_type=2 8 2 2 2 2 2 2 2 8 2 2 8 2 2 2 2 2 2 2 2 2
left_child=5 2 -2 7 13 -1 -6 -3 -8 10 11 -7 -4 -5 -11 -14 17 -17 -9 -19 21 -21
right_child=1 3 12 4 6 9 8 18 -10 14 -12 -13 15 -15 -16 16 -18 19 -20 20 -22 -23
leaf_value=0.031876368320154218 -0.033473680499820295 -0.0017202403471377717 -0.013658466511574969 -0.056851215623282984 0.038455340072174882 -0.051201153243643362 -0.046605833005012719 0.052600507006109458 0.0078383118633859918 -0.019934050160531885 0.036151524504426207 0.0055680568212457702 0.01364989763437327 -0.015959626436800611 -0.057159077799521056 0.056397693795991757 0.03849087196074448 0.053260138198907507 0.055859303466232926 0.05127074022543715 0.052509806338169054 0.051835018284651084
leaf_weight=1.7236709315329779 1.1155779771506811 2.785505652427676 0.78503995761275291 2.7274952745065075 2.1686048964038491 1.5426201242953512 1.9108313154429195 1.2420287812128665 2.878945354372263 1.8424878772348172 1.6001813393086193 1.4143089558929205 0.96692371927201737 1.8583526685833929 2.4734365157783031 0.8203525012359022 0.71367728617042292 1.2203679801896217 0.8396255001425742 0.8260191930457943 0.53964535426348481 0.59697336982935667
leaf_count=28 13 27 8 24 37 23 15 38 34 24 15 20 16 22 32 13 22 27 12 38 16 19
internal_value=0.000251492 0.00604781 0.0270942 -0.00367884 -0.0145367 -0.0128741 0.00242939 0.0220746 -0.0138816 -0.0215673 -0.00290973 -0.0240483 0.0375391 -0.0402805 -0.0412675 0.0446102 0.0509567 0.0531789 0.0539149 0.0523494 0.0517831 0.0515075
internal_weight=34.5927 23.996 7.58458 16.4114 11.5442 10.5967 6.95838 4.86716 4.78978 8.87303 4.55711 2.95693 6.469 4.58585 4.31592 5.68396 4.71704 4.00336 2.08165 3.18301 1.96264 1.42299
internal_count=523 381 172 209 132 142 86 77 49 114 58 43 159 46 56 151 135 113 50 100 73 57
is_linear=0
shrinkage=0.05


Tree=76
num_leaves=21
num_cat=0
split_feature=162 36 2 75 60 162 97 24 30 151 97 47 21 91 99 98 105 87 39 79
split_gain=1.02077 1.72532 1.12849 1.06587 1.14076 2.09464 1.74411 1.14297 1.22024 1.31158 1.79497 1.4625 1.24058 0.754512 0.616059 0.584123 0.359838 0.150898 0.00191855 0.00116739
threshold=1.5000000000000002 3.9601827114627191 0.56198176492819341 18.098497999121054 12.176869996196436 1.0000000180025095e-35 16.909913706223232 5.5117093672116146 12.224739453016623 1.0000000180025095e-35 15.235763525907251 14.787156247127298 -2.3125468611564544 13.940504570174705 0.65194878784017984 9.8939374411348098 0.29520697167755999 17.47996643653974 1.262046646770193 30.406726632256056
decision_type=2 2 2 2 2 2 2 10 2 2 2 2 10 2 2 2 2 2 2 2
left_child=1 18 3 -3 5 6 14 -6 -9 10 16 15 -13 -11 -5 -12 -10 -16 -1 -18
right_child=-2 2 -4 4 7 -7 -8 8 9 13 11 12 -14 -15 17 -17 19 -19 -20 -21
leaf_value=-0.051696585452874304 0.036449966420063172 -0.03084643325976201 0.042269453505366594 0.015453186816278042 -0.042584552802500626 -0.027433173046935745 -0.0085107291608411181 -0.039670216933798852 0.017581465980933689 -0.042004491687282347 0.055472335524793019 0.014603576178012926 -0.041539006341322099 0.0021708641551713682 0.048087397452610044 0.0033418051307219443 0.054772899031633342 0.069025397925832524 -0.055224257512372615 0.052528404384755679
leaf_weight=0.80767526663839706 1.8416259065270413 2.786812072619802 1.5553725417703379 1.2268215008080021 1.8879102505743528 2.1185197345912457 2.1092346739023924 1.8297018259763707 0.96249131392687415 2.0072825308889146 1.1595858298242094 1.6215602308511763 2.50247839093208 1.8643828071653841 2.1387949530035262 1.001406781375408 1.3709424650296571 1.4397677406668661 0.73722258768975735 1.0032809004187582
leaf_count=29 38 37 39 14 20 28 34 18 14 17 25 29 26 26 36 17 20 15 12 29
internal_value=0.000248079 -0.00182686 0.000777058 -0.00144595 0.00167602 0.0160652 0.0293923 -0.00587607 -0.00135334 0.00384241 0.0137309 -0.00200452 -0.0194639 -0.0207321 0.0460292 0.031315 0.04337 0.0565114 -0.05338 0.0538244
internal_weight=33.9729 32.1312 30.5863 29.031 26.2442 9.03314 6.91462 17.211 15.3231 13.4934 9.62175 6.28503 4.12404 3.87167 4.80538 2.16099 3.33671 3.57856 1.5449 2.37422
internal_count=523 485 444 405 368 127 99 241 221 203 160 97 55 43 65 42 63 51 41 49
is_linear=0
shrinkage=0.05


Tree=77
num_leaves=23
num_cat=0
split_feature=28 84 60 23 3 142 71 93 83 88 103 59 130 54 2 34 67 22 45 100 6 303
split_gain=0.992218 1.2092 1.71454 1.62414 1.54371 1.53355 1.45644 1.18606 1.73803 1.23829 1.22134 0.955049 0.724221 0.668422 0.653973 0.541752 0.538651 0.338866 0.121099 0.037444 0.0237069 0.00185371
threshold=1211.550602076527 5.4769578608900629 25.008230312545702 -2.7934086557304156 -0.19901523795735362 1.0000000180025095e-35 5.0032185628455927 29.315204066519019 44.620000000000012 11.469094418201566 4.4492229953264424 19.324432260271315 0.49705000000000005 1.0000000180025095e-35 0.11781305498900442 7.4128318333746313 13.685616726490283 2.2958502128271814 4.0967282700472465 -0.58613801484810646 326.48200000000014 1.0000000180025095e-35
decision_type=2 2 2 8 2 2 2 2 2 2 2 2 2 2 2 2 2 10 2 2 2 2
left_child=1 4 3 17 11 14 -7 8 -6 10 15 -1 -4 -2 -5 -9 19 -3 -11 -8 -13 -22
right_child=13 2 12 5 7 6 16 9 -10 18 -12 20 -14 -15 -16 -17 -18 -19 -20 -21 21 -23
leaf_value=0.0051519083520748096 -0.0014095372714976427 0.018598157497653131 -0.057306022570241789 -0.0031060170453679537 -0.053320647945717815 0.015658984313773616 -0.04787346928895183 -0.003020518048675589 0.010136093017067329 0.059201149292337968 -0.027866911146119989 0.064492855799394719 -0.017926782361609189 0.046853224944827465 0.039169339272119963 0.053983406019750491 -0.018997614077200204 0.058400559591819889 0.034038943216930871 -0.059836680512747521 0.055087596260523258 0.051657693762549528
leaf_weight=1.5236859489232313 1.1896001901477569 1.1005757190287115 2.292464952915906 2.1424944158643506 2.1591433119028807 1.5597413508221505 1.1487452797591693 0.74875470250844978 2.157060188241303 0.90132205560803402 2.1915898714214563 0.64786892384290728 2.3793647084385157 1.807375102303922 1.5964472191408274 0.94014594610780478 1.751597694121301 1.0401241108775137 1.0185179468244312 1.5189177561551326 0.69989391416311242 0.90110789891332388
leaf_count=23 21 20 25 21 20 22 27 10 33 14 26 6 28 39 26 30 22 20 26 16 10 38
internal_value=0.000247042 -0.00245728 -0.011595 -0.00148786 0.00841819 -0.0101726 -0.0258795 -0.00176111 -0.0216076 0.0130073 -0.00324242 0.0357152 -0.0372502 0.0276961 0.0149446 0.0287114 -0.0405402 0.0379374 0.045852 -0.0546851 0.0564228 0.0531571
internal_weight=33.4165 30.4196 16.5305 11.8586 13.8891 9.71794 5.979 10.1165 4.3162 5.80033 3.88049 3.77256 4.67183 2.99698 3.73894 1.6889 4.41926 2.1407 1.91984 2.66766 2.24887 1.601
internal_count=523 463 227 174 236 134 87 159 53 106 66 77 53 60 47 40 65 40 40 43 54 48
is_linear=0
shrinkage=0.05


Tree=78
num_leaves=23
num_cat=0
split_feature=176 131 58 93 36 75 47 25 27 71 127 0 274 64 100 350 92 39 68 120 59 5
split_gain=0.947667 1.2031 1.47245 1.15831 1.87148 1.56459 1.42934 1.51928 1.15157 0.826273 1.19453 0.805475 1.40713 0.96526 0.901346 0.906089 0.582979 0.308368 0.0272989 0.000372855 0.000265778 6.39911e-05
threshold=2.5000000000000004 50.102250000000033 6.0711935876477465 31.306650178683075 9.9203146938773248 18.031456937723998 5.1026046015708726 -0.90392092133964808 1.2839907013098739 4.8183863423252644 1.0000000180025095e-35 12.873815415001573 1.0000000180025095e-35 4.9419441258988437 0.61207241538590751 1.0000000180025095e-35 16.74414364481752 4.1244924165730898 40.00723790583303 6.5000000000000009 11.832342902951732 17.372294372294373
decision_type=2 2 2 2 2 2 2 10 2 2 2 2 2 2 2 2 2 2 2 2 2 2
left_child=1 -1 -3 5 6 -4 -5 -8 17 -10 11 14 13 -13 15 -11 -12 -7 -9 20 -20 -22
right_child=-2 2 3 4 -6 8 7 18 9 10 16 12 -14 -15 -16 -17 -18 -19 19 -21 21 -23
leaf_value=-0.053400047677967605 0.039623000265550823 0.049972376890157932 -0.052051778952189535 -0.012364653103082483 -0.03371652553521156 0.0099498124265181721 -0.0058102936914369817 0.061374280834946664 0.015119207005863146 -0.061691868726588162 -0.006435886372051689 -0.012257781667440348 -0.040343812732765091 0.049548868250211167 0.0010524716190060417 -0.020542394024166372 0.042816433244628804 0.053005981807203298 0.052771297820157693 0.053247578984340342 0.051139831007020881 0.051902700292267449
leaf_weight=1.0818530684337044 1.4597765603102733 1.4197698775678897 1.8907076213508904 1.9019975690171103 1.7143034823238847 0.71904047019779926 1.4017291935160749 1.2538565322756774 3.0708307027816799 2.6364385262131673 1.1935235187411302 1.2057110993191602 1.5514761600643394 1.3269053259864447 1.6922017633914945 2.7158294441178441 1.2098389863967893 0.98623233288526535 0.56210044585168395 0.70462935138493765 0.68932802882045485 0.45722116436809301
leaf_count=33 30 14 26 20 21 19 21 10 34 24 19 18 18 30 23 30 24 25 14 17 37 16
internal_value=0.000242356 -0.00158928 0.000260382 -0.00218318 0.0130864 -0.0087489 0.0245964 0.0384654 -0.00427692 -0.00829576 -0.0136094 -0.020513 -0.00284645 0.0201244 -0.0307554 -0.0408119 0.0183575 0.034851 0.0553893 0.0522798 0.0518807 0.051444
internal_weight=32.8453 31.3855 30.3037 28.8839 8.68517 20.1987 6.97086 5.06886 18.308 16.6028 13.5319 11.1286 4.08409 2.53262 7.04447 5.35227 2.40336 1.70527 3.66714 2.41328 1.70865 1.14655
internal_count=523 493 460 446 156 290 135 115 264 220 186 143 66 48 77 54 43 44 94 84 67 53
is_linear=0
shrinkage=0.05


Tree=79
num_leaves=22
num_cat=0
split_feature=28 298 84 97 0 31 18 20 24 59 24 0 53 60 16 67 97 3 303 5 15
split_gain=0.897751 1.33695 1.08984 1.63194 1.42611 1.35315 1.23997 1.33793 1.22297 1.33418 1.07609 1.2108 0.996868 0.877394 0.670326 0.341721 0.0841504 0.038604 0.0032004 0.000206794 1.71954e-05
threshold=1197.5536924495539 1.0000000180025095e-35 5.4769578608900629 12.238801564993283 12.148176492819351 13.428954666280132 16.465281389597042 2.2809810326209656 5.9164563895151909 13.906011735572418 5.8250444741629535 13.397482755776833 5.0455432704683547 13.182701149725666 1.8937969924812033 19.302805884467087 27.304237797040159 -0.73862292139077812 1.0000000180025095e-35 21.525000000000002 1.0317540322580647
decision_type=2 2 2 2 2 2 10 10 10 2 8 2 2 2 2 2 2 2 2 2 2
left_child=2 16 4 6 8 -6 -4 -8 9 -1 -5 15 14 -9 -10 17 -2 -12 -7 20 -20
right_child=1 -3 3 10 5 18 7 13 12 -11 11 -13 -14 -15 -16 -17 -18 -19 19 -21 -22
leaf_value=0.045822665119634051 0.054048221951554315 -0.02138469792755909 -0.028408973922753624 0.0043759853336248983 -0.007561145037445218 0.055358651317905933 -0.013220612100152979 0.065959457598685933 0.019332818146540157 -0.0099460958432364931 -0.054209066830587564 0.0042816464141484847 -0.052038904777023845 0.013297502434047752 -0.025564733552802948 -0.033105621239264985 0.033561411828074116 -0.065982085783208633 0.051534163748959097 0.052393136164068425 0.051092203175445827
leaf_weight=2.0445160474628228 1.4608286488801234 1.0523529853671791 1.8761520469561208 2.1678633484989378 1.3909369148313988 1.013767397031188 1.973886747844517 1.5585526023060086 1.5837216153740885 2.2555853947997093 1.5802004598081101 1.4280730346217749 1.6208084104582665 1.6058968096040187 1.7499416843056677 2.1971807619556785 0.76306745409965504 1.2448170781135579 0.38882546592503786 0.79152908083051443 0.5071248784661293
leaf_count=33 35 11 21 32 16 15 31 19 29 35 30 27 17 25 21 27 23 10 17 22 27
internal_value=0.000238565 0.0250471 -0.00256615 -0.0115256 0.00792771 0.0325064 0.0063811 0.0190839 -0.00294051 0.0165696 -0.0261002 -0.0363429 -0.0198738 0.0392345 -0.00423528 -0.0478945 0.0470187 -0.0593967 0.0531382 0.0518043 0.051284
internal_weight=32.2556 3.27625 28.9794 15.6326 13.3468 4.09218 7.01449 5.13834 9.25457 4.3001 8.61813 6.45027 4.95447 3.16445 3.33366 5.0222 2.2239 2.82502 2.70125 1.68748 0.89595
internal_count=523 69 454 222 232 97 96 75 135 68 126 94 67 44 50 67 58 40 81 66 44
is_linear=0
shrinkage=0.05


Tree=80
num_leaves=23
num_cat=0
split_feature=355 4 4 15 168 97 60 3 377 50 47 93 40 100 332 68 75 37 25 78 59 98
split_gain=0.873785 1.56414 1.41431 1.81893 1.33493 2.01445 1.20563 1.18225 1.18076 1.43622 0.982288 0.981011 0.738742 1.26345 0.726352 0.395493 0.355412 0.0442666 0.0396852 0.00426261 0.000183384 3.43693e-05
threshold=1.0000000180025095e-35 0.30140111681748932 0.38646555148947442 1.0425724637681162 1.0000000180025095e-35 2.4213223970143614 11.673954419431821 -0.59740604031913414 1.0000000180025095e-35 4.963751126205433 9.7182960731757433 22.062132511787169 3.6821013914418459 0.50592142869732804 1.0000000180025095e-35 60.412212896233804 25.974098993250735 3.3616005406545826 -0.38443624982257524 51.263576217325991 16.96528950675744 3.7826934871794915
decision_type=2 2 2 2 2 2 2 2 2 2 2 2 2 2 2 2 2 2 8 2 2 2
left_child=4 -2 -3 16 5 6 -1 -6 12 14 -9 -11 -5 -14 18 17 -4 -7 -10 20 -18 -22
right_child=1 2 3 8 7 15 -8 10 9 11 -12 -13 13 -15 -16 -17 19 -19 -20 -21 21 -23
leaf_value=0.029900157820583553 0.057266186794394783 -0.036647674967020635 0.0083020039879512474 -0.054506652414505412 -0.021073717538488135 -0.0459214458751303 -0.025957700919907581 0.00011552519421946056 0.054990411877488411 0.01248111179029586 0.049940887665955641 -0.043887512416560588 0.031519996899568206 -0.044503002519482519 0.008614723074383419 -0.019033474582722143 0.052406782491271391 -0.057599892708922497 0.041443258144185986 0.056274562196865524 0.051034676899251834 0.051618157015077965
leaf_weight=2.1394870653748534 1.4653386063873792 1.9459450803697098 0.54874813370406572 1.2877007294446214 2.1185324359685183 1.3501668991521003 1.7612558621913192 1.9641308151185506 1.2883558385074136 1.565710758790374 1.9928192719817159 1.5223410073667762 1.0851581143215301 1.1010456737130878 2.1676081512123346 1.1531197000294922 0.51482776273041997 2.033517949283123 0.931422772817314 0.71879107411950816 0.65936803910881259 0.40889024827629328
leaf_count=24 25 26 13 18 24 32 21 21 25 27 22 17 29 13 38 22 16 22 23 10 39 16
internal_value=0.000236039 0.00785594 0.00325774 0.00888484 -0.00880053 -0.0216683 0.00467933 0.00907001 -0.000377384 0.0108157 0.0252088 -0.0153074 -0.0244635 -0.00676774 0.0292023 -0.0443219 0.0444613 -0.0529399 0.049306 0.0530814 0.0516316 0.051258
internal_weight=31.7243 17.2113 15.7459 13.8 14.513 8.43755 3.90074 6.07548 10.9493 7.47544 3.95695 3.08805 3.4739 2.1862 4.38739 4.5368 2.85063 3.38368 2.21978 2.30188 1.58309 1.06826
internal_count=523 335 310 284 188 121 45 67 190 130 43 44 60 42 86 76 94 54 48 81 71 55
is_linear=0
shrinkage=0.05


Tree=81
num_leaves=21
num_cat=0
split_feature=162 36 2 55 100 13 88 3 21 22 101 25 100 355 89 122 95 68 39 72
split_gain=0.874815 1.50666 0.937663 0.941114 1.21404 1.0085 0.880601 1.2162 0.994263 1.14917 1.34371 1.27968 1.11313 1.54832 1.11935 0.655013 0.558898 0.00647122 0.00152428 9.98835e-05
threshold=1.5000000000000002 3.9601827114627191 0.56198176492819341 5.1573963106972966 0.12334933648335568 0.50796664367712785 24.402634303913114 -0.64289682539682502 -2.1327085764219587 2.340634070671475 6.9616020962424567 -0.90427117930552459 1.2706644688037991 1.0000000180025095e-35 11.381314269532025 4.5000000000000009 4.723913333564985 50.140442445145979 1.262046646770193 1.0000000180025095e-35
decision_type=2 2 2 2 2 8 2 2 10 8 2 8 2 2 2 2 2 2 2 2
left_child=1 18 3 5 -5 6 8 -8 9 10 -3 -11 13 14 -13 -12 -15 -17 -1 -19
right_child=-2 2 -4 4 -6 -7 7 -9 -10 11 15 12 -14 16 -16 17 -18 19 -20 -21
leaf_value=-0.051501980993360688 0.035299389379678719 -0.022818815162995304 0.040316392138432341 -0.0022487335091048058 0.051769008971494779 -0.044868024734413849 -0.017299927800783203 0.047476759188098711 -0.041583433082741525 -0.044544879541480925 0.0058713683786892268 -0.041845017640846124 -0.036759677715895805 0.0081536586110811018 0.007917585587577023 0.057484250171787002 0.055981870917279401 0.052209389638762552 -0.054849133003325369 0.051243062586716397
leaf_weight=0.69125263858587149 1.6825984800234426 1.3392273895442635 1.4195565511472512 2.5177462827414265 1.7723878705874083 1.5162611622363318 1.1879677176475527 1.8578015072271217 1.8497545439749945 2.2952577043324709 1.0755933653563263 1.8082877565175275 1.9219277855008838 1.0015376638621094 3.012929055839777 0.90369491651654232 1.5656485911458728 0.54839372728019931 0.66963617503643036 0.5219207014888525
leaf_count=29 38 17 39 35 39 26 16 38 22 19 22 19 20 12 31 11 34 18 12 26
internal_value=0.000233608 -0.00176802 0.000718961 -0.0013866 0.0200677 -0.00549447 -0.00263661 0.0222113 -0.00687783 -0.00286413 0.0189299 -0.0111059 -0.0028622 0.00595547 -0.0107468 0.0372637 0.0373226 0.0543687 -0.053149 0.0517382
internal_weight=31.1594 29.4768 28.1159 26.6963 4.29013 22.4062 20.8899 3.04577 17.8442 15.9944 4.38883 11.6056 9.31033 7.3884 4.82122 3.0496 2.56719 1.97401 1.36089 1.07031
internal_count=523 485 444 405 74 331 305 54 251 229 94 135 116 96 50 77 46 55 41 44
is_linear=0
shrinkage=0.05


Tree=82
num_leaves=24
num_cat=0
split_feature=68 140 11 158 21 151 64 102 104 93 99 25 142 17 4 57 25 0 131 0 129 23 60
split_gain=0.826537 0.850374 1.02688 1.15045 0.986392 1.51128 1.40355 1.75995 1.25339 1.15106 0.933403 0.799172 0.638576 0.61135 0.59017 0.511339 0.193409 0.0233123 0.00869105 0.00283812 0.00151481 0.000791364 0.000169204
threshold=83.752965664337225 1.0000000180025095e-35 0.38716154706065237 1.5000000000000002 -2.233650172865159 1.0000000180025095e-35 5.0703208890363278 4.6422779498454441 1.4423982029808149 29.315204066519019 1.1969402058662977 -0.14051429985664413 1.0000000180025095e-35 1.7720779220779221 0.5694729924249865 12.529758344449359 0.36406509210925003 12.624963882559708 84.193850000000054 12.253681504444833 4.5000000000000009 -2.4407470897675236 24.5144344303846
decision_type=2 2 8 2 10 2 2 2 2 2 2 10 2 2 2 2 8 2 2 2 2 10 2
left_child=1 2 3 4 5 6 15 10 9 11 -8 -6 -7 -2 -3 -1 -13 18 -17 -12 -20 -15 -21
right_child=13 14 -4 -5 8 12 7 -9 -10 -11 19 16 -14 21 -16 17 -18 -19 20 22 -22 -23 -24
leaf_value=0.014857528368404717 -0.0085492193546067765 -0.0043862739452385805 0.041999817791021042 -0.036539142138583579 -0.0092236034944450217 0.0059442643608635798 -0.011557101172675475 -0.028636132497283306 0.020537815601730274 0.017108980981620316 0.056315478654257067 -0.058045498460857374 -0.03294792593669181 0.051202601672781359 -0.054515771954555786 0.059277056021018508 -0.032966262773940581 0.045590440685718527 0.051489883342020287 0.051405177313478947 0.054714289890573836 0.05373379940981015 0.052656768970311012
leaf_weight=1.250702932477006 0.60786177963018317 1.1205661622807377 1.4246999826282252 2.1577579583972684 2.2293690368533134 2.0157321002334365 0.82300195004791055 2.2994294725358486 2.3742629382759333 1.5091211022809146 0.58499714825302351 1.9518235977739133 2.2153930515050888 0.56046610232442606 1.2333363480865953 0.83724194206297475 1.2682929579168556 0.86593024432659138 0.83144891541451194 0.57393647124990799 0.64823631569743156 0.68765807524323452 0.50999024789780378
leaf_count=15 9 25 29 18 28 18 21 27 39 19 12 29 29 27 18 10 17 27 37 30 9 16 14
internal_value=0.000232483 -0.00185695 0.000713272 -0.0016446 0.00165938 0.0103227 0.0216709 0.00291021 -0.0108312 -0.0215343 0.0320197 -0.0322358 -0.0144195 0.0325709 -0.0306518 0.0419457 -0.0481677 0.05259 0.055206 0.0535088 0.0529025 0.0525972 0.0519941
internal_weight=30.5813 28.7253 26.3714 24.9467 22.7889 13.456 9.22492 4.79136 9.33287 6.95861 2.49193 5.44949 4.23113 1.85599 2.3539 4.43356 3.22012 3.18286 2.31693 1.66892 1.47969 1.24812 1.08393
internal_count=523 471 428 399 381 249 202 104 132 93 77 74 47 52 43 98 46 83 56 56 46 43 44
is_linear=0
shrinkage=0.05


Tree=83
num_leaves=22
num_cat=0
split_feature=37 22 83 4 103 103 130 83 20 325 37 279 297 62 44 85 6 16 79 35 91
split_gain=0.798679 1.62119 1.56367 1.74788 1.3989 1.56004 1.26537 1.10612 1.08716 1.19446 0.989261 1.23541 0.742712 0.500191 0.436083 0.275977 0.0507055 0.00144372 0.000995817 0.000276574 5.38892e-05
threshold=4.0354945812930874 2.3436750001421003 95.760000000000019 0.54121614346187108 2.6283237170636582 4.5680069103258596 3.1440600000000019 30.505000000000006 2.1487709070797973 1.0000000180025095e-35 7.2137592564138142 1.0000000180025095e-35 1.0000000180025095e-35 10.936084644094048 7.4506167234067293 14.135484521202907 296.62900000000002 1.9245014245014247 30.406726632256056 7.1036991793506603 10.085701260729403
decision_type=2 8 2 2 2 2 2 2 8 2 2 2 2 2 2 2 2 2 2 2 2
left_child=7 2 15 -4 6 14 -3 -1 9 12 11 -7 -9 -10 -6 18 -15 -8 -2 -20 -21
right_child=1 4 3 -5 5 10 17 8 13 -11 -12 -13 -14 16 -16 -17 -18 -19 19 20 -22
leaf_value=0.028296069764259298 0.053589805284811734 -0.0023135843232123441 0.039018650547937302 -0.044216399363769594 -0.059879187013799656 0.057188442875492608 0.052064980454626555 -0.04853721186304108 -0.012044063652554197 0.034484214280327767 -0.019342633305704234 -0.0041722698993281694 0.0053361969377766789 -0.057794227074736498 -0.024112600532027521 0.016220320931653806 -0.043511425377292995 0.054990962936415748 0.052477944820156386 0.050985621532306062 0.051618979806740399
leaf_weight=1.4304742245003597 1.1057625319808755 2.4875103756785384 1.2190049123018982 1.3069593850523231 1.6328213531523927 1.3075793599709871 1.0231294324621556 1.3070404985919595 1.1661822237074377 1.4615943767130373 3.3332326244562864 2.2011935822665691 1.2531028352677822 1.4372147601097824 1.7826471673324702 0.63031916692852963 1.0947020296007393 0.71703089214861382 0.80096466466784511 0.66791692329570629 0.67551795858889818
leaf_count=28 22 27 25 15 15 28 38 23 14 15 33 30 20 23 26 16 19 12 26 39 29
internal_value=0.000229922 0.00562534 0.026569 -0.004048 -0.00363759 -0.013613 0.0205655 -0.0120886 -0.0195719 -0.00157926 0.000163835 0.0186944 -0.022168 -0.0391391 -0.0412114 0.0464989 -0.0516189 0.0532706 0.052371 0.0517425 0.0513041
internal_weight=30.0419 20.8916 6.40645 2.52596 14.4851 10.2575 4.22767 9.15031 7.71984 4.02174 6.84201 3.50877 2.56014 3.6981 3.41547 3.88048 2.53192 1.74016 3.25016 2.1444 1.34343
internal_count=523 381 172 40 209 132 77 142 114 58 91 58 43 56 41 132 42 50 116 94 68
is_linear=0
shrinkage=0.05


Tree=84
num_leaves=20
num_cat=0
split_feature=28 298 89 89 50 23 25 326 131 36 100 75 103 3 27 61 97 99 28
split_gain=0.771699 1.1683 0.898508 1.75104 0.947446 1.04723 1.15072 1.05472 1.25781 2.44022 0.904646 0.84379 1.00177 1.12406 0.81799 0.435648 0.0750974 0.0658644 0.0173541
threshold=1197.5536924495539 1.0000000180025095e-35 65.624149176278834 51.619529224219683 6.0570574465605116 -2.34634710865422 0.069284128173976736 1.0000000180025095e-35 79.15935000000006 7.2062132198918984 0.32170117086194078 53.804129340244891 4.7790574029262256 -0.39491140691109478 2.0682538364924929 19.825978316078501 27.20147744614189 3.1552232570192174 682.23553558068181
decision_type=2 2 2 2 2 8 10 2 2 2 2 2 2 2 2 2 2 2 2
left_child=2 16 3 4 5 6 7 8 -1 18 14 12 13 -11 -7 -9 -2 -16 -10
right_child=1 -3 -4 -5 -6 10 -8 15 9 11 -12 -13 -14 -15 17 -17 -18 -19 -20
leaf_value=-0.034885593927483742 0.05381661796536405 -0.020283310495971124 -0.044829533909467568 0.054598806495491661 -0.032674765736226449 -0.0036915970926170148 0.045628125132486548 0.047703402373724689 0.054654334474213029 -0.042000752214309905 0.0086909337604715239 -0.043858882889437394 0.02942629755002292 0.014568508820335431 -0.0415460696371764 0.0064065991192994547 0.033417271239335154 -0.059121403985735559 0.045028285252901874
leaf_weight=2.6649586139246813 1.2765764333307736 0.97521633468568314 1.1953585222363461 1.3657469740137447 2.5097812786698332 1.4142815629020504 1.669191769324242 1.5216164765879505 1.3923086421564206 1.9433046430349428 1.9529834501445291 1.4663724452257154 1.7925072973594067 1.6021180152892989 0.87443806417286429 1.1004997589625416 0.69776162039488543 1.365490269847214 0.70544872898608435
leaf_count=30 33 11 18 39 33 20 33 30 33 25 32 20 26 25 17 25 25 26 22
internal_value=0.000228913 0.0244911 -0.00246785 -0.000469618 -0.00360658 -0.00020788 0.0063591 0.00173954 -0.00475094 0.0042703 -0.0187807 -0.010265 -0.00103653 -0.016438 -0.0334628 0.0303712 0.0466072 -0.0522602 0.0514172
internal_weight=29.486 2.94955 26.5364 25.341 23.9753 21.4655 15.8583 14.1891 11.567 8.90206 5.60719 6.8043 5.33793 3.54542 3.65421 2.62212 1.97434 2.23993 2.09776
internal_count=523 69 454 436 397 364 269 236 181 151 95 96 76 50 63 55 58 43 55
is_linear=0
shrinkage=0.05


Tree=85
num_leaves=22
num_cat=0
split_feature=176 131 58 39 20 158 17 92 91 355 59 66 24 16 3 300 24 11 16 103 84
split_gain=0.777455 1.00342 1.17752 0.940241 1.18244 0.90161 0.954526 1.52232 1.28308 1.07581 1.04832 1.14883 1.03017 0.805426 0.791836 0.73416 0.651787 0.550035 0.188392 0.0334612 0.00618388
threshold=2.5000000000000004 50.102250000000033 6.0711935876477465 2.2308617736870917 2.1487709070797973 1.5000000000000002 2.5536398467432955 11.792765939966111 13.940504570174705 1.0000000180025095e-35 30.832952172872353 25.300875642623875 5.4662930926602691 1.819805194805195 -0.40455318558156667 1.0000000180025095e-35 6.0237870742383413 0.28687736132412006 1.753048780487805 1.1295357379062738 12.042208896399982
decision_type=2 2 2 2 8 2 2 2 2 2 2 2 10 2 2 2 8 10 2 2 2
left_child=1 -1 -3 13 -5 6 7 18 10 -9 16 -12 -11 -4 -10 20 -8 -13 19 -6 -14
right_child=-2 2 3 4 5 -7 8 9 14 12 11 17 15 -15 -16 -17 -18 -19 -20 -21 -22
leaf_value=-0.053316500671504764 0.038823292250695869 0.047737590925973405 -0.050923305551843705 0.053303575791000216 0.067216993646468659 -0.029136867256249695 -0.04938617629690098 -0.020149104665873701 -0.0048226694579286489 -0.033767760353848521 -0.036758487824574075 0.054262500656694773 0.051746266424738077 -0.0033519633665404103 0.053309581146756727 0.0049425567511654995 -0.0068096869820535103 -0.0023796769208730209 0.028500535138753742 0.052435915572830144 0.057795571072865516
leaf_weight=0.90423650387675181 1.2484760219231237 1.2440459411591316 1.690190115943554 1.0601924918592001 0.6132287289947328 2.4782806932926169 2.7431713202968222 3.0040261875838041 1.1997205009683969 0.71998269483447108 1.0587667319923642 0.97270582802593686 0.9239267697557807 1.878835381940007 1.1447256617248056 1.3309917282313108 1.3370006661862133 0.76620808243751526 0.81060964427888382 1.0193371097557244 0.77837600372731686
leaf_count=33 30 14 23 22 7 24 33 38 21 5 15 29 39 26 31 34 25 12 14 38 10
internal_value=0.000227724 -0.00151318 0.000236351 -0.0020783 0.00178989 -0.000823107 0.00298574 0.0143804 -0.00838195 0.0021509 -0.0192705 0.00430337 0.0199993 -0.0258804 0.0235616 0.0327614 -0.0354346 0.0293046 0.0482045 0.057988 0.0545123
internal_weight=28.927 27.6786 26.7743 25.5303 21.9613 20.9011 18.4228 9.20048 9.2223 6.7573 6.87785 2.79768 3.75328 3.56903 2.34445 3.03329 4.08017 1.73891 2.44318 1.63257 1.7023
internal_count=523 493 460 446 397 375 351 185 166 126 114 56 88 49 52 83 58 41 59 45 49
is_linear=0
shrinkage=0.05


Tree=86
num_leaves=23
num_cat=0
split_feature=162 39 11 158 83 21 3 3 17 12 64 367 355 3 4 88 25 32 98 30 45 35
split_gain=0.759699 1.33222 0.732697 1.25682 0.821283 1.29158 0.856723 1.26523 1.67562 1.22105 1.20011 1.10782 1.09575 0.716163 0.684934 0.606735 0.0465731 0.00865237 0.00246138 0.00142317 0.000267434 0.00010588
threshold=1.5000000000000002 1.6774422705885661 0.38716154706065237 1.5000000000000002 32.970000000000006 -2.469676969196319 0.087930957337330487 -0.40455318558156667 2.6909814323607431 -0.38841750729373153 4.5713127536355858 1.0000000180025095e-35 1.0000000180025095e-35 -1.5857253086419754 0.49355901047631134 17.189688355601309 -0.88300118155417995 11.631030293135238 4.2162276500267595 11.565049539409429 4.5218763208683397 6.0847168436950998
decision_type=2 2 8 2 2 10 2 2 2 8 2 2 2 2 2 2 10 2 2 2 2 2
left_child=1 13 3 4 5 -3 7 8 9 11 -9 -6 -13 -1 -14 -12 -7 -17 -15 -18 -19 -21
right_child=-2 2 -4 -5 6 16 -8 10 -10 -11 15 12 14 18 -16 17 19 20 -20 21 -22 -23
leaf_value=0.0061304122453865271 0.034811398110705098 -0.01644140316345092 0.036134616431221171 -0.035679268924874954 0.043531397257971699 0.035964241056519776 -0.03068017268931247 -0.019321754674604119 -0.045694888010849644 -0.040651376362156433 0.014361428079576112 -0.027815083189463963 0.048375812359963785 -0.055959142544868834 -0.0032109875677341589 0.058679629620288366 0.054769833982578744 0.052837596829744628 -0.052188689436152361 0.052145388235372118 0.051391934102955887 0.051169277075776801
leaf_weight=0.69445822574198279 1.5038796286098648 1.1709874179214241 1.4624605714343477 2.2704404667019835 1.997581743635237 0.55625972850248251 2.1189202936366192 1.2216200046241166 2.1838361956179142 1.2973597445525351 1.6113860164768996 2.0955596007406712 1.2051660418510439 0.77399677690119151 1.3805034486576913 0.86407329887151751 0.54732897691429627 0.78515626955777384 0.98202378023415804 0.55299100466072537 0.53987553622573614 0.55829157773405313
leaf_count=12 38 9 32 22 30 24 25 13 31 22 35 30 17 14 23 9 8 20 34 18 25 32
internal_value=0.000228702 -0.00170683 0.00181994 -0.000366025 0.0035097 0.0260298 -0.000897547 0.00325912 -0.00688899 0.00373588 0.0237893 0.0123581 -0.000944209 -0.0368522 0.0208333 0.0376468 0.048484 0.054787 -0.0538506 0.0526829 0.0522486 0.051655
internal_weight=28.3742 26.8703 24.4198 22.9573 20.6869 3.38586 17.301 15.1821 10.16 7.97617 5.02211 6.67881 4.68123 2.45048 2.58567 3.80049 2.21487 2.18911 1.75602 1.65861 1.32503 1.11128
internal_count=523 485 425 393 371 91 280 255 153 122 102 100 70 60 40 89 82 54 48 58 45 50
is_linear=0
shrinkage=0.05


Tree=87
num_leaves=23
num_cat=0
split_feature=162 36 2 55 100 13 87 317 122 5 187 70 0 23 89 346 22 12 26 0 39 15
split_gain=0.698386 1.2487 0.724627 0.852937 0.9703 0.877071 0.787698 1.21452 1.18181 0.995861 0.878739 1.37042 1.24615 2.14997 1.31193 0.829549 0.319881 0.313554 0.0381658 0.00215133 0.00113614 0.000146582
threshold=1.5000000000000002 3.9601827114627191 0.4763595559427391 5.1573963106972966 0.12334933648335568 0.50796664367712785 38.920872528752454 1.0000000180025095e-35 1.5000000000000002 11.42481203007519 1.0000000180025095e-35 11.290539198558449 12.053724799707883 -2.9052516723597277 25.200991569517175 1.0000000180025095e-35 2.3576373270198503 -0.49285709427865759 2.8473361253860765 12.850726079842703 1.262046646770193 1.1270161290322582
decision_type=2 2 2 2 2 8 2 2 2 2 2 2 2 10 2 2 10 10 2 2 2 2
left_child=1 20 3 5 -5 6 7 15 -9 -10 11 12 13 -11 -14 -3 -4 -12 -16 -20 -1 -21
right_child=-2 2 16 4 -6 -7 -8 8 9 10 17 -13 14 -15 18 -17 -18 -19 19 21 -22 -23
leaf_value=-0.05122827954923001 0.033681322528701221 -0.05194819290331594 0.0076580144716582657 -0.00054476143078811899 0.051311192748621115 -0.0444535038024962 0.035523346212809163 -0.047356477719380147 0.05605398784341057 -0.055472112004505719 0.053006070176928079 -0.04803922746868209 -0.01629157087901165 0.015672717567178026 0.037797746996563464 -0.0079185299619557916 0.055556278733624426 0.011369149802239895 0.055601443525565432 0.051316217149401336 -0.054387047457355654 0.052449644249730955
leaf_weight=0.55544467084110383 1.477310805581509 2.0109463054686971 0.60475287912413367 2.2217866079881783 1.5187155958265064 1.347776599228381 1.2578105200082053 1.1066389232873888 0.93987556919455428 1.7769319005310533 0.99943518592044711 1.4718362116254864 1.1432959651574495 2.6389634758234006 0.53404526133090291 2.2857113592326641 0.82283774437382817 0.82574727572500595 0.57326544169336546 0.60654504084959604 0.58393354248255491 0.5385151756927371
leaf_count=29 38 29 16 34 37 26 12 11 14 16 27 22 19 36 20 24 31 14 11 31 12 14
internal_value=0.000227715 -0.00164681 0.000665803 -0.00140978 0.0205097 -0.00549757 -0.00269131 -0.00544558 0.0020927 0.00663456 0.00245327 -0.00378221 0.00455659 -0.0129556 0.0273303 -0.0285255 0.0352657 0.0341687 0.0494726 0.0531011 -0.0528472 0.0518493
internal_weight=27.8421 26.3648 25.2254 23.7978 3.7405 20.0573 18.7096 17.4518 13.1551 12.0485 11.1086 9.2834 7.81156 4.4159 3.39567 4.29666 1.42759 1.82518 2.25237 1.71833 1.13938 1.14506
internal_count=523 485 444 397 71 326 300 288 235 224 210 169 147 52 95 53 47 41 76 56 41 45
is_linear=0
shrinkage=0.05


Tree=88
num_leaves=21
num_cat=0
split_feature=25 72 140 8 57 75 89 98 60 24 24 20 27 12 57 0 47 12 0 68
split_gain=0.679911 0.906283 0.839953 0.837411 1.16933 1.13996 1.10208 0.888088 0.845999 1.39996 1.07259 0.843771 0.740959 0.725311 0.67377 0.38993 0.111472 0.091423 0.00546889 6.00946e-05
threshold=-0.92637260151251244 10.20827782550985 1.0000000180025095e-35 474.12414144804501 44.090639895576153 68.839237270664398 36.951100141314313 12.788816372133452 12.176869996196436 5.8767849797506724 5.7673493221481467 2.28212851305917 2.220852525606642 -0.3986735736903671 14.888709148665301 11.749879018676834 14.210421365598094 -0.34760503093746287 12.50936145899627 65.78944485112423
decision_type=8 2 2 2 2 2 2 2 2 10 10 10 2 10 2 2 2 8 2 2
left_child=-1 2 3 4 6 -5 8 15 9 -2 -10 -11 17 -12 -3 -8 -16 -6 -17 -20
right_child=1 14 -4 5 12 -7 7 -9 10 11 13 -13 -14 -15 16 18 -18 -19 19 -21
leaf_value=0.034377811047381829 0.031707834329092757 -0.0029159081034394029 -0.03912729410568952 -0.055255834342946578 0.054582343036621565 0.0060648257737343989 0.0084449438507206362 -0.014968523577850449 -0.055787743644132783 -0.041279283847100626 0.0091631609492685718 0.0098478525386249301 -0.010010646737387132 -0.030809406537787361 0.027056211298422336 0.05772534631120764 0.054701199848896313 0.031252166951998055 0.05160377493796528 0.050818487448863948
leaf_weight=1.3832063726149497 2.466687117703275 1.2574333902448409 1.6658578170463432 1.6184115577489131 1.4109876570291815 1.4254571441560981 0.69945163652300824 1.113892840221524 1.8077903883531687 1.7891898397356274 2.3364880019798981 1.469983924180269 0.77139064483344544 2.2066438640467716 0.54249922977760423 0.48383506014943112 1.1122755338437853 0.59782767761498679 0.72636035457253434 0.36657213838770986
leaf_count=33 33 26 37 18 39 30 11 11 23 27 39 18 15 29 22 6 31 20 28 27
internal_value=0.000223813 -0.00160239 -0.00493563 -0.00226039 0.00178963 -0.0265391 -0.00357672 0.0216142 -0.0106481 0.00328912 -0.0232137 -0.0182194 0.0316438 -0.0102519 0.0246734 0.0395164 0.0456381 0.0476392 0.0532996 0.0513404
internal_weight=27.2522 25.869 22.9568 21.291 18.2471 3.04387 15.4669 3.39011 12.0768 5.72586 6.35092 3.25917 2.78021 4.54313 2.91221 2.27622 1.65477 2.00882 1.57677 1.09293
internal_count=523 490 411 374 326 48 252 83 169 78 91 45 74 68 79 72 53 59 61 55
is_linear=0
shrinkage=0.05


Tree=89
num_leaves=25
num_cat=0
split_feature=176 75 39 3 36 50 13 94 370 4 57 50 92 35 122 105 168 103 71 89 18 67 125 81
split_gain=0.651047 0.79836 0.677512 0.780523 0.923045 1.0864 1.15822 0.887712 1.22525 0.81569 0.969974 0.774869 0.766281 0.757093 0.564256 0.485749 0.456132 0.443337 0.433434 0.429575 0.0891104 0.0261896 0.00247155 0.000314685
threshold=2.5000000000000004 18.031456937723998 1.6774422705885661 -0.59740604031913414 9.8274717882931153 6.0570574465605116 0.33695622769067951 5.3965102767618705 1.0000000180025095e-35 0.55820100761145075 14.888709148665301 5.4940286434762751 25.949599716099979 5.6186065426416603 2.5000000000000004 0.38278388278388281 1.0000000180025095e-35 2.9057134338399253 5.2650868498305998 26.937098693923414 16.15944800381779 12.976081979924738 1.5000000000000002 10.524115764110292
decision_type=2 2 2 2 2 2 10 2 2 2 2 2 2 2 2 2 2 2 2 2 10 2 2 2
left_child=1 14 15 7 5 6 13 12 -9 10 -8 -10 19 -5 -1 -3 17 -11 -15 -4 -18 -22 23 -23
right_child=-2 2 3 4 -6 -7 9 8 11 16 -12 -13 -14 18 -16 -17 20 -19 -20 -21 21 22 -24 -25
leaf_value=-0.055044415425559316 0.037031907995356404 0.001419582396090276 -0.056551107286554415 -0.049933514202353618 -0.028100323596333729 -0.033881342517632855 -0.030823929076804476 -0.031618200061277558 0.005083263351264234 -0.0074305097344919899 0.038807884320809859 0.056084276410885238 -0.00032371386537335522 -0.012980471111578767 -0.0075456610457697157 -0.053032970831881146 0.036306045360690417 0.043312241824634917 0.03364705785244828 -0.015629238682458781 0.064077849571533896 0.051447990901254584 0.055969093561935572 0.053099327629064254
leaf_weight=1.0971221840009158 1.1495635262690473 0.72767744213342911 1.5678446181118579 0.72089539840816419 1.2716415598988522 0.95989420963451344 0.9678816222585741 1.2774274218827484 1.7561314860358836 0.74129415303468693 1.0348880919627843 1.2931626951321957 2.2879988607019186 1.0177281703799961 1.4537170846015213 0.93683670461177826 0.63278730493038926 1.0265465341508386 0.97671540360897768 1.0852010296657679 0.90485784783959422 0.55986551102250792 0.76086930232122529 0.59521495457738638
leaf_count=19 30 13 19 7 21 21 16 17 28 14 32 25 28 12 29 32 17 27 31 23 7 28 13 14
internal_value=0.000219767 -0.00142978 0.00150107 0.00388687 0.0122119 0.0169151 0.0218207 -0.00704613 0.00949056 0.0322848 0.00515681 0.0267121 -0.0215268 -0.00601908 -0.027975 -0.0292279 0.0426901 0.0220347 0.00985388 -0.0398124 0.0532633 0.0570673 0.0537564 0.0522989
internal_weight=26.8038 25.6542 23.1034 21.4388 12.1711 10.8994 9.93954 9.26777 4.32672 7.22421 2.00277 3.04929 4.94104 2.71534 2.55084 1.66451 5.22144 1.76784 1.99444 2.65305 3.45359 2.82081 1.91595 1.15508
internal_count=523 493 445 400 260 239 218 140 70 168 48 53 70 50 48 45 120 41 43 42 79 62 55 42
is_linear=0
shrinkage=0.05


Tree=90
num_leaves=24
num_cat=0
split_feature=28 298 89 89 50 23 16 78 46 35 71 11 168 130 98 20 271 97 68 66 46 99 3
split_gain=0.652814 0.992826 0.908126 1.54302 0.735381 0.875838 0.921458 1.21435 0.910703 1.27426 1.01499 0.854799 0.769467 0.640459 0.509763 0.419397 0.105595 0.0752224 0.0261822 0.00753017 0.00251168 0.000635489 5.05516e-05
threshold=1197.5536924495539 1.0000000180025095e-35 67.45282990229579 51.619529224219683 6.0570574465605116 -2.34634710865422 1.8729838709677422 43.305241609174153 118.75454145705137 7.2622435530654768 10.135174946331595 0.3380420224101135 1.0000000180025095e-35 2.9529000000000019 10.906476717553454 2.4843000286075161 1.0000000180025095e-35 27.370521554822378 34.133294918362687 18.914546854300152 199.44514417239833 1.7788138280003369 0.087930957337330487
decision_type=2 2 2 2 2 8 2 2 2 2 2 10 2 2 2 10 2 2 2 2 2 2 2
left_child=2 17 3 4 5 6 7 11 -8 14 -11 16 13 19 -10 -9 18 -2 -1 -7 -5 -20 -23
right_child=1 -3 -4 20 -6 12 8 15 9 10 -12 -13 -14 -15 -16 -17 -18 -19 21 -21 -22 22 -24
leaf_value=0.06348237268532525 0.053194212664948483 -0.018702827723092459 -0.047498993552938074 0.051594386411591336 -0.030533696181667642 -0.052152847677582874 -0.037132662899385695 0.014484296665678126 0.053861911063230662 0.0068105182972757168 -0.050191284838232819 -0.010220029706185452 0.0061627988639707714 -0.0095285468571131311 0.0043248919477349218 -0.02154185659060949 0.036177223892979067 0.030979415353948547 0.053595339988207404 -0.058996264909878131 0.056095324901216749 0.051641935976835779 0.050852682579891485
leaf_weight=0.83479001186788027 1.1688089799135917 0.90291383117437352 1.0664701755158592 0.60091393860056885 2.2405652683228245 0.77965172566475194 1.8092297594994304 1.6356295542791488 1.2763423165306451 1.9628764130175116 1.2969698435626922 0.72144318325445045 1.9506346262060104 1.410414859652519 0.87562138587236393 1.5962410615757106 0.90580351464450348 0.56540902890264977 0.42902357038110472 0.8298093369230628 0.64014258980751038 0.37799162231385708 0.43793840333819389
leaf_count=7 37 11 17 27 33 29 25 24 32 31 19 16 31 23 15 17 23 21 11 12 13 18 31
internal_value=0.000217184 0.0238148 -0.00241094 -0.000284418 -0.00343195 -0.000257774 0.00608078 0.0190925 -0.00642244 0.00384434 -0.0158683 0.038623 -0.0183149 -0.0341259 0.0337056 -0.00330925 0.0504256 0.0459515 0.0566313 -0.0556812 0.053916 0.0520375 0.0512183
internal_weight=26.3156 2.63713 23.6785 22.612 21.371 19.1304 14.1599 6.93886 7.22104 5.41181 3.25985 3.70699 4.97051 3.01988 2.15196 3.23187 2.98555 1.73422 2.07974 1.60946 1.24106 1.24495 0.81593
internal_count=523 69 454 437 397 364 269 147 122 97 50 106 95 64 47 41 90 58 67 41 40 60 49
is_linear=0
shrinkage=0.05


Tree=91
num_leaves=21
num_cat=0
split_feature=162 36 2 55 100 13 88 3 21 40 95 88 83 0 17 22 37 187 39 15
split_gain=0.626969 1.08827 0.634952 0.793571 0.851102 0.766835 0.665782 0.870709 0.724338 0.802998 0.808092 1.36047 0.836794 0.796895 0.783004 0.298884 0.019225 0.00165433 0.000843294 0.000393897
threshold=1.5000000000000002 3.9601827114627191 0.4763595559427391 5.1573963106972966 0.12334933648335568 0.50796664367712785 24.402634303913114 -0.64289682539682502 -2.1327085764219587 5.4872180237666397 5.3235511148904013 16.949636284518835 90.095000000000013 12.053724799707883 2.4309523809523812 2.3449799241661959 4.0354945812930874 1.0000000180025095e-35 1.262046646770193 1.1270161290322582
decision_type=2 2 2 2 2 8 2 2 10 2 2 2 2 2 2 10 2 2 2 2
left_child=1 18 3 5 -5 6 8 -8 9 10 14 12 16 -11 -3 -4 -12 19 -1 -18
right_child=-2 2 15 4 -6 -7 7 -9 -10 13 11 -13 -14 -15 -16 -17 17 -19 -20 -21
leaf_value=-0.051090296846011754 0.033191021986129908 0.01103791199632809 0.0061393419844217902 0.00035623449741736357 0.050718662333498768 -0.043728345965626816 -0.014552817679664399 0.045849514081336237 -0.039638205306336924 -0.052312958146982239 0.064390755557388102 -0.016359561031830713 -0.0062636462726329478 -0.0047727450977803195 -0.028145084711098157 0.054733835447748007 0.050846618352437339 0.055170429113577071 -0.05398929061194882 0.052717357221583161
leaf_weight=0.48593905381858948 1.365425664000212 2.462298229336751 0.54230248136445769 2.1065267417579885 1.3940638820640741 1.2274743448942889 1.0077469851821663 1.4624886079691339 1.510696256533264 1.4198443107306951 0.47264175117015916 1.6742415246553717 0.73105245828628529 2.324844017624855 2.6441587777808309 0.75968601647764444 0.4946336345747111 0.5891329813748597 0.51854255888611078 0.65265941619873047
leaf_count=29 38 33 14 34 37 26 16 38 22 13 7 28 10 39 30 33 37 10 12 17
internal_value=0.000216888 -0.00162224 0.000558363 -0.00143415 0.0204124 -0.00552948 -0.00284193 0.021208 -0.00680883 -0.0031257 0.00445261 0.019618 0.0401053 -0.0227982 -0.00925131 0.0344933 0.0554503 0.0530167 -0.0525868 0.0519108
internal_weight=25.8464 24.481 23.4765 22.1745 3.50059 18.6739 17.4464 2.47024 14.9762 13.4655 9.72082 4.61436 2.94012 3.74469 5.10646 1.30199 2.20907 1.73643 1.00448 1.14729
internal_count=523 485 444 397 71 326 300 54 246 224 172 109 81 52 63 47 71 64 41 54
is_linear=0
shrinkage=0.05


Tree=92
num_leaves=22
num_cat=0
split_feature=25 72 140 8 32 57 75 27 89 93 93 105 90 33 91 16 21 83 53 91 16
split_gain=0.593579 0.776604 0.718743 0.704601 1.02035 1.05796 0.991812 0.836832 0.761015 0.735676 1.11059 0.951678 0.642403 0.610545 0.549867 0.465865 0.242724 0.00339667 0.00232057 0.000203895 4.09168e-05
threshold=-0.92637260151251244 10.20827782550985 1.0000000180025095e-35 474.12414144804501 15.071700990815899 44.790088826317508 68.839237270664398 2.2303334358527493 36.951100141314313 10.046267513132401 29.315204066519019 0.36939571150097467 5.2316806112737373 7.0213903124701664 5.8197357992654402 1.9622507122507125 -2.3012092825887858 96.75500000000001 9.5380682144754676 13.306641112890611 1.5787841191067
decision_type=8 2 2 2 2 2 2 2 2 2 2 2 2 2 2 2 8 2 2 2 2
left_child=-1 2 3 4 5 8 -5 18 9 11 12 -2 -11 -3 -10 17 -6 19 20 -15 -7
right_child=1 13 -4 6 16 7 -8 -9 14 10 -12 -13 -14 15 -16 -17 -18 -19 -20 -21 -22
leaf_value=0.033267364990805952 -0.016393506959516038 -0.017461157069828526 -0.037701656074026334 -0.052743139393734421 0.056199765014929765 0.051134921715467144 0.0058520231884756062 -0.013639969039199801 -0.014079412801591237 -0.012422356557681697 0.0036664067688837567 0.038663948461597895 -0.050222027002603579 0.050927397214708729 0.034724260006760731 0.0013810839434595873 0.017090578626937605 0.056753426358411019 0.055612051332360482 0.052462176240970083 0.051848066831662799
leaf_weight=1.289437348488718 1.8676260132342739 0.67166963126510326 1.5341364131309081 1.5241148024797433 0.9259012583643198 0.41999817546456986 1.3725401815026996 0.70522278454154719 0.89790315227582995 1.7847078014165161 2.733548840507865 1.3538085641339419 3.0362559789791703 0.44952632393687986 1.615692041814327 0.61590856127440918 0.69416524376720079 0.52799243107438087 0.58569164806976914 0.41726796282455325 0.38597439602017403
leaf_count=33 31 10 37 18 32 25 30 14 20 32 35 23 39 31 39 16 12 9 9 13 15
internal_value=0.000215184 -0.00155179 -0.00472543 -0.00218362 0.00169897 -0.0022751 -0.0249786 0.0307317 -0.00748306 -0.0132618 -0.0217929 0.0067444 -0.0362287 0.0238118 0.0172907 0.0375989 0.0394423 0.053592 0.0532169 0.0516662 0.0514764
internal_weight=25.4091 24.1197 21.4373 19.9032 17.0065 15.3864 2.89665 2.09689 13.2895 10.7759 7.55451 3.22143 4.82096 2.68236 2.5136 2.0107 1.62007 1.39479 1.39166 0.866794 0.805973
internal_count=523 490 411 374 326 282 48 63 219 160 106 54 71 79 59 69 44 53 49 44 40
is_linear=0
shrinkage=0.05


Tree=93
num_leaves=23
num_cat=0
split_feature=28 298 89 89 50 140 47 78 92 325 5 102 25 35 23 47 122 100 53 95 89 46
split_gain=0.5769 0.901404 0.767836 1.38985 0.676498 0.769737 0.763975 1.06325 0.90524 1.14343 0.804026 1.08159 0.778233 0.673181 0.82532 0.531438 0.37235 0.14365 0.0812988 0.0662703 0.00627046 0.0018426
threshold=1197.5536924495539 1.0000000180025095e-35 67.45282990229579 51.619529224219683 6.0570574465605116 1.0000000180025095e-35 9.6331975082322927 70.870529045279781 28.107604968483972 1.0000000180025095e-35 17.372294372294373 4.6422779498454441 -0.89613874689056872 6.0029018187281151 -2.3296212902901372 14.971988467647625 7.5000000000000009 0.44321262819860602 14.042455247794766 6.189212962962964 18.372272789678174 199.44514417239833
decision_type=2 2 2 2 2 2 2 2 2 2 2 2 10 2 10 2 2 2 2 2 2 2
left_child=2 18 3 4 5 6 13 8 9 10 15 19 -11 14 -1 -8 20 -14 -2 -12 -10 -5
right_child=1 -3 -4 21 -6 -7 7 -9 16 12 11 -13 17 -15 -16 -17 -18 -19 -20 -21 -22 -23
leaf_value=-0.0029821850581226322 0.053124733493792445 -0.017981232415667195 -0.044764470912405936 0.05143606633946355 -0.029842094980769163 -0.035576317286742994 0.0025135617111953076 -0.042103035529507275 0.058706496047710714 -0.010934724984750134 0.060099905939487178 -0.013219036631960907 0.031005765715226053 0.011338435983531453 -0.055300945677259829 -0.042891431535107799 0.013220985581656406 0.056309443126851301 0.029423639308804136 0.035984443832675038 0.05236233107286016 0.055471164813512268
leaf_weight=1.5506925377994774 1.0720007009804242 0.87015363574028004 1.0170999378897239 0.53879883745685109 2.1484756330028167 1.4159708311781276 1.0164304976351508 0.92446082737296897 0.70509581640362851 0.82826843857765231 0.62445996701717399 1.7687332150526343 0.97270600916817818 1.6458698613569138 1.4667819570750205 1.7609019409865139 0.7946227816864847 1.3248218172229824 0.54614824196323741 0.52388378838077188 0.87013384513556957 0.59573422651737928
leaf_count=22 32 11 17 27 33 36 27 13 9 16 15 21 24 32 21 28 19 23 26 25 33 13
internal_value=0.000212353 0.0230571 -0.00231475 -0.000304421 -0.00330827 -0.000174935 0.00281277 0.00943245 0.01369 0.00631851 -0.00701952 0.0113129 0.030617 -0.0143839 -0.0284141 -0.0262744 0.0411256 0.0455966 0.0451253 0.0490982 0.0552021 0.0535549
internal_weight=24.9822 2.4883 22.4939 21.4768 20.3423 18.1938 16.7779 12.1145 11.1901 8.82021 5.69441 2.91708 3.1258 4.66334 3.01747 2.77733 2.36985 2.29753 1.61815 1.14834 1.57523 1.13453
internal_count=523 69 454 437 397 364 328 253 240 179 116 61 63 75 43 55 61 47 58 40 42 40
is_linear=0
shrinkage=0.05


Tree=94
num_leaves=23
num_cat=0
split_feature=162 39 11 158 269 176 47 93 34 24 102 58 102 3 22 44 7 2 98 90 59 19
split_gain=0.561773 0.994369 0.593062 1.02022 0.666486 0.857538 0.884881 0.990566 1.03607 1.05595 0.899825 1.0238 0.783308 0.59132 0.420239 0.24559 0.109009 0.00266585 0.00204218 0.00114829 0.00041481 9.19765e-05
threshold=1.5000000000000002 1.6774422705885661 0.38716154706065237 1.5000000000000002 1.0000000180025095e-35 1.5000000000000002 19.395281380286939 40.447366887211039 9.9710328521913052 5.9742845223334706 0.33938502355462113 55.945717842048126 4.677723855111191 -1.5857253086419754 2.3552572824552738 11.048441379513067 253.93699999999998 0.15325878042779209 9.7971143346534806 9.8814734587583928 30.757323823070205 9.8549000649500318
decision_type=2 2 8 2 2 2 2 2 2 10 2 2 2 2 10 2 2 2 2 2 2 10
left_child=1 13 3 4 5 6 7 8 9 12 -8 14 -3 -1 -12 20 -9 -18 -7 -15 -10 -19
right_child=-2 2 -4 -5 -6 18 10 16 15 -11 11 -13 -14 19 -16 -17 17 21 -20 -21 -22 -23
leaf_value=0.0063169409836790064 0.032217093519097399 0.04187954772330621 0.034537052584057745 -0.034702994885756989 -0.030099679658082707 0.051228957464054994 0.020158485635258322 0.025046572405481405 0.05334081960063989 -0.02628556705990755 -0.019778285905489957 0.010331847088577413 -0.010935280799927316 -0.051661676041002504 -0.056425902474028483 0.010913196665787153 0.055721661490214416 0.051894715818679854 0.056048791634469255 -0.054526552387190876 0.051416724754890945 0.050784715009778908
leaf_weight=0.59777632821351279 1.2985665332525957 1.4730232772417458 1.283828530460595 1.9677368253469456 1.3851260226219881 0.53841998521238643 1.7080654930323369 0.45636748522520054 0.46556504163891055 2.899527482688427 1.5071948207914831 1.6026883083395658 1.3412954639643428 0.69972916925326589 1.6263328585773704 0.52124635130166996 0.61202497826889135 0.33763511292636395 0.37134647136554122 0.69934518449008465 0.70321693411096931 0.41726512229070067
leaf_count=12 38 27 32 22 20 33 26 10 12 35 25 27 17 35 22 14 13 11 11 13 35 33
internal_value=0.000213464 -0.00157673 0.00159783 -0.000523578 0.00321987 0.00600325 0.00326358 0.0131927 0.00506297 -0.00510928 -0.0109533 -0.0221735 0.0167082 -0.0353086 -0.0387988 0.0394545 0.0462052 0.0532693 0.0531963 -0.0530937 0.0521832 0.0512812
internal_weight=24.5133 23.2148 21.2179 19.9341 17.9663 16.5812 15.6714 9.22717 7.40387 5.71385 6.44428 4.73622 2.81432 1.99685 3.13353 1.69003 1.82329 1.36693 0.909766 1.39907 1.16878 0.7549
internal_count=523 485 425 393 371 351 307 207 140 79 100 74 44 60 47 61 67 57 44 48 47 44
is_linear=0
shrinkage=0.05


Tree=95
num_leaves=22
num_cat=0
split_feature=41 140 11 158 8 37 102 24 17 127 108 3 94 130 108 103 32 32 37 36 68
split_gain=0.755042 0.63246 0.809976 0.706691 0.642809 1.10067 1.00698 1.00683 1.34246 1.39199 0.96108 0.797166 0.799978 0.668899 0.666079 0.38869 0.213123 0.00893554 0.00176796 0.000199007 1.56598e-05
threshold=-4.1199999999999983 1.0000000180025095e-35 0.38716154706065237 1.5000000000000002 474.12414144804501 4.0354945812930874 2.041513063131315 6.3092629436242351 2.6030303030303035 1.0000000180025095e-35 6.5000000000000009 -0.55277001072134424 9.4198138991467495 2.7117500000000012 5.5000000000000009 4.7790574029262256 9.4032849935545553 14.965147172033532 7.3656936995627307 6.8010782300718997 65.78944485112423
decision_type=2 2 8 2 2 2 2 10 2 2 2 2 2 2 2 2 2 2 2 2 2
left_child=-1 2 3 4 5 6 11 8 9 14 -6 -2 -13 -10 16 -3 -7 -9 19 -18 -21
right_child=1 15 -4 -5 10 7 -8 17 13 -11 -12 12 -14 -15 -16 -17 18 -19 -20 20 -22
leaf_value=0.053920095752829245 -0.025138474694160185 -0.052943068598038726 0.042190896426408636 -0.031412529483882304 -0.051991726452862742 0.089865270251286405 -0.044384495130571966 0.053637685961291676 -0.027626079176541914 -0.016660310252030183 0.0072461091093778632 0.035095992526140478 -0.019685221498925806 0.01673849197706535 0.0037490720879838494 -0.0064268029268898276 0.052253425850961058 0.0458321215179643 0.055212401347231578 0.05123235974353272 0.05074825044406879
leaf_weight=0.63701709918678062 1.8101860433816908 0.90102010034024604 1.1371754107531149 1.7644548974931229 1.2942096265032881 0.49345022439956565 1.6317259464412925 1.1655322024598715 2.5119928326457743 1.1908068573102353 1.4538707723841069 2.0032231099903721 0.99866569787263859 1.28386535635218 0.66296406369656313 0.89535790402442217 0.57914911536499836 0.5349260065704583 0.45625631045550097 0.32977351313456893 0.33853038959205151
leaf_count=16 35 29 31 18 17 2 24 35 39 22 32 37 19 36 17 14 22 23 8 17 30
internal_value=0.000209897 -0.00124994 0.00111651 -0.00116157 0.00168683 0.00552578 -0.0104414 0.0163027 0.00874399 0.0287635 -0.020652 0.00106832 0.0168714 -0.0126207 0.0476756 -0.0297582 0.0609298 0.0511822 0.0525491 0.051575 0.0509871
internal_weight=24.0742 23.4371 21.6408 20.5036 18.7391 15.991 6.4438 9.54725 7.84679 4.05093 2.74808 4.81207 3.00189 3.79586 2.86012 1.79638 2.19716 1.70046 1.70371 1.24745 0.668304
internal_count=523 507 464 433 415 366 115 251 193 118 49 91 56 75 96 43 79 58 77 69 47
is_linear=0
shrinkage=0.05


Tree=96
num_leaves=21
num_cat=0
split_feature=25 72 162 25 18 87 370 101 40 130 23 37 20 340 13 12 78 58 35 23
split_gain=0.538917 0.696656 0.591004 0.766519 0.857651 0.713108 0.791086 0.920193 0.796017 1.04337 0.68432 0.67054 0.607706 0.675409 0.89325 0.453368 0.43279 0.287348 0.102417 0.000541224
threshold=-0.92637260151251244 11.831440310397257 1.5000000000000002 0.55501682854577961 35.495692092229696 38.920872528752454 1.0000000180025095e-35 7.9910410119498776 5.0997375642675493 3.2538000000000022 -2.34634710865422 7.026191645603844 2.3869583816329651 1.0000000180025095e-35 0.38465778170768189 -0.49420959031591921 23.220642261394655 24.253205154189619 8.0397118349346375 -2.2895061450807921
decision_type=8 2 2 8 8 2 2 2 2 2 10 2 10 2 10 10 2 2 2 10
left_child=-1 2 3 4 5 6 7 -2 9 10 12 -10 13 14 16 -16 -8 -3 19 -11
right_child=1 17 -4 -5 -6 -7 8 -9 11 18 -12 -13 -14 -15 15 -17 -18 -19 -20 -21
leaf_value=0.03274363578033445 -0.051013589476107929 0.0058572994741369361 0.030008692797857464 -0.054192418445971016 0.03909489487923605 0.032778902153711695 0.0058655406535773006 -0.0022008150788192988 -0.046232750638874949 0.051153820079827432 -0.036588591661121522 -0.0028294760108168843 0.033440207926660574 -0.037423018383928433 -0.001392976433288038 0.047027538108398298 -0.039222984615769438 0.051857453819034866 0.022170971782494282 0.053450860057581151
leaf_weight=1.2078589010052381 2.12134091695772 0.58260045386850723 1.2173037659376849 0.7884802157059444 1.0941047947853793 1.08555757254362 1.0414285277947937 1.7720013316720722 1.6762590166181319 0.55929540097713459 1.2432049312628599 1.8967719278298316 1.3750338451936839 1.1692513693124054 0.77110488060863325 1.295811994932577 1.0884601678699253 0.81358172511681914 0.39134414261206973 0.47356710117310274
leaf_count=33 39 9 34 18 34 10 21 26 20 37 26 34 29 22 8 35 20 36 22 10
internal_value=0.00020896 -0.00154097 -0.00380847 -0.00588304 -0.00388399 -0.00650215 -0.0090291 -0.0287971 -0.00310039 0.00452964 -0.00250266 -0.0231918 0.00378353 -0.0038159 0.00554722 0.0289633 -0.0171765 0.0326625 0.0439537 0.052207
internal_weight=23.6644 22.4565 21.0603 19.843 19.0545 17.9604 16.8749 3.89334 12.9815 9.4085 7.9843 3.57303 6.74109 5.36606 4.19681 2.06692 2.12989 1.39618 1.42421 1.03286
internal_count=523 490 445 411 393 359 349 65 284 230 161 54 135 106 84 43 41 45 69 47
is_linear=0
shrinkage=0.05


Tree=97
num_leaves=21
num_cat=0
split_feature=55 38 60 23 16 3 88 4 90 100 103 127 104 5 2 58 41 3 99 33
split_gain=0.533187 0.773382 0.873864 0.640942 0.738853 0.830173 1.02835 0.845969 0.683638 0.658812 0.689715 0.736536 1.85228 0.675745 0.570164 0.567882 0.346563 0.327522 0.264141 0.0913384
threshold=5.1000446670203816 5.519256431636383 17.696995588936439 -2.1134196491408277 1.4110105580693819 -0.91219562284790467 24.402634303913114 0.52022457783300446 1.0000000180025095e-35 -0.14965613714621581 5.1776874591019419 1.0000000180025095e-35 3.1662227011585435 19.922619047619051 0.037336479507103844 43.697723819385985 -2.1349999999999993 -0.6060215989517943 1.1969402058662977 10.883035336159809
decision_type=2 2 2 8 2 2 2 2 2 2 2 2 2 2 2 2 2 2 2 2
left_child=3 2 -2 4 8 14 7 -7 -1 -9 11 12 13 16 -6 -12 -11 -8 -16 -3
right_child=1 19 -4 -5 5 6 17 9 -10 10 15 -13 -14 -15 18 -17 -18 -19 -20 -21
leaf_value=-0.0088868020795203687 0.030396972761721167 0.054687385526283688 -0.034384921637626631 -0.040356695770876673 0.0045083061932412322 -0.038864646772253889 0.0091178482016773914 0.039923925982317199 0.054630403944066687 -0.023246549650260656 -0.0036694599439257829 -0.044887201453291073 0.047337413262617138 -0.047633663838373155 -0.054363913418764002 0.041380503098974682 0.020552491012224047 0.053172419942424699 -0.022105009503337644 0.029452569710081661
leaf_weight=0.69579964876175182 1.0442773336544631 0.93713287520222344 1.038008776027709 1.0871018664911449 1.1231140801683168 1.4946916294284083 0.671375187113881 1.0024331980384946 1.0829851520247755 0.94365254463628401 1.4826590716838839 1.3543457463383672 1.311351468786597 1.5040812445804475 1.2726204702630641 1.3244027486070988 0.86622318485750416 1.1353153521195043 1.2656655781902371 0.58083846233785152
leaf_count=13 22 23 23 27 23 30 13 24 39 26 29 20 19 18 27 32 21 37 33 24
internal_value=0.000202657 0.0178897 -0.00189646 -0.00304327 -0.00085428 -0.00410764 0.00177899 -0.00382857 0.0297846 0.00152103 -0.00286016 -0.0124581 -0.00296251 -0.0228665 -0.025154 0.0175856 -0.00228393 0.0368015 -0.0382787 0.0450315
internal_weight=23.2181 3.60026 2.08229 19.6178 18.5307 16.7519 13.0905 11.2838 1.77878 9.78915 8.78672 5.97965 4.62531 3.31396 3.6614 2.80706 1.80988 1.80669 2.53829 1.51797
internal_count=523 92 45 431 404 352 269 219 52 189 165 104 84 65 83 61 47 50 60 47
is_linear=0
shrinkage=0.05


Tree=98
num_leaves=19
num_cat=0
split_feature=62 140 11 168 346 17 16 127 11 3 93 84 25 75 98 57 45 101
split_gain=0.496744 0.732883 0.696686 0.657404 1.25169 0.911037 1.09923 0.765726 1.49756 0.765694 0.747422 0.697675 1.01136 0.668338 0.504846 0.265316 0.060946 0.0480676
threshold=34.517964236045295 1.0000000180025095e-35 0.38716154706065237 1.0000000180025095e-35 1.0000000180025095e-35 2.5582655826558267 2.0467391304347831 1.0000000180025095e-35 0.11765381273755908 0.087930957337330487 31.306650178683075 5.4769578608900629 -0.12200702447588689 42.961268208178858 10.885804540938343 20.955076217126912 3.4751459000528526 14.929847878350381
decision_type=2 2 8 2 2 2 2 2 10 2 2 2 8 2 2 2 2 2
left_child=1 2 3 4 10 14 9 8 -6 13 16 12 -10 -7 17 -3 -1 -5
right_child=-2 15 -4 5 7 6 -8 -9 11 -11 -12 -13 -14 -15 -16 -17 -18 -19
leaf_value=-0.038111279360823008 0.028745142082004446 -0.053610876039373458 0.040416322154011863 0.055281041398011634 0.068329225951056324 -0.021502876520427261 0.031818628709118522 -0.029482695521639204 0.053210279837310394 -0.047200093765730602 0.0057121215858247166 -0.022673053769734521 -0.017655857527440918 0.025212644526694923 0.0075611250055324028 -0.012632555757485254 -0.055218234917542741 0.037077627257890725
leaf_weight=0.7607723716646565 1.4286755579523731 0.84291051654145011 1.0565837076865126 1.1256802624557152 0.94573444733396161 1.8393017528578641 1.6876644659787414 1.4583746679127214 1.0454625366255639 1.3382970821112392 0.80945558752864588 1.985031558666378 0.97113443817943368 1.3115699780173597 1.2724360171705482 0.74333316087722778 1.6494828555732963 0.5350066116079687
leaf_count=28 35 28 31 30 14 34 33 32 34 20 16 36 22 32 17 15 31 35
internal_value=0.000200654 -0.00170693 0.000913915 -0.00131382 -0.0104256 0.00831353 -0.00258234 0.0023574 0.0117432 -0.0155151 -0.0358578 -0.00163023 0.0190832 -0.00205725 0.031259 -0.0344079 -0.0498186 0.0494166
internal_weight=22.8069 21.3782 19.792 18.7354 9.62545 9.10996 6.17683 6.40574 4.94736 4.48917 3.21971 4.00163 2.0166 3.15087 2.93312 1.58624 2.41026 1.66069
internal_count=523 488 445 414 213 201 119 138 106 86 75 92 56 66 82 43 59 65
is_linear=0
shrinkage=0.05


Tree=99
num_leaves=22
num_cat=0
split_feature=41 53 102 98 95 13 43 31 3 76 168 50 127 59 88 335 25 23 15 83 101
split_gain=0.668699 0.543635 0.886884 0.834961 0.700738 1.0443 0.724737 1.21076 0.69375 0.657039 0.648784 0.608448 0.93954 0.852247 0.48922 0.473501 0.345489 0.157984 0.00419147 0.000224026 6.39936e-05
threshold=-4.1199999999999983 9.4143231052525067 1.4111403771806217 9.8939374411348098 36.864671883787913 0.54876849207753275 16.205771545070121 17.495413948635115 -0.6014786010723413 11.310456474848513 1.0000000180025095e-35 4.963751126205433 1.0000000180025095e-35 17.272891430897332 29.806841776336679 1.0000000180025095e-35 -0.90427113845306983 -2.5383185823811893 1.2456896551724139 58.150000000000013 12.769381938624935
decision_type=2 2 2 2 2 8 2 2 2 2 2 2 2 2 2 2 8 10 2 2 2
left_child=-1 4 15 10 5 6 8 14 -2 16 -4 12 13 -10 18 -3 -9 -12 19 20 -8
right_child=1 2 3 -5 -6 -7 7 9 11 -11 17 -13 -14 -15 -16 -17 -18 -19 -20 -21 -22
leaf_value=0.053462218825137776 -0.033803422679577748 -0.05452055193193707 -0.017561136679385466 -0.022910746248656869 0.043541814209121246 -0.054165261759190654 0.051772950448853022 -0.0383894635436599 0.046248940661298338 0.028211102535168092 0.021954483535944903 -0.029601512252716729 -0.019908197818598854 -0.010504874100889974 0.0051581773368251024 -0.010687046838312647 0.0020937065954913445 0.056097512722948398 0.056506575499297967 0.052583387453650633 0.050919277380945649
leaf_weight=0.57412255834788339 1.728348499163985 1.4894432919099927 0.66113087255507785 1.8469527084380386 1.0399133495520789 0.80848100781440813 0.3768714731559164 1.151760055683553 1.978025494143367 1.0681774062104521 0.56428659707307849 1.1889380887150762 1.636387047357857 0.99382753996178497 0.7040885118767618 1.0507163624279192 0.97159951552748758 0.84788871742784921 0.68815702199935902 0.51397966593503952 0.52582767955027521
leaf_count=16 39 33 17 28 27 16 14 17 37 27 17 17 29 31 23 21 23 28 10 14 39
internal_value=0.000196565 -0.001204 -0.0133748 0.0015376 0.00391024 0.00103511 0.00433457 0.017296 -0.00600017 -0.00377459 0.0233168 0.00228899 0.0105168 0.0272697 0.0412366 -0.0363892 -0.0198653 0.0424544 0.0533052 0.0517501 0.0512757
internal_weight=22.4089 21.8348 6.46042 3.92026 15.3744 14.3345 13.526 6.00046 7.52553 3.19154 2.07331 5.79718 4.60824 2.97185 2.80892 2.54016 2.12336 1.41218 2.10484 1.41668 0.902699
internal_count=523 507 144 90 363 336 320 167 153 67 62 114 97 68 100 54 40 45 77 67 53
is_linear=0
shrinkage=0.05


Tree=100
num_leaves=22
num_cat=0
split_feature=32 366 28 24 83 55 67 27 3 68 25 309 26 76 26 123 131 44 101 96 20
split_gain=0.492341 0.724883 0.601835 0.875645 1.20609 0.870017 0.835843 0.727544 0.669284 0.856784 1.00147 0.603907 0.389527 0.364392 0.150969 0.00158434 0.000659615 0.000239113 6.7295e-05 1.10552e-05 4.08938e-06
threshold=9.0620240011984752 1.0000000180025095e-35 546.34379451559278 5.5101575574185562 41.530000000000008 5.1000446670203816 45.906483179288543 1.7937767996066027 -0.084287525195263155 65.78944485112423 -0.1576250045441607 1.0000000180025095e-35 2.7264872068190873 8.9790308050281293 2.6443157985628036 1.0000000180025095e-35 58.950100000000035 9.1386744438745726 12.044303402707598 6.1467982435616104 2.3295985764253841
decision_type=2 2 2 10 2 2 2 2 2 2 10 2 2 2 2 2 2 2 2 2 10
left_child=1 16 13 -4 14 6 7 8 9 10 -6 -7 -9 -2 -5 18 -1 -11 -16 20 -20
right_child=2 -3 3 4 5 11 -8 12 -10 17 -12 -13 -14 -15 15 -17 -18 -19 19 -21 -22
leaf_value=-0.050961903142663294 0.053273659233312058 -0.0033625900180712372 -0.031726210794144352 0.013461605081206824 0.021126814854492061 0.046464730430198803 0.035942103560134962 -0.012951069148257048 -0.035870240786950745 0.051119207288820738 -0.03226266359461074 -0.0019968985426354609 -0.046913220693448381 0.0095112646114518459 0.051657584613602682 0.054780290097343955 -0.053518740238653023 0.052771414881863148 0.050437194802624957 0.051022480461338116 0.050766003946571096
leaf_weight=0.53764851950109249 0.90653333533555525 3.0606899550184608 1.8526516309939349 0.30938138067722221 1.9263603622093821 1.4650988532230249 1.0064290473237623 1.6432624980807307 1.0983345652930392 0.42135714599862684 1.6145039983093741 1.1454629385843873 1.7364323195070026 1.000810836907476 0.3115931926295159 0.41228637751191854 0.4751874515786767 0.45594561565667391 0.20439599500969052 0.24038860481232405 0.17596994061022997
leaf_count=37 25 34 31 14 38 32 32 27 17 29 26 30 32 20 12 9 10 12 27 15 14
internal_value=0.000195296 -0.0154959 0.00376074 0.000599644 0.00482691 -0.000477092 -0.00724636 -0.0121323 -0.000940365 0.00774303 -0.00321682 0.0252007 -0.0304003 0.0303109 0.0449535 0.0521993 -0.0521615 0.0519779 0.051058 0.0507571 0.0505893
internal_weight=22.0007 4.07353 17.9272 16.0199 14.1672 12.5132 9.90263 8.8962 5.5165 4.41817 3.54086 2.61056 3.37969 1.90734 1.65402 1.34463 1.01284 0.877303 0.932348 0.620755 0.380366
internal_count=523 81 442 397 366 275 213 181 122 105 64 62 59 45 91 77 47 41 68 56 41
is_linear=0
shrinkage=0.05


Tree=101
num_leaves=23
num_cat=0
split_feature=25 23 4 93 36 47 2 31 142 20 21 104 49 40 89 33 39 68 98 102 21 94
split_gain=0.46673 0.589386 0.628244 0.780236 1.80814 1.01082 0.73252 0.757566 0.686269 0.73935 0.825554 0.72463 0.588204 0.435349 0.5942 0.428888 0.297623 0.00559809 0.000333311 3.27549e-05 1.07566e-05 4.62705e-06
threshold=-0.92637260151251244 -3.1142399196875856 0.28461233473383579 31.036285403110817 10.136751850750578 5.1026046015708726 0.061349548944922179 17.086291489277258 1.5000000000000002 2.2938549210437511 -2.3954024458931191 1.4653872984378939 5.8919795333718818 5.4872180237666397 19.448367043257882 7.4600541563465255 2.7452582706415845 40.00723790583303 13.604919289589882 4.5529125981873246 -2.2109943370187244 4.6303050577559342
decision_type=8 10 2 2 2 2 2 2 2 10 10 2 2 2 2 2 2 2 2 2 8 2
left_child=-1 13 -3 6 5 -5 12 8 9 11 -11 15 16 14 -2 -8 -4 -7 19 20 21 -19
right_child=1 2 3 4 -6 17 7 -9 -10 10 -12 -13 -14 -15 -16 -17 -18 18 -20 -21 -22 -23
leaf_value=0.031860799776622074 -0.026805601408014121 0.038838883227186302 -0.055983458253855291 -0.0092660357408728029 -0.046284974647899609 0.056517514752180198 -0.052679072938622562 0.043338989266636041 -0.038152587306244622 -0.0070041810116607348 0.055814788886261894 0.01779535867831852 0.0013676822624716723 -0.038882085792440541 0.020167037903033636 0.00083266412459265563 -0.021492923443167569 0.050575648403118838 0.052813177414450102 0.051467901060463096 0.051157947686960192 0.050865888830963581
leaf_weight=1.104122521355748 1.510408157948411 1.12853448558599 1.2454796298407007 0.89087633742019479 0.84245199337601651 0.88295712694525752 1.0597470137290659 0.99507210915908206 1.1690183687023816 0.96986027434468303 1.1351269546430556 1.1659622583538292 1.4492483758367596 1.5760563379153607 1.2147175278514621 0.57903399039059866 1.2564492335077373 0.23530771816149354 0.34581822250038374 0.30931321671232581 0.21877908427268244 0.32975060539320111
leaf_count=33 23 31 23 17 11 11 36 29 24 8 35 20 35 19 37 15 30 25 9 15 13 24
internal_value=0.000193705 -0.00151104 0.00285518 0.000162333 0.0189148 0.0360113 -0.00673528 0.00289695 -0.00372328 0.00447441 0.0268713 -0.0123347 -0.0239799 -0.0179649 -0.00586767 -0.0337717 -0.0386626 0.0533834 0.0514602 0.0510322 0.0508603 0.050745
internal_weight=21.6141 20.51 16.2088 15.0803 4.05525 3.2128 11.025 7.07382 6.07875 4.90973 2.10499 2.80474 3.95118 4.30118 2.72513 1.63878 2.50193 2.32193 1.43897 1.09315 0.783837 0.565058
internal_count=523 490 411 380 125 114 255 167 138 114 43 71 88 79 60 51 53 97 86 77 62 49
is_linear=0
shrinkage=0.05


Tree=102
num_leaves=24
num_cat=0
split_feature=28 48 140 50 0 41 61 26 11 22 22 298 12 46 30 78 25 103 97 47 130 12 3
split_gain=0.457026 0.541729 0.688767 0.641038 0.890649 0.76596 0.898448 0.8744 0.820873 0.783477 0.657211 0.470648 0.441415 0.423619 0.365185 0.334617 0.332936 0.0978981 0.0589854 0.00780744 0.00190882 0.000346271 0.000104736
threshold=1211.550602076527 29.084189425067446 1.0000000180025095e-35 6.0570574465605116 12.873815415001573 -2.2849999999999993 19.566674378698945 2.4222513776104795 0.28723595379312117 2.4933666255221616 2.3982136100282951 1.0000000180025095e-35 -0.38511982796711447 118.75454145705137 17.281800426166637 25.390799328732925 0.064373682422229433 4.4492229953264424 27.20147744614189 14.342567312729095 0.57144000000000283 -0.49286997864244414 0.087930957337330487
decision_type=2 2 2 2 2 2 2 2 10 10 10 2 8 2 2 2 8 2 2 2 2 10 2
left_child=1 2 3 4 5 6 8 12 -1 13 19 18 -7 -9 16 -5 20 -4 -2 -6 -15 -22 -23
right_child=11 -3 17 15 10 7 -8 9 -10 -11 -12 -13 -14 14 -16 -17 -18 -19 -20 -21 21 22 -24
leaf_value=0.023847690803524793 0.052537641514136646 0.036110255491196147 -0.052512095837033083 -0.049127616255344918 0.045286658672897911 -3.6603805313898867e-05 -0.056107047046966334 0.0004063339869585117 -0.031705231445534041 -0.013349395211189342 -0.005796615209866348 -0.010455607131129127 -0.038215284576438018 0.0553623365316539 0.0015374194439333863 -0.0076941246756683304 0.0089978582174967681 -0.024451290345477012 0.029021692693472323 0.053418527693961049 0.053130718045466131 0.051810277877904147 0.050833761105626298
leaf_weight=1.287655476015068 0.71049959305673727 0.88900903193280001 0.67842077556997427 0.96753631997853407 0.41087710182182435 1.7450509117916224 1.2585537675768135 1.1208492321893571 1.3750969925895331 1.6501096924766896 0.77709199651144434 0.61940493620932091 1.3372487025335487 0.52668057754635267 0.6259767897427081 0.98171824123710394 0.54477575933561384 0.57364247646182775 0.42687320243567228 1.0481169559061525 0.42304305452854096 0.78396981675177124 0.42259847931563854
leaf_count=37 29 24 27 16 30 28 17 19 22 21 21 10 20 7 8 24 17 13 21 39 11 29 33
internal_value=0.000191261 -0.00201711 -0.00384545 -0.00125177 0.00218071 -0.00279696 -0.0212949 0.00510433 -0.00484092 0.0160752 0.0313457 0.0246134 -0.0166003 0.0269913 0.0359475 -0.0282601 0.0439221 -0.0396558 0.0437118 0.0511285 0.0527456 0.0518998 0.0514683
internal_weight=21.1848 19.428 18.539 17.2869 15.3377 13.1016 3.92131 9.1803 2.66275 6.098 2.23609 1.75678 3.0823 4.44789 3.32704 1.94925 2.70107 1.25206 1.13737 1.45899 2.15629 1.62961 1.20657
internal_count=523 463 439 399 359 269 76 193 59 145 90 60 48 124 105 40 97 40 50 69 80 73 62
is_linear=0
shrinkage=0.05


Tree=103
num_leaves=22
num_cat=0
split_feature=68 130 140 11 158 21 20 2 4 36 43 130 16 17 67 325 4 51 98 101 36
split_gain=0.43292 0.469089 0.394365 0.53316 0.578413 0.486729 1.13077 0.927756 1.03928 0.909998 0.868895 0.545958 0.704829 0.821165 0.497799 0.49362 0.446856 0.210256 0.00749283 0.000909946 3.38056e-05
threshold=83.752965664337225 4.0865200000000046 1.0000000180025095e-35 0.38716154706065237 1.5000000000000002 -2.3184839735822345 2.3741260720073898 0.073169301356201158 0.7349367726274374 9.6653583616557004 20.606587656043676 3.195800000000002 1.8651515151515154 2.2041666666666671 6.0043113951290978 1.0000000180025095e-35 0.5694729924249865 5.6096171327964628 2.9787393707482996 8.3353330626985631 8.7040222764609183
decision_type=2 2 2 8 2 8 10 2 2 2 2 2 2 2 2 2 2 2 2 2 2
left_child=2 -2 3 4 5 6 18 -8 -9 10 11 12 13 -7 -13 17 -4 -14 -1 -20 -21
right_child=1 -3 16 -5 -6 9 7 8 -10 -11 -12 14 15 -15 -16 -17 -18 -19 19 20 -22
leaf_value=0.043731170045488189 -0.012550325847072129 0.052707021862800796 0.0022547321270437689 0.037635598803660693 -0.030873384933144035 -0.024227596872874214 0.033345976202444623 -0.047843747441759267 0.0088818682172728779 -0.051837050059776214 0.046206206159569732 -0.011961419640250369 -0.052536428131946977 0.03002911244076405 0.051678737733707771 0.0012935677517203141 -0.052413614436893977 -0.022426556954557419 0.053899113000195654 0.050731781398251519 0.051457136661128056
leaf_weight=0.3293047638144343 0.42877371935173758 0.76977525744587183 0.71692096907645353 0.91503799706697364 1.530260533094405 1.2399053485132863 1.4784552101045845 1.3620744617655876 1.9829678097739813 0.96662783343345005 0.88654947467148293 0.54337313398718812 1.3886613426730039 1.593763848301023 0.70719968713819981 1.0417065247893336 0.78101009503006935 0.99537915550172318 0.49677471071481683 0.35889681591652334 0.29076813347637653
leaf_count=26 16 36 25 29 18 29 33 24 27 11 25 9 28 32 34 22 18 20 13 34 14
internal_value=0.000189943 0.0293616 -0.0015934 0.000446185 -0.00153313 0.00133349 0.0120796 0.000362029 -0.0142163 -0.00589616 -0.000607342 -0.00613365 -0.0121595 0.00628845 0.0240271 -0.027419 -0.0262489 -0.039965 0.0503788 0.0522882 0.0510564
internal_weight=20.8042 1.19855 19.6056 18.1077 17.1927 15.6624 6.29924 4.8235 3.34504 9.36317 8.39654 7.50999 6.25942 2.83367 1.25057 3.42575 1.49793 2.38404 1.47574 1.14644 0.649665
internal_count=523 52 471 428 399 381 171 84 51 210 199 174 131 61 43 70 43 48 87 61 48
is_linear=0
shrinkage=0.05


Tree=104
num_leaves=24
num_cat=0
split_feature=176 75 93 68 68 168 346 50 127 27 16 17 57 49 3 48 24 67 0 46 130 59 3
split_gain=0.41591 0.534199 0.493707 0.481439 0.743847 0.624146 0.922189 0.881426 0.83101 1.18158 0.782357 0.922268 0.62519 0.471832 0.784344 0.453329 1.02453 0.390281 0.0850599 0.0279247 0.000237903 5.40983e-05 4.39284e-06
threshold=2.5000000000000004 18.031456937723998 30.574978717656126 66.354006850987574 73.66853738021041 1.0000000180025095e-35 1.0000000180025095e-35 6.0570574465605116 1.0000000180025095e-35 2.1424078817510734 1.8937969924812033 2.6939799331103687 12.529758344449359 1.0000000180025095e-35 -0.46013233957337302 12.325331018496653 5.5117093672116146 24.300777904188429 11.594669397991451 186.26904396133952 1.9196100000000005 18.693993678110957 -0.43141742486710039
decision_type=2 2 2 2 2 2 2 2 2 2 2 2 2 2 2 2 10 2 2 2 2 2 2
left_child=1 2 -1 5 20 6 18 10 9 17 13 -12 -13 14 -7 16 -6 -8 -3 -18 -5 -22 -23
right_child=-2 3 -4 4 15 7 8 -9 -10 -11 11 12 -14 -15 -16 -17 19 -19 -20 -21 21 22 -24
leaf_value=-0.04927156669908106 0.035101251209045885 -0.032591860092283438 0.0021536891262489604 0.052844744901470647 -0.032340980867020176 -0.033451446363982215 -0.045194946687844212 -0.031335200509282894 -0.038544964455276387 0.037723099738599331 -0.022313067610223943 -0.0028105563312217706 0.054815986314846382 0.05767321305175014 0.051780973069480873 -0.028084804449647796 0.03718907730054228 0.0022829522437268234 -0.055383808639379362 0.053649524141891294 0.051614583650111172 0.050949986821072081 0.050645937653968569
leaf_weight=1.0551723293028832 0.81866449280641873 0.69745612749830044 0.83688966603949655 0.2772888578474515 0.65153883397579226 0.49567066505551338 0.8186630290001633 1.2542002145200966 1.2195470496080814 1.7988496776670215 2.0519935190677647 0.93665677681565263 0.94602855667471886 1.2888762583024798 0.59265751997008942 0.81578744435682882 0.427647271659225 0.9184562019072473 0.99100713152438402 0.64820527052506804 0.36405285587534308 0.24902185704559088 0.22716175019741058
leaf_count=31 30 30 17 6 6 8 13 21 22 28 31 27 19 23 37 19 19 33 19 28 16 17 23
internal_value=0.000186051 -0.00127508 -0.0265253 0.00142854 0.017574 -0.00279012 -0.0142255 0.00694933 -0.00295485 0.00932009 0.0145566 0.000873945 0.0261461 0.0372038 0.0129625 0.00263335 0.0171405 -0.0200923 -0.0459691 0.0471066 0.0515748 0.0511557 0.0508049
internal_weight=20.3815 19.5628 1.89206 17.6708 3.6607 14.0101 6.44398 7.56608 4.75552 3.53597 6.31188 3.93468 1.88269 2.3772 1.08833 2.54318 1.72739 1.73712 1.68846 1.07585 1.11753 0.840236 0.476184
internal_count=523 493 48 445 134 311 145 166 96 74 145 77 46 68 45 72 53 46 49 47 62 56 40
is_linear=0
shrinkage=0.05


Tree=105
num_leaves=21
num_cat=0
split_feature=25 72 162 39 3 3 99 88 59 97 62 100 307 72 130 101 101 53 33 98
split_gain=0.407676 0.493401 0.476437 0.532714 0.538234 0.529564 0.919699 1.11647 0.860374 0.708325 0.773676 0.660358 0.577851 0.52206 0.427005 0.451152 0.374853 0.251846 0.0511144 0.00105325
threshold=-0.92637260151251244 11.831440310397257 1.5000000000000002 1.6774422705885661 -1.5857253086419754 -0.59740604031913414 7.9186332120088458 22.861322135859655 11.832342902951732 21.370706474231984 5.9277595051690009 -0.060543469702695633 1.0000000180025095e-35 5.4094723772614488 2.7319000000000013 15.089426630515359 7.047245671108934 4.7583160242619558 8.8689083065456416 2.7311990583270349
decision_type=8 2 2 2 2 2 2 2 2 2 2 2 2 2 2 2 2 2 2 2
left_child=-1 2 3 4 -2 9 7 8 -7 10 -5 -10 -12 14 -13 -16 -11 -3 -9 -6
right_child=1 17 -4 5 19 6 -8 18 11 16 12 13 -14 -15 15 -17 -18 -19 -20 -21
leaf_value=0.031016218093277488 0.010413765885505355 0.053136047520947673 0.029503540812794628 -0.022865623549010967 -0.05474428512366987 0.04316481893528723 -0.046045596596193075 0.034301260605293087 0.03897738916582872 -0.05442495842913319 -0.015793291723365136 -0.046086591700803738 0.039149432036148533 0.019305309303710549 0.009498385116349926 -0.03366074004492587 -0.013606405035865191 0.005550218401201415 0.053357581778854427 -0.051559738990944737
leaf_weight=1.0177366281859574 0.48774181585758913 0.59184071444906183 1.0311323618516315 2.0939934710040786 0.43013792997227429 1.0146712381392591 0.79118229262530793 0.51352524012327183 0.67891972581856652 1.2454337049275639 0.73384358128532778 1.2496375511400333 1.3756680451333523 0.94663319084793318 1.3300731880590322 1.1115124020725486 1.0256481030955908 0.52442212775349617 1.1179637536406515 0.65504802018404007
leaf_count=33 12 25 34 21 10 31 9 9 21 26 21 20 36 37 30 28 25 20 39 36
internal_value=0.000187924 -0.00146784 -0.00348644 -0.00551106 -0.0332135 -0.00264976 0.00536882 0.0104773 0.00097345 -0.0134915 -0.00133547 -0.00707849 0.0200363 -0.0138205 -0.0223157 -0.0101495 -0.0359908 0.0307801 0.0473594 -0.052822
internal_weight=19.9668 18.949 17.8328 16.8016 1.57293 15.2287 8.75412 7.96294 6.33145 6.47459 4.20351 5.31678 2.10951 4.63786 3.69122 2.44159 2.27108 1.11626 1.63149 1.08519
internal_count=523 490 445 411 58 353 224 215 167 129 78 136 57 115 78 58 51 45 48 46
is_linear=0
shrinkage=0.05


Tree=106
num_leaves=23
num_cat=0
split_feature=37 22 83 103 103 130 83 20 325 37 279 32 297 62 44 85 130 35 3 343 4 59
split_gain=0.408027 0.886593 0.994615 0.655186 0.878661 0.760566 0.617524 0.616423 0.662536 0.537211 0.719041 0.464676 0.462226 0.266589 0.243879 0.150818 0.000704285 0.000250481 0.000138187 3.96033e-05 2.11764e-05 2.31128e-06
threshold=4.0354945812930874 2.3436750001421003 95.760000000000019 2.6283237170636582 4.5680069103258596 3.1440600000000019 32.300000000000004 2.1487709070797973 1.0000000180025095e-35 7.2137592564138142 1.0000000180025095e-35 15.567613912262662 1.0000000180025095e-35 11.386921913410697 7.4506167234067293 14.135484521202907 3.4226000000000028 7.2362679513251615 -0.33443120500164142 1.0000000180025095e-35 0.68656110577024054 31.10451448821258
decision_type=2 8 2 2 2 2 2 8 2 2 2 2 2 2 2 2 2 2 2 2 2 2
left_child=6 2 15 5 14 -3 -1 8 12 10 -6 -4 -8 -9 -5 17 -7 18 -2 -18 21 -19
right_child=1 3 11 4 9 16 7 13 -10 -11 -12 -13 -14 -15 -16 -17 19 20 -20 -21 -22 -23
leaf_value=0.027136114479962548 0.052543670608916015 -0.0024126137714395282 -0.029079252389347249 -0.054507148808080677 0.054546754128915999 0.053977615712135267 -0.046581810225615979 -0.013042716797341886 0.031168014282334868 -0.016832036374748952 -0.0024893909825075902 0.023337337359905452 0.0069087690853951202 -0.048833692091455931 -0.021182596554127679 0.017426295786665071 0.050821640246396654 0.050745078545109068 0.051427919811297219 0.051611086437536008 0.051162985580257364 0.050537747512602531
leaf_weight=0.90112178912386554 0.5366446515545249 1.7647429825738075 0.90248889382928588 1.0843715406954291 0.83420071378350269 0.3616597878281026 0.83992486447095893 0.7889514118433002 0.98399819526821364 2.2946008937433362 1.6368030905723572 0.79551802761852741 0.77792594255879521 1.5277824611403046 1.1120493621565399 0.39059759350493539 0.31986419181339443 0.25112750148400653 0.574683196842668 0.31562156789004803 0.29129006201401353 0.28924116375856102
leaf_count=31 14 27 17 15 28 10 23 14 15 33 30 23 20 39 26 16 27 20 32 13 17 33
internal_value=0.00018246 0.00487787 0.0245919 -0.0032957 -0.0114703 0.0173104 -0.0109156 -0.017887 -0.00118433 0.000588696 0.0167658 -0.00452202 -0.0208614 -0.0366453 -0.0376349 0.0457764 0.0522162 0.0514756 0.0519667 0.0512137 0.0508193 0.0506341
internal_weight=19.5752 13.7555 4.03159 9.72391 6.96203 2.76189 5.8197 4.91858 2.60185 4.7656 2.471 1.69801 1.61785 2.31673 2.19642 2.33358 0.997146 1.94299 1.11133 0.635486 0.831659 0.540369
internal_count=523 381 172 209 132 77 142 111 58 91 58 40 43 53 41 132 50 116 46 40 70 53
is_linear=0
shrinkage=0.05


Tree=107
num_leaves=25
num_cat=0
split_feature=28 48 140 105 50 24 47 29 127 41 66 25 67 298 91 22 142 57 97 20 98 102 47 45
split_gain=0.394734 0.488454 0.566275 0.547544 0.726179 0.594184 0.583327 0.779449 0.845121 1.39086 0.907033 0.605756 0.537679 0.389218 0.36636 0.363458 0.300206 0.110718 0.0526157 0.0249115 0.00136282 7.00496e-05 2.5819e-05 5.8661e-06
threshold=1211.550602076527 29.084189425067446 1.0000000180025095e-35 0.22902097902097904 6.0570574465605116 6.3092629436242351 19.395281380286939 15.798718295750968 1.0000000180025095e-35 -1.0949999999999998 27.254000613491169 -0.60544107183721485 1.0000000180025095e-35 1.0000000180025095e-35 6.9857045911839082 2.2804866639099979 1.5000000000000002 20.955076217126912 27.20147744614189 2.3741260720073898 12.358377508317739 6.0591026845258318 15.138393509177188 4.3166677528211999
decision_type=2 2 2 2 2 10 2 2 2 2 2 8 2 2 2 10 2 2 2 10 2 2 2 2
left_child=1 2 3 -1 5 6 7 8 9 10 14 -8 -9 18 -5 -7 20 -4 -2 -17 21 22 23 -14
right_child=13 -3 17 4 -6 15 11 12 -10 -11 -12 -13 16 -15 -16 19 -18 -19 -20 -21 -22 -23 -24 -25
leaf_value=-0.029327333757575975 0.052165103034749971 0.035906779751773296 -0.052741022899952243 0.039492996739333763 -0.028722228463387147 -0.00053407429422261041 -0.036983116029680532 -0.010428332549147894 -0.038776955775005041 0.054405924954548303 -0.049010284761438733 0.0070740338773146467 0.050867485208012181 -0.0087583286783194363 -0.010088312312498703 0.040840116001370982 0.0053813833337332112 -0.021314815161525329 0.028385185430817375 0.055647478020645728 0.054296572111929245 0.051686142386085633 0.051303704436346298 0.050545061988430055
leaf_weight=1.5707778690848595 0.61780457920394727 0.81307295383885403 0.59871498029678949 0.68802750902250431 1.7142438394948829 0.53593257907777925 1.6777762374840675 0.62120996415615115 1.2260531424544749 1.1606932953000053 0.99012462701648463 1.4583654417656364 0.25510433875024341 0.56609105132520199 0.81260907929390669 0.49921374931000151 0.43372979573905457 0.52693649847060442 0.37308674119412899 0.65900359861552715 0.47604148928076018 0.39278224343433976 0.24401050619781017 0.31558934669010341
leaf_count=35 29 24 27 34 38 16 24 8 18 15 12 32 19 10 10 39 12 13 21 13 10 17 12 35
internal_value=0.000181462 -0.00194516 -0.0037709 -0.0013195 0.00178731 0.00598944 0.00165294 0.00912627 -0.00285923 0.00920091 -0.0118646 -0.0164957 0.0304737 0.0243162 0.0126442 0.0335116 0.0424745 -0.0380299 0.0432116 0.0492652 0.0520309 0.0511377 0.0508732 0.0506892
internal_weight=19.227 17.67 16.8569 15.7313 14.1605 12.4463 10.7521 7.61598 4.87751 3.65145 2.49076 3.13614 2.73847 1.55698 1.50064 1.69415 2.11726 1.12565 0.990891 1.15822 1.68353 1.20749 0.814704 0.570694
internal_count=523 463 439 399 364 326 258 202 89 71 56 56 113 60 44 68 105 40 50 52 93 83 66 54
is_linear=0
shrinkage=0.05


Tree=108
num_leaves=21
num_cat=0
split_feature=55 38 60 2 93 15 3 91 372 15 50 85 38 95 60 99 21 91 67 20
split_gain=0.384095 0.575844 0.63037 0.46821 0.472691 1.04776 0.696786 0.818737 0.849845 0.658981 0.609238 0.404011 0.383612 0.365665 0.362108 0.350007 0.307848 0.221078 0.0832211 0.000341644
threshold=5.1000446670203816 5.519256431636383 17.696995588936439 0.4763595559427391 1.0000000180025095e-35 0.91911764705882359 -0.91219562284790467 12.82237220884066 1.0000000180025095e-35 1.1975609756097563 1.0000000180025095e-35 18.360313598745883 4.359304918814261 2.3398406428878564 12.606547746977167 2.5851811341182747 -2.1919273254231157 1.0000000180025095e-35 23.895233439813236 2.3449647644810319
decision_type=2 2 2 2 2 2 2 2 2 2 2 2 2 2 2 2 8 2 2 10
left_child=3 2 -2 4 11 17 15 8 -8 10 13 -1 -9 -10 -11 -7 -5 -6 -3 -14
right_child=1 18 -4 16 5 6 7 12 9 14 -12 -13 19 -15 -16 -17 -18 -19 -20 -21
leaf_value=-0.051364504185317322 0.029197686990033108 0.053696148948833788 -0.032390654999525814 0.05378626601958314 0.011379567833226262 -0.048199623205936272 -0.039346773135312957 0.0049029170870419948 -0.012922322183071237 0.04881987186377057 -0.039689281656360799 -0.0046606758849706683 0.051139262146333991 0.023094822678757912 0.0064171416880722081 -0.0068362883360892001 -0.0064747666842089411 0.052919507775761626 0.026921836954057945 0.053071683451408204
leaf_weight=0.94983543921262448 0.81688121287152105 0.73696848237887003 0.84548594336956739 0.58280879352241755 0.48497900622896739 1.3236909932456922 1.6662764973007131 0.80472336336970307 1.7067539999261474 0.85404720529913936 1.2589706252329049 0.90352391265332699 0.54364273091778159 1.2002847760450093 1.2266244064085183 0.83344307774677862 0.33304558554664332 0.9432622566819191 0.47877250064630061 0.39484199788421392
leaf_count=22 22 24 23 34 21 39 30 13 19 22 29 20 35 38 29 18 18 34 23 10
internal_value=0.000183088 0.0169997 -0.00212637 -0.00283988 -0.004946 -0.0016358 -0.00652623 -0.000786782 -0.00762031 0.000842591 -0.0106343 -0.0285961 0.0302327 0.00194877 0.0238221 -0.0322182 0.0318727 0.038814 0.0431521 0.0519523
internal_weight=18.8889 2.87811 1.66237 16.0108 15.0949 13.2415 11.8133 9.65617 7.91296 6.24668 4.16601 1.85336 1.74321 2.90704 2.08067 2.15713 0.915854 1.42824 1.21574 0.938485
internal_count=523 92 45 431 379 337 282 225 167 137 86 42 58 57 51 57 52 55 47 45
is_linear=0
shrinkage=0.05


Tree=109
num_leaves=25
num_cat=0
split_feature=355 4 93 79 94 168 97 3 16 78 17 98 83 89 60 130 15 67 95 101 130 103 130 64
split_gain=0.366972 0.77619 0.677065 0.940899 0.670776 0.609382 1.03277 0.601393 0.591977 0.584514 0.529613 0.566231 0.523119 0.399835 0.367309 0.209854 0.0698507 0.00145589 0.000692346 0.000250274 0.000162096 5.0045e-05 4.84882e-05 7.53755e-06
threshold=1.0000000180025095e-35 0.30140111681748932 4.8183863423252644 60.061267997025006 16.455832596598825 1.0000000180025095e-35 2.4213223970143614 -0.59740604031913414 1.8937969924812033 37.877988020120547 2.236694677871149 11.761374715610726 55.685000000000009 37.243961215551018 11.673954419431821 2.8267500000000014 1.1715686274509807 18.624333917201714 2.0254575091948834 9.1860739774410494 1.8023899999999997 2.3064415644714171 1.9390500000000002 15.106940706579921
decision_type=2 2 2 2 2 2 2 2 2 2 2 2 2 2 2 2 2 2 2 2 2 2 2 2
left_child=5 -2 -3 4 8 6 14 -7 10 13 -4 16 -9 -10 -1 17 19 20 -5 -12 -8 -20 -21 -24
right_child=1 2 3 18 -6 7 15 12 9 -11 11 -13 -14 -15 -16 -17 -18 -19 21 22 -22 -23 23 -25
leaf_value=0.021206786387593962 0.053925744857532203 -0.044541697028482673 -0.028749645138245846 0.053663962405617632 0.05167985102574163 -0.019873369013628139 -0.050989678983584863 8.4351347043182785e-05 -0.041571593080495781 0.017772867034112471 0.052776285897341436 -0.0062375336005002615 0.046822436100784279 -0.0035938785641872746 -0.016753252164617823 -0.023418140557107649 0.025269146175237667 -0.054805516005576121 0.051523272640441702 0.051573743659466924 -0.052435669922062084 0.050544038879482438 0.050562726373576172 0.05096052912740532
leaf_weight=1.3812989592552187 0.80227412981912571 0.70221348619088431 0.59353772690519546 0.47023983951657999 0.58696288755163539 1.2477332856506111 0.39463528944179438 1.2245785398408773 1.8738394570536918 0.93640892487019289 0.25968905258923791 0.90687813889235247 1.1713478155434129 1.0998234217986462 1.1830747555941341 0.97101260349154461 0.34106458537280548 0.73502111714333296 0.25350028811953962 0.23341265833005309 0.38085759337991476 0.26885130139999092 0.33152151957619935 0.18582511902786791
leaf_count=24 25 13 16 13 36 24 30 28 38 27 8 18 15 28 21 23 7 12 13 11 11 29 39 14
internal_value=0.000182285 0.00679152 0.00261023 0.0065796 0.000408112 -0.00730656 -0.0185582 0.00827519 -0.00404244 -0.016677 0.01328 0.0243259 0.0229342 -0.0275254 0.00369391 -0.0415532 0.0448343 -0.0532111 0.0522722 0.0514383 -0.0516998 0.0510193 0.0509755 0.0507056
internal_weight=18.5356 9.84604 9.04377 8.34155 7.34896 8.68956 5.0459 3.64366 6.762 3.91007 2.85193 2.25839 2.39593 2.97366 2.56437 2.48153 1.35151 1.51051 0.992591 1.01045 0.775493 0.522352 0.750759 0.517347
internal_count=523 335 310 297 242 188 121 67 206 93 113 97 43 66 45 76 79 53 55 72 41 42 64 53
is_linear=0
shrinkage=0.05


Tree=110
num_leaves=23
num_cat=0
split_feature=162 36 2 55 100 12 87 93 102 15 346 314 3 3 128 98 22 30 0 339 38 62
split_gain=0.36469 0.683502 0.406608 0.468267 0.571374 0.414218 0.394795 0.750709 0.699162 0.950086 0.65494 0.567612 0.536416 0.692175 0.640935 0.432721 0.168714 0.00307478 0.00184174 0.000434562 0.00010329 1.51606e-05
threshold=1.5000000000000002 3.9601827114627191 0.4763595559427391 5.1573963106972966 0.12334933648335568 -0.52620116328625288 37.258847581937466 1.0000000180025095e-35 8.5466766529142539 0.95119047619047625 1.0000000180025095e-35 1.0000000180025095e-35 0.087930957337330487 -0.91219562284790467 5.0287324438368897 13.9325604051821 2.3449799241661959 16.915741773438466 11.795130785882803 1.0000000180025095e-35 5.0593485099912163 28.504948249517664
decision_type=2 2 2 2 2 10 2 2 2 2 2 2 2 2 2 2 10 2 2 2 2 2
left_child=1 19 3 5 -5 -3 7 -7 9 17 11 -11 13 -12 -15 18 -4 -9 -16 -1 -20 -22
right_child=-2 2 16 4 -6 6 -8 8 -10 10 12 -13 -14 14 15 -17 -18 -19 20 -21 21 -23
leaf_value=-0.050735117390460965 0.030209045467935541 -0.044114727523988671 0.0085875429708513144 -0.00080493168396542677 0.048951906742683418 -0.044457367408048641 0.026173817427781406 0.046680965440929097 -0.038568332529925038 -0.053452793913911917 -0.032505558913301105 -0.00016310841865286229 -0.023241993444248515 0.00070542035171315123 0.054681676079118537 0.0038482142369228528 0.053645172015925086 0.052668976419582528 0.052031372828989453 -0.053332829520914088 0.050685652937692352 0.051185181504791968
leaf_weight=0.3368294476531446 0.95790651673450966 0.64443191699684099 0.36519063636660654 1.4540990567766141 0.95650311652570952 1.1274834703653969 1.060977820307017 0.32966130739077826 1.1356312814168621 1.0198054248467068 0.72557258419692416 0.9797761496156453 1.2999933366663752 2.147506043780596 0.68807394662871979 0.63058016821742047 0.48192167514935136 0.6130673352163285 0.2948590824380517 0.30839980114251986 0.36139105237089097 0.2620189692825079
leaf_count=32 38 21 14 34 37 25 15 20 17 17 18 24 15 37 13 13 33 29 10 9 37 15
internal_value=0.000181673 -0.00148831 0.000476677 -0.00134039 0.0189381 -0.00501008 -0.00302211 -0.00568893 -0.00152122 0.00297734 -0.00235845 -0.0273413 0.0054349 0.0127304 0.0202164 0.0389474 0.0342208 0.050575 0.0527258 -0.0519767 0.0512603 0.0508956
internal_weight=18.1817 17.2238 16.5785 15.7314 2.4106 13.3208 12.6764 11.6154 10.4879 9.35231 8.40958 1.99958 6.41 5.11 4.38443 2.23692 0.847112 0.942729 1.60634 0.645229 0.918269 0.62341
internal_count=523 485 444 397 71 326 305 290 265 248 199 41 158 143 125 88 47 49 75 41 62 52
is_linear=0
shrinkage=0.05


Tree=111
num_leaves=23
num_cat=0
split_feature=37 22 83 103 103 130 13 75 303 75 330 37 173 32 44 85 130 35 3 4 343 59
split_gain=0.347506 0.748097 0.907106 0.56811 0.737395 0.662587 0.515544 0.765553 0.568207 0.705176 0.566386 0.492395 0.456925 0.312331 0.217666 0.160531 0.00047474 0.000183367 9.89404e-05 2.47024e-05 2.4147e-05 1.57922e-06
threshold=4.0354945812930874 2.3436750001421003 95.760000000000019 2.6283237170636582 4.5680069103258596 3.1440600000000019 0.33167804984227239 24.812900056559407 1.0000000180025095e-35 38.611926949347499 1.0000000180025095e-35 7.2137592564138142 1.0000000180025095e-35 15.41166992819249 7.4506167234067293 14.33754558940141 3.4226000000000028 7.2362679513251615 -0.35306091833351 0.68656110577024054 1.0000000180025095e-35 31.066948485878338
decision_type=2 8 2 2 2 2 10 2 2 2 2 2 2 2 2 2 2 2 2 2 2 2
left_child=6 2 15 5 14 -3 -1 10 -9 -10 -8 12 -6 -4 -5 17 -7 18 -2 21 -18 -19
right_child=1 3 13 4 11 16 7 8 9 -11 -12 -13 -14 -15 -16 -17 20 19 -20 -21 -22 -23
leaf_value=-0.047278376460456975 0.052330731810179887 -0.0017333868995864244 -0.02653972126323963 -0.053294046259214724 -0.0025663211906963553 0.053454676420670179 -0.006043060477936818 -0.047006908668916408 0.029075550034250781 -0.036269570598997131 0.052359864327197116 -0.016884677848590997 0.042690254878819445 0.018382673464898532 -0.020267904026623679 0.011587637066950316 0.05073357002546567 0.05064746581294597 0.05133534254208795 0.05110811377993868 0.051393875519891143 0.050454742057789909
leaf_weight=0.81039719143882649 0.46223841584287584 1.6461273883469405 0.80655824579298474 0.96221589483320702 1.3205158447381111 0.32907883496955026 0.83554699644446351 1.1424941255245358 0.89129673689603806 0.76915997173637152 0.82503618067130446 2.1250856639817357 0.96551885874941934 0.74369858996942639 1.0361261055804787 0.29646245529875148 0.28264238499104977 0.17153990501537908 0.5428127923514674 0.30947526916861534 0.27141098305583 0.27946590888313949
leaf_count=20 14 27 16 15 30 10 28 37 26 16 15 33 28 24 26 13 27 16 33 19 13 37
internal_value=0.000179623 0.00470512 0.0239077 -0.00305488 -0.0109732 0.0170112 -0.0105902 -0.00392912 -0.0198674 -0.00119374 0.0229736 0.000441609 0.016548 -0.00498928 -0.0361702 0.0456331 0.0519505 0.0513499 0.0517931 0.0507641 0.051057 0.050528
internal_weight=17.8249 12.551 3.61225 8.93872 6.40946 2.52926 5.27393 4.46353 2.80295 1.66046 1.66058 4.41112 2.28603 1.55026 1.99834 2.06199 0.883132 1.76553 1.00505 0.760481 0.554053 0.451006
internal_count=523 381 172 209 132 77 142 122 79 42 43 91 58 40 41 132 50 119 47 72 40 53
is_linear=0
shrinkage=0.05


Tree=112
num_leaves=21
num_cat=0
split_feature=162 39 3 111 83 24 75 36 31 95 34 48 61 58 25 87 35 98 18 22
split_gain=0.324094 0.594313 0.453872 0.397461 0.476534 0.394789 0.455444 0.464357 0.661099 0.653085 0.832572 0.539404 0.917246 0.682196 0.379571 0.341614 0.00276477 0.000565348 0.000239469 2.74501e-05
threshold=1.5000000000000002 1.6774422705885661 -1.5857253086419754 1.0000000180025095e-35 78.155000000000015 7.904580077811949 18.031456937723998 9.8274717882931153 21.092892509720269 2.3398406428878564 10.599164471616907 12.617660014360709 23.621451319598734 29.75468925439333 -0.69112267733018951 11.610118840031094 9.1942955156639758 2.7311990583270349 16.53396857545177 2.3425708021167586
decision_type=2 2 2 2 2 10 2 2 2 2 2 2 2 2 10 2 2 2 10 10
left_child=1 2 -1 4 15 6 -5 9 -9 14 11 12 13 -11 -8 -3 19 -4 -15 -12
right_child=-2 3 17 5 -6 -7 7 8 -10 10 16 -13 -14 18 -16 -17 -18 -19 -20 -21
leaf_value=0.010148639917784317 0.0291785150627593 0.052718783205062895 -0.053879546852644428 -0.039947727966284527 -0.0070372396858190819 0.030454943451672711 -0.029450565173764865 -0.046842784779688798 0.0033912735260752157 -0.017829580608373693 0.050758535525798482 0.032593098356939784 -0.042806633157141324 0.052761560075803571 0.0040548505709964086 0.0049734050879609894 0.056044889671129416 -0.051361139000012802 0.050941393551401482 0.051444375253348676
leaf_weight=0.42039641691371799 0.913176090689375 1.0551602006889873 0.36166482744739059 0.85214606532826742 1.0791188916191456 0.85443652805406678 1.7132623959332707 1.2375796861015254 1.3912093685939906 0.68309009354561634 0.31330708833411314 1.1509743593633173 1.1062505003064869 0.34116676077246666 1.6684656159486602 0.5808842172846197 0.53652495518326759 0.58057801541872323 0.384202687186189 0.27303616609424353
leaf_count=12 38 39 10 20 24 38 29 15 39 19 29 29 23 10 38 17 9 38 31 16
internal_value=0.00017913 -0.00141774 -0.0330528 0.00141438 0.0187546 -0.00235043 -0.00475619 -0.00197926 -0.0202579 0.00390189 0.0157815 0.00424261 -0.00873332 0.018029 -0.0129198 0.0357666 0.0534512 -0.0523278 0.0517975 0.0510779
internal_weight=17.4966 16.5835 1.36264 15.2208 2.71516 12.5057 11.6512 10.7991 2.62879 8.17028 4.78855 3.66568 2.51471 1.40846 3.38173 1.63604 1.12287 0.942243 0.725369 0.586343
internal_count=523 485 60 425 80 345 307 287 54 233 166 112 83 60 67 56 54 48 41 45
is_linear=0
shrinkage=0.05


Tree=113
num_leaves=26
num_cat=0
split_feature=37 22 130 83 20 103 105 130 53 95 325 12 297 101 101 15 99 130 68 21 311 343 61 15 39
split_gain=0.329303 0.684579 0.832899 0.527502 0.513471 0.506201 0.68102 0.627022 0.548731 0.87214 0.487716 0.408627 0.371317 0.280351 0.258244 0.0182153 0.000377542 0.000366804 8.91188e-05 4.78158e-05 2.29064e-05 1.99974e-05 1.06603e-05 1.36446e-06 1.14471e-06
threshold=4.0354945812930874 2.3436750001421003 0.34985000000000416 30.505000000000006 2.1487709070797973 2.6283237170636582 0.37797619047619052 3.1440600000000019 9.5380682144754676 7.5372818907472796 1.0000000180025095e-35 -0.50767879912583036 1.0000000180025095e-35 8.7402395838873961 5.5586153628117918 1.283482142857143 0.69609004303973476 3.4226000000000028 34.870504379880295 -2.1536506495691845 1.0000000180025095e-35 1.0000000180025095e-35 18.870685313382975 1.0784615384615386 4.4858702038038913
decision_type=2 8 2 2 8 2 2 2 2 2 2 10 2 2 2 2 2 2 2 10 2 2 2 2 2
left_child=3 2 -2 -1 10 7 -7 -3 9 -8 12 -4 -5 -6 -13 16 -16 -9 -18 20 22 -19 23 24 -20
right_child=1 5 11 4 13 6 8 17 -10 -11 -12 14 -14 -15 15 -17 18 21 19 -21 -22 -23 -24 -25 -26
leaf_value=0.029114602857289382 -0.029735710150704614 -0.0016478301214578079 -0.012427310604089872 -0.043955080731801974 -0.049342196972750781 -0.038858065528574792 -0.010377072146248566 0.053174925507741805 -0.028729492600603708 0.041792156966141032 0.029013510642495077 0.004775799622916202 0.007335802669084378 -0.011127102853505395 0.053149651621030164 0.037920798610189731 0.051970860478447525 0.050693606380599027 0.05027283118418762 0.051505324933418729 0.051184383496072822 0.051312847232996055 0.050839511066829227 0.050573473168705731 0.050483689206276466
leaf_weight=0.71869559306651609 0.60526413423940306 1.6246900996193292 0.39332081750035319 0.71939097484573744 1.2983096190728249 1.5727827982045708 2.0775253074243669 0.30668436037376512 1.2770535643212495 1.3039316829526795 0.85727295745164145 0.38289599586278233 0.69256463181227446 0.76136465137824405 0.26259161159396205 0.29200669471174467 0.24355495162308205 0.26694479235447943 0.11890133086126387 0.27800741838291176 0.24275403888896108 0.25483723683282733 0.32502758502960205 0.1577597027644515 0.14033481036312878
leaf_count=28 13 27 8 23 39 36 35 10 26 35 15 14 20 17 6 14 8 27 24 13 14 13 25 16 17
internal_value=0.000176614 0.00464339 0.0235123 -0.0105548 -0.0171409 -0.00283603 -0.0104102 0.0164032 -0.000805754 0.00974003 -0.000734996 0.034872 -0.0187969 -0.0352159 0.0424845 0.0494903 0.0514001 0.0518026 0.0510952 0.0509263 0.0507628 0.050996 0.0506249 0.0504575 0.050387
internal_weight=17.1745 12.1269 3.44242 5.0476 4.3289 8.68445 6.23129 2.45316 4.65851 3.38146 2.26923 2.83715 1.41196 2.05967 2.44383 2.06094 1.76893 0.828466 1.50634 1.26278 0.984777 0.521782 0.742023 0.416996 0.259236
internal_count=523 381 172 142 114 209 132 77 96 70 58 159 43 56 151 137 123 50 117 109 96 40 82 57 41
is_linear=0
shrinkage=0.05


Tree=114
num_leaves=20
num_cat=0
split_feature=176 75 93 79 93 168 364 127 71 92 17 11 49 98 88 279 11 95 78
split_gain=0.321334 0.416573 0.379136 0.365296 0.701156 0.403179 0.615819 0.661592 1.07504 0.634766 0.605496 0.714183 0.679751 0.630107 0.564296 0.693183 0.0688579 0.000368319 2.51315e-05
threshold=2.5000000000000004 18.031456937723998 30.574978717656126 60.061267997025006 11.054613941132899 1.0000000180025095e-35 1.0000000180025095e-35 1.0000000180025095e-35 5.1227505662243251 19.1280917664794 2.5582655826558267 0.17179325650720004 5.7717461826196912 10.885804540938343 11.490190602213103 1.0000000180025095e-35 0.23874860978015064 2.0254575091948834 24.384968175203696
decision_type=2 2 2 2 2 2 2 2 2 2 2 10 2 2 2 2 8 2 2
left_child=1 2 -1 5 -5 6 16 8 -8 -10 12 -12 13 -7 -13 -16 -3 -6 -19
right_child=-2 3 -4 4 17 10 7 -9 9 -11 11 14 -14 -15 15 -17 -18 18 -20
leaf_value=-0.048399077597415741 0.034568944966751398 -0.027915727870924129 0.0016731943581617436 -0.010274807972458097 0.052772030630863331 0.039636455352867563 0.049133337859984333 -0.038176198162863349 0.015784267529995108 -0.031933261709834779 0.034440133470199558 -0.039777911746965856 0.056084566454212614 -0.036973375240825661 0.02977636195088933 -0.025475751447140212 -0.052944575101204622 0.051201046506323067 0.050514735045767506
leaf_weight=0.84661104343832139 0.65285325970034946 0.44078945228829947 0.68304686993360519 0.87032294459640869 0.41184848267585039 0.52155249030329309 1.0666012181900426 1.0598802324384449 1.2975595246534797 1.5056632237974552 0.9748245640657841 1.3225767523981633 1.103280459763482 0.5529736615717411 1.1014094187412411 1.1713934899307787 0.72971706045791518 0.22594203008338809 0.32562276441603899
leaf_count=31 30 13 17 14 15 35 28 21 35 37 35 34 24 9 33 29 31 14 38
internal_value=0.000176172 -0.00120885 -0.02604 0.00137822 0.0222545 -0.00160131 -0.010917 -0.0031759 0.0064101 -0.00984571 0.00682005 -0.00351897 0.0285169 0.000211432 -0.0138109 0.00129964 -0.0435192 0.0516407 0.0507959
internal_weight=16.8645 16.2116 1.52966 14.682 1.83374 12.8482 6.10021 4.9297 3.86982 2.80322 6.74801 4.5702 2.17781 1.07453 3.59538 2.2728 1.17051 0.963413 0.551565
internal_count=523 493 48 445 81 364 165 121 100 72 199 131 68 44 96 62 44 67 52
is_linear=0
shrinkage=0.05


Tree=115
num_leaves=24
num_cat=0
split_feature=68 107 34 91 53 16 48 130 71 62 91 102 11 60 127 88 71 81 57 98 21 42 42
split_gain=0.301571 0.695258 0.6546 0.624917 0.471434 0.644004 0.448062 0.611615 0.445059 0.41865 0.409513 0.554617 0.385914 0.45352 0.73663 1.17504 0.730326 0.300179 0.0310004 0.00154281 0.000453245 5.08137e-05 1.37161e-06
threshold=65.78944485112423 3.5000000000000004 7.9114918191288153 43.185724289544559 4.9881916267914397 2.0385185185185191 14.905150260870618 -0.21849999999999983 5.2650868498305998 6.0226626973928665 6.2620818231888098 1.494994513500348 0.31706401657271316 26.148121011457196 1.0000000180025095e-35 17.690459048949915 5.7117054376828298 16.924661234271102 14.888709148665301 22.623371391139269 -2.175519700808056 12327918.969439739 51553972.708118923
decision_type=2 2 2 2 2 2 2 2 2 2 2 2 10 2 2 2 2 2 2 2 10 2 2
left_child=4 2 -2 17 6 10 7 -1 -8 -10 -6 -12 13 14 15 16 -9 18 -4 20 21 -20 -23
right_child=1 -3 3 -5 5 -7 8 12 9 -11 11 -13 -14 -15 -16 -17 -18 -19 19 -21 -22 22 -24
leaf_value=-0.05253218547040725 -0.02554449153615302 -0.046831582260695725 0.035254200955380191 -0.025931763682095727 -0.045568449497168595 0.02369431616291473 0.055232477557773163 0.05814738123045865 -0.020221984680303912 0.03687383192669328 -0.035694813776935501 0.01930218395598967 -0.022025573672752256 0.041811147980227503 -0.040401260733681173 -0.034167996206039442 -0.0037527973995449501 0.0047111607948709874 0.05124782599226109 0.055194760478767826 0.053203700438004743 0.050359758532232651 0.0505606679623328
leaf_weight=0.57225588220171619 0.63878233963623632 0.43824067385867227 0.31767985841725099 0.41528265736997116 1.5560302925296121 0.78030015574768175 0.72292074374854598 1.234348716912794 0.69288540072739102 0.59827528451569378 1.0112110427580772 0.83854921162128437 1.3387558317044748 0.83509357180446375 0.83311703614890564 0.91228733025491227 0.77612991142086674 0.46689945878460992 0.54947407916188329 0.37226423760876048 0.29630537331104168 0.14712221059016883 0.20102866925299168
leaf_count=26 20 8 16 9 38 18 15 30 14 27 25 28 33 33 14 22 25 21 36 7 13 25 20
internal_value=0.000174305 0.0124466 0.0200764 0.0306119 -0.00353873 -0.0172778 0.00321473 -0.00316842 0.0238212 0.00623407 -0.0266649 -0.0107631 0.00159549 0.00848353 0.00107338 0.0128955 0.0342513 0.0406008 0.0494957 0.0523844 0.0515081 0.0509484 0.0504758
internal_weight=16.5452 3.84308 3.40484 2.76606 12.7022 4.18609 8.51607 6.50199 2.01408 1.29116 3.40579 1.84976 5.92973 4.59098 3.75588 2.92277 2.01048 2.35077 1.88387 1.56619 1.19393 0.897625 0.348151
internal_count=523 175 167 147 348 109 239 183 56 41 91 53 157 124 91 77 55 138 117 101 94 81 45
is_linear=0
shrinkage=0.05


Tree=116
num_leaves=22
num_cat=0
split_feature=162 39 3 111 83 332 21 127 26 18 34 38 95 85 11 87 97 41 98 98 57
split_gain=0.302142 0.515156 0.409487 0.346291 0.429868 0.356747 0.838686 0.652773 1.60747 0.837645 0.539903 0.56665 0.646998 0.396087 0.34936 0.305822 0.153735 0.000369969 0.000367176 4.72826e-05 3.30782e-06
threshold=1.5000000000000002 1.6774422705885661 -1.5857253086419754 1.0000000180025095e-35 78.155000000000015 1.0000000180025095e-35 -2.4066833690102829 1.0000000180025095e-35 2.6596583787831212 16.740926786721769 12.22629831818457 5.0508453826644333 2.3398406428878564 14.493540694785851 0.28479014370331046 11.610118840031094 14.61224403760257 -1.9249999999999992 2.7311990583270349 4.7793819628170997 17.477876911183944
decision_type=2 2 2 2 2 2 8 2 2 10 2 2 2 2 10 2 2 2 2 2 2
left_child=1 2 -1 4 15 6 16 8 -7 -10 11 14 -13 17 -8 -3 -5 19 -4 20 -14
right_child=-2 3 18 5 -6 7 10 -9 9 -11 -12 12 13 -15 -16 -17 -18 -19 -20 -21 -22
leaf_value=0.0099245880425893711 0.02916745958542968 0.052408533400552473 -0.053363655562446856 0.053955074828004018 -0.0067002976306418799 0.057365496338937144 0.0047284340453628152 -0.046451135191600955 -0.046363321395735652 0.010049541244078168 -0.042393503055045273 -0.015268417578484742 0.050700976677527022 0.0031241284875133122 -0.037771601805790624 0.0056030527361713711 0.020036504585518974 0.052794695118817139 -0.051220037215508885 0.051359461443915767 0.050383524793541926
leaf_weight=0.38994449563324451 0.85149721847847182 0.94571762112900548 0.32575818523764677 0.79923635162413098 1.0400559892877934 0.84897227259352837 0.89051162241957893 1.1161722545512018 1.499763601459563 1.1724380711093543 0.78102943906560529 1.0204595886170866 0.16449092281982114 0.65145895536988963 1.0580682721920309 0.55309819569811225 0.57399301882833242 0.46630941960029471 0.51649620244279504 0.38488509878516197 0.1637469157576561
leaf_count=12 38 39 10 16 24 20 22 20 31 32 15 32 17 20 27 17 28 19 38 20 26
internal_value=0.000175998 -0.0014309 -0.0324368 0.00127287 0.0179978 -0.00239035 0.00477259 -0.0131319 -0.00257012 -0.021612 -0.00384059 0.00243261 0.0166344 0.0344157 -0.0183489 0.0351362 0.0397775 0.0516996 -0.0520491 0.0509835 0.0505426
internal_weight=16.2141 15.3626 1.2322 14.1304 2.53887 11.5915 6.95419 4.63735 3.52117 2.6722 5.58096 4.79993 2.85135 1.83089 1.94858 1.49882 1.37323 1.17943 0.842254 0.713123 0.328238
internal_count=523 485 60 425 80 345 242 103 83 63 198 183 134 102 49 56 44 82 48 63 43
is_linear=0
shrinkage=0.05


Tree=117
num_leaves=24
num_cat=0
split_feature=176 75 93 35 25 94 355 15 8 77 85 2 30 11 91 23 39 313 103 23 98 101 12
split_gain=0.299018 0.372566 0.351202 0.345739 0.502667 0.386191 0.790642 0.497255 0.891993 0.749445 0.710276 0.620093 0.740058 0.617046 0.44562 0.385373 0.177189 0.14599 0.0752297 0.00557809 0.00365645 0.00130728 9.8773e-05
threshold=2.5000000000000004 18.031456937723998 30.574978717656126 3.2328614560600859 0.096553032290749005 16.455832596598825 1.0000000180025095e-35 1.0307765151515154 474.12414144804501 15.296788868154396 14.493540694785851 0.087787779863087514 12.44424935728108 0.13699629404907546 13.940504570174705 -2.1134196491408277 4.8232050120538572 1.0000000180025095e-35 3.3318956405513949 -2.8985398169054499 22.623371391139269 7.3403879994791694 -0.49552061728392011
decision_type=2 2 2 2 10 2 2 2 2 2 2 2 2 10 2 10 2 2 2 10 2 2 10
left_child=1 2 -1 -3 5 7 -7 8 17 10 11 12 -9 -13 -15 21 -14 20 -12 -8 -5 -6 -23
right_child=-2 3 -4 4 15 6 19 9 -10 -11 18 13 16 14 -16 -17 -18 -19 -20 -21 -22 22 -24
leaf_value=-0.047880140159374071 0.034257386487062579 -0.051614438174531929 0.001850896875484329 0.051007586398005983 0.055248084287768555 -0.028908958933098 0.045601386825421586 -0.029900468152469523 -0.02268734395075955 0.030319358008473435 -0.031896622004833973 0.0087883199282128219 0.052027699764375636 -0.047849798189977359 -0.0047948846135709234 -0.0026760303552850742 0.015207866115561157 0.018211110899491789 -0.053331157118133722 0.053496633786957154 0.057373836277691471 0.052054067616710477 0.050596859379156645
leaf_weight=0.78766068117692956 0.61849763838108707 0.30189065891317923 0.64631449105218053 0.41297023510560327 0.34075362049043179 0.47176604904234298 0.36692362325266004 0.596417103894053 0.83599793771281827 1.0523928483016787 0.74428140977397539 1.4072478921152649 0.79867858928628244 1.6642029010690751 0.9406766747124492 0.50379344075918087 0.55297624599188566 0.39903028379194438 0.90968436188995838 0.57319169375114143 0.49696134962141514 0.19796842709183693 0.28184702235739678
leaf_count=31 30 28 17 37 5 12 22 11 20 29 20 22 36 32 27 9 17 21 21 27 6 8 35
internal_value=0.000174573 -0.00120469 -0.0254656 0.00130725 0.00248653 -0.00068365 0.0239098 -0.00389532 0.0176588 -0.00922993 -0.0146962 -0.00665163 0.0164932 -0.0178895 -0.0323018 0.0317462 0.0369643 0.0434268 -0.0436857 0.0504151 0.0544845 0.0528799 0.0511981
internal_weight=15.9021 15.2836 1.43398 13.8497 13.5478 12.2234 1.41188 10.8115 2.14496 8.66656 7.61417 5.9602 1.94807 4.01213 2.60488 1.32436 1.35165 1.30896 1.65397 0.940115 0.909932 0.820569 0.479815
internal_count=523 493 48 445 417 360 61 299 84 215 186 145 64 81 59 57 53 64 41 49 43 48 43
is_linear=0
shrinkage=0.05


Tree=118
num_leaves=25
num_cat=0
split_feature=55 130 38 2 23 59 87 12 101 94 9 60 88 325 26 20 21 75 65 101 91 142 91 89
split_gain=0.292274 0.454096 0.504732 0.365911 0.349053 0.332823 0.496535 0.587964 0.40383 0.4012 0.386122 0.337408 0.358207 0.503585 0.293204 0.227806 0.217401 0.208293 0.129724 0.0929819 0.000786003 0.000632428 5.74333e-05 4.67487e-05
threshold=5.1000446670203816 0.34985000000000416 5.0508453826644333 0.4763595559427391 -2.1352407431561775 5.6302454023764161 6.4827890144192937 -0.45893658117068192 4.448976796737214 5.3965102767618705 107.00000000000001 5.9798734376546774 10.830213666710213 1.0000000180025095e-35 3.3291271561762099 2.275908344862875 -2.2109943370187244 32.286056914086352 22.917250819498658 4.5776715361411489 36.169309813305865 1.0000000180025095e-35 18.496010660841019 37.498601582176541
decision_type=2 2 2 2 8 2 2 8 2 2 2 2 2 2 2 10 8 2 2 2 2 2 2 2
left_child=3 -2 -3 4 5 -1 9 8 18 17 -9 -10 -13 -14 19 -11 -5 -7 -8 -12 22 -21 -4 -23
right_child=1 2 20 16 -6 6 7 10 11 15 14 12 13 -15 -16 -17 -18 -19 -20 21 -22 23 -24 -25
leaf_value=0.028894466552655859 -0.019336847750374996 -0.0036568092917697009 0.05052194181237063 0.053006825973099261 -0.038999415949576705 -0.015148386330415292 -0.045436767741497436 -0.014670971223151802 -0.022394922200269368 0.017256363571753953 0.020692883169868424 0.047967637624202926 -0.02001577124341675 0.036249949253776573 0.0012877309592858196 -0.018076842612289198 -0.0031909033694432691 -0.047079451951064728 -0.014832818360601414 0.053606449896982211 0.053867621319616692 0.051612650182234626 0.051471943027167288 0.05077236919059161
leaf_weight=0.77898126654326816 0.6426588830072445 0.6722394018433987 0.30786919058300533 0.45334491389803588 0.70125166466459354 0.86574083147570391 0.69014871539548017 0.53663857234641943 0.97001687996089492 0.83498543081805099 0.30143100861459959 0.54967981576919589 1.0407751500606535 0.6435780283063649 0.52020035660825659 1.0055582011118529 0.27739480650052506 1.245457677170634 0.69491374678909779 0.41236156830564119 0.3879345296882093 0.28496733587235212 0.32922468287870288 0.39490619977004826
leaf_count=29 15 18 35 32 27 24 25 11 16 27 7 13 35 23 21 15 20 25 15 15 10 13 14 38
internal_value=0.000171899 0.0164586 0.0300123 -0.00271468 -0.00472958 -0.00268786 -0.00492616 0.00303615 -0.00752314 -0.0191102 0.0228107 0.00222879 0.0129204 0.00148292 0.0333204 -0.0020475 0.0316737 -0.0339855 -0.0300821 0.045277 0.0520933 0.0520616 0.0510129 0.0511246
internal_weight=15.5423 2.33993 1.69727 13.2023 12.4716 11.7703 10.9914 7.03962 4.58911 3.95174 2.45051 3.20405 2.23403 1.68435 1.91387 1.84054 0.73074 2.1112 1.38506 1.39367 1.02503 1.09224 0.637094 0.679874
internal_count=523 92 77 431 379 352 323 232 127 91 105 87 71 58 94 42 52 49 40 73 59 66 49 51
is_linear=0
shrinkage=0.05


Tree=119
num_leaves=23
num_cat=0
split_feature=28 48 85 21 68 9 127 104 15 130 297 100 37 12 298 16 98 99 28 36 32 37
split_gain=0.274593 0.340798 0.40868 0.554192 0.41284 0.377017 1.1106 1.28674 0.811702 0.687136 0.797211 0.56995 0.450217 0.35576 0.293993 0.23986 0.387714 0.0954441 0.0367664 0.000400355 0.000363245 1.60997e-05
threshold=1211.550602076527 29.084189425067446 13.19178965571261 -2.4072468340746336 65.459700900014269 111.00000000000001 1.0000000180025095e-35 3.9151937837112736 1.1234756097560978 3.6519500000000029 1.0000000180025095e-35 0.30392520415350066 5.4010389596026807 -0.38190246374303866 1.0000000180025095e-35 1.8775000000000002 9.4251809928426358 1.3129005047101889 1321.926423168597 9.6154203544224828 10.609591508393709 4.738228601526445
decision_type=2 2 2 8 2 2 2 2 2 2 2 2 2 10 2 2 2 2 2 2 2 2
left_child=1 2 5 -4 17 6 7 11 9 15 19 13 20 -1 18 16 -7 -5 -2 21 -10 -11
right_child=14 -3 3 4 -6 8 -8 -9 12 10 -12 -13 -14 -15 -16 -17 -18 -19 -20 -21 -22 -23
leaf_value=0.0010109166454697535 0.051510039366224572 0.034105415154926023 0.011876960670625991 -0.052983012092092066 -0.0045527070922537763 0.019893226919265032 -0.06018820920913838 0.056795096530951654 0.053310302982305116 0.051150311990048193 -0.034604389294922516 0.018092973261427964 0.010027319674159853 -0.049772025487370419 -0.0088895543065643217 -0.052131854692683069 -0.043280412714970982 -0.029146372702382253 0.028477470787299342 0.053209273120119485 0.051622495143349101 0.050574085767214373
leaf_weight=0.51901706866920028 0.45542800240218706 0.63253259239718396 1.1942035546526311 1.073081685230137 1.0938502902863545 0.4682932607829573 0.84524912852793921 0.85539404512383033 0.5871128970757129 0.19958304753527023 0.41145966679323465 0.85723313433118153 1.2250749452505258 1.0278746534604528 0.44102829322218895 0.64824298955500126 0.50455236411653459 0.68997290590777982 0.27965583791956306 0.26105898059904575 0.69749872339889407 0.30873098899610341
leaf_count=27 32 24 28 33 36 35 12 16 14 11 12 25 37 28 10 10 10 20 18 10 36 39
internal_value=0.000173231 -0.00176285 -0.00344748 -0.0167267 -0.0286832 0.0022655 -0.00911542 0.00412863 0.0110606 -0.00743794 0.0215737 -0.0146102 0.0317131 -0.0327332 0.0233842 -0.0285706 -0.0128709 -0.0436545 0.0427475 0.0516177 0.0523939 0.0508003
internal_weight=15.2761 14.1 13.4675 4.05111 2.8569 9.41638 4.10477 3.25952 5.31161 2.80192 1.18083 2.40412 2.50969 1.54689 1.17611 1.62109 0.972846 1.76305 0.735084 0.769373 1.28461 0.508314
internal_count=523 463 439 117 89 322 108 96 214 127 72 80 87 55 60 55 45 53 50 60 50 50
is_linear=0
shrinkage=0.05


Tree=120
num_leaves=23
num_cat=0
split_feature=176 75 93 79 93 168 364 127 104 92 17 49 11 3 12 98 78 26 38 11 95 91
split_gain=0.270415 0.3413 0.418402 0.289635 0.60043 0.329215 0.53816 0.542464 0.881818 0.589701 0.498186 0.602357 0.560969 0.552771 0.546911 0.524821 0.494547 0.33762 0.274916 0.059228 0.000179745 1.18741e-05
threshold=2.5000000000000004 18.031456937723998 31.306650178683075 60.061267997025006 11.054613941132899 1.0000000180025095e-35 1.0000000180025095e-35 1.0000000180025095e-35 2.0970017281736175 18.467992049081271 2.5582655826558267 5.7717461826196912 0.17179325650720004 0.087930957337330487 -0.49286997691671225 10.885804540938343 24.250640867362495 2.6237958050984749 6.9463423887919715 0.23874860978015064 2.0254575091948834 6.9857045911839082
decision_type=2 2 2 2 2 2 2 2 2 2 2 2 10 2 10 2 2 2 2 8 2 2
left_child=1 2 -1 5 -5 6 19 8 9 17 11 15 -12 14 -14 -7 -16 -8 -18 -3 -6 -22
right_child=-2 3 -4 4 20 10 7 -9 -10 -11 12 -13 13 -15 16 -17 18 -19 -20 -21 21 -23
leaf_value=-0.048139766310687206 0.033517040822441647 -0.027732752343954462 0.0084483816607167483 -0.01005243779875669 0.05217626198694672 0.038418274553406843 -0.008201235046246768 -0.035537566494807542 0.051482042091981352 -0.029500408273770481 0.032942398907929459 0.055099763093619775 -0.040160461777796891 -0.052503430151608577 -0.022280257961112007 -0.036504861228923546 0.052288144908202862 0.044234531583962733 0.0025495787424466218 -0.052578920653643869 0.050440524142695321 0.05094547749901316
leaf_weight=0.80185417714528628 0.58414413011632937 0.38702006777748432 0.55118476133793592 0.78137558791786321 0.34517832496203482 0.44441431108862139 0.61973075452260562 0.98836544109508384 0.82799952430650581 1.4254319583997128 0.84272599662654091 0.97830742679070681 0.6804230259731382 0.69100469816476096 0.65448891930282482 0.49303822591900826 0.68581766192801275 0.60830459115095437 0.46697854250669479 0.6307779874186964 0.25315221329219639 0.21555400814395398
leaf_count=32 30 13 16 14 15 35 25 21 19 39 35 24 19 10 20 9 35 17 12 31 34 18
internal_value=0.000168672 -0.00118665 -0.0250876 0.00129711 0.0212542 -0.00148952 -0.0103179 -0.00284626 0.00643458 -0.00762222 0.00667042 0.0276547 -0.00332624 -0.0129416 -0.00195262 -0.000986355 0.0124322 0.0177727 0.0321399 -0.0431311 0.0513104 0.0506727
internal_weight=14.9573 14.3731 1.35304 13.0201 1.59526 11.4248 5.48763 4.46983 3.48147 2.65347 5.9372 1.91576 4.02144 3.17871 2.48771 0.937453 1.80729 1.22804 1.1528 1.0178 0.813885 0.468706
internal_count=523 493 48 445 81 364 165 121 100 81 199 68 131 96 86 44 67 42 47 44 67 52
is_linear=0
shrinkage=0.05


Tree=121
num_leaves=24
num_cat=0
split_feature=162 39 62 111 47 21 332 21 34 38 127 26 18 85 118 11 3 97 21 95 84 89 98
split_gain=0.258753 0.439795 0.370914 0.322816 0.373229 0.358862 0.41244 0.566071 0.576455 0.492814 0.451197 1.42617 0.702433 0.413733 0.39439 0.341449 0.305292 0.129569 0.0319671 0.000256775 0.000243674 8.15541e-05 7.08359e-06
threshold=1.5000000000000002 1.6774422705885661 29.266595771890891 1.0000000180025095e-35 19.898349012255593 -2.1497711372449908 1.0000000180025095e-35 -2.4066833690102829 12.22629831818457 5.0508453826644333 1.0000000180025095e-35 2.6596583787831212 16.740926786721769 14.493540694785851 1.5000000000000002 0.29145442363085056 -0.58769745747119051 14.61224403760257 -2.1600062444973473 5.2495298291137704 5.7948893505039107 19.448367043257882 4.7793819628170997
decision_type=2 2 2 2 2 8 2 10 2 2 2 2 10 2 2 10 2 2 10 2 2 2 2
left_child=1 2 20 4 16 6 7 17 9 15 11 -8 -13 14 -11 -9 -3 -5 -18 -16 -1 -21 -23
right_child=-2 3 -4 5 -6 -7 10 8 -10 13 -12 12 -14 -15 19 -17 18 -19 -20 21 -22 22 -24
leaf_value=-0.052640341078975889 0.02837078068727511 0.00076829875890648675 0.01128922498755415 0.053298230404145622 -0.014123709714719679 -0.039002361009390689 0.055574760430884967 0.011053142773530858 -0.041010410006063001 -0.010179724356377724 -0.042762794375590316 -0.046041223492524271 0.0087272914588783588 -0.0075433986756967596 0.052480930105780137 -0.035710230320228617 0.036751031029929507 0.020003913093060845 0.053828068799576037 0.051805071310408117 -0.050830716752914486 0.050421074895350415 0.050809199590625201
leaf_weight=0.35725704580545314 0.77049638656899411 0.56685716472566139 0.34049410466104746 0.68519205925985704 0.6479651667177676 0.63402835698798199 0.77695030695758793 0.74490390485152891 0.70864463411271561 0.33052247413434122 0.9371879482641815 1.3572820143308493 1.0294960169121621 0.74006939167156804 0.49815915641374864 0.82011166727170348 0.51027786149643362 0.50949963554739952 0.59194388333707959 0.21065541217103601 0.38812227104790509 0.2277224570279941 0.24300405872054398
leaf_count=14 38 18 9 16 18 15 19 22 15 19 18 29 31 23 21 23 30 28 14 8 37 38 20
internal_value=0.000168981 -0.00139921 -0.0319473 0.0011983 0.0180835 -0.00254438 -0.000190322 0.00848744 0.000403159 0.00809552 -0.012291 -0.00326431 -0.0224178 0.0230824 0.0380918 -0.0134522 0.0305869 0.0390992 0.0459222 0.0516181 -0.0516981 0.0509874 0.0506214
internal_weight=14.6268 13.8563 1.08587 12.7705 2.31704 10.4534 9.8194 5.71848 4.52379 3.81515 4.10092 3.16373 2.38678 2.25013 1.51006 1.56502 1.66908 1.19469 1.10222 1.17954 0.745379 0.681382 0.470727
internal_count=523 485 60 425 80 345 330 233 189 174 97 79 60 129 106 45 62 44 44 87 51 66 58
is_linear=0
shrinkage=0.05


Tree=122
num_leaves=22
num_cat=0
split_feature=176 75 93 101 43 26 0 99 99 95 47 317 24 18 2 101 53 21 60 15 3
split_gain=0.250826 0.31055 0.384777 0.27729 0.608702 0.431894 0.528868 0.420856 0.564964 0.526459 0.444575 0.425731 0.398279 0.375473 0.3682 0.23232 0.112731 0.0760403 0.000557971 3.27921e-05 5.9992e-06
threshold=2.5000000000000004 18.031456937723998 31.306650178683075 7.3076421641612006 14.38763286346531 2.4641813781588309 12.797404922320268 1.0013681047385206 1.3129005047101889 7.5372818907472796 15.533486938863142 1.0000000180025095e-35 6.0592974430654767 16.740926786721769 0.10796849929217579 6.9616020962424567 5.1529674165391652 -2.4387385260147414 32.953326437213839 1.1234756097560978 -0.55277001072134424
decision_type=2 2 2 2 2 2 2 2 2 2 2 2 8 8 2 2 2 10 2 2 2
left_child=1 2 -1 5 -5 15 14 -6 -9 10 12 -11 -10 -8 -7 -3 -14 -13 19 20 -19
right_child=-2 3 -4 4 7 6 13 8 9 11 -12 17 16 -15 -16 -17 -18 18 -20 -21 -22
leaf_value=-0.047486509473081806 0.032644082918659993 -0.049231792974419875 0.008006086822516174 0.045471802000415062 0.032248031296112388 0.034219594903774936 -0.050033718795333096 -0.04610119669121536 0.051224807872855188 -0.018862813804937404 -0.026725388767633758 0.017224449584010076 0.01068412492738487 0.0013530557645470742 -0.0057805023559833642 -0.0085850727574493992 -0.018869336183904951 0.050762467014546953 0.05382434439521408 0.051304292945145116 0.050352537074603479
leaf_weight=0.75580739718861767 0.57086218928452659 0.78735112841240862 0.53243337757885456 0.92239935253746796 0.97544622130226333 1.2639105175621814 0.66740540228784051 0.67849015002138902 0.43255645455792557 0.35043895803391922 1.6295739379711447 0.19909739075228561 0.64016141975298524 0.76060043973848235 1.0559674543328581 0.63510617986321449 0.65062455809675157 0.18151691206730891 0.21639232954476029 0.25376599561423063 0.17558664770331234
leaf_count=32 30 39 16 37 39 32 15 16 36 8 36 11 24 26 30 6 19 14 9 16 32
internal_value=0.000167804 -0.00117909 -0.0245513 0.00123419 0.00750481 -0.00762663 0.00127615 0.00201881 -0.00343346 0.00268734 -0.00800219 0.0287195 0.00970227 -0.0226635 0.0160123 -0.0310836 -0.00421239 0.044966 0.0516426 0.0508697 0.0505609
internal_weight=14.3355 13.7646 1.28824 12.4764 7.30605 5.17034 3.74788 6.38365 5.4082 4.72971 3.35292 1.3768 1.72334 1.42801 2.31988 1.42246 1.29079 1.02636 0.827262 0.61087 0.357104
internal_count=523 493 48 445 297 148 103 260 221 205 115 90 79 41 62 45 43 82 71 62 46
is_linear=0
shrinkage=0.05


Tree=123
num_leaves=26
num_cat=0
split_feature=151 162 25 4 39 36 130 98 325 128 127 97 67 9 23 128 105 310 3 35 98 40 96 98 66
split_gain=0.246931 0.543438 0.540771 0.440101 0.398143 0.40744 0.58345 0.468238 0.398652 0.391525 0.33528 1.38294 0.326114 0.319345 0.346149 0.359988 0.222098 0.189319 0.16118 0.0010695 0.000214549 0.000101736 1.34538e-05 2.58435e-06 8.77246e-07
threshold=1.0000000180025095e-35 1.5000000000000002 -0.92637260151251244 0.28461233473383579 1.6774422705885661 9.8274717882931153 3.195800000000002 13.82512714771102 1.0000000180025095e-35 3.4505188517836944 1.0000000180025095e-35 2.4213223970143614 25.098677843018255 103.00000000000001 -2.3717718615824617 5.8431262012192517 0.36602870813397131 1.0000000180025095e-35 -1.5857253086419754 9.0926848883431663 2.7311990583270349 3.0002048036240621 6.3222690025422708 5.2680772409093057 31.880124883138738
decision_type=2 2 8 2 2 2 2 2 2 2 2 2 2 2 8 2 2 2 2 2 2 2 2 2 2
left_child=1 2 -1 -4 18 6 8 9 13 -8 11 -2 -13 -6 15 16 -15 -10 -5 21 -20 -11 23 24 -23
right_child=10 -3 3 4 5 -7 7 -9 17 19 -12 12 -14 14 -16 -17 -18 -19 20 -21 -22 22 -24 -25 -26
leaf_value=0.051529184706082025 0.064580802253500769 0.053027800473867938 0.040395794787935833 -0.0036072220532006784 0.012725493958904469 -0.026969486361642744 -0.015335014308843768 -0.0053024188107595989 -0.0022043773194964761 0.051842142704774025 -0.038514927122070733 -0.048801197263971273 -0.0060444646346288922 -0.0031573158609678404 -0.05327080549064505 0.023532639925861007 -0.043834374909341292 0.036229164336333324 -0.052873007742066248 0.054031893801654296 -0.050909017219246101 0.050282159968433326 0.050998494764890989 0.050619713238572277 0.050464618530185718
leaf_weight=0.50851729093119502 0.58657680964097547 0.53347477631177831 0.59253539005293987 0.2495592893101275 0.77195104886777555 1.2599053732119498 0.26017086603678796 0.87478253617882717 0.63234990346245445 0.23494797386229016 0.86644012434408058 0.75546107627451409 1.0885693498421458 0.60009137378074207 0.72358823381364379 0.50477743986994017 0.76128224097192287 0.64954288955777884 0.23416066449135442 0.42498507187701762 0.34237169311381876 0.13119914580602199 0.168379713781178 0.17963186092674732 0.1323130892124027
leaf_count=26 12 33 23 11 19 27 6 23 20 9 14 16 36 30 17 27 18 24 9 11 33 28 14 20 17
internal_value=0.000163535 0.0038287 0.00126482 -0.00136253 -0.00407086 -0.000779862 0.00390049 0.0238816 -0.00645417 0.0405499 -0.0118095 -0.00228981 -0.023561 -0.0155008 -0.0239145 -0.0125318 -0.025904 0.0172701 -0.037176 0.0519853 -0.0517067 0.0509578 0.050618 0.0504735 0.0503738
internal_weight=14.0676 10.7705 10.237 9.72853 9.13599 8.3099 7.04999 2.40641 4.64358 1.53163 3.29705 2.43061 1.84403 3.36169 2.58974 1.86615 1.36137 1.28189 0.826092 1.27146 0.576532 0.846472 0.611524 0.443144 0.263512
internal_count=523 445 412 386 363 310 283 128 155 105 78 64 52 111 92 75 48 44 53 99 42 88 79 65 45
is_linear=0
shrinkage=0.05


Tree=124
num_leaves=22
num_cat=0
split_feature=28 48 140 105 50 0 43 22 26 26 23 53 18 298 79 75 62 19 101 314 47
split_gain=0.237017 0.302125 0.355953 0.354754 0.47652 0.420735 0.533309 0.40023 0.370507 0.38419 0.458724 0.315058 0.361531 0.264895 0.0947857 0.066845 0.0322265 0.000693839 0.000469707 3.77119e-05 2.236e-05
threshold=1211.550602076527 29.084189425067446 1.0000000180025095e-35 0.22902097902097904 6.0570574465605116 12.873815415001573 23.047115043779382 2.3958456309204386 2.4222513776104795 2.7264872068190873 -2.3647475634099941 4.8472234574611504 16.543530954186505 1.0000000180025095e-35 47.941153129498865 19.331945007009374 23.588802049308285 9.8406540705080001 8.3353330626985631 1.0000000180025095e-35 14.41231176901981
decision_type=2 2 2 2 2 2 2 8 2 2 10 2 8 2 2 2 2 10 2 2 2
left_child=1 2 3 -1 5 6 8 17 -5 10 15 12 -11 16 -4 -10 -2 -7 -17 -20 -19
right_child=13 -3 14 4 -6 7 -8 -9 9 11 -12 -13 -14 -15 -16 18 -18 20 19 -21 -22
leaf_value=-0.027628472606446398 0.051404862054779427 0.034082447310094348 -0.051421533217080165 -0.01126118724200738 -0.027626515478570569 0.05406389209217434 -0.032145122234510097 -0.0050068639724447344 0.027888723739119822 -0.031726125479774901 -0.0060915619106749674 0.025976350581998087 0.015299119332054641 -0.0082193686009815383 -0.016912498191185312 0.05307208681797753 0.028330588935895674 0.050465953508831277 0.05049905495226762 0.051410035651037779 0.051082959540550289
leaf_weight=1.1358539413195057 0.40714424266479976 0.56267714477144259 0.43397163413465101 2.0401076113339496 1.2105012517422427 0.23020776361227002 1.034587468486279 0.48371430335100751 0.38691185740753464 0.94511383352801215 0.60705312062055439 0.85312068322673429 0.72014773078262817 0.41810126695781946 0.36747954552993178 0.60772150941193082 0.24082632688805461 0.22767402522731572 0.23099575191736221 0.22354891942813993 0.41355553374160081
leaf_count=35 30 24 30 39 38 5 20 21 17 31 21 28 26 10 10 16 20 31 30 10 31
internal_value=0.000162842 -0.00173585 -0.00339432 -0.00112047 0.00182709 0.00578665 0.00123752 0.0314647 0.00645879 0.0143612 0.030397 0.00126819 -0.0113899 0.0228084 -0.0355985 0.0456819 0.042829 0.0517092 0.0521628 0.0509471 0.0508639
internal_weight=13.781 12.7149 12.1523 11.3508 10.215 9.00446 7.64931 1.35515 6.61472 4.57461 2.05623 2.51838 1.66526 1.06607 0.801451 1.44918 0.647971 0.871437 1.06227 0.454545 0.64123
internal_count=523 463 439 399 364 326 238 88 218 179 94 85 57 60 40 73 50 67 56 40 62
is_linear=0
shrinkage=0.05


Tree=125
num_leaves=22
num_cat=0
split_feature=55 59 18 59 22 35 22 12 98 100 62 131 110 2 101 16 76 18 27 60 84
split_gain=0.238507 0.596815 0.400922 0.313352 0.285577 0.284406 0.703725 0.686991 0.457689 0.726403 0.484866 0.333194 0.269299 0.26609 0.204656 0.0151862 0.000683276 0.000404716 0.000134999 6.79007e-06 1.02185e-06
threshold=5.1000446670203816 5.4892209805468886 19.286685837513009 5.6302454023764161 2.3576373270198503 6.0029018187281151 2.3436750001421003 -0.50767879912583036 9.8939374411348098 0.52860004382709114 11.733921011147656 70.266650000000041 1.5000000000000002 0.21589980189096328 5.5586153628117918 1.9245014245014247 9.6106000679760513 35.495691944911449 1.5357082578506895 17.60153322818547 6.072903608448132
decision_type=2 2 10 2 10 2 8 10 2 2 2 2 2 2 2 2 2 10 2 2 2
left_child=3 -2 -3 4 -1 11 7 -7 9 17 -10 -5 -11 -13 -9 18 -4 -8 19 20 -16
right_child=1 2 16 5 -6 6 8 14 10 12 -12 13 -14 -15 15 -17 -18 -19 -20 -21 -22
leaf_value=-0.0047325591735616485 -0.052948101885505673 0.0034082188234945674 0.048953666189008066 0.0067106208858642193 0.051500187079195375 -0.028985551796220938 0.050901154233136015 0.0015857272299066663 -0.0045219779825534561 0.0091054006931188449 -0.04561157535976685 -0.040416349429872739 -0.029887494366737512 -0.0037595576541829012 0.050369858686090153 0.037229859159750522 0.051954862910461509 0.053406923185483283 0.051754530021096493 0.05085847390303621 0.050565049063256887
leaf_weight=0.41923302691429754 0.27286591194570187 0.91330063180066623 0.2821732658194378 0.98757281876169001 0.48928621830418706 0.45532394014298949 0.35586542089004103 0.27758567035198201 1.6346528921276333 0.91609342233277835 1.2802603016607461 1.4834810094907882 0.85705573321320117 0.74302023951895524 0.13761949271429308 0.23333599744364608 0.57836392358876765 0.29449354740791023 0.63632426504045725 0.18531270837411284 0.13076245738193393
leaf_count=31 8 27 28 37 12 12 36 13 31 19 35 32 22 30 26 22 29 11 33 14 15
internal_value=0.000164456 0.0158925 0.0264821 -0.00263053 0.0255518 -0.00504402 0.00035326 0.0252062 -0.00921966 0.00683641 -0.022569 -0.0174617 -0.00974191 -0.0281834 0.0406189 0.0488065 0.0509708 0.0520358 0.0512847 0.0506257 0.050465
internal_weight=13.564 2.0467 1.77384 11.5173 0.908519 10.6088 7.39469 2.05626 5.33842 2.42351 2.91491 3.21407 1.77315 2.2265 1.60094 1.32335 0.860537 0.650359 1.09002 0.453695 0.268382
internal_count=523 92 84 431 43 388 289 135 154 88 66 99 41 62 123 110 57 47 88 55 41
is_linear=0
shrinkage=0.05


Tree=126
num_leaves=24
num_cat=0
split_feature=162 39 62 111 0 21 332 21 34 127 26 18 38 85 118 11 41 97 95 107 89 131 98
split_gain=0.233554 0.376542 0.344683 0.289193 0.352377 0.284922 0.34256 0.502575 0.488461 0.432341 1.21557 0.599083 0.403197 0.391581 0.372009 0.30068 0.21045 0.126729 0.00021614 0.000162091 4.85966e-05 3.01822e-05 4.79003e-06
threshold=1.5000000000000002 1.6774422705885661 29.449925319296096 1.0000000180025095e-35 11.909204144620814 -2.1497711372449908 1.0000000180025095e-35 -2.4066833690102829 12.22629831818457 1.0000000180025095e-35 2.6596583787831212 16.740926786721769 5.0508453826644333 14.493540694785851 1.5000000000000002 0.29145442363085056 -2.2299999999999991 14.61224403760257 5.2495298291137704 1.5000000000000002 19.448367043257882 64.497450000000029 4.7793819628170997
decision_type=2 2 2 2 2 10 2 8 2 2 2 10 2 2 2 10 2 2 2 2 2 2 2
left_child=1 2 19 4 16 6 7 17 12 10 -8 -12 15 14 -14 -9 -3 -5 -16 -1 -20 -21 -22
right_child=-2 3 -4 5 -6 -7 9 8 -10 -11 11 -13 13 -15 18 -17 -18 -19 20 21 22 -23 -24
leaf_value=-0.052484126743219117 0.028340479559343729 0.0099773823231004422 0.013393832548986391 0.053003108907070308 -0.0061600041281097886 -0.037130828271326043 0.053613490947006438 0.010904082191833428 -0.039904621251419893 -0.042244573981738184 -0.044559420237749114 0.0084006483796388084 -0.011359691355026326 -0.0087131457713200463 0.05229695322347664 -0.035028277439105721 0.052415705683216567 0.018289090311972962 0.051523768398953944 -0.050491056549026692 0.050361685579119589 -0.051347846350042137 0.050706167945863995
leaf_weight=0.24764687335118551 0.69698393275030035 0.48840945027768623 0.29604067653417587 0.62078788829967357 0.88174590282142151 0.56229210644960481 0.72388614434748966 0.68365773977711464 0.64821336185559619 0.89539030846208323 1.211923902621493 0.95458656409755338 0.30397638794966075 0.70218474906869222 0.4578170513268558 0.74407053831964731 0.72690227720886391 0.45605448097921908 0.18308068020269275 0.2329537314362824 0.1928167100995779 0.18395705567672849 0.21171520790085196
leaf_count=9 38 21 8 16 30 14 19 22 15 18 29 31 19 24 21 23 29 28 8 34 38 9 20
internal_value=0.000165093 -0.00139221 -0.0314807 0.00108883 0.0179025 -0.00260229 -0.000442693 0.00788162 -5.46547e-05 -0.0118862 -0.00248181 -0.0212247 0.00736958 0.0215686 0.0373262 -0.0130339 0.0353606 0.0383013 0.0514825 -0.0514709 0.0508479 -0.0508691 0.050542
internal_weight=13.3071 12.6101 0.960598 11.6495 2.09706 9.55245 8.99016 5.20437 4.12753 3.78579 2.8904 2.16651 3.47932 2.05159 1.34941 1.42773 1.21531 1.07684 1.04543 0.664558 0.587613 0.416911 0.404532
internal_count=523 485 60 425 80 345 331 234 190 97 79 60 175 130 106 45 50 44 87 52 66 43 58
is_linear=0
shrinkage=0.05


Tree=127
num_leaves=21
num_cat=0
split_feature=16 11 29 94 47 40 130 127 109 20 68 29 60 335 98 13 21 3 15 130
split_gain=0.231862 0.395201 0.505326 0.547412 0.598517 0.524359 0.425277 0.389088 0.494863 0.521942 0.477934 0.473968 0.37406 0.330377 0.470635 0.253558 0.226488 0.0738213 0.000330906 1.15319e-05
threshold=1.8702664796633943 0.13699629404907546 14.785169427003238 14.338359750817959 14.848430684074048 5.0745589219144343 2.9529000000000019 1.0000000180025095e-35 1.0000000180025095e-35 2.4203589789993889 35.43034508000823 23.642576422885643 6.4827890144192937 1.0000000180025095e-35 13.82512714771102 0.34853360378072101 -2.2047308347797618 -0.32146687282310288 1.134848484848485 2.23936
decision_type=2 8 2 2 2 2 2 2 2 8 2 2 2 2 2 10 10 2 2 2
left_child=7 -2 17 4 5 -4 -6 8 9 11 -10 12 16 -14 15 -15 -1 -3 19 -17
right_child=1 2 3 -5 6 -7 -8 -9 10 -11 -12 -13 13 14 -16 18 -18 -19 -20 -21
leaf_value=0.051450037157636686 0.036410852612260985 -0.023833053762238782 0.036388561613443893 0.036422993209449216 -0.047726212836042323 -0.024592581989720932 0.00083150373487735096 -0.020371292673256065 0.061535455549499678 -0.032479967611812925 0.0041863587725870814 0.053163346470103394 -0.031574249600175776 -0.017023127223763989 -0.031191571669228771 0.050981980955221932 0.0071636229081093253 -0.050465247694085391 0.053172935825672174 0.050362248673012457
leaf_weight=0.50465852313209325 0.47323286533355702 0.40584830963052809 0.89696619263850175 0.72021487215533841 1.2231653146445749 0.5807575648650527 0.71420620544813562 1.1687529550399629 0.82718069991096832 0.84334757551550854 0.6477987578837201 0.56706026708707202 0.91682808124460358 0.18037401541368969 0.45271786069497466 0.13106262660585344 0.6746354654897011 0.72504972806200363 0.21858151443302631 0.17568473308347166
leaf_count=31 21 27 39 38 31 16 26 39 14 33 38 22 32 13 11 11 23 20 6 32
internal_value=0.000164279 -0.00735706 -0.0112901 -0.00319053 -0.0115447 0.0124225 -0.0298256 0.00607072 0.011104 0.00312224 0.0363482 0.0109789 0.00362883 -0.00914943 0.00859862 0.0341246 0.0261152 -0.0409077 0.0516863 0.050627
internal_weight=13.0481 5.73944 5.26621 4.13531 3.4151 1.47772 1.93737 7.30868 6.13993 4.66495 1.47498 3.8216 3.25454 2.07525 1.15842 0.705703 1.17929 1.1309 0.525329 0.306747
internal_count=523 218 197 150 112 55 57 305 266 214 52 181 159 105 73 62 54 47 49 43
is_linear=0
shrinkage=0.05


Tree=128
num_leaves=23
num_cat=0
split_feature=176 75 93 79 24 53 15 102 59 349 72 101 76 130 99 127 5 3 68 93 95 81
split_gain=0.230127 0.254032 0.340514 0.252054 0.511886 0.240243 0.46797 0.314741 0.413673 0.323752 0.30044 0.466124 0.371435 0.434032 0.382583 0.622478 0.0719948 0.00958732 0.00116814 0.000422131 5.29369e-05 2.10587e-05
threshold=2.5000000000000004 18.031456937723998 31.306650178683075 60.061267997025006 5.5117093672116146 4.9881916267914397 1.3090185676392576 1.4448233182161754 29.035241999156685 1.0000000180025095e-35 5.4094723772614488 6.9616020962424567 11.179893099346719 2.5840100000000001 2.821284632237353 1.0000000180025095e-35 14.381818181818184 -0.49173266921170095 30.397073593883785 11.742123542015889 2.0254575091948834 5.6672817477256459
decision_type=2 2 2 2 10 2 2 2 2 2 2 2 2 2 2 2 2 2 2 2 2 2
left_child=1 2 -1 5 -5 10 7 -7 -9 -10 12 -12 14 -14 15 -3 -6 -13 -19 -18 -21 -20
right_child=-2 3 -4 4 16 6 -8 8 9 -11 11 17 13 -15 -16 -17 19 18 21 20 -22 -23
leaf_value=-0.0470612842529343 0.03297827933621672 0.0182968441013097 0.0082230950480477183 -0.020387517135209893 0.018982974175667286 -0.040702214781955487 0.030568716909237792 -0.028988620951463887 -0.008997027040354575 0.051479923313481495 -0.0066777457364294761 0.040367302654318482 -0.0043601533895967336 0.052250070751041627 -0.039106674095102247 -0.034906970528801311 0.05357239558556736 0.055251973124330535 0.050357421950214289 0.051544233400495111 0.050425245397045571 0.051143435586529409
leaf_weight=0.65839945361949392 0.51288464595563787 1.5384026159299526 0.48275284678675234 0.48011696129105874 0.22114156140014529 1.1203176748240373 0.54788202908821393 1.0325128054246304 0.507187756942585 0.39258987043285742 0.68155097356066086 0.21511072153225541 0.79491247050464131 0.58981797657907009 0.89031707728281606 0.85548346210271109 0.24236183986067772 0.2537786141037941 0.16030058392789215 0.20115366950631142 0.22271698038093746 0.18192229559645057
leaf_count=32 30 38 16 12 17 35 18 25 29 26 28 15 27 25 32 18 7 3 31 12 33 14
internal_value=0.000164786 -0.00120673 -0.0236738 0.00109689 0.0212011 -0.00171935 -0.0119804 -0.0196171 -0.00739216 0.0173902 0.00427661 0.0238034 -0.00196612 0.0197526 -0.0111235 -0.000716167 0.0437028 0.0494157 0.0526815 0.051908 0.0509563 0.0507753
internal_weight=12.7836 12.2707 1.14115 11.1296 1.36749 9.76209 3.60049 3.05261 1.93229 0.899778 6.1616 1.49266 4.66893 1.38473 3.2842 2.39389 0.887374 0.811112 0.596001 0.666232 0.423871 0.342223
internal_count=523 493 48 445 81 364 133 115 80 55 231 91 140 52 88 56 69 63 48 52 45 45
is_linear=0
shrinkage=0.05


Tree=129
num_leaves=24
num_cat=0
split_feature=162 39 62 111 47 18 367 127 57 3 27 361 66 311 16 3 59 92 26 21 23 47 26
split_gain=0.22109 0.349471 0.304299 0.26834 0.320139 0.254598 0.262013 0.588935 0.397251 0.333492 0.415721 0.367988 0.349905 0.466621 0.2542 0.249645 0.195209 0.0674771 0.029683 0.0276475 0.00983766 0.000138203 0.000119013
threshold=1.5000000000000002 1.6774422705885661 29.449925319296096 1.0000000180025095e-35 19.898349012255593 16.290770942458895 1.0000000180025095e-35 1.0000000180025095e-35 11.94730954315717 0.087930957337330487 1.3434886464128988 1.0000000180025095e-35 19.324432260271315 1.0000000180025095e-35 1.7350877192982459 -0.58769745747119051 48.867091594770919 12.202798907685091 2.4048551137265783 -2.1600062444973473 -2.6102306433081321 24.588512200719688 2.3434944211650905
decision_type=2 2 2 2 2 10 2 2 2 2 2 2 2 2 2 2 2 2 2 10 10 2 2
left_child=1 2 22 4 15 14 7 8 -7 10 16 -12 -13 17 -5 -3 21 -14 -10 -17 -20 -8 -1
right_child=-2 3 -4 5 -6 6 9 -9 18 -11 11 12 13 -15 -16 19 -18 -19 20 -21 -22 -23 -24
leaf_value=-0.050674158946977278 0.028206289212012466 0.0013799169715579221 0.011408362819418299 -0.0024387582783404627 -0.013992971747530423 -0.0060248658743036268 0.050659396480705846 -0.021267302915247172 0.065695819225348742 -0.03877954834404293 -0.028993496936072401 -0.026787756612690589 0.02427549470613825 -0.012101904609424169 -0.037527905915986565 0.036000887636744791 -0.00066911446321875985 0.052428559688542389 0.038224629351809841 0.053252510481001727 0.051513857071271568 0.052308680208460745 -0.052071986252024784
leaf_weight=0.32023549498990078 0.66566999058704901 0.49057425744831551 0.28267569048330188 1.1700923159951329 0.57213762961328019 0.39649184106383495 0.29653311823494721 0.66907865833491076 0.3274705782532692 0.61269354447722424 1.2144489535130563 0.62215631641447577 0.34748062212020137 0.74095021234825253 0.92351823626086105 0.42587305628694583 0.27621367783285677 0.5492712928680703 0.20753107266500603 0.51078083133324892 0.42334202700294543 0.22219466790556908 0.29032848495990038
leaf_count=39 38 18 8 36 18 17 37 20 2 14 39 22 20 20 22 30 11 24 22 14 31 8 13
internal_value=0.000164984 -0.00140465 -0.0314818 0.00103798 0.0176072 -0.00264312 0.00198738 0.0171133 0.0360674 -0.0042834 0.000667247 -0.00679601 0.00513293 0.0172595 -0.017917 0.0302749 0.0332856 0.0415196 0.0534821 0.0454086 0.0471423 0.0513659 -0.0513388
internal_weight=12.5577 11.8921 0.89324 10.9988 1.99937 8.99947 6.90586 2.02391 1.35484 4.88194 4.26925 3.47431 2.25986 1.6377 2.09361 1.42723 0.794941 0.896752 0.958344 0.936654 0.630873 0.518728 0.610564
internal_count=523 485 60 425 80 345 287 92 72 195 181 125 86 64 58 62 56 44 55 44 53 45 52
is_linear=0
shrinkage=0.05


Tree=130
num_leaves=24
num_cat=0
split_feature=28 48 140 105 50 78 0 346 22 5 25 4 22 298 26 6 27 130 62 97 61 91 47
split_gain=0.215166 0.253997 0.308735 0.298358 0.409909 0.369181 0.423029 0.46952 0.372832 0.358035 0.41554 0.273555 0.238877 0.229204 0.121991 0.0980883 0.0797887 0.0464031 0.0268233 0.000860698 0.000409787 5.6561e-05 1.1697e-05
threshold=1211.550602076527 29.084189425067446 1.0000000180025095e-35 0.22902097902097904 6.0570574465605116 18.498124908342472 12.873815415001573 1.0000000180025095e-35 2.3958456309204386 19.480030721966209 0.093386813978177843 0.6711784331616607 2.1224435641581954 1.0000000180025095e-35 2.6887425528069655 277.29300000000001 1.7682456313695922 1.1106600000000004 22.43543962763912 2.1260415777371047 24.639134759325476 13.306641112890611 14.41231176901981
decision_type=2 2 2 2 2 2 2 2 8 2 10 2 10 2 2 2 2 2 2 2 2 2 2
left_child=1 2 3 -1 5 12 7 14 20 10 15 -11 -5 18 -7 -9 -4 -14 -2 -19 22 -17 -8
right_child=13 -3 16 4 -6 6 8 9 -10 11 -12 -13 17 -15 -16 21 -18 19 -20 -21 -22 -23 -24
leaf_value=-0.026758104648631022 0.051391153054174882 0.033262558910018968 -0.017224266455673789 -0.0042289203203050721 -0.027164370843067651 -0.016662251970575932 0.05043708281451334 0.015076386775262782 -0.0093845830096499772 -0.025564594832459171 -0.014140878536523824 0.0047478672970507826 0.029073508585950394 -0.0072078672142897524 -0.04957592502872149 0.050973543544626743 -0.051404121898573907 0.054790276117596619 0.029022805858694239 0.050892177289248511 0.053376639157562022 0.051871741973800491 0.050948291630226884
leaf_weight=1.0231862565269647 0.35727042821236032 0.49571860046126026 0.31492139445617873 0.35756941698491373 1.0842475750250731 0.55428583268076159 0.17879300535423648 0.25125581026077248 0.39246368035674106 1.2087513497099283 0.49868349242024124 1.937001986429095 0.33020115178078413 0.3773182537406683 0.57208613655529916 0.42314720386639237 0.37294108478818089 0.24911176506429911 0.21448558964766562 0.32813501032069325 0.21711632562801242 0.29920667828992009 0.29906369443051517
leaf_count=35 28 24 14 14 38 30 28 5 17 24 17 39 12 10 14 38 26 5 22 38 6 13 26
internal_value=0.000166088 -0.00174017 -0.00333319 -0.00114762 0.00170653 0.00557261 0.000978408 -0.00443493 0.0295745 0.00262476 0.022975 -0.00689965 0.0303841 0.0230391 -0.0333792 0.0419857 -0.0357557 0.0440229 0.043 0.0525744 0.0515754 0.0513456 0.050757
internal_weight=12.337 11.3879 10.8922 10.2043 9.18112 8.09687 6.83186 5.74442 1.08744 4.61805 1.47229 3.14575 1.26502 0.949074 1.12637 0.97361 0.687862 0.907448 0.571756 0.577247 0.694973 0.722354 0.477857
internal_count=523 463 439 399 364 326 257 180 77 136 73 63 69 60 44 56 40 55 50 43 60 51 54
is_linear=0
shrinkage=0.05


Tree=131
num_leaves=24
num_cat=0
split_feature=68 107 27 70 53 16 48 130 71 100 49 91 325 12 98 89 67 131 20 83 3 93 93
split_gain=0.216145 0.476802 0.407235 0.312763 0.304434 0.440652 0.302567 0.400139 0.307724 0.285266 0.284968 0.262974 0.275911 0.332653 0.266707 0.249724 0.19626 0.0640706 0.00019319 7.57478e-05 1.97424e-05 2.61637e-06 3.65361e-07
threshold=65.78944485112423 3.5000000000000004 2.0179591740121934 11.829800891893735 4.9881916267914397 2.0385185185185191 14.905150260870618 -0.21849999999999983 5.2650868498305998 0.46282019112126532 5.592035476312966 4.737717795165147 1.0000000180025095e-35 -0.37791329395443102 3.2038648519463018 37.243961215551018 19.302805884467087 88.769200000000069 2.4070514830915957 89.910000000000011 -1.0452599829152618 15.618927605245355 37.088702117098258
decision_type=2 2 2 2 2 2 2 2 2 2 2 2 2 10 2 2 2 2 10 2 2 2 2
left_child=4 2 3 17 6 10 7 -1 -8 -10 16 14 15 -14 -9 -13 -6 -2 19 20 -19 -22 -23
right_child=1 -3 -4 -5 5 -7 8 11 9 -11 -12 12 13 -15 -16 -17 -18 18 -20 -21 21 22 -24
leaf_value=-0.051800520814422692 0.018859185684689653 -0.042583869492662969 -0.0082524119913418553 -0.0056746772358025541 -0.051268364873074512 0.023006937888558326 0.053301989848240063 -0.0025037163898638769 -0.023339695211741666 0.031315052986470276 -0.0018766258899338109 -0.036831507814552182 0.03495293238338703 -0.014358703067900753 0.048698192674236786 -0.0016722986706857335 -0.015299813828696031 0.051107601249734728 0.052439424820729608 0.051615214472461417 0.050545997566809622 0.050338975640413543 0.050208854853520626
leaf_weight=0.39087539038155128 0.17686280328780579 0.3459456912241875 0.83391866739839304 0.36885363003239025 1.0211931960657246 0.57163280923850823 0.5246403971686957 0.50494617910589912 0.4498123680241406 0.50879603426437825 0.82850574515759934 0.90961196762509677 0.7243819129653275 0.64790145982988201 0.51243897690437734 1.1354734906926749 0.60330590792000283 0.12994128814898454 0.29310582461766899 0.26697389176115394 0.16175053565530062 0.12027734611183405 0.097823218908160925
leaf_count=26 6 8 37 15 33 18 15 25 19 22 36 35 29 15 21 32 22 9 14 12 24 22 28
internal_value=0.0001674 0.0123637 0.020124 0.034771 -0.00348547 -0.0165272 0.00276704 -0.00330359 0.0225174 0.00566915 -0.0257399 0.000970883 -0.00567249 0.0116712 0.0232858 -0.0173104 -0.0379104 0.0467371 0.0513456 0.0509329 0.0505756 0.0503936 0.0502806
internal_weight=12.129 2.79545 2.44951 1.61559 9.33352 3.02464 6.30888 4.82563 1.48325 0.958608 2.453 4.43475 3.41737 1.37228 1.01739 2.04509 1.6245 1.24673 1.06987 0.776766 0.509792 0.379851 0.218101
internal_count=523 175 167 130 348 109 239 183 56 41 91 157 111 44 46 67 55 115 109 95 83 74 50
is_linear=0
shrinkage=0.05


Tree=132
num_leaves=25
num_cat=0
split_feature=55 59 18 59 179 37 22 37 13 87 85 100 151 11 33 101 130 22 67 37 99 103 130 101
split_gain=0.217565 0.505251 0.339638 0.26693 0.245335 0.401998 0.235433 0.568805 0.412149 0.359439 0.413423 0.300323 0.41718 0.296107 0.23517 0.166825 0.105555 0.0146344 0.000445314 0.000394505 9.12658e-05 3.1126e-05 3.07519e-06 1.12415e-06
threshold=5.1000446670203816 5.4892209805468886 19.286685837513009 5.6302454023764161 1.0000000180025095e-35 2.9303431692594017 2.3436750001421003 4.0354945812930874 0.50766975734506981 37.258847581937466 14.493540694785851 0.52860004382709114 1.0000000180025095e-35 0.23049543666804037 6.5843290103051588 5.5586153628117918 2.8788700000000014 2.2148837191987938 12.976081979924738 6.9979235335187324 0.66114104414784713 2.4333249232035317 2.4858500000000014 10.785505619296989
decision_type=2 2 10 2 2 2 8 2 8 2 2 2 2 8 2 2 2 10 2 2 2 2 2 2
left_child=3 -2 -3 14 5 -5 7 -7 15 10 11 12 16 -13 -1 -9 -8 -17 -4 -18 -19 -22 -23 -24
right_child=1 2 18 4 -6 6 9 8 -10 -11 -12 13 -14 -15 -16 17 19 20 -20 -21 21 22 23 -25
leaf_value=-0.0025026699152303324 -0.052486975764334379 0.0039973116813944234 0.051918019178559441 -0.051408396561307551 0.029513991690194998 -0.015976972495663187 0.011707960619763371 0.001760704321868378 -0.024719933400479073 0.022104603523149621 -0.041999173708422294 -0.0027129119313817618 -0.017555359678401852 -0.040552700887171451 0.052230671983530576 0.035153909649412556 0.050570888810255933 0.05209598960092171 0.049473174570461707 0.053515125671126818 0.051098481312046765 0.050627440128540736 0.05045318782442481 0.050232932427660242
leaf_weight=0.38601123564876516 0.23252315213903862 0.80512596340849973 0.40055186161771417 0.48042648797854504 0.48721480020321983 1.4437600271776294 0.25269581144675723 0.23526897607371178 0.30651640612632047 0.72200820595026005 1.1374919954687355 1.1911584046902137 0.66348954453133047 0.91347928810864676 0.39922716864384711 0.17503937846049644 0.23387796967290342 0.15459749288856983 0.34813083906192333 0.22155543486587703 0.34589188219979405 0.13786557363346219 0.10357253928668797 0.13145933137275279
leaf_count=26 8 27 18 34 20 37 12 13 10 14 38 37 10 22 17 9 35 5 39 6 22 15 15 34
internal_value=0.000165134 0.0162528 0.0265395 -0.00267385 -0.00502842 -0.00693003 -0.00437695 0.00674396 0.0273724 -0.0107004 -0.0158341 -0.00727243 0.0109321 -0.0191366 0.0253246 0.0398108 0.0376238 0.0483493 0.0507812 0.0520032 0.0509939 0.0507569 0.05044 0.05033
internal_weight=11.9089 1.78633 1.55381 10.1226 9.33737 8.85015 8.36973 3.03397 1.59021 5.33576 4.61375 3.47626 1.37162 2.10464 0.785238 1.2837 0.708129 1.04843 0.748683 0.455433 0.873387 0.718789 0.372897 0.235032
internal_count=523 92 84 431 388 368 334 160 123 174 160 122 63 59 43 113 53 100 57 41 91 86 64 49
is_linear=0
shrinkage=0.05


Tree=133
num_leaves=26
num_cat=0
split_feature=176 32 127 104 325 28 24 79 83 3 3 59 71 303 151 25 76 116 128 66 19 302 3 78 62
split_gain=0.202207 0.210272 0.946797 0.954184 0.403983 0.356319 0.469311 0.530661 0.398956 0.327142 0.516841 0.382556 0.372551 0.527913 0.394558 0.436745 0.178462 0.0938494 0.0764399 0.0480372 0.0174575 0.000340703 0.000291547 5.68373e-05 1.29013e-06
threshold=2.5000000000000004 9.0620240011984752 1.0000000180025095e-35 3.9151937837112736 1.0000000180025095e-35 546.34379451559278 5.5117093672116146 60.061267997025006 41.530000000000008 0.087930957337330487 -0.40455318558156667 18.408048235304744 5.0032185628455927 1.0000000180025095e-35 1.0000000180025095e-35 -0.13843620614014709 8.9790308050281293 1.0000000180025095e-35 3.0787505990678841 25.335368477226165 10.040433746395271 1.0000000180025095e-35 -1.001726414705945 48.794462589721043 23.198692837366313
decision_type=2 2 2 2 2 2 10 2 2 2 2 2 2 2 2 10 2 2 2 2 8 2 2 2 2
left_child=1 2 3 4 20 16 -7 8 18 10 12 -12 -10 -14 15 -15 -3 -9 -8 -13 -1 -22 -19 24 -20
right_child=-2 5 -4 -5 -6 6 7 17 9 -11 11 19 13 14 -16 -17 -18 22 23 -21 21 -23 -24 -25 -26
leaf_value=-0.034445813520815528 0.03272834526529235 0.051961355373594781 -0.070471508370160654 0.054002290578602612 0.016217378009755427 -0.033146443772388831 0.0070503365117740094 0.014966914238216045 0.014606892525473918 -0.039853964769795004 -0.01885086599894794 0.02706059182579168 -0.051558835456651353 0.036365219006868697 -0.040019952091497252 -0.024085475690017889 0.0095900482266983514 0.053124037223277402 0.050290234943080339 0.051990416645840865 -0.050577775236668357 -0.053208585485201909 0.050843702918793844 0.051611611141453434 0.050528288049861772
leaf_weight=0.20593506773002379 0.45803549932316023 0.49101721541955878 0.57086329162120808 0.61099007166922081 0.40045494493097067 1.0061645816313101 0.13290608255192626 0.246393521898426 1.0527732206974154 0.62103923689573992 0.33263774774968868 0.28413783246651292 0.90556495962664496 0.71436528861522419 0.54555358458310377 0.5136119591770717 0.50316505203954875 0.2324145776219666 0.13355288992170244 0.60397277976153418 0.27499895018991083 0.22274905256927013 0.35315709607675672 0.16189514636062086 0.099182930309325457
leaf_count=12 30 25 9 6 9 28 5 27 35 14 8 22 27 29 15 22 19 7 32 37 39 5 39 9 13
internal_value=0.000164926 -0.00116447 -0.014696 0.00386828 -0.0238741 0.00229811 -0.00123551 0.00339552 -0.00171257 -0.00564609 -0.00135655 0.0268845 -0.0105946 -0.0204978 -0.00463796 0.0110812 0.0305168 0.0408555 0.0398468 0.0440145 -0.0466895 -0.0517551 0.0517488 0.0508922 0.0503917
internal_weight=11.6775 11.2195 2.28599 1.71513 1.10414 8.93351 7.93932 6.93316 6.10119 5.57366 4.95262 1.22075 3.73187 2.6791 1.77353 1.22798 0.994182 0.831965 0.527537 0.888111 0.703683 0.497748 0.585572 0.394631 0.232736
internal_count=523 493 80 71 65 413 369 341 268 209 195 67 128 93 66 51 44 73 59 59 56 44 46 54 45
is_linear=0
shrinkage=0.05


Tree=134
num_leaves=26
num_cat=0
split_feature=55 59 205 2 68 93 3 3 83 88 4 50 127 17 81 59 21 19 34 102 58 34 95 85 39
split_gain=0.199966 0.463436 0.331899 0.262309 0.220153 0.39107 0.517726 0.298286 0.550416 0.351217 0.334025 0.383996 0.344809 0.775471 0.259523 0.238345 0.161222 0.0494563 0.0202954 0.00979769 0.000394537 0.000382632 0.000169928 2.93108e-05 1.74967e-06
threshold=5.1000446670203816 5.4892209805468886 1.0000000180025095e-35 0.4763595559427391 66.354006850987574 4.8183863423252644 -0.023031698790627383 -0.91219562284790467 173.50000000000003 24.402634303913114 0.52462269724928701 5.6672817477256459 1.0000000180025095e-35 2.4309523809523812 10.524115764110292 19.324432260271315 -2.1919273254231157 9.8867461057340744 8.4746016335252801 1.3707114512471656 38.088416433914041 9.5440250069616912 5.128617611029159 16.461165700298853 4.0300456080056106
decision_type=2 2 2 2 2 2 2 2 2 2 2 2 2 2 2 2 8 8 2 2 2 2 2 2 2
left_child=3 -2 18 4 7 -6 19 8 17 10 -9 12 13 -12 -15 -11 -5 -1 -3 -7 -19 -20 -21 24 -24
right_child=1 2 -4 16 5 6 -8 9 -10 15 11 -13 -14 14 -16 -17 -18 20 21 22 -22 -23 23 -25 -26
leaf_value=-0.030954325049934117 -0.052313289034560589 0.033431166345204537 -0.00038771726648615691 0.051992939866033462 -0.038281663261474766 0.038093424634500543 -0.015985641175920242 -0.041864476195132977 0.017255966023066779 -0.0036117001915009946 0.051557240978593301 -0.032398717956386207 -0.019169226954137718 -0.024489557933736913 0.016938376034978452 0.051512952501362931 -0.004970007082684115 -0.051121741374161978 0.053308202669381126 0.052368630484204329 -0.053360333975393116 0.050767414376504255 0.050540108984377802 0.051349461469295532 0.05024467416069598
leaf_weight=0.42104736412875055 0.21640184568241316 0.19930051267147042 0.65836826642043889 0.34265025740023702 0.31123772123828519 0.17192491330206383 0.4997423100285231 0.62602906883694132 0.50685033109039057 0.34245499875396479 0.90769076440483409 0.87841899460181583 1.0667462972924111 0.8797841027844695 0.66285132872872055 0.45879504492040724 0.19485470419749695 0.42102161247748893 0.24604057893157005 0.31331614311784506 0.36961618112400174 0.37254163902252913 0.088219016091898084 0.12292147474363446 0.11603093193843961
leaf_count=20 8 12 23 34 11 16 23 23 15 15 17 29 26 25 25 30 18 33 10 10 10 39 12 7 32
internal_value=0.000161849 0.0160197 0.0260366 -0.00260473 -0.00459574 0.0121069 0.0240588 -0.00819126 -0.0264954 -0.00278897 -0.0076942 -0.00282749 0.00455817 0.0148879 -0.00668849 0.0279526 0.0313429 -0.0447967 0.0473073 0.0486916 -0.0521683 0.051778 0.0515364 0.0507394 0.0503723
internal_weight=11.3949 1.69265 1.47625 9.7022 9.1647 1.62339 1.31215 7.54131 1.71854 5.82277 5.02152 4.39549 3.51707 2.45033 1.54264 0.80125 0.537505 1.21169 0.817883 0.812412 0.790638 0.618582 0.640488 0.327171 0.20425
internal_count=523 92 84 431 379 111 100 268 78 190 145 122 93 67 50 45 52 63 61 77 43 49 61 51 44
is_linear=0
shrinkage=0.05


Tree=135
num_leaves=21
num_cat=0
split_feature=151 162 25 4 39 20 18 83 36 38 128 68 127 78 37 3 100 59 101 98
split_gain=0.190834 0.410823 0.397509 0.326437 0.290768 0.296687 0.304549 0.408593 0.349092 0.437698 0.289097 0.273301 0.267164 0.656367 0.253811 0.123316 0.122905 0.0203841 0.000135161 9.22973e-05
threshold=1.0000000180025095e-35 1.5000000000000002 -0.92637260151251244 0.28461233473383579 1.6774422705885661 2.1277995048571263 16.491661720745171 41.530000000000008 9.6653583616557004 5.0593485099912163 6.0154543614408853 70.756335131210463 1.0000000180025095e-35 37.741790117477159 5.702425175372059 -1.5857253086419754 0.5695358058095582 17.272891430897332 10.496748711670927 2.8610538115709248
decision_type=2 2 8 2 2 8 10 2 2 2 2 2 2 2 2 2 2 2 2 2
left_child=1 2 -1 -4 15 -6 11 17 9 -9 14 16 13 -2 -11 -5 -7 -8 -19 -17
right_child=12 -3 3 4 5 6 7 8 -10 10 -12 -13 -14 -15 -16 19 -18 18 -20 -21
leaf_value=0.051146984537952536 -0.028574868926162952 0.052438039877258973 0.039782345821756881 -0.0025379550884042528 0.032780175338220564 -0.050582818581480615 0.030199843317303268 -0.018850968009241929 -0.034502254508489351 0.033957292105584902 0.04785659395692482 0.003682395365020988 -0.03668795082147959 0.029058176526282783 -0.017357880186944289 -0.052166058153920961 -0.019232350249506241 0.05238120813669303 0.050461606366684342 -0.050690162995763226
leaf_weight=0.3820691432338208 1.0591261422378022 0.41432386019732881 0.45857793046161166 0.18530998681671917 0.60270535387098778 0.59830060694366716 0.16434561798814717 1.0907217657659209 0.674550435040146 0.42559745913604252 0.65211914968676865 0.76776790467556555 0.75197603087872256 0.92589264968410123 0.55546648218296468 0.19066651118919242 0.65473425923846662 0.17670368659310043 0.19062259915517643 0.2383527752244845
leaf_count=26 38 33 23 11 19 22 14 38 20 28 36 35 14 26 33 11 22 7 36 31
internal_value=0.000162625 0.00388974 0.0013781 -0.00111519 -0.00373165 -0.000648429 -0.00403405 0.00407677 -0.00229988 0.00567474 0.0220542 -0.0198083 -0.0113073 -0.0016925 0.00490327 -0.0366233 -0.0342016 0.0448365 0.051385 -0.0513461
internal_weight=11.1599 8.42294 8.00861 7.62654 7.16796 6.55364 5.95093 3.93013 3.39846 2.7239 1.63318 2.0208 2.73699 1.98502 0.981064 0.614329 1.25303 0.531672 0.367326 0.429019
internal_count=523 445 412 386 363 310 291 212 155 135 97 79 78 64 61 53 44 57 43 42
is_linear=0
shrinkage=0.05


Tree=136
num_leaves=23
num_cat=0
split_feature=176 75 93 25 57 42 28 24 17 98 97 90 78 52 23 60 101 89 75 60 52 66
split_gain=0.182443 0.199381 0.27583 0.205021 0.318628 0.251537 0.480161 0.260022 0.375483 0.261172 0.405459 0.333237 0.375331 0.292715 0.251469 0.294298 0.236245 0.0614266 0.0574533 0.037668 0.000251265 4.5559e-05
threshold=2.5000000000000004 18.031456937723998 31.306650178683075 0.096553032290749005 5.5669097072552569 31904.580941118551 541.65954369220174 5.3671081051008072 1.9522727272727274 9.8939374411348098 12.150298106099008 24.676168820312203 24.250640867362495 6.000209900144962 -2.8135672889643222 31.580624622634712 6.9616020962424567 25.745253883197325 25.536323538160485 6.5758191852127474 6.000209900144962 32.32107306841008
decision_type=2 2 2 10 2 2 2 10 2 2 2 2 2 2 10 2 2 2 2 2 2 2
left_child=1 2 -1 5 -5 16 -7 -8 -9 11 -11 12 -10 -13 15 -12 17 -3 -6 -14 -21 -20
right_child=-2 3 -4 4 18 6 7 8 9 10 14 13 19 -15 -16 -17 -18 -19 21 20 -22 -23
leaf_value=-0.046229786538699219 0.032174849763386533 -0.025501608641224895 0.007829695213702869 -0.020619923021288872 0.021837765019028739 0.046457794514470657 -0.041057052211418088 0.051923188644048039 -0.0045976158507478153 0.018035222842991961 0.025760626640951242 0.016449226007946325 0.026625845137605388 -0.047614020693622548 -0.039839241317698233 -0.025901228758866357 -0.0030496925193719904 -0.05377719417979953 0.05069214473448265 0.050782053253609155 0.052709940772044356 0.051696618588693212
leaf_weight=0.54547159024514158 0.42768257408170107 0.40696627460419943 0.41584557760506868 0.30509999580681213 0.26437478582374752 0.58302389527671028 0.38068007689435024 0.34832274680957187 0.62667839322239183 0.86543894291389767 0.44467431679368064 0.34533673780970264 0.19195379456505179 0.36865101056173444 1.0658892905339594 0.72531761741265655 1.1465372852981088 0.36375964432954788 0.24406595662003383 0.34680187748745084 0.32966521428897977 0.21002632332965732
leaf_count=32 30 33 16 11 8 25 9 19 37 27 24 36 23 10 34 29 20 7 35 35 11 12
internal_value=0.000162072 -0.00113882 -0.0228448 0.00104311 0.0221892 -0.00149145 0.00312578 -0.00105734 0.00163356 -0.00166506 -0.0110235 0.0114732 0.0248931 -0.0166283 -0.0222712 -0.00626631 -0.0174399 -0.0388468 0.0403682 0.0461745 0.0517216 0.0511567
internal_weight=10.9523 10.5246 0.961317 9.56326 1.02357 8.5397 6.62243 6.03941 5.65873 5.31041 3.10132 2.20909 1.4951 0.713988 2.23588 1.16999 1.91726 0.770726 0.718467 0.868421 0.676467 0.454092
internal_count=523 493 48 445 66 379 319 294 285 266 114 152 106 46 87 53 60 40 55 69 46 47
is_linear=0
shrinkage=0.05


Tree=137
num_leaves=21
num_cat=0
split_feature=16 127 109 20 68 29 11 94 0 47 16 118 60 335 98 71 3 21 15 130
split_gain=0.174205 0.315922 0.397992 0.428168 0.377762 0.360316 0.30334 0.389809 0.289458 0.363627 0.410376 0.275124 0.272311 0.253725 0.38049 0.181006 0.176939 0.174544 0.000230087 4.99928e-06
threshold=1.8702664796633943 1.0000000180025095e-35 1.0000000180025095e-35 2.4203589789993889 35.43034508000823 23.642576422885643 0.13699629404907546 14.338359750817959 11.768233216180345 14.848430684074048 2.0317540322580649 4.5000000000000009 6.4827890144192937 1.0000000180025095e-35 13.82512714771102 10.530091780008094 -1.1875239916775804 -2.2047308347797618 1.134848484848485 2.23936
decision_type=2 2 2 8 2 2 8 2 2 2 2 2 2 2 2 2 2 10 2 2
left_child=1 2 3 5 -4 12 -2 8 -8 10 -10 -11 17 -14 16 -9 -15 -1 19 -18
right_child=6 -3 4 -5 -6 -7 7 15 9 11 -12 -13 13 14 -16 -17 18 -19 -20 -21
leaf_value=0.050412710923677877 0.035612331674259513 -0.019758010723977239 0.059448052383599063 -0.031701893453876438 0.0035048988098817626 0.052479472284113031 -0.042045958240505082 -0.0049012484745953678 -0.011229193851132512 -0.0026450500170630358 0.047006753647052812 -0.047038727721500223 -0.030060099067420805 -0.011229906690408374 -0.030543601671162747 0.047569277055616338 0.050714124016333323 0.0072862090136941631 0.052909506079008628 0.050279245742571102
leaf_weight=0.39994976646266878 0.38161837984807778 1.0119725316762922 0.70630985661409773 0.72525338456034649 0.52685301832389086 0.44742280337959517 0.89498611749149892 0.29578800755552936 0.84474131453316681 0.638022471219301 0.47127957316115499 0.77042628661729395 0.7412380834575748 0.15453147381776977 0.3695101992925629 0.36991617077728733 0.11948894872330018 0.56754438229836646 0.15208809170871973 0.14786904619541019
leaf_count=31 21 39 14 33 38 22 39 16 36 27 21 25 32 9 11 33 13 23 4 36
internal_value=0.000159462 0.00574385 0.010846 0.00288233 0.0355471 0.0109743 -0.00710409 -0.0109082 -0.0173757 -0.0092715 0.00962565 -0.0269285 0.00397252 -0.00816857 0.0090302 0.0242554 0.0345067 0.0251142 0.0513568 0.0504736
internal_weight=10.7368 6.07003 5.05806 3.8249 1.23316 3.09964 4.66678 4.28516 3.61946 2.72447 1.31602 1.40845 2.65222 1.68473 0.943488 0.665704 0.573978 0.967494 0.419446 0.267358
internal_count=523 305 266 214 52 181 218 197 148 109 57 52 159 105 73 49 62 54 53 49
is_linear=0
shrinkage=0.05


Tree=138
num_leaves=26
num_cat=0
split_feature=55 130 24 59 33 179 37 22 37 13 87 85 127 28 100 0 101 38 100 91 45 91 45 103 57
split_gain=0.178102 0.291176 0.318342 0.237781 0.204897 0.199727 0.25352 0.204926 0.499897 0.345479 0.300245 0.351781 0.265146 0.710453 0.398964 0.302586 0.140349 0.0744678 0.0116841 0.000189283 2.72725e-05 2.40503e-05 8.65848e-06 1.53381e-06 5.6259e-07
threshold=5.1000446670203816 0.34985000000000416 5.5117093672116146 5.6302454023764161 6.5843290103051588 1.0000000180025095e-35 3.0652327834470117 2.3436750001421003 4.0354945812930874 0.50766975734506981 37.258847581937466 14.493540694785851 1.0000000180025095e-35 546.34379451559278 0.52860004382709114 11.787863062552576 5.5586153628117918 4.6420285775306125 -0.58613801484810646 36.169309813305865 6.2531371465788395 18.496010660841019 3.605165406834804 2.6283237170636582 17.672133477880266
decision_type=2 2 10 2 2 2 2 8 2 8 2 2 2 2 2 2 2 2 2 2 2 2 2 2 2
left_child=3 -2 -3 4 -1 6 -5 8 -8 16 11 12 13 -9 15 -15 -10 -4 -18 21 22 -19 -20 -24 -25
right_child=1 2 17 5 -6 -7 7 10 9 -11 -12 -13 -14 14 -16 -17 18 19 20 -21 -22 -23 23 24 -26
leaf_value=-0.0023098130694096017 -0.019589932360937441 -0.017182053463777339 0.014068707378660346 -0.038056629080239157 0.052006300283938482 0.028542108856476334 -0.017081078859379258 0.055995207021360599 0.0025645142104075654 -0.023912879434030827 0.021571356053621329 -0.040838124658318237 -0.032252592322870401 -0.018773772040760316 -0.032170407223875395 0.044593777589724805 0.035800534936554489 0.050317754442072607 0.050845222599241596 0.052459324227388394 0.051159886948096561 0.051067662061177868 0.050558894430027736 0.050405069117891214 0.050243754605932611
leaf_weight=0.33862558659165998 0.42435315437614995 0.281375767663121 0.16599881136789918 0.59619715320877542 0.35633404902182519 0.42335838265717018 1.1441145488061013 0.47672240599058646 0.20684012304991439 0.26333870552480232 0.63974130526185025 1.0118989828042684 0.77021258859895159 0.35102713457308699 1.0716573842801151 0.40660501684760675 0.15745710022747506 0.18925178289646283 0.15541651099920284 0.25394685077480972 0.28705687681213021 0.24575379537418485 0.092481428291648626 0.097871242673136294 0.12070982891600579
leaf_count=26 15 11 5 38 17 20 34 10 13 10 14 38 21 18 38 34 7 36 12 10 22 15 9 17 33
internal_value=0.00016249 0.0157511 0.0289489 -0.00255046 0.0255403 -0.00491026 -0.00671453 -0.00413826 0.00736133 0.0276086 -0.0102805 -0.0152649 -0.00685284 0.00163072 -0.0125369 0.0152342 0.039746 0.0441312 0.048188 0.0513746 0.0507764 0.0507414 0.0505405 0.0503882 0.050316
internal_weight=10.5283 1.56068 1.13633 8.96767 0.69496 8.27271 7.84935 7.25315 2.52529 1.38117 4.72786 4.08812 3.07622 2.30601 1.82929 0.757632 1.11783 0.854951 0.910993 0.688952 0.753536 0.435006 0.466479 0.311062 0.218581
internal_count=523 92 77 431 43 388 368 330 157 123 173 159 121 100 90 52 113 66 100 61 93 51 71 59 50
is_linear=0
shrinkage=0.05


Tree=139
num_leaves=21
num_cat=0
split_feature=151 162 23 83 4 39 20 18 36 130 93 103 87 127 78 68 353 9 330 62
split_gain=0.173167 0.373681 0.348077 0.305889 0.313648 0.382367 0.31392 0.344936 0.303828 0.263264 0.292837 0.414356 0.244277 0.233086 0.54994 0.201234 0.163787 0.0294781 9.01634e-05 5.37133e-06
threshold=1.0000000180025095e-35 1.5000000000000002 -3.1324559154526752 23.510000000000005 0.28461233473383579 1.6774422705885661 2.1277995048571263 16.491661720745171 9.8274717882931153 3.195800000000002 21.041209005333087 2.3554256783353211 17.596197779267197 1.0000000180025095e-35 37.741790117477159 71.546253959780529 1.0000000180025095e-35 125.00000000000001 1.0000000180025095e-35 28.535493393419948
decision_type=2 2 8 2 2 2 8 10 2 2 2 2 2 2 2 2 2 2 2 2
left_child=1 2 17 -4 -5 18 -7 15 9 12 11 -11 16 14 -2 -8 -9 -1 19 -6
right_child=13 -3 3 4 5 6 7 8 -10 10 -12 -13 -14 -15 -16 -17 -18 -19 -20 -21
leaf_value=0.026376713166783822 -0.027067345097034842 0.052330456192253877 0.041775304964827294 0.038214385355264058 -0.050307357168377455 0.032060391598262759 -0.038880310347772291 -0.0038958601304238168 -0.031670129267007227 0.05103867691438442 0.052116316392627642 -0.024890261586337288 0.020443223777416641 -0.035166878579612766 0.027524205478416677 -0.0031192098067609683 -0.046653331601348332 0.050938791570581211 -0.051967980611170174 -0.050761257031044588
leaf_weight=0.20208140090107918 0.99198982300004013 0.37882021535187949 0.38448440225329239 0.40969535685144354 0.12625557952560473 0.56113625550642598 1.0720679202349854 0.5409541409462697 0.56078765029087652 0.29338154860306509 0.56455899961292744 0.46362243330804631 0.55214711138978601 0.72194038797169913 0.86236065370030701 0.62140686251223076 0.38222916191443801 0.30884557846002281 0.19254765147343278 0.13473219843581319
leaf_count=11 38 33 37 21 29 19 34 36 21 23 37 25 27 14 26 23 18 31 9 11
internal_value=0.000166422 0.00389969 0.00141065 -0.00155462 -0.00412733 -0.00698716 -0.00341854 -0.00735991 0.00191935 0.00865417 0.0248621 0.00453647 -0.0058645 -0.0110636 -0.00167969 -0.0257581 -0.0215989 0.041224 -0.0511472 -0.0505417
internal_weight=10.326 7.74975 7.37093 6.86001 6.47552 6.06583 5.61229 5.05116 3.35768 2.79689 1.32156 0.757004 1.47533 2.57629 1.85435 1.69347 0.923183 0.510927 0.453535 0.260988
internal_count=523 445 412 370 333 312 263 244 187 166 85 48 81 78 64 57 54 42 49 40
is_linear=0
shrinkage=0.05


Tree=140
num_leaves=24
num_cat=0
split_feature=176 355 4 3 47 18 83 85 87 101 37 43 67 330 65 130 90 3 95 21 107 15 294
split_gain=0.163948 0.185954 0.36859 0.30999 0.3971 0.374978 0.304058 0.31727 0.437365 0.365968 0.512375 0.301236 0.220629 0.214167 0.183916 0.145155 0.0866791 5.99242e-05 3.72328e-05 2.9871e-05 8.55204e-06 6.45883e-06 6.99844e-07
threshold=2.5000000000000004 1.0000000180025095e-35 0.30140111681748932 -0.59740604031913414 9.6331975082322927 16.514924332633118 118.12500000000001 14.493540694785851 6.4827890144192937 6.9616020962424567 6.5679273149771289 16.952718127072046 45.8443576206882 1.0000000180025095e-35 5.8257867616617895 1.0748500000000003 6.1316053200373437 -0.72808107825713486 2.0565768417355721 -2.1858381632923414 1.5000000000000002 1.1913919413919416 1.0000000180025095e-35
decision_type=2 2 2 2 2 8 2 2 2 2 2 2 2 2 2 2 2 2 2 10 2 2 2
left_child=1 3 -3 13 14 -6 7 8 9 -4 15 -10 17 16 -5 -11 -1 -13 -19 21 -20 22 -17
right_child=-2 2 6 4 5 -7 -8 -9 11 10 -12 12 -14 -15 -16 19 -18 18 20 -21 -22 -23 -24
leaf_value=-0.019915006630931688 0.031635994938954234 0.052006030786197692 -0.035921021370516192 -0.032123629654336419 0.048721537348372611 -0.0073261585287984409 -0.045645453995123 -0.021991201392352767 -0.010775671834379981 -0.0039859312835955124 -0.023709908911655107 0.05163118153970378 -0.0031681190331395966 -0.0072495611994524041 0.0039175192909804944 0.050271449581492669 -0.051706167855377995 0.051375874319645923 0.050291701116563128 0.051286908198013605 0.050738558503008138 0.050777074301919349 0.050443633304973624
leaf_weight=0.32785813510417916 0.39758673618780527 0.39142052573151875 0.62884265021421049 0.7569639822468146 0.66898245643824306 0.53874794440343987 0.31866665789857496 0.88029234809800971 0.34851327526848752 0.15428848750889279 0.59809584240429103 0.35730374837294065 0.22707017150241871 0.96611941559240222 0.6648676386103034 0.12897261464968313 0.61961704259738326 0.22122085723094775 0.15808805951382965 0.18320818967185926 0.33178425300866365 0.14129368355497718 0.1087964887265116
leaf_count=30 30 20 18 34 23 23 10 31 26 3 17 17 21 23 11 34 29 12 38 11 36 11 15
internal_value=0.000165541 -0.00112159 0.0053561 -0.00850425 0.00263736 0.0237196 0.00154121 0.00490683 0.011507 -0.00454956 0.0104564 0.030489 0.0415903 -0.0238145 -0.0152703 0.0389743 -0.0407054 0.0511029 0.0508375 0.0507627 0.0505944 0.0505093 0.0503502
internal_weight=10.1186 9.72101 5.17786 4.54316 2.62956 1.20773 4.78644 4.46777 3.58748 1.9435 1.31466 1.64398 1.29547 1.91359 1.42183 0.716559 0.947475 1.0684 0.711093 0.562271 0.489872 0.379063 0.237769
internal_count=523 493 320 173 91 46 300 290 259 109 91 150 124 82 45 74 59 103 86 71 74 60 49
is_linear=0
shrinkage=0.05


Tree=141
num_leaves=22
num_cat=0
split_feature=16 27 92 93 11 29 94 47 40 130 17 13 88 17 97 23 2 18 16 20 93
split_gain=0.158004 0.291072 0.438572 0.491981 0.277453 0.34386 0.379117 0.432681 0.350152 0.310403 0.270073 0.266055 0.212227 0.191406 0.190903 0.0574921 0.022959 0.00773766 0.000744633 2.21957e-05 9.6589e-06
threshold=1.8702664796633943 2.2530960763320755 17.925926919107141 4.8183863423252644 0.13699629404907546 14.785169427003238 14.338359750817959 14.848430684074048 5.0745589219144343 2.6402600000000014 2.2041666666666671 0.35428403684784843 12.617660014360709 2.4309523809523812 1.6030345582014058 -2.4700674658619448 0.040160375686759127 16.518634819644607 1.6984848484848487 2.3490541765841431 30.247643268687039
decision_type=2 2 2 2 8 2 2 2 2 2 2 10 2 2 2 10 2 10 2 10 2
left_child=1 2 13 -4 -2 15 7 8 -7 -9 14 -5 -13 16 -3 -6 -1 -14 19 20 -18
right_child=4 10 3 11 5 6 -8 9 -10 -11 -12 12 17 -15 -16 -17 18 -19 -20 -21 -22
leaf_value=0.033859532465317255 0.035006826250661247 -0.0027029372949957373 -0.040034000686771265 -0.02656943421441901 -0.052153534233576673 0.035685976358751266 0.035644281598411563 -0.048473929170374533 -0.022256457988871117 -0.0021027019135131469 0.011300959628551949 0.0059260192296474402 0.039079960235873928 0.0074173904624633934 -0.043371529302359102 -0.025954516818847702 0.050954615312551757 0.051169870169520626 0.054184223137821355 0.051270328745284435 0.050323540143412671
leaf_weight=0.22252517216838918 0.35907248384319235 0.52348782122135185 0.56193992542102966 0.31736941938288499 0.42740787286311388 0.65954347071237929 0.52190435322700057 0.84827578160911776 0.43120533041656017 0.62810024013742805 0.90301352832466353 0.69327385793440022 0.20427598035894334 0.41084150050301105 0.6429931737948209 0.41053450561594251 0.10804212465882301 0.37583582650404423 0.2745001963339746 0.24843168584629893 0.13817593752173707
leaf_count=14 21 10 20 23 15 39 38 28 16 29 20 37 17 37 30 32 7 36 7 14 33
internal_value=0.000168903 0.00567989 0.0143579 0.000182976 -0.00706334 -0.0109101 -0.00320415 -0.0111022 0.0127796 -0.028746 -0.00922816 0.0143898 0.0245981 0.0361147 -0.0251205 -0.0393178 0.0480037 0.0469126 0.0520958 0.0509369 0.0506005
internal_weight=9.91075 5.62471 3.55521 2.1527 4.28604 3.92697 3.08903 2.56712 1.09075 1.47638 2.06949 1.59076 1.27339 1.40252 1.16648 0.837942 0.991675 0.580112 0.76915 0.49465 0.246218
internal_count=523 305 245 133 218 197 150 112 55 57 60 113 90 112 40 47 75 53 61 54 40
is_linear=0
shrinkage=0.05


Tree=142
num_leaves=28
num_cat=0
split_feature=2 22 55 108 38 68 93 3 3 326 88 4 50 127 17 76 59 48 102 103 101 30 95 85 5 15 37
split_gain=0.155153 0.235317 0.1925 0.256532 0.288194 0.18607 0.295844 0.413282 0.245352 0.415414 0.300846 0.282778 0.291655 0.298961 0.633263 0.213448 0.189788 0.047418 0.00837116 0.00201501 0.000355776 0.000287537 8.45301e-05 1.76009e-05 1.11438e-05 6.05948e-06 7.94128e-07
threshold=0.4763595559427391 2.3265246936974511 5.1000446670203816 8.5000000000000018 5.0593485099912163 66.354006850987574 4.8183863423252644 -0.023031698790627383 -0.91219562284790467 1.0000000180025095e-35 24.402634303913114 0.52462269724928701 5.6672817477256459 1.0000000180025095e-35 2.4309523809523812 6.4827890144192937 19.324432260271315 17.317064481631267 1.4448233182161754 5.2195179482621246 8.1309339427568705 11.858621512361635 5.128617611029159 16.461165700298853 15.839743589743593 0.72206896551724153 5.7359547541779259
decision_type=2 10 2 2 2 2 2 2 2 2 2 2 2 2 2 2 2 2 2 2 2 2 2 2 2 2 2
left_child=2 -2 5 4 -4 8 -7 18 9 17 11 -10 13 14 -13 -16 -12 19 -8 -1 -6 -3 -20 26 -22 -23 -24
right_child=1 21 3 -5 20 6 7 -9 10 -11 16 12 -14 -15 15 -17 -18 -19 22 -21 24 25 23 -25 -26 -27 -28
leaf_value=-0.047316185126310528 -0.0195026523332021 0.053606769310392856 -0.0018007476459968993 -0.021805306926997309 0.053245341725270526 -0.034582071766656258 0.038084541603582316 -0.014138948329223211 -0.041320226426788259 0.018600843328566655 -0.0019121142986050826 0.04975756330323574 -0.030978581755377439 -0.019200579944632184 -0.02396787215931552 0.016748139729526858 0.051341570612664957 -0.02737190540110377 0.051916842522538587 -0.052691568433516273 0.050977503606054388 0.050805317374182438 0.050413399492756299 0.051128841580879117 0.050417521114852128 0.050275755827918156 0.050184573815373792
leaf_weight=0.34081927791703381 0.17872646707110185 0.10851461812853813 0.4451189237879587 0.33735235035419453 0.22446284350007772 0.27083472115918983 0.15650848345831025 0.43803722306620319 0.54328154551330854 0.378255424206145 0.29616134124808002 0.79520171880722168 0.73804326285608102 0.95422271965071548 0.7605515042087061 0.55808014958165586 0.38453294720966369 0.34349333681166172 0.25896055158227682 0.35691463574767113 0.18111589574255049 0.087918458390049636 0.072500490350648761 0.10787662398070097 0.17438532004598528 0.14009503700071946 0.079483855573926121
leaf_count=31 16 2 22 10 8 11 18 23 23 19 15 17 29 26 31 19 30 17 10 11 13 9 14 7 29 35 28
internal_value=0.000164188 0.0268636 -0.00133176 0.0160146 0.0284611 -0.00434861 0.0122851 0.0236858 -0.00791853 -0.0262764 -0.00273796 -0.00757542 -0.00275869 0.00402981 0.0145164 -0.00673577 0.0281716 -0.0425793 0.04822 -0.0500659 0.0516868 0.0514882 0.0512775 0.0506404 0.0507028 0.0504799 0.0502937
internal_weight=9.71145 0.515255 9.1962 1.36244 1.02508 7.83376 1.3842 1.11337 6.44956 1.41948 5.03008 4.34938 3.8061 3.06806 2.11383 1.31863 0.680694 1.04123 0.67533 0.697734 0.579964 0.336528 0.518822 0.259861 0.355501 0.228013 0.151984
internal_count=523 62 461 82 72 379 111 100 268 78 190 145 122 93 67 50 45 59 77 42 50 46 59 49 42 44 42
is_linear=0
shrinkage=0.05


Tree=143
num_leaves=23
num_cat=0
split_feature=151 162 23 83 39 102 93 20 79 18 291 39 21 12 127 28 58 100 4 38 57 24
split_gain=0.156927 0.328483 0.315414 0.271351 0.274186 0.265196 0.244331 0.405026 0.356628 0.363476 0.320168 0.311541 0.254807 0.250924 0.231815 0.492792 0.204733 0.20157 0.0531934 0.035696 0.0271001 5.67403e-05
threshold=1.0000000180025095e-35 1.5000000000000002 -3.1324559154526752 23.510000000000005 1.6774422705885661 -0.31433241738053236 1.0000000180025095e-35 2.1397620483287669 59.572790449100758 16.503333729759412 1.0000000180025095e-35 3.5875570813719544 -2.3184839735822345 -0.38248132013353203 1.0000000180025095e-35 546.34379451559278 38.307937222082181 -0.38371703582917549 0.33363841195683497 5.7973365716797227 18.982240825463737 5.7052548202274744
decision_type=2 2 8 2 2 2 2 8 2 10 2 2 10 10 2 2 2 2 2 2 2 8
left_child=1 2 19 -4 18 -6 -7 -8 9 -9 12 -10 17 -14 15 -2 -17 -11 -5 -1 -19 -20
right_child=14 -3 3 4 5 6 7 8 11 10 -12 -13 13 -15 -16 16 -18 20 21 -21 -22 -23
leaf_value=0.021742938181342993 0.032379319996177984 0.052033247929381667 0.041116946819169081 -0.014607607114683174 0.032664831992235827 -0.040643620704990821 0.042708310182657853 -0.037836942604838442 -0.01618507755184238 -0.012182811266213994 -0.045378970326260183 0.051692741750576213 -0.029756445838282349 0.016919077204032403 -0.035351347930079519 -0.040704105395444092 0.0042606656678848328 0.027413937885888258 -0.051815352054528724 0.050910655950038845 0.051694131833225791 -0.050500714744648616
leaf_weight=0.15836908598430455 0.6722694018390033 0.33770897128852073 0.35354647587519128 0.14243773010093708 0.53443383052945126 0.42527788341976691 0.47430107230320562 1.022920143324882 0.27303995355032373 0.21929354692110736 0.35868175793439139 0.44382303836755455 0.63877224968746305 0.52426715218462117 0.689572890754789 0.62356226146221139 0.42616759584052488 0.1633484237245284 0.1414235180709511 0.31065631855744869 0.38765823352150619 0.19558840745594352
leaf_count=14 15 33 37 12 26 14 17 32 15 10 17 36 26 31 14 19 30 25 10 28 31 31
internal_value=0.000166707 0.0039071 0.00150565 -0.00143982 -0.00397054 -0.000790362 -0.00441604 -0.000996944 -0.00613843 -0.0130537 -0.00199301 0.0258393 0.00605615 -0.00871636 -0.0108541 -0.00104423 -0.0224494 0.0283605 -0.0402252 0.041062 0.0444962 -0.0510524
internal_weight=9.51712 7.10555 6.76784 6.29881 5.94527 5.46582 4.93138 4.50611 4.0318 3.31494 2.29202 0.716863 1.93334 1.16304 2.41157 1.722 1.04973 0.7703 0.47945 0.469025 0.551007 0.337012
internal_count=523 445 412 370 333 280 254 240 223 172 140 51 123 57 78 64 49 66 53 42 56 41
is_linear=0
shrinkage=0.05


Tree=144
num_leaves=27
num_cat=0
split_feature=32 127 20 88 28 24 83 3 84 97 131 18 98 26 294 76 67 57 3 123 103 19 125 61 113 23
split_gain=0.152949 0.775829 0.626989 0.281365 0.271051 0.24572 0.41562 0.26492 0.301044 0.364579 0.365836 0.373358 0.342336 0.3117 0.27294 0.129627 0.0885512 0.0788133 0.000379011 6.45474e-05 1.53677e-05 8.32148e-06 2.78e-06 7.1813e-07 6.77331e-07 2.26359e-07
threshold=9.0620240011984752 1.0000000180025095e-35 2.28212851305917 11.141382540952401 546.34379451559278 5.5101575574185562 41.530000000000008 0.087930957337330487 5.4769578608900629 12.150298106099008 95.598150000000047 16.740926786721769 13.9325604051821 2.9518508840678606 1.0000000180025095e-35 8.9790308050281293 6.6377865767060316 17.672133477880266 1.0000000180025095e-35 1.0000000180025095e-35 2.0123333653860942 9.77636045177608 1.5000000000000002 4.8472234574611504 1.5000000000000002 -3.0611388303128275
decision_type=2 2 10 2 2 10 2 2 2 2 2 10 2 2 2 2 2 2 2 2 2 10 2 2 2 10
left_child=1 2 3 -1 15 -6 17 8 12 -10 -11 13 16 -12 -13 -2 -8 -7 20 21 -18 -19 24 -23 -22 -25
right_child=4 -3 -4 -5 5 6 7 -9 9 10 11 14 -14 -15 -16 -17 18 19 -20 -21 22 23 -24 25 -26 -27
leaf_value=-0.051731653051099682 0.05162020107741682 -0.06618997701990835 0.048310371104694785 0.0049371133361666326 -0.026037338911213206 0.0013419198491014545 0.013462838655818113 -0.034532502953327708 0.0239337672550047 -0.052290537551676279 0.0042063405793547537 0.042931261593024052 -0.019298935198672467 -0.047112707222317168 -0.010558332199953946 0.011355410716649639 0.051059551209944168 0.050793183566195159 0.0533263543912771 0.051646249711559504 0.050401752135527 0.050397534567181594 0.050617907143458186 0.050268629538189204 0.050216659470370253 0.05014267545540179
leaf_weight=0.38651114900130756 0.38898218935355533 0.49713379517197598 0.54865527083165944 0.5055254033068195 0.79056635493179772 0.09550537378527213 0.20411443989723899 0.52572200796566892 0.86011019058059934 0.49507052218541536 0.55118465702980779 0.52326603804249305 0.31339678401127458 0.63879829761572182 0.43821398494765162 0.41118436970282346 0.13375002634711564 0.11773971794173121 0.18112933239899576 0.17231223685666919 0.095249973936006427 0.073774137650616467 0.1114356629550457 0.071050542988814414 0.10274060105439276 0.07163501251488924
leaf_count=32 25 9 15 25 31 9 11 17 37 21 24 36 8 26 21 20 10 10 6 9 15 16 13 16 30 31
internal_value=0.000166371 -0.0123327 0.00625166 -0.0196169 0.00345417 0.000106308 0.00368449 -0.0008904 0.00291438 -0.00434638 -0.0135373 -0.00461983 0.025213 -0.0233424 0.0185523 0.0309292 0.0420521 0.0430045 0.0513993 0.0508602 0.0506117 0.0504549 0.0504181 0.0502709 0.0503057 0.0502054
internal_weight=9.30476 1.93783 1.44069 0.892037 7.36693 6.56677 5.7762 5.17418 4.64846 3.50664 2.64653 2.15146 1.14182 1.18998 0.96148 0.800167 0.82842 0.602017 0.624306 0.506512 0.443176 0.334199 0.309426 0.21646 0.197991 0.142686
internal_count=523 81 72 57 442 397 366 275 258 165 128 107 93 50 57 45 85 91 74 82 68 73 58 63 45 47
is_linear=0
shrinkage=0.05


Tree=145
num_leaves=24
num_cat=0
split_feature=32 127 20 88 28 24 83 55 37 22 84 349 2 26 76 98 57 123 303 19 70 61 23
split_gain=0.142041 0.727745 0.581108 0.270471 0.251444 0.227196 0.385467 0.314508 0.287703 0.237543 0.350411 0.345034 0.224755 0.332242 0.108752 0.103403 0.0782584 5.54731e-05 2.17843e-05 7.15693e-06 1.28572e-06 6.17998e-07 1.94761e-07
threshold=9.0620240011984752 1.0000000180025095e-35 2.28212851305917 11.141382540952401 541.65954369220174 5.5117093672116146 41.530000000000008 5.2893400793724092 4.1161371331918746 2.3449799241661959 5.7948893505039107 1.0000000180025095e-35 0.045430042272034295 2.9912122988095899 8.9790308050281293 13.604919289589882 17.672133477880266 1.0000000180025095e-35 1.0000000180025095e-35 9.77636045177608 1.0000000180025095e-35 4.8472234574611504 -3.0611388303128275
decision_type=2 2 10 2 2 10 2 2 2 10 2 2 2 2 2 2 2 2 2 10 2 2 10
left_child=1 2 3 -1 14 -6 16 8 -8 10 18 -12 -11 -14 -2 -15 -7 19 -10 -18 -20 -21 -23
right_child=4 -3 -4 -5 5 6 7 -9 9 12 11 -13 13 15 -16 -17 17 -19 20 21 -22 22 -24
leaf_value=-0.051647037407229604 0.051551873348877668 -0.0652415530260433 0.047126064540962298 0.0046909241385086429 -0.02317556823484002 0.0012749726424973742 -0.031422205994818146 0.034835168083112836 0.051009454542767153 0.019313219573150499 -0.032588975276292946 0.034015163187813537 0.0084535226918641525 -0.020113038744456819 0.013103934569880167 -0.051995615986441424 0.050754134270196011 0.05156435522882772 0.050483828031558486 0.050378076525413575 0.050253742325897771 0.050255482187718241 0.050135703474979788
leaf_weight=0.36824793042615034 0.34383718878962088 0.47958768950775255 0.53468114999122918 0.50545545853674412 0.89522812276845787 0.095494597451761254 0.8344842456281184 0.55874481867067505 0.26075704977847658 0.55315107014030251 0.43197921058163047 0.35362069174880162 0.73136731819249678 0.51930790708865948 0.3954476376529783 0.49837032705545425 0.11208148021250963 0.1641622232273221 0.10770822095219046 0.070202551316469908 0.13916740566492081 0.067602602299302816 0.06815056805498898
leaf_count=32 24 9 15 25 34 9 26 24 19 28 22 28 32 23 19 19 10 9 17 16 36 16 31
internal_value=0.00016284 -0.0120444 0.00607047 -0.0190544 0.00336342 0.000203069 0.00396302 -0.000514478 -0.00497313 0.00116559 0.018313 -0.00260857 -0.00846677 -0.0172524 0.0309859 -0.0357264 0.0426283 0.0508179 0.0506908 0.0504326 0.0503541 0.0502576 0.0501954
internal_weight=9.08884 1.88797 1.40838 0.873703 7.20087 6.46158 5.56635 4.98866 4.42991 3.59543 1.29323 0.7856 2.3022 1.74905 0.739285 1.01768 0.577694 0.482199 0.507633 0.318037 0.246876 0.205956 0.135753
internal_count=523 81 72 57 442 399 365 274 250 224 122 50 102 74 43 42 91 82 72 73 53 63 47
is_linear=0
shrinkage=0.05


Tree=146
num_leaves=21
num_cat=0
split_feature=72 28 23 23 89 30 31 142 2 30 127 104 48 101 16 78 32 103 100 45
split_gain=0.134668 0.229861 0.191649 0.184752 0.324381 0.182945 0.441284 0.302601 0.240945 0.239989 0.393782 0.644364 0.251695 0.399133 0.167721 0.14253 0.140623 0.100351 0.0534724 0.000252979
threshold=10.20827782550985 747.03443664119698 -3.1402304089627848 -3.1278131934177398 51.619529224219683 18.212665710596681 16.990417020682816 1.5000000000000002 0.026092870790291104 14.199803268015915 1.0000000180025095e-35 1.4653872984378939 1.0000000180025095e-35 10.543463485209703 1.9012195121951221 37.238874540712537 11.096555450524589 5.2475620200513626 1.0000000180025095e-35 3.1154503474064703
decision_type=2 2 8 10 2 2 2 2 2 2 2 2 2 2 2 2 2 2 2 2
left_child=2 -2 16 -4 5 6 7 8 -5 10 11 12 -10 -14 19 -11 -1 -6 -8 -3
right_child=1 14 3 4 17 -7 18 -9 9 15 -12 -13 13 -15 -16 -17 -18 -19 -20 -21
leaf_value=-0.0018818163484307987 -0.021291671008031005 0.05348771113329559 -0.02894399190619535 -0.033809999950631955 0.0057490186305189589 -0.024724895043736667 0.020699372698713431 -0.044467171554608755 -0.035557988324274405 0.051189251339322187 -0.039033914584614145 0.041093328323163314 0.0304983718410968 -0.034209258748154309 -0.0016254770554102399 -0.00022617667973413055 0.05082984665875262 0.051257302119819062 0.051625863500514936 0.05097722218571088
leaf_weight=0.22608997812494636 0.26274655765155319 0.1551703573204577 0.67343082535080601 0.52067144773900498 0.1838624496012925 0.96423939237138245 0.22737897839397181 0.4646131396293639 0.68582656234502903 0.36347888445015986 0.60906613012775768 0.8537887327838688 0.57969930022954941 0.40467156475642696 0.21993924910202622 0.21423706115456298 0.28732165531255305 0.35508515813853592 0.36274497187696397 0.28402678878046572
leaf_count=14 23 4 31 19 23 39 13 29 33 35 15 31 32 18 18 18 29 33 28 38
internal_value=0.000159481 0.0182526 -0.00193171 -0.00396457 -0.00148688 -0.00469612 -0.00104272 -0.00616382 -0.0019581 0.00251115 -0.00294903 0.00575866 -0.0123041 0.00389728 0.0340159 0.0321226 0.0276173 0.0357321 0.0397097 0.0518642
internal_weight=8.89809 0.921883 7.97621 7.46279 6.78936 6.25042 5.28618 4.69605 4.23144 3.71077 3.13305 2.52399 1.6702 0.984371 0.659136 0.577716 0.513412 0.538948 0.590124 0.439197
internal_count=523 83 440 397 366 310 271 230 201 182 129 114 83 50 60 53 43 56 41 42
is_linear=0
shrinkage=0.05


Tree=147
num_leaves=26
num_cat=0
split_feature=355 4 176 85 79 377 93 50 21 97 168 127 97 2 102 3 130 43 35 67 89 95 27 23 102
split_gain=0.1351 0.309869 0.28082 0.331038 0.261774 0.294641 0.391486 0.350079 0.281944 0.252909 0.336953 0.329265 0.930448 0.20748 0.207411 0.130475 0.113111 0.0744683 0.0250795 0.000112927 9.69757e-05 2.79131e-05 2.66294e-05 1.77537e-05 3.91982e-06
threshold=1.0000000180025095e-35 0.30140111681748932 1.5000000000000002 14.493540694785851 60.061267997025006 1.0000000180025095e-35 22.062132511787169 5.8578040610963216 -2.3012092825887858 1.3848067454799442 1.0000000180025095e-35 1.0000000180025095e-35 2.4213223970143614 0.13744240744341699 5.5591626923618964 -0.56014769331367043 2.8267500000000014 16.533086475908739 5.9704652505715083 18.624333917201714 23.753560437507456 2.0254575091948834 1.8021830938828793 -2.6102306433081321 3.139773833144369
decision_type=2 2 2 2 2 2 2 2 10 2 2 2 2 2 2 2 2 2 2 2 2 2 2 10 2
left_child=9 -2 3 4 5 8 17 14 -3 13 11 12 -11 -1 18 -12 19 -7 -8 23 -4 -6 -19 -14 -22
right_child=1 2 20 -5 21 6 7 -9 -10 10 15 -13 16 -15 -16 -17 -18 22 -20 -21 24 -23 -24 -25 -26
leaf_value=-0.0077406588206359655 0.051618689068341474 0.012602945220696622 0.052443499723253933 -0.030466420339839529 0.051314340632341277 0.015920222567996908 0.024724507476539367 -0.037664237851602528 -0.045176427389650824 0.053907333812365801 -0.013373603087737258 -0.06110216815166402 -0.051262774716721284 0.043057600789985905 -0.014025224190501395 0.016985883352821026 -0.017892314519692882 0.050552936466791536 0.05133184860675636 -0.052150930912194839 0.050214699779486671 0.050344144563550713 0.051264131427197483 -0.050486487735709566 0.050681015717584849
leaf_weight=0.38267530128359784 0.34663906274363387 0.34853982250206172 0.094326731748878845 0.7676888066343962 0.14012801845092315 0.2128425780683757 0.13774370588362195 0.4912357798893936 0.53555180842522632 0.37344493786804411 0.56897141132503748 0.49750082753598679 0.12555577466264334 0.423428243258968 0.29196771746501327 0.93623081548139431 0.41718013631179929 0.24412417819257826 0.24805143836420029 0.32244850927963853 0.083239331492222846 0.15742144815158099 0.28560623712837696 0.1781644659349696 0.098267285618931055
leaf_count=16 25 27 4 33 11 12 12 20 25 6 23 9 9 26 11 36 21 32 31 11 27 38 13 31 14
internal_value=0.000163367 0.00620919 0.00240408 -0.00107796 0.00621581 0.0014705 0.0125094 -0.00552469 -0.0223978 -0.00625126 -0.0121904 -0.0261081 -0.01382 0.0189425 0.0177697 0.0055099 -0.0380616 0.0408998 0.041832 -0.0514993 0.051143 0.050801 0.0509364 -0.0508074 0.0504672
internal_weight=8.70897 4.48337 4.13673 3.8609 3.09321 2.79566 1.91157 1.169 0.884092 4.2256 3.4195 1.91429 1.41679 0.806104 0.677763 1.5052 1.04335 0.742573 0.385795 0.626169 0.275833 0.297549 0.52973 0.30372 0.181507
internal_count=523 335 310 265 232 183 131 74 52 188 146 87 78 42 54 59 72 57 43 51 45 49 45 40 41
is_linear=0
shrinkage=0.05


Tree=148
num_leaves=24
num_cat=0
split_feature=162 39 111 47 3 24 75 36 95 34 33 49 53 127 11 78 43 3 340 11 35 26 22
split_gain=0.132889 0.243208 0.206203 0.232824 0.183511 0.160048 0.167007 0.160705 0.285086 0.362773 0.248706 0.234602 0.318529 0.175647 0.566337 0.15025 0.142323 0.134726 0.0584743 0.0149014 0.00027812 5.38385e-05 2.93486e-06
threshold=1.5000000000000002 1.6774422705885661 1.0000000180025095e-35 19.898349012255593 -1.5857253086419754 7.904580077811949 18.031456937723998 9.8274717882931153 2.3398406428878564 10.599164471616907 12.522130769192934 8.2220675504652121 4.9881916267914397 1.0000000180025095e-35 0.15400560790319393 79.082706917395015 17.678778032916664 -0.56650318615100392 1.0000000180025095e-35 0.21976025106502386 9.1942955156639758 2.3434944211650905 2.3491412020398204
decision_type=2 2 2 2 2 10 2 2 2 2 2 2 2 2 10 2 2 2 2 10 2 2 10
left_child=1 4 3 17 -1 6 -4 8 13 11 -9 12 18 14 -8 -12 -13 -3 -10 -19 22 -6 -11
right_child=-2 2 5 -5 21 -7 7 10 9 20 15 16 -14 -15 -16 -17 -18 19 -20 -21 -22 -23 -24
leaf_value=0.009809976758248266 0.027314885680085152 0.0060214596598309918 -0.034870988586354505 -0.015033902726439044 -0.050422756658172911 0.028650315916723863 0.042668849763800726 -0.047432551851258664 0.052142544329861956 0.050333471331279189 0.019953725791460833 -0.039065827645245924 -0.022996830392829626 -0.03643595533038041 -0.026599580649306977 -0.023024374347630536 0.0031993959052414355 0.037197596689275907 0.02168564934448057 0.052520105106148407 0.052849728212617735 -0.051586472861255166 0.0506887995627101
leaf_weight=0.17847758461721241 0.42795292509254146 0.33330930431839079 0.42734087607823301 0.36589572858065367 0.17704806302208265 0.38138208031887177 0.45455748378299154 0.456986019387841 0.38957957795355491 0.12858432380016882 0.41052070399746299 0.37013077642768621 0.29179657899658196 0.53130032797344018 0.84108905261382461 0.40297757647931576 0.43125781684648246 0.30152794963214524 0.26464573596604168 0.33492325968109071 0.26891021529445425 0.22658913303166628 0.10603245819220319
leaf_count=12 38 19 20 18 35 38 15 11 30 30 27 16 19 14 38 16 28 29 19 14 9 13 15
internal_value=0.000162797 -0.00127621 0.00114245 0.0189513 -0.0324083 -0.00272083 -0.00479233 -0.00238902 0.00244871 0.014359 -0.0179167 0.00358392 0.0204459 -0.0122256 -0.00229783 -0.00133607 -0.0163213 0.0317742 0.0398222 0.0452608 0.0517521 -0.051076 0.0504941
internal_weight=8.50282 8.07486 7.49275 1.33566 0.582115 6.15709 5.77571 5.34837 4.07788 2.25094 1.27048 1.74741 0.946022 1.82695 1.29565 0.813498 0.801389 0.969761 0.654225 0.636451 0.503527 0.403637 0.234617
internal_count=523 485 425 80 60 345 307 287 233 166 54 112 68 67 53 43 44 62 49 43 54 48 45
is_linear=0
shrinkage=0.05


Tree=149
num_leaves=22
num_cat=0
split_feature=32 127 20 88 28 24 83 79 53 77 102 34 30 85 4 101 57 66 123 19 61
split_gain=0.131408 0.587017 0.492591 0.241851 0.223448 0.208534 0.340849 0.266781 0.225764 0.273251 0.267959 0.26144 0.380274 0.162712 0.104719 0.101034 0.0742159 0.0653693 3.82405e-05 5.39248e-06 4.62749e-07
threshold=9.0620240011984752 1.0000000180025095e-35 2.28212851305917 11.141382540952401 541.65954369220174 5.5117093672116146 41.530000000000008 60.061267997025006 4.9881916267914397 6.4208216229260096 0.33938502355462113 10.07021904628518 18.212665710596681 9.6206904852784767 0.76790875112142931 4.448976796737214 17.672133477880266 24.477832942486497 1.0000000180025095e-35 9.77636045177608 5.0494660637381878
decision_type=2 2 10 2 2 10 2 2 2 2 2 2 2 2 2 2 2 2 2 10 2
left_child=1 2 3 -1 14 -6 16 8 9 10 -8 -10 -13 -12 -2 -11 -7 -9 19 -18 -21
right_child=4 -3 -4 -5 5 6 7 17 11 15 13 12 -14 -15 -16 -17 18 -19 -20 20 -22
leaf_value=-0.051521040488535501 0.012296944241409282 -0.062481509459265339 0.045022858626371766 0.0040399644023381759 -0.022805127169474991 0.0010671951916643861 0.027239719695819009 0.010689757775823532 -0.038197658490752087 0.012532061151864352 0.00096770627180919509 0.032692253386332297 -0.027198702422341993 -0.037573711214469459 0.051315901722522927 0.051210631946832244 0.050685435568830012 0.05141887315589283 0.051384554790403693 0.050306133613991277 0.050146371970544813
leaf_weight=0.33484638651134424 0.37393399910069991 0.43335154722444702 0.47820690996013582 0.47187327919527888 0.8433840803336351 0.090930522768758126 0.45392749411985311 0.15222145325969894 0.82112984044942994 0.31900573708116997 0.54361372883431591 0.47501137928338699 0.59959954395890236 0.55182484281249344 0.31835027679335326 0.35866193939000368 0.10331665049307048 0.27922580344602466 0.1489711661124602 0.099724338913802058 0.083090128435287625
leaf_count=32 19 9 15 25 34 9 23 18 34 13 29 35 34 24 24 31 10 33 9 27 36
internal_value=0.000161244 -0.0121584 0.00481347 -0.0190218 0.00336088 0.000219572 0.00404195 -0.000359617 -0.00427442 0.00652074 -0.00506219 -0.0169561 -0.000725041 -0.0184475 0.03024 0.0330031 0.0421493 0.037049 0.0507349 0.0503967 0.0502335
internal_weight=8.3342 1.71828 1.28493 0.80672 6.61592 5.92364 5.08025 4.55422 4.12277 2.22703 1.54937 1.89574 1.07461 1.09544 0.692284 0.677668 0.526033 0.431447 0.435102 0.286131 0.182814
internal_count=523 81 72 57 442 399 365 274 223 120 76 103 69 53 43 44 91 51 82 73 63
is_linear=0
shrinkage=0.05


Tree=150
num_leaves=24
num_cat=0
split_feature=16 27 92 93 355 76 77 94 54 103 89 17 2 17 41 101 22 131 12 98 130 89 15
split_gain=0.126276 0.229932 0.341058 0.353938 0.223366 0.300781 0.218829 0.23555 0.223114 0.256157 0.244213 0.203013 0.210072 0.160657 0.123811 0.107507 0.0223008 0.010034 0.000240757 7.39583e-05 2.5001e-05 1.55977e-05 3.00886e-06
threshold=1.8702664796633943 2.2530960763320755 17.925926919107141 4.8183863423252644 1.0000000180025095e-35 1.0000000180025095e-35 5.3082683152844075 13.996820844573447 4.4777316663030753 5.5063359398432157 25.200991569517175 2.2041666666666671 0.21589980189096328 2.4309523809523812 -1.9249999999999992 4.9163551902242384 2.2945182336017229 102.89790000000006 -0.49286971911496552 13.604919289589882 1.9992000000000001 33.782778711537013 1.0615530303030305
decision_type=2 2 2 2 2 2 2 2 2 2 2 2 2 2 2 2 10 2 10 2 2 2 2
left_child=1 2 13 -4 -5 -6 7 14 9 15 -10 12 -3 16 -2 -8 -1 -7 -18 22 -20 -12 -19
right_child=6 11 3 4 5 17 8 -9 10 -11 21 -13 -14 -15 -16 -17 18 19 20 -21 -22 -23 -24
leaf_value=0.031415689700078429 -0.049297290208074468 -0.051110942303514754 -0.037303387575576955 -0.014263504242669423 -0.01769038154053398 0.034769789983686787 -0.049323167907573219 0.012760640230710475 -7.585976567726796e-05 0.023645968670760992 0.051152299645037404 0.010359292880316392 -0.003641098394642028 0.0067931570376493708 -0.015846001228897039 -0.011034816222060572 0.052932900442892276 0.05022088636818757 0.051497970695583664 0.05164571491116237 0.050640814944699235 0.050516283456193127 0.050615206367290388
leaf_weight=0.1695631858892741 0.57398029731120903 0.41473046096507438 0.46183859556913365 0.46443996194284387 0.24587579362560064 0.11618104425724596 0.33905973332002781 0.373015857185237 0.57053536106832314 0.34350727964192629 0.15962702501565218 0.75238759629428387 0.53206187870819122 0.34606068913126364 0.53391988435760174 0.39917028666241094 0.27639154903590679 0.11367950192652643 0.13818382006138563 0.28630567039363086 0.22132497251732275 0.243359315674752 0.084217419964261353
leaf_count=25 20 22 20 20 18 13 21 28 28 19 10 20 18 37 36 21 8 35 6 14 36 35 13
internal_value=0.000159456 0.0055994 0.0140995 0.000335957 0.0135986 0.0288897 -0.00695281 -0.0216057 0.00360534 -0.012023 0.0209709 -0.00902809 -0.0244347 0.0352856 -0.0331764 -0.0286202 0.0475272 0.0479657 0.0518233 0.051132 0.0509703 0.0507682 0.0503887
internal_weight=8.15942 4.62324 2.92406 1.77254 1.3107 0.846259 3.53618 1.48092 2.05526 1.08174 0.973522 1.69918 0.946792 1.15152 1.1079 0.73823 0.805464 0.600384 0.6359 0.484203 0.359509 0.402986 0.197897
internal_count=523 305 245 133 113 93 218 84 134 61 73 60 40 112 56 42 75 75 50 62 42 45 48
is_linear=0
shrinkage=0.05


Tree=151
num_leaves=25
num_cat=0
split_feature=176 355 4 3 47 18 4 16 131 121 71 75 15 330 102 60 65 97 12 4 54 130 113 66
split_gain=0.124419 0.146319 0.279076 0.236387 0.299874 0.276018 0.221757 0.332271 0.209298 0.291582 0.261722 0.165491 0.247048 0.164294 0.163116 0.158833 0.144731 0.0708814 6.88948e-05 4.39989e-05 1.231e-05 1.02703e-05 1.15154e-06 3.33456e-07
threshold=2.5000000000000004 1.0000000180025095e-35 0.30140111681748932 -0.59740604031913414 9.6331975082322927 16.514924332633118 0.38646555148947442 1.6984848484848487 95.534000000000063 2.5000000000000004 9.4663418629261198 41.563360309860492 1.1889880952380956 1.0000000180025095e-35 4.6422779498454441 12.83630103505055 5.8257867616617895 15.079245043326484 -0.4961532183861011 0.43155420060443728 8.5993135398392901 2.1373000000000011 1.5000000000000002 37.829093708600304
decision_type=2 2 2 2 2 10 2 2 2 2 2 2 2 2 2 2 2 2 10 2 2 2 2 2
left_child=1 3 -3 13 16 -6 -4 19 11 15 -11 12 -9 17 -12 -10 -5 -1 -17 -8 22 -21 -20 -23
right_child=-2 2 6 4 5 -7 7 8 9 10 14 -13 -14 -15 -16 18 -18 -19 20 21 -22 23 -24 -25
leaf_value=-0.01965283302082119 0.031169093632457675 0.051609517524870197 -0.030057037789668891 -0.03188183484949348 0.04775067381887696 -0.006273799244493671 0.051724487832453814 -0.029509725539611606 -0.00081281023664934787 0.036259422654761272 0.0036897187034682991 -0.043714937297660905 0.027965270302062434 -0.0073497823418569629 -0.041951412259902426 0.051840013752483809 0.0038324633407825701 -0.051577565083188573 0.050490953879251989 0.050891738126103904 0.051003487114983315 0.050184455118584416 0.050263709246164683 0.050339285847997399
leaf_weight=0.27323142974637471 0.31084894388914097 0.30278632254339743 0.47926232684403691 0.59194357902742945 0.52136544161476184 0.43260139017365873 0.11449202132644165 0.40253512881463416 0.20850061712553714 0.27932626270921879 0.37554898671805859 0.36859135935083032 0.34912609047023579 0.79406677419319749 0.40890824026428163 0.16505337134003673 0.54470901098102331 0.47809891682118177 0.11119082290679183 0.11682766978628933 0.12094588903710246 0.074698568554595113 0.11180354899261147 0.065064742811955512
leaf_count=26 30 20 25 34 23 23 7 18 19 25 37 16 29 23 13 6 11 33 14 10 9 28 30 14
internal_value=0.00015676 -0.00109672 0.00543418 -0.00837959 0.00258145 0.0232519 0.00170771 0.00635955 0.000661964 0.0113115 -0.00530221 -0.0162715 -0.00281416 -0.0232077 -0.0201013 0.0359436 -0.0147668 -0.0399677 0.0510003 0.0509094 0.0505973 0.0505457 0.050377 0.0502565
internal_weight=8.00153 7.69068 4.05466 3.63602 2.09062 0.953967 3.75188 3.27261 2.90153 1.78128 1.06378 1.12025 0.751661 1.5454 0.784457 0.717494 1.13665 0.75133 0.508994 0.371083 0.34394 0.256591 0.222994 0.139763
internal_count=523 493 320 173 91 46 300 275 216 153 75 63 47 82 50 78 45 59 59 59 53 52 44 42
is_linear=0
shrinkage=0.05


Tree=152
num_leaves=21
num_cat=0
split_feature=31 17 90 22 130 23 103 103 58 2 103 100 24 67 130 5 2 130 22 68
split_gain=0.120788 0.246981 0.288107 0.198016 0.285862 0.255142 0.248217 0.342555 0.220509 0.213635 0.178426 0.177473 0.150721 0.13244 0.158066 0.0228178 0.00124516 1.56782e-05 7.81765e-06 7.00769e-07
threshold=12.506900174301293 2.4932432432432434 11.111828142928774 2.3436750001421003 0.34985000000000416 -2.5307210118964063 3.0112031750066115 4.5680069103258596 36.092984657612043 0.087787779863087514 6.50302241740102 -0.12738802859182449 5.9164563895151909 20.29234052389614 2.9529000000000019 17.420588235294122 0.053484600847333759 0.7195900000000004 2.207633726888679 52.634759075651736
decision_type=2 2 2 8 2 10 2 2 2 2 2 2 10 2 2 2 2 2 10 2
left_child=1 2 -1 4 -2 16 8 -8 -5 11 -11 -9 -3 14 -7 -10 -6 -18 -19 -20
right_child=3 12 -4 6 5 13 7 9 15 10 -12 -13 -14 -15 -16 -17 17 18 19 -21
leaf_value=-0.013168187282680755 -0.022467712364099085 -0.01109947259325653 0.037530687059095041 -0.0051384006723411433 0.045166047107580785 -0.033774055607751395 -0.039839084580986638 -0.004036346863397486 0.028037009648274821 0.0031392590272515866 -0.035879405856358501 0.04181432268476229 -0.052082822057092554 0.038427201533704575 0.016213417938631736 0.051124603336731717 0.051135694351932104 0.050774718196908625 0.050432500634952152 0.050256021011866041
leaf_weight=0.80034253856865711 0.37756218924187113 0.49080072133801866 0.43118829897139221 0.46605166420340571 0.12695482000708569 0.25502159702591587 0.72839789476711336 0.41364014730788767 0.16246884211432189 0.68801968434127025 0.51030008704401553 0.43090472964104298 0.41320432198699564 0.27489379706094041 0.41630790487397462 0.31355839234311134 0.13598627783358097 0.16791378206107765 0.094459280371665955 0.13906150148250163
leaf_count=38 15 32 26 28 16 13 39 17 17 27 24 24 21 39 38 33 8 17 12 39
internal_value=0.000156903 -0.00998566 0.0045827 0.00395587 0.0166904 0.02587 -0.00286232 -0.0103995 0.0193093 9.74134e-05 -0.0134767 0.0193576 -0.0298322 0.00919451 -0.0027756 0.0432448 0.0496196 0.0506717 0.0505145 0.0503274
internal_weight=7.83704 2.13554 1.23153 5.7015 1.98816 1.6106 3.71334 2.77126 0.942079 2.04286 1.19832 0.844545 0.904005 0.946223 0.67133 0.476027 0.664376 0.537421 0.401435 0.233521
internal_count=523 117 64 406 197 182 209 131 78 92 51 41 53 90 51 50 92 76 68 51
is_linear=0
shrinkage=0.05


Tree=153
num_leaves=24
num_cat=0
split_feature=2 22 90 28 102 99 50 0 0 76 12 2 89 103 100 130 62 21 27 31 91 130 90
split_gain=0.119662 0.162154 0.144073 0.157884 0.135443 0.13104 0.194099 0.254554 0.269462 0.246526 0.260045 0.262414 0.17761 0.148386 0.14546 0.140248 0.120552 0.0765053 0.000125923 8.80473e-05 6.33712e-06 2.64147e-06 2.10721e-06
threshold=0.4763595559427391 2.3265246936974511 43.088787602835588 1211.550602076527 0.83612742268648521 0.12319318131930936 6.0570574465605116 12.873815415001573 12.763267194899591 11.310456474848513 -0.38841750729373153 0.12526135308966826 18.842612867518234 4.5680069103258596 -1.6581716717660455 2.5142000000000015 11.089805247685531 -2.233650172865159 2.0446819709193789 11.980522196803841 23.435301578877219 3.4226000000000028 15.460016943902639
decision_type=2 10 2 2 2 2 2 2 2 2 8 2 2 2 2 2 2 8 2 2 2 2 2
left_child=2 -2 3 5 -5 16 7 8 9 10 11 15 -12 -11 -9 -7 -1 18 21 -3 -6 -16 -21
right_child=1 19 -4 4 20 6 -8 14 -10 13 12 -13 -14 -15 17 -17 -18 -19 -20 22 -22 -23 -24
leaf_value=0.0034496834703476422 -0.017124940512761228 0.052369347469707811 -0.028820237541793459 -0.0004227798431424998 0.050320609167116864 0.014586054545426708 -0.027187812339717357 -0.0083529896588001064 -0.037998177335286112 0.0078729806868167839 -0.0038442955474379532 0.034650873606013342 -0.042191750861171391 0.046078769388298996 0.050583594249826926 -0.021332169130769768 -0.042891702100108661 0.0050792355190705622 0.052261308831564005 0.050564376367822829 0.050796037248255516 0.050284704679110642 0.050210051732588259
leaf_weight=0.23484868626110245 0.13379479199647892 0.082315417006611824 0.44575376377906639 0.24320906703360368 0.14591407292755321 0.46953960438258924 0.56575734890066076 0.18690303899347782 0.44248578720726062 0.60075255250558235 0.63640354049857772 0.60709326912183303 0.57455386244691908 0.44047957356087863 0.22409356379648671 0.6452493496472016 0.34872346266638488 0.11192948021925975 0.14219790045171976 0.078354649536777288 0.13488307595252991 0.11030660115648061 0.090340384980663657
leaf_count=14 16 3 19 12 33 33 32 10 16 36 25 38 22 22 32 20 33 11 5 11 14 34 32
internal_value=0.000155847 0.0273321 -0.00127452 0.000513972 0.0268913 -0.00166568 0.000622568 0.00365299 -0.000985986 0.00313507 -0.00428509 0.0082006 -0.0220387 0.0240354 0.0300748 -0.00620372 -0.0242424 0.0422787 0.051015 0.0510288 0.050549 0.050485 0.0503746
internal_weight=7.69588 0.384805 7.31108 6.86532 0.524006 6.34132 5.75775 5.19199 4.41656 3.97407 2.93284 1.72188 1.21096 1.04123 0.775431 1.11479 0.583572 0.588528 0.476598 0.25101 0.280797 0.3344 0.168695
internal_count=523 62 461 442 59 383 336 304 212 196 138 91 47 58 92 53 47 82 71 46 47 66 43
is_linear=0
shrinkage=0.05


Tree=154
num_leaves=24
num_cat=0
split_feature=162 39 111 47 3 21 332 32 85 60 127 26 18 102 93 3 61 21 98 26 7 68 128
split_gain=0.11735 0.2222 0.187929 0.206748 0.161704 0.14448 0.159782 0.270859 0.250024 0.404389 0.214552 0.605739 0.343047 0.209563 0.390381 0.120508 0.0807539 0.0138842 9.92847e-05 4.21801e-05 1.6618e-05 1.33297e-06 2.7776e-07
threshold=1.5000000000000002 1.6774422705885661 1.0000000180025095e-35 19.898349012255593 -1.5857253086419754 -2.1497711372449908 1.0000000180025095e-35 9.4032849935545553 14.493540694785851 12.606547746977167 1.0000000180025095e-35 2.6596583787831212 16.740926786721769 4.6422779498454441 27.542184450296205 -0.58769745747119051 23.621451319598734 -2.1497711372449908 13.604919289589882 2.3434944211650905 269.20650000000006 65.78944485112423 5.1661579919011311
decision_type=2 2 2 2 2 8 2 2 2 2 2 2 8 2 2 2 2 10 2 2 2 2 2
left_child=1 4 3 15 -1 6 7 -4 13 -10 11 -8 -13 16 -15 -3 18 -17 20 -6 -9 -22 -23
right_child=-2 2 5 -5 19 -7 10 8 9 -11 -12 12 -14 14 -16 17 -18 -19 -20 -21 21 22 -24
leaf_value=0.0086046367190694729 0.027486883997009132 0.0055551270273821608 -0.051453890263931094 -0.014696543776489705 -0.050375805063397464 -0.035862787372765763 0.048901499969343683 0.051060080401037891 0.024411524167461743 -0.035054461136840277 -0.036361873817603807 -0.043468858428139447 0.0097244843061298006 0.050722703311745221 -0.022643192809752254 0.036651867154056418 0.012708371820706344 0.052167440181177221 0.051913202645808822 -0.051460751731677482 0.050404583616526326 0.050284921813440075 0.05013016164147293
leaf_weight=0.16539342748001218 0.37335863464977581 0.28963066975120455 0.18498739111237261 0.32771970797330141 0.15781241079093877 0.3101040965411811 0.43965948105324093 0.10181871079839788 0.54754930722992845 0.5982643193565309 0.59787546377629031 0.67312462802510675 0.55136339541058998 0.29432150453794748 0.47224738274235278 0.26668550283648074 0.17900001781526953 0.3139000874944029 0.17424162337556481 0.20720877835992724 0.2149928244180046 0.050364740600343794 0.068324472231324762
leaf_count=12 38 18 10 18 35 15 19 6 27 29 18 29 31 34 21 32 12 12 7 13 39 12 36
internal_value=0.000156236 -0.00126365 0.0012182 0.0191517 -0.0324084 -0.00271771 -0.000721175 0.00707713 0.0110856 -0.00663748 -0.010671 -0.00144111 -0.0195169 0.0241425 0.00552539 0.0318988 0.0422361 0.0450405 0.0509045 -0.0509917 0.0505009 0.0503303 0.0501958
internal_weight=7.55995 7.18659 6.65618 1.19794 0.530415 5.45824 5.14814 2.88611 2.70112 1.14581 2.26202 1.66415 1.22449 1.55531 0.766569 0.870216 0.788742 0.580586 0.609742 0.365021 0.435501 0.333682 0.118689
internal_count=523 485 425 80 60 345 330 233 223 56 97 79 60 167 55 62 112 44 100 48 93 87 48
is_linear=0
shrinkage=0.05


Tree=155
num_leaves=22
num_cat=0
split_feature=16 127 23 148 13 2 28 20 66 31 85 15 28 332 17 83 104 59 329 89 100
split_gain=0.113256 0.207958 0.25483 0.3648 0.290053 0.398525 0.197476 0.196495 0.266124 0.190328 0.288732 0.363382 0.319039 0.123597 0.113378 0.0730728 0.00140657 0.000126989 5.23565e-05 1.15193e-05 7.39455e-06
threshold=1.8702664796633943 1.0000000180025095e-35 -2.3430260499963191 1.0000000180025095e-35 0.34492136809740842 0.035554085831863043 648.63705725848479 2.4203589789993889 19.920378007829381 12.375099247605144 14.493540694785851 1.1234756097560978 1126.7574972591572 1.0000000180025095e-35 2.7434210526315792 83.690000000000012 3.9151937837112736 1.0000000180025095e-35 1.0000000180025095e-35 25.077056786530608 0.61207241538590751
decision_type=2 2 8 2 8 2 2 10 2 2 2 2 2 2 2 2 2 2 2 2 2
left_child=1 2 3 15 -5 -6 -4 8 -7 14 11 -11 13 18 -2 16 17 -1 19 -13 -19
right_child=9 -3 6 4 5 7 -8 -9 -10 10 -12 12 -14 -15 -16 -17 -18 20 -20 -21 -22
leaf_value=0.0523001288958065 -0.043298368913737513 -0.018752676829587991 -0.03535239880805096 0.048193065169728599 0.05171027064735078 -0.033489625729112814 0.010924935712052173 -0.046104360225479701 0.029159160070176712 -0.034585970498511136 -0.028790837441027273 0.051023859867822534 -0.012070532706663115 0.012424145080289299 -0.0037112140834517911 0.021847555340781394 0.056086202399038942 0.050249991542988495 0.051686335459830146 0.050485516802215573 0.050789473076317121
leaf_weight=0.16794951213523779 0.48524125537369434 0.7289516741875558 0.45527087838854674 0.30973839375656065 0.24759004992665734 0.33857444225577615 0.46697511442471296 0.40604762418661267 0.33947144099511206 0.3578290936420675 0.64036541339009989 0.19554351875558473 0.46450484928209335 0.3056873450987041 0.28834359406027943 0.26566301274579018 0.23095828620716929 0.12301230395678431 0.2393085565418005 0.20203624095302075 0.13133297930471599
leaf_count=5 33 39 30 29 18 24 39 17 34 20 34 12 30 25 22 15 6 37 10 32 12
internal_value=0.000154832 0.00553235 0.0106155 0.018733 0.00461161 -0.00552507 -0.0119201 -0.0185967 -0.00212379 -0.00696961 -3.12516e-05 0.0104036 0.0218448 0.0385584 -0.0285428 0.0439574 0.0529489 0.0512331 0.051102 0.0507503 0.0505286
internal_weight=7.3904 4.21154 3.48258 2.56034 1.64142 1.33168 0.922246 1.08409 0.678046 3.17886 2.40528 1.76491 1.40708 0.942576 0.773585 0.918916 0.653253 0.422295 0.636888 0.39758 0.254345
internal_count=523 305 266 197 122 93 69 75 58 218 163 129 109 79 55 75 60 54 54 44 49
is_linear=0
shrinkage=0.05


Tree=156
num_leaves=25
num_cat=0
split_feature=32 127 104 28 2 24 83 55 37 98 90 62 22 31 25 372 76 57 22 35 123 19 35 102
split_gain=0.115474 0.513707 0.421721 0.193198 0.170149 0.160235 0.289689 0.242418 0.210948 0.184522 0.385033 0.229748 0.266282 0.362209 0.106949 0.0987575 0.0898289 0.062 0.00996363 7.44651e-05 2.52244e-05 3.30078e-06 4.65351e-07 1.4804e-07
threshold=9.0620240011984752 1.0000000180025095e-35 3.9151937837112736 541.65954369220174 0.3142833522297806 5.5117093672116146 41.530000000000008 5.2893400793724092 4.1161371331918746 9.8939374411348098 24.676168820312203 11.733921011147656 2.3491412020398204 16.915741773438466 -0.14102253757523955 1.0000000180025095e-35 8.9790308050281293 17.672133477880266 2.3005754424519806 9.1942955156639758 1.0000000180025095e-35 9.6728728635101806 6.0029018187281151 3.9472992794357022
decision_type=2 2 2 2 2 10 2 2 2 2 2 2 10 2 10 2 2 2 10 2 2 10 2 2
left_child=1 2 4 16 14 -5 17 8 -8 10 15 -11 13 -13 -1 -10 -2 -7 -17 -20 21 -19 -23 -24
right_child=3 -3 -4 5 -6 6 7 -9 9 11 -12 12 -14 -15 -16 18 -18 20 19 -21 -22 22 23 -25
leaf_value=-0.0021950184609338735 0.051301384213222036 -0.061081532271691524 0.047040518540020164 -0.021516113123704422 0.01640664607746465 0.0014173392759039812 -0.030554913814229423 0.034000224636523912 0.010076669293566291 0.016423285564476805 -0.032811359313201699 -0.039702532545002979 -0.04284173010939471 0.044518673357451043 -0.051312363576934805 0.034532833188584924 0.012364937003552066 0.050656190577216043 0.050612015228697883 0.051963976597378281 0.051206895704612093 0.050363982091894577 0.050127248481076393 0.050232764044694844
leaf_weight=0.16967860353179265 0.27552096359431733 0.39581538003403682 0.39178120903670788 0.72357977140927676 0.25032665487378836 0.077433111728168913 0.65184088773094195 0.45229275419842441 0.26208496280014515 0.59185187355615188 0.28240133338840678 0.23938498762436189 0.65831923624500632 0.27353055350249633 0.3195338439545593 0.11446072772378124 0.32037628768011928 0.060531124006956816 0.23733473313041031 0.17841755715198815 0.12721399741712958 0.047446807031519711 0.064526752656092867 0.068563299369998276
leaf_count=13 24 9 6 34 15 9 26 24 21 37 18 10 35 31 38 24 19 6 39 9 9 10 36 21
internal_value=0.000157409 -0.0120545 0.00509858 0.00342513 -0.0171207 0.000283998 0.00387913 -0.000440989 -0.00490494 0.000986877 0.0173173 -0.00896743 -0.0217979 0.00521144 -0.0342765 0.0351848 0.0303677 0.0420864 0.0475958 0.0511922 0.0506373 0.0503367 0.0502295 0.0501816
internal_weight=7.23425 1.52714 1.13132 5.70711 0.739539 5.11121 4.38763 3.94192 3.48963 2.83779 1.0747 1.76309 1.17123 0.512916 0.489212 0.792298 0.595897 0.445715 0.530213 0.415752 0.368282 0.241068 0.180537 0.13309
internal_count=523 81 72 442 66 399 365 274 250 224 111 113 76 41 51 93 43 91 72 48 82 73 67 57
is_linear=0
shrinkage=0.05


Tree=157
num_leaves=25
num_cat=0
split_feature=32 127 20 24 28 72 24 83 5 79 71 85 53 16 102 50 4 105 93 33 123 85 19 81
split_gain=0.107463 0.484211 0.403844 0.201868 0.180086 0.153676 0.242723 0.256847 0.199616 0.19425 0.180522 0.263759 0.198422 0.186984 0.214952 0.162733 0.107653 0.0470041 0.0453164 0.0391681 1.94142e-05 1.54054e-05 1.7824e-06 9.68917e-07
threshold=9.0620240011984752 1.0000000180025095e-35 2.28212851305917 5.9392627756151333 546.34379451559278 10.20827782550985 5.5117093672116146 41.530000000000008 20.521990740740744 60.061267997025006 5.0032185628455927 14.33754558940141 4.9881916267914397 1.7819293478260871 4.6422779498454441 5.8578040610963216 0.76790875112142931 0.25462962962962971 30.247643268687039 7.0213903124701664 1.0000000180025095e-35 18.142321945168877 9.76298093433447 5.6101408754184989
decision_type=2 2 10 8 2 2 10 2 2 2 2 2 2 2 2 2 2 2 2 2 2 2 10 2
left_child=1 2 3 -1 16 6 -6 18 19 10 12 13 -9 -12 15 -15 -2 -11 -8 -7 22 23 -20 -21
right_child=4 -3 -4 -5 5 8 7 9 -10 17 11 -13 -14 14 -16 -17 -18 -19 20 21 -22 -23 -24 -25
leaf_value=0.0040382065980815963 0.0093025027274619872 -0.060462387994663074 0.043724015327492663 -0.051063829338147508 -0.032359310666396142 0.016830700130117015 0.011017399508719128 0.034215544848001163 -0.014835615027979294 0.011777359001769979 -0.032965638408000174 -0.044101479074266092 -0.011386174458617365 0.046608691485305553 -0.018577604877277176 -0.0082203793824251453 0.051132960914789118 0.051292785384203059 0.050568797069500675 0.050222797011096589 0.05121830742943341 0.051031445679955469 0.050237528810201965 0.05046029235800769
leaf_weight=0.40402591129532062 0.33025000547058869 0.38026887387968589 0.41766393533907831 0.28239199740346521 0.61708405188983295 0.11533278785645951 0.096592111629434263 0.46959130326286036 0.23751064587850124 0.12938371393829573 0.40246740565635297 0.57150792493484903 0.4848269100766629 0.37987315969075985 0.45790121448226273 0.21022092143539339 0.28788794518914074 0.17988898721523583 0.06780228647403419 0.081509473064215854 0.11240264121443033 0.15807279909495264 0.10123043699422851 0.090769759495742619
leaf_count=30 20 9 15 27 27 4 20 27 17 13 19 33 24 33 22 25 25 29 8 29 6 12 35 14
internal_value=0.000155081 -0.0118021 0.00495748 -0.0186307 0.00333465 0.000165523 -0.00334903 0.00153724 0.0221871 -0.0029533 -0.0068722 -0.0153322 0.0110507 -0.00399666 0.00712846 0.0270758 0.0287844 0.0347616 0.0405672 0.0419169 0.0507091 0.050675 0.0503704 0.0503479
internal_weight=7.06646 1.48435 1.10408 0.686418 5.58211 4.96397 4.28077 3.66369 0.683195 3.28566 2.97639 2.02197 0.954418 1.45046 1.048 0.590094 0.618138 0.309273 0.378027 0.445685 0.281435 0.330352 0.169033 0.172279
internal_count=523 81 72 57 442 397 321 294 76 225 183 132 51 99 80 58 45 42 69 59 49 55 43 43
is_linear=0
shrinkage=0.05


Tree=158
num_leaves=24
num_cat=0
split_feature=16 27 92 93 355 76 77 54 103 89 94 17 17 41 41 93 22 131 16 98 89 130 130
split_gain=0.107876 0.193098 0.272277 0.269976 0.190072 0.237887 0.173765 0.185694 0.219271 0.19731 0.185225 0.1674 0.122357 0.10543 0.102397 0.0495646 0.022885 0.00897375 0.000194405 4.29106e-05 9.39618e-06 8.21154e-06 1.95254e-06
threshold=1.8702664796633943 2.2530960763320755 17.925926919107141 4.8183863423252644 1.0000000180025095e-35 1.0000000180025095e-35 5.3082683152844075 4.4777316663030753 5.5063359398432157 25.200991569517175 13.996820844573447 2.2041666666666671 2.4309523809523812 -1.9249999999999992 -1.3849999999999996 24.077070811530614 2.2945182336017229 102.89790000000006 1.6984848484848487 13.604919289589882 36.216222889581424 2.3626500000000008 2.5840100000000001
decision_type=2 2 2 2 2 2 2 2 2 2 2 2 2 2 2 2 10 2 2 2 2 2 2
left_child=1 2 12 -4 -5 -6 10 8 15 -9 13 14 16 -2 -3 -8 -1 -7 21 22 -11 -18 -19
right_child=6 11 3 4 5 17 7 9 -10 20 -12 -13 -14 -15 -16 -17 18 19 -20 -21 -22 -23 -24
leaf_value=0.029211591996173198 -0.048578712807164186 -0.043510257656129654 -0.035683775725289926 -0.014220548107595571 -0.015666268917789227 0.034193471571274101 -0.041148389878681871 0.00052393512702833176 0.023855355631925729 0.050923824277065835 0.012526091815882455 0.01011866130580411 0.0078526562178235122 -0.015263551167052809 -0.007853109390699959 -0.012636669190837585 0.051069105244651136 0.05053135248854488 0.052755216854894808 0.051388203582271898 0.050386697208742927 0.05055887990035815 0.050180266615104857
leaf_weight=0.14683906850405115 0.47919256519526243 0.36567049147561193 0.37831728137098242 0.40302929916651897 0.21152935875579715 0.099736107396893203 0.35588156693847828 0.49112823500763625 0.28754884121008217 0.15199098398443311 0.30845395143842325 0.65248419670388103 0.29125459934584796 0.47078867675736569 0.44803746032994218 0.26662775967270136 0.13855891395360231 0.069685587310232222 0.20291405753232539 0.23769101989455521 0.175362155190669 0.1830153419286944 0.091731936321593821
leaf_count=25 20 25 20 20 18 13 29 28 19 12 28 20 37 36 15 13 8 12 6 14 33 36 36
internal_value=0.000154457 0.0056085 0.0141852 0.000807333 0.0132064 0.0287671 -0.00700414 0.00328575 -0.012256 0.0205664 -0.021138 -0.00874827 0.034917 -0.0320685 -0.023877 -0.0289365 0.0466588 0.0476086 0.0515434 0.050961 0.0506361 0.0507787 0.0503318
internal_weight=6.90747 3.92049 2.4543 1.49172 1.1134 0.710374 2.98697 1.72854 0.910058 0.818481 1.25844 1.46619 0.962582 0.949981 0.813708 0.622509 0.671327 0.498845 0.524488 0.399109 0.327353 0.321574 0.161418
internal_count=523 305 245 133 113 93 218 134 61 73 84 60 112 56 40 42 75 75 50 62 45 44 48
is_linear=0
shrinkage=0.05


Tree=159
num_leaves=22
num_cat=0
split_feature=43 341 47 30 66 28 28 0 308 100 255 97 101 57 21 93 42 98 78 50 101
split_gain=0.104663 0.239042 0.205572 0.279062 0.168702 0.173239 0.180127 0.175709 0.273086 0.168393 0.151741 0.177059 0.232488 0.168708 0.135366 0.0935772 0.0281782 0.0118805 5.53548e-05 1.0598e-05 8.15039e-07
threshold=15.787453813297143 1.0000000180025095e-35 14.787156247127298 18.355016895356858 18.165811786984303 1197.5536924495539 1126.7574972591572 12.873815415001573 1.0000000180025095e-35 -1.6581716717660455 1.0000000180025095e-35 1.3848067454799442 6.9616020962424567 31.185834676189348 -2.1506905882580534 9.3781019454426389 27273.265445018758 11.435160855249917 65.716962959553953 5.6241140158757092 13.589580294796635
decision_type=2 2 2 2 2 2 2 2 2 2 2 2 2 2 8 2 2 2 2 2 2
left_child=1 10 3 14 -4 6 7 8 -6 -9 11 -1 16 -14 17 -7 -13 18 19 20 -2
right_child=2 -3 4 -5 5 15 -8 9 -10 -11 -12 12 13 -15 -16 -17 -18 -19 -20 -21 -22
leaf_value=0.025485317203511167 0.050391576722013026 -0.044870238390654925 0.040900293464206525 -0.017845827161229944 -0.046116292851221263 -0.00020493665096622728 -0.040262131137810457 -0.010951919572851066 0.0053322310763628568 0.05119802694371544 0.026499055500421854 -0.051659272582838457 0.021075637916891751 -0.015917114640016026 0.0058428323441885874 0.05066735453010817 -0.028933021227622226 0.034457245668544169 0.051725923316154276 0.050806805608891885 0.050197929559183119
leaf_weight=0.35635060200002167 0.1153579234960489 0.36352744523901481 0.20450994081329588 0.328369322756771 0.42586178076453529 0.18002872262150038 0.44587159843649704 0.2020742641761899 0.65405581495724618 0.23659952680463892 0.40592832944821555 0.27523422625381488 0.50529636675491907 0.79018017012276687 0.27330742031335853 0.18156035029096529 0.27038714988157153 0.13934381288709119 0.12911387602798641 0.19627035176381469 0.10272236232412979
leaf_count=25 21 38 27 33 23 7 25 12 32 30 20 22 28 29 15 35 18 17 6 21 39
internal_value=0.000153259 -0.00689021 0.00563086 0.0219218 -0.00263823 -0.0064662 -0.0123204 -0.00411649 -0.0149563 0.0225688 -0.0015868 -0.00677502 -0.0130191 -0.00148821 0.0355796 0.025339 -0.0403971 0.0474823 0.0508219 0.0505403 0.0503004
internal_weight=6.78195 2.9669 3.81505 1.28449 2.53056 2.32605 1.96446 1.51859 1.07992 0.438674 2.60338 2.19745 1.8411 1.29548 0.956116 0.361589 0.545621 0.682808 0.543465 0.414351 0.21808
internal_count=523 180 343 152 191 164 122 97 55 42 142 122 97 57 119 42 40 104 87 81 60
is_linear=0
shrinkage=0.05


Tree=160
num_leaves=25
num_cat=0
split_feature=162 39 111 47 79 87 18 53 27 87 130 95 101 75 75 98 99 3 20 131 2 131 95 67
split_gain=0.101496 0.195284 0.168497 0.171648 0.140154 0.126729 0.19007 0.20809 0.199066 0.176 0.156138 0.232588 0.144988 0.127701 0.156387 0.252242 0.118692 0.099634 0.0139701 0.00782059 0.00354302 3.5225e-05 2.96433e-05 2.50578e-06
threshold=1.5000000000000002 1.6774422705885661 1.0000000180025095e-35 19.898349012255593 6.1316053200373437 17.596197779267197 19.286685837513009 9.5380682144754676 1.9803050731782366 12.540004628086864 0.7195900000000004 7.5372818907472796 6.0381281887755103 47.165198898322565 26.510325309850611 14.88570208658612 1.2206166860003831 -0.58769745747119051 2.1277995048571263 99.693750000000051 0.040160375686759127 81.827900000000056 11.748002173091463 20.29234052389614
decision_type=2 2 2 2 2 2 10 2 2 2 2 2 2 2 2 2 2 2 10 2 2 2 2 2
left_child=1 4 3 17 -1 9 7 8 -7 10 -4 13 -13 14 -12 21 -9 -3 -19 -14 -8 -16 -21 -23
right_child=-2 2 5 -5 -6 6 20 16 -10 -11 11 12 19 -15 15 -17 -18 18 -20 22 -22 23 -24 -25
leaf_value=0.0082963975968740455 0.027498333756515565 0.0063857228355820462 -0.037898170213193638 -0.013672636386142679 -0.050941149316948223 0.046795658262709067 0.039239740015787117 -0.037062658811403595 -0.0059660377553055798 -0.045283684328778384 -0.017984888155368185 -0.015117885254196124 0.033932011411431033 -0.030585139067295021 0.051558963449502282 -0.0077090900252478516 0.0036058450575405078 0.051891584861495782 0.03528108114351515 0.051518908916416598 0.050653045001216458 0.050618635716967987 0.050440515868003744 0.050253374278941977
leaf_weight=0.14520526980049897 0.32278680230956514 0.260155601776205 0.31764797272626388 0.28779795789159834 0.3196794455870986 0.3508376653480807 0.11695308017078776 0.38578985651838593 0.36451031640172005 0.29868814651854325 0.71394426102051534 0.12966105376835901 0.091515081934630871 0.48474622459616501 0.1064502764493227 0.48792956583201885 0.33537415543105453 0.28048293630126842 0.23069732042495161 0.10426001972518861 0.16244201472727582 0.08710500766756013 0.16390947843319736 0.10186543094459921
leaf_count=27 38 18 21 18 33 31 15 26 12 15 30 10 11 24 5 10 22 16 28 8 25 14 38 28
internal_value=0.000149859 -0.00124525 0.00122821 0.0192802 -0.0324385 -0.002752 0.00814222 0.00080327 0.0199106 -0.00880613 -0.00489961 -0.000658301 0.030212 -0.00827987 -0.00105859 0.014368 -0.0181499 0.0315754 0.0443952 0.0465528 0.0458755 0.0508315 0.0508598 0.0504217
internal_weight=6.65043 6.32765 5.86276 1.05913 0.464885 4.80363 1.71591 1.43651 0.715348 3.08772 2.78903 2.47139 0.489346 1.98204 1.49729 0.78335 0.721164 0.771336 0.51118 0.359685 0.279395 0.295421 0.268169 0.18897
internal_count=523 485 425 80 60 345 131 91 43 214 199 178 67 111 87 57 48 62 44 57 40 47 46 42
is_linear=0
shrinkage=0.05


Tree=161
num_leaves=22
num_cat=0
split_feature=16 127 109 20 29 102 31 35 306 131 83 34 43 5 48 84 30 25 100 42 61
split_gain=0.0996573 0.185767 0.227964 0.225167 0.215191 0.203001 0.169468 0.246771 0.207629 0.150553 0.142082 0.137438 0.23943 0.117155 0.116962 0.210347 0.145119 0.0951675 0.0177116 1.13476e-05 3.20892e-07
threshold=1.8651515151515154 1.0000000180025095e-35 1.0000000180025095e-35 2.4203589789993889 23.642576422885643 6.9479764815212537 12.375099247605144 7.2622435530654768 1.0000000180025095e-35 70.266650000000041 42.670000000000009 8.9554332325312576 21.458809018653927 11.78709677419355 5.8002328937054175 5.7948893505039107 17.026720852187484 -0.29499989391303499 0.39430096266901821 63501.087694000969 5.2116579994235197
decision_type=2 2 2 8 2 2 2 2 2 2 2 2 2 2 2 2 2 10 2 2 2
left_child=1 2 3 4 9 -4 17 8 18 -1 13 -12 -13 -11 -9 -16 -17 -2 -8 -15 -21
right_child=6 -3 5 -5 -6 -7 7 14 -10 10 11 12 -14 19 15 16 -18 -19 -20 20 -22
leaf_value=0.035201685173998874 -0.051246979187975245 -0.018698281369418812 0.054806666963294205 -0.029748228943283363 0.051568743155292432 0.00072408293249464066 0.031533318551079589 -0.032900715006838104 -0.012525494379659607 -0.022566793543347764 -0.029026264700375587 0.050603425278030835 -0.022431586385299025 0.050997319439080015 0.033092023865402005 -0.044506120404466956 0.0035407699999241964 -0.013482467913577774 0.050919471806781372 0.050305365353806836 0.05012746327681207
leaf_weight=0.30215843301266554 0.27368205226957798 0.64933009329251934 0.46911865496076632 0.42799248290248204 0.27198596531525243 0.2753524644067511 0.20361122651957009 0.46199765033088602 0.2619838280370459 0.077933875378221162 0.56231400463730075 0.1913158398529049 0.27141410787589848 0.081941668875515461 0.29108951718080789 0.28756891656666994 0.34654225525446236 0.42727188445860553 0.27961826755199581 0.046209336083848029 0.056145647569792345
leaf_count=19 18 38 32 33 22 18 21 26 20 6 30 35 14 6 36 15 25 38 26 14 31
internal_value=0.000150641 0.00557381 0.0107687 0.00295301 0.0104719 0.0348035 -0.00689916 0.000111711 0.0233183 0.0034394 -0.00401607 -0.0124179 0.00776476 0.0288262 -0.012355 -0.00209556 -0.0182485 -0.0282273 0.042751 0.0505588 0.0502078
internal_weight=6.51658 3.68321 3.03388 2.28941 1.86142 0.744471 2.83337 2.13241 0.745213 1.58943 1.28727 1.02504 0.46273 0.262231 1.3872 0.925201 0.634111 0.700954 0.483229 0.184297 0.102355
internal_count=523 298 260 210 177 50 225 169 67 155 136 79 49 57 102 76 40 56 47 51 45
is_linear=0
shrinkage=0.05


Tree=162
num_leaves=26
num_cat=0
split_feature=2 22 55 100 23 68 22 87 85 88 76 0 66 22 376 4 87 22 4 8 131 311 31 84 90
split_gain=0.0966897 0.125443 0.119569 0.161207 0.149775 0.125708 0.241786 0.138924 0.258606 0.221519 0.167414 0.16651 0.146109 0.135362 0.0899727 0.0850194 0.0462058 0.0400475 0.0100017 0.00936329 3.63261e-05 7.18504e-06 2.12971e-06 4.4278e-07 3.5943e-07
threshold=0.4763595559427391 2.3265246936974511 5.1000446670203816 0.12334933648335568 -2.08818990999066 66.354006850987574 2.4001384332049951 37.258847581937466 14.33754558940141 24.402634303913114 11.179893099346719 11.768233216180345 25.335368477226165 2.4001384332049951 1.0000000180025095e-35 0.44148033166988448 11.793263508466486 2.2887951248269784 0.56232653217227158 355.050066492045 85.093750000000043 1.0000000180025095e-35 16.248923325366874 6.000209900144962 19.894594423823921
decision_type=2 10 2 2 8 2 10 2 2 2 2 2 2 10 2 2 2 10 2 2 2 2 2 2 2
left_child=2 -2 4 17 5 7 19 8 9 10 12 -12 14 -14 -1 -10 -11 -4 -5 -7 -3 22 -21 -24 -22
right_child=1 20 3 18 -6 6 -8 -9 15 16 11 -13 13 -15 -16 -17 -18 -19 -20 21 24 -23 23 -25 -26
leaf_value=-0.013348090948755557 -0.014928380470949066 0.051623733369060822 -0.01529383411034195 0.033728327592037428 -0.050914542548662726 0.030281081363117354 -0.0080520678088256813 0.022389054143663926 -0.014222184352319065 0.014709328010881449 -0.015071349943431692 0.033275620859936815 0.014536966989795577 -0.018713684890689569 -0.048948883422707701 -0.04988083658923459 0.050885372321413429 0.011226149196991055 0.051255071589658245 0.050570861044014363 0.050359740280719538 0.050875840565048062 0.050110247866852212 0.050309483999136123 0.050184052146570707
leaf_weight=0.31824109476292628 0.11330730479676265 0.083114440203644335 0.25373804627452035 0.14725337084382772 0.1659989533945917 0.071473334741312899 0.47921398433391005 0.38588922284543503 0.26977901509962965 0.16302465903572727 0.30893714417470608 0.42048567964229733 0.52176720160059609 0.7404388285940513 0.40122006461024284 0.43944158405065536 0.19248109689215198 0.3242874814895913 0.18200444243848324 0.068252229713834822 0.051434540364425629 0.1019619929138571 0.052257644827477634 0.059794908069306985 0.067077395622618496
leaf_count=24 16 6 18 22 18 15 28 13 17 16 17 33 39 11 25 34 25 22 20 11 12 8 31 14 28
internal_value=0.000154052 0.0271664 -0.00124792 0.0154914 -0.00419083 -0.00263796 0.0150927 -0.00618669 -0.00910714 -0.0028143 -0.0076806 0.0127989 -0.0152188 -0.00496862 -0.0332015 -0.0363167 0.0342961 -0.000415428 0.0434166 0.046447 0.0508223 0.0505404 0.0503507 0.0502166 0.0502603
internal_weight=6.38288 0.314934 6.06794 0.907283 5.16066 4.99466 0.832954 4.16171 3.77582 3.0666 2.71109 0.729423 1.98167 1.26221 0.719461 0.709221 0.355506 0.578026 0.329258 0.35374 0.201626 0.282267 0.180305 0.112053 0.118512
internal_count=523 62 461 82 379 361 107 254 241 190 149 50 99 50 49 51 41 40 42 79 46 64 56 45 40
is_linear=0
shrinkage=0.05


Tree=163
num_leaves=24
num_cat=0
split_feature=355 94 16 24 66 2 53 127 100 20 14 130 54 41 23 101 20 22 100 107 101 59 45
split_gain=0.0942447 0.228999 0.24164 0.183985 0.205974 0.200594 0.149019 0.229251 0.326273 0.241303 0.180819 0.147761 0.209553 0.145006 0.0917235 0.0785042 0.0570103 0.0209225 5.21609e-05 3.98851e-05 9.77049e-06 4.83095e-06 1.30324e-07
threshold=1.0000000180025095e-35 16.455832596598825 1.8937969924812033 5.3671081051008072 30.685099419750092 0.15325878042779209 9.5380682144754676 1.0000000180025095e-35 0.19753295079385649 2.2809810326209656 0.30596247961516732 0.68555000000000066 4.8472234574611504 -1.2849999999999999 -2.4400993075962161 8.1309339427568705 2.1909302977032232 2.2377600231726631 -0.3037089861540207 2.5000000000000004 7.4026879311565468 11.832342902951732 4.4338751914047476
decision_type=2 2 2 10 2 2 2 2 2 10 10 2 2 2 8 2 10 10 2 2 2 2 2
left_child=6 2 3 -2 5 14 7 8 9 -1 -8 -4 -13 -10 -5 -14 -3 -6 -18 20 -19 -7 -20
right_child=1 16 11 4 17 21 10 -9 13 -11 -12 12 15 -15 -16 -17 18 19 22 -21 -22 -23 -24
leaf_value=-0.047411564863327968 -0.022978039677625364 0.0084328306290553431 -0.046721785039402046 0.0061664300867228768 0.028904556367650786 0.05082688882665002 -0.051361695105825327 -0.025458472463665227 0.012156448420801429 0.0079883788932969043 -0.003805492225656992 -0.020862692666118426 5.5728503316677025e-05 0.055369178924719646 -0.03884398710082821 0.050521062482535434 0.051488696512200074 0.050961857294188929 0.050241463509270279 0.051606460699952984 0.050322934219663162 0.050289395630266458 0.05014337564859004
leaf_weight=0.29608177265618063 0.26169546390883702 0.10483387642307196 0.2820363271748646 0.260960041283397 0.14359270152635872 0.080936553102219477 0.35296086745802302 0.61930284881964315 0.38718830782454461 0.58472736482508481 0.4608674532501027 0.70999072957783915 0.13785381498746574 0.38935795798897743 0.19988123848452211 0.17475430318154395 0.18277844227850437 0.11063153948634863 0.072424479178152978 0.17598384339362383 0.13031918546766974 0.086465487285749987 0.063602091686334461
leaf_count=37 15 9 22 26 16 9 21 28 29 33 28 38 15 12 16 26 7 7 19 8 38 35 29
internal_value=0.000150213 0.00619495 0.000932497 0.014976 0.0233312 0.00367224 -0.00606714 0.000497257 0.0101961 -0.0106342 -0.0244308 -0.0146808 -0.0058438 0.0338232 -0.013356 0.0282669 0.0404189 0.0453652 0.050937 0.0510342 0.0506163 0.0505493 0.0501956
internal_weight=6.26923 3.17874 2.7551 1.45047 1.18877 0.628243 3.09049 2.27666 1.65736 0.880809 0.813828 1.30464 1.0226 0.776546 0.460841 0.312608 0.423639 0.560527 0.318805 0.416935 0.240951 0.167402 0.136027
internal_count=523 335 271 170 155 86 188 139 111 70 49 101 79 41 42 41 64 69 55 53 45 44 48
is_linear=0
shrinkage=0.05


Tree=164
num_leaves=25
num_cat=0
split_feature=2 22 55 100 23 59 87 12 59 94 67 28 332 130 20 26 102 75 27 18 4 0 44 90
split_gain=0.090982 0.116518 0.109039 0.148409 0.138053 0.119675 0.139794 0.201166 0.203325 0.144555 0.140176 0.132017 0.130337 0.100719 0.0948911 0.0843282 0.0895412 0.0723676 0.040193 0.0351955 0.0105598 4.70152e-05 3.2827e-05 2.99693e-07
threshold=0.4763595559427391 2.3265246936974511 5.1000446670203816 0.12334933648335568 -2.08818990999066 5.6302454023764161 6.4827890144192937 -0.45893658117068192 12.095944777952747 5.3965102767618705 32.146892066630357 682.23553558068181 1.0000000180025095e-35 2.7117500000000012 2.275908344862875 3.1796977765623748 4.8050868613499054 32.17867426841643 2.1424078817510734 19.286685158140806 0.56232653217227158 12.483239133833349 5.094565833703518 26.14747579296812
decision_type=2 10 2 2 8 2 2 8 2 2 2 2 2 2 10 2 2 2 2 10 2 2 2 2
left_child=2 -2 4 19 5 -1 9 10 -9 17 11 -8 13 -13 -11 18 -17 -7 21 -4 -5 -10 -3 -24
right_child=1 22 3 20 -6 6 7 8 15 14 -12 12 -14 -15 -16 16 -18 -19 -20 -21 -22 -23 23 -25
leaf_value=0.027352567714169398 -0.01414442139817159 0.051582820702395719 -0.013743517133026441 0.032638854265223345 -0.050842356016727222 -0.013179579311170612 0.0022285156768501982 -0.035675078275299643 0.051603691859684581 0.017295494064391199 0.023287337920073162 -0.034572346544929737 -0.051356024688114503 0.010336662274011244 -0.016307409702579677 0.034743795810102118 -0.019479942163186541 -0.043336757745798357 0.022202997509446903 0.011365342932516009 0.051185115800038608 0.050460970262544091 0.05032165519096448 0.050158710475887214
leaf_weight=0.31190018967026834 0.10880051460117091 0.07647884264588356 0.25964428938459594 0.13943992380518466 0.15300326677970577 0.33576727902982362 0.69854535907506921 0.13922713464126024 0.17295735649531707 0.37169062608154491 0.30525134198251169 0.23851662524975836 0.335124128498137 0.26197832354228012 0.48323506745509803 0.15715899126371369 0.14767569856485352 0.48813562712166458 0.18230854580178857 0.30177275009918958 0.1707173798349686 0.18768981826724485 0.057127974461764097 0.055763256066711619
leaf_count=30 16 4 15 22 18 23 32 11 8 30 34 16 21 25 15 29 12 26 13 25 20 36 16 26
internal_value=0.00015093 0.0270914 -0.00122415 0.0150884 -0.00408474 -0.00259962 -0.00467322 0.00211474 0.0203246 -0.0161012 -0.00765652 -0.0138134 -0.0272238 -0.0110652 -0.00169809 0.029521 0.00847537 -0.0310467 0.0413368 -0.000247009 0.0428471 0.051009 0.050783 0.0502412
internal_weight=6.13991 0.298171 5.84174 0.871574 4.97017 4.81716 4.50526 2.82643 0.987018 1.67883 1.83942 1.53416 0.835619 0.500495 0.854926 0.84779 0.304835 0.823903 0.542956 0.561417 0.310157 0.360647 0.18937 0.112891
internal_count=523 62 461 82 379 361 331 237 109 94 128 94 62 41 45 98 41 49 57 40 42 44 46 42
is_linear=0
shrinkage=0.05


Tree=165
num_leaves=21
num_cat=0
split_feature=31 17 90 22 130 23 103 103 58 2 100 58 24 104 12 2 5 60 101 91
split_gain=0.0872375 0.168987 0.217602 0.151706 0.218229 0.187283 0.166979 0.262899 0.15991 0.146875 0.130727 0.129402 0.115676 0.107276 0.150663 0.0993344 0.0179665 0.00155556 8.45189e-06 1.98476e-07
threshold=12.506900174301293 2.4932432432432434 11.111828142928774 2.3436750001421003 0.34985000000000416 -2.5307210118964063 3.0112031750066115 4.5680069103258596 36.092984657612043 0.087787779863087514 -0.12738802859182449 41.300720695121974 5.9164563895151909 1.2684691375593704 -0.4931114363452106 0.073169301356201158 17.420588235294122 12.660985913317704 12.691359763354752 6.9857045911839082
decision_type=2 2 2 8 2 10 2 2 2 2 2 2 10 2 10 2 2 2 2 2
left_child=1 2 -1 4 -2 17 8 -8 -5 10 -9 -11 -3 14 -7 -16 -10 -6 -19 -20
right_child=3 12 -4 6 5 13 7 9 16 11 -12 -13 -14 -15 15 -17 -18 18 19 -21
leaf_value=-0.012888506916132534 -0.021988892676902377 -0.010289467446580013 0.037035490012113904 -0.0052342440669090303 0.0430591148078684 -0.035167840728080484 -0.039375594549555401 -0.0037664942229171487 0.026986764751793731 0.0088589519307064896 0.041501207634930815 -0.028420060669975163 -0.051487205088740433 0.045795935685609392 0.050654965859799707 -0.0031128923467225577 0.050774844375632955 0.05070541539016632 0.050147002788461528 0.050274144070640209
leaf_weight=0.65418062376556896 0.29444516170769919 0.38524082722142339 0.32755116140469909 0.35931934235850382 0.082649119081906863 0.20269018854014575 0.5586627125157978 0.3163453449960798 0.12288537051063031 0.41607384459348395 0.32164897286565952 0.52842005909769796 0.30550839134957641 0.15892680583056062 0.14521063564461645 0.21031052994658239 0.2241791482665576 0.29821976347011514 0.059384764404967427 0.06353776971809566
leaf_count=38 15 32 26 28 17 11 39 17 17 20 24 31 21 27 26 26 33 34 27 14
internal_value=0.00014595 -0.00956309 0.00376845 0.00386782 0.0166486 0.0259666 -0.00293375 -0.0098882 0.0181462 0.000521682 0.0190555 -0.0119977 -0.0285106 0.00955324 -0.00076532 0.0188483 0.0423522 0.0493308 0.0505616 0.0502127
internal_weight=6.03539 1.67248 0.981732 4.36291 1.51537 1.22093 2.84753 2.14115 0.706384 1.58249 0.637994 0.944494 0.690749 0.717138 0.558211 0.355521 0.347065 0.503791 0.421142 0.122923
internal_count=523 117 64 406 197 182 209 131 78 92 41 51 53 90 63 52 50 92 75 41
is_linear=0
shrinkage=0.05


Tree=166
num_leaves=24
num_cat=0
split_feature=2 22 55 100 23 59 87 12 94 67 28 332 9 137 130 89 20 21 101 99 0 44 35
split_gain=0.0860277 0.109393 0.100339 0.138099 0.1109 0.108889 0.142471 0.181501 0.122937 0.118614 0.139476 0.12634 0.113193 0.111647 0.090754 0.0705607 0.0477293 0.0325804 0.0127279 0.00142471 2.86499e-05 2.58367e-05 2.14923e-07
threshold=0.4763595559427391 2.3265246936974511 5.1000446670203816 0.12334933648335568 -2.1352407431561775 5.6302454023764161 6.4827890144192937 -0.45893658117068192 5.3965102767618705 32.146892066630357 682.23553558068181 1.0000000180025095e-35 107.00000000000001 1.0000000180025095e-35 2.7117500000000012 24.398469591637483 2.2842334901408043 -2.3106082417941129 8.848256884333372 1.0013681047385206 12.148176492819351 5.094565833703518 6.2194688128337576
decision_type=2 10 2 2 8 2 2 8 2 2 2 2 2 2 2 2 10 10 2 2 2 2 2
left_child=2 -2 4 17 5 -1 8 9 15 10 -8 14 -9 19 -12 -7 -10 -4 -5 -14 -21 -3 -23
right_child=1 21 3 18 -6 6 7 12 16 -11 11 -13 13 -15 -16 -17 -18 -19 -20 20 -22 22 -24
leaf_value=0.026597660726487355 -0.013597314805362207 0.051452383861828488 0.014367959269923715 0.029757309717981059 -0.037024957072134622 -0.013936422424473863 0.0046528906215155255 -0.010344758163485348 0.0093559621431590512 0.022144576614698666 -0.033315977428952391 -0.051257773209156782 0.044204233916712639 0.0082102564536403154 0.010111507087040665 -0.043948458101541236 -0.014770265806146361 -0.010384730507825459 0.050963526462895828 0.051567169344756261 0.050543434358986727 0.050297791425014837 0.050156115521465455
leaf_weight=0.30522369273239736 0.10474045982118685 0.072131739696487784 0.22721765656024218 0.11885113199241459 0.24139705847483117 0.36254951311275341 0.65352253156015627 0.21625716250855509 0.41718945559114218 0.29862452927045513 0.22870232118293643 0.3130668681114912 0.10629502078518271 0.29674678202718496 0.25381701468722895 0.42592350265476853 0.40304007567465305 0.32039107021410007 0.17485704307910055 0.12834913266124204 0.14617692233878188 0.054536939656827599 0.05257468280615285
leaf_count=29 16 4 14 9 27 25 31 11 29 34 16 21 15 39 25 24 13 26 33 7 33 17 25
internal_value=0.00014699 0.0269987 -0.00120547 0.0147216 -0.00399889 -0.00224882 -0.00432037 0.00282349 -0.0160509 -0.00654928 -0.0124624 -0.0265214 0.0211505 0.0312027 -0.0104721 -0.0301486 -0.00249906 -0.000114171 0.0423823 0.0491191 0.0510221 0.0507209 0.0502283
internal_weight=5.92218 0.283984 5.6382 0.841317 4.79688 4.55548 4.25026 2.64156 1.6087 1.74773 1.44911 0.795586 0.893825 0.677568 0.482519 0.788473 0.82023 0.547609 0.293708 0.380821 0.274526 0.179243 0.107112
internal_count=523 62 461 82 379 352 323 232 91 127 93 62 105 94 41 49 42 40 42 55 40 46 42
is_linear=0
shrinkage=0.05


Tree=167
num_leaves=26
num_cat=0
split_feature=162 39 111 47 3 44 23 127 26 18 87 38 36 130 335 102 20 3 90 99 67 334 102 0 168
split_gain=0.0859749 0.176361 0.154657 0.149424 0.104485 0.103779 0.151622 0.131936 0.378435 0.141279 0.181531 0.192008 0.17838 0.213945 0.132005 0.20857 0.110179 0.0846248 0.077146 0.0143225 0.0117049 6.69744e-05 2.27244e-05 1.68962e-05 1.88905e-06
threshold=1.5000000000000002 1.6774422705885661 1.0000000180025095e-35 19.898349012255593 -1.2317935665507622 4.1041599226587548 -3.1402304089627848 1.0000000180025095e-35 2.3804863142500685 16.740926786721769 17.596197779267197 5.0508453826644333 9.8274717882931153 3.195800000000002 1.0000000180025095e-35 3.1107174761634022 2.4203589789993889 -0.58769745747119051 11.367101121752725 0.41312135209113293 14.188532303254897 1.0000000180025095e-35 4.5529125981873246 11.166164895708706 1.0000000180025095e-35
decision_type=2 2 2 2 2 2 8 2 2 10 2 2 2 2 2 2 10 2 2 2 2 2 2 2 2
left_child=1 4 3 17 -1 -4 -7 8 -8 14 12 -12 13 -11 -10 -16 -17 -3 -15 -13 -19 -21 -20 -6 -23
right_child=-2 2 5 -5 23 6 7 -9 9 10 11 19 -14 18 15 16 -18 20 22 21 -22 24 -24 -25 -26
leaf_value=0.003539210731377532 0.026860327356056285 0.0068981728189779993 -0.040922740396096891 -0.013349751901133761 -0.05039610904802843 0.034484473186557507 0.054634400541990785 -0.024953633838262108 -0.043983089420988913 -0.021141092830848675 -0.023595349508631749 0.029962095035714339 -0.046407257211823004 0.0021082313590792766 0.029177175984695981 9.6166262436356826e-05 -0.039017164189174003 0.035268120036517268 0.050355244744812677 0.051913792453297192 0.051421247167497158 0.05057797340777849 0.051375940422521818 -0.051184810546169329 0.050240593140307391
leaf_weight=0.13129261403810233 0.28631983333616506 0.22713279328309 0.17142492195125658 0.25031208072323352 0.13894291396718461 0.27721465419745073 0.29101111600175578 0.61791266419459123 0.33901720889843989 0.39124720357358433 0.13372016628272831 0.109698471496813 0.2276766569702886 0.1289357211207971 0.27538775798166193 0.3205161122023128 0.41083150473423302 0.20118687849026162 0.10544121885322966 0.13351008074823767 0.25340509437955916 0.083070441498421133 0.11293799133272842 0.13281586265657097 0.082890441350173205
leaf_count=16 38 18 13 18 34 37 4 31 21 35 7 13 10 9 29 30 18 23 31 6 21 14 11 10 26
internal_value=0.000142432 -0.00123653 0.00125882 0.0196892 -0.0330868 -0.00281906 -0.00120266 -0.00383111 0.00031775 -0.005219 0.00528453 0.0284195 -0.00771404 0.00421393 -0.0169977 -0.00791034 -0.0218756 0.0318203 0.0327761 0.0454184 0.0442724 0.0510801 0.0508831 -0.0507816 0.0504095
internal_weight=5.83385 5.54753 5.14448 0.932037 0.403051 4.21244 4.04102 3.7638 3.14589 2.85488 1.50913 0.54289 0.966239 0.738562 1.34575 1.00674 0.731348 0.681725 0.347315 0.409169 0.454592 0.299471 0.218379 0.271759 0.165961
internal_count=523 485 425 80 60 345 332 295 264 260 162 66 96 86 98 77 48 62 51 59 44 46 42 44 40
is_linear=0
shrinkage=0.05


Tree=168
num_leaves=26
num_cat=0
split_feature=31 17 17 103 15 103 46 5 35 158 59 24 2 98 279 340 98 66 93 20 68 101 39 59 130
split_gain=0.0853625 0.145605 0.149825 0.135653 0.214508 0.214443 0.254805 0.229849 0.177367 0.14635 0.114918 0.111258 0.109705 0.0948675 0.105884 0.0891122 0.0392674 0.0329395 0.0104758 0.00875992 4.5381e-05 2.59297e-05 5.19426e-06 1.48369e-06 1.03118e-06
threshold=12.506900174301293 2.4932432432432434 2.292385057471265 2.6727608194692016 1.2880184331797238 4.7143893413559956 179.74485498400171 18.522281639928703 5.6389100978435378 1.0000000180025095e-35 11.832342902951732 5.9164563895151909 0.087787779863087514 12.314699954210429 1.0000000180025095e-35 1.0000000180025095e-35 2.4850000000000008 25.900251445484063 13.118865570324937 2.1631087947520578 35.127865557706208 6.0381281887755103 3.4186310163041704 18.693993678110957 3.4226000000000028
decision_type=2 2 2 2 2 2 2 2 2 2 2 10 2 2 2 2 2 2 2 10 2 2 2 2 2
left_child=1 2 17 4 8 9 10 -8 -2 13 -7 -3 -9 14 16 19 -5 -1 -12 -10 -21 -20 -22 -23 -24
right_child=3 11 -4 5 -6 6 7 12 15 -11 18 -13 -14 -15 -16 -17 -18 -19 21 20 22 23 24 -25 -26
leaf_value=0.0014255944808791087 -0.022463247223537302 -0.0096813434765989654 0.031178780012595331 0.004307954583871447 -0.023359396662860979 -0.00020931425136219185 0.035556516956146096 0.0022833216269501945 0.035005341325335435 -0.051510131006777454 0.034315316304548309 -0.051388838454948606 -0.034013463586138368 -0.033211425323389158 -0.012407873856181877 0.01074739865803806 0.050378792393267147 -0.021616205935571051 0.051229671140609903 0.051594176335766455 0.050809483166478986 0.050515454929769582 0.050465164304548775 0.050227302124059806 0.050266242041921864
leaf_weight=0.28274884156417079 0.14358167070895411 0.36618171533336863 0.31236035336041823 0.075633776839822753 0.24847715825308114 0.18406820704694826 0.25832198400166795 0.36686250253114849 0.10753082297742367 0.26338771119480953 0.13345075747929513 0.28384228731738403 0.48127591132652014 0.27669973310548812 0.40394281182670966 0.22147807630244642 0.11905286923865788 0.34357687225565314 0.16996657196432352 0.12609321856871247 0.094683855277253315 0.086822866229340434 0.14859037240967155 0.09201649553142488 0.11601522727869451
leaf_count=36 11 32 19 14 13 18 33 30 10 13 16 21 27 19 21 17 35 9 10 7 15 12 22 28 35
internal_value=0.000141754 -0.00970359 0.00289263 0.0039401 0.0180378 -0.00190161 0.00897383 -0.00573646 0.0287753 -0.0188328 0.0334009 -0.0278935 -0.0183133 -0.00900015 0.00219083 0.0378089 0.0324807 -0.0112142 0.0462293 0.0479175 0.0507781 0.0507875 0.0504917 0.0503672 0.0503779
internal_weight=5.70666 1.58871 0.938686 4.11795 1.20645 2.9115 1.77279 1.10646 0.957973 1.13872 0.666325 0.650024 0.848138 0.875329 0.598629 0.814392 0.194687 0.626326 0.482257 0.592913 0.485383 0.348806 0.359289 0.178839 0.264606
internal_count=523 117 64 406 130 276 174 90 117 102 84 53 57 89 70 106 49 45 66 89 79 50 72 40 57
is_linear=0
shrinkage=0.05


Tree=169
num_leaves=24
num_cat=0
split_feature=2 22 55 100 23 59 87 12 94 16 93 103 329 122 75 20 3 372 101 98 76 130 99
split_gain=0.0829417 0.0980174 0.086774 0.129231 0.100353 0.0953862 0.121932 0.161405 0.107927 0.104272 0.102863 0.140349 0.11538 0.0893212 0.067515 0.0659819 0.057213 0.0313689 0.0119872 0.0102042 0.00116505 2.20971e-05 2.27727e-07
threshold=0.4763595559427391 2.3265246936974511 5.1000446670203816 0.12334933648335568 -2.1352407431561775 5.6302454023764161 6.4827890144192937 -0.45893658117068192 5.3965102767618705 1.8937969924812033 26.355680683264382 2.6727608194692016 1.0000000180025095e-35 7.5000000000000009 32.17867426841643 2.275908344862875 -1.2968812496876621 1.0000000180025095e-35 8.848256884333372 13.103252761227678 10.087572288302209 2.3029500000000009 4.1851240864342714
decision_type=2 10 2 2 8 2 2 8 2 2 2 2 2 2 2 10 2 2 2 2 2 2 2
left_child=2 -2 4 17 5 -1 8 10 14 16 11 12 -8 19 -7 -10 -9 -4 -5 -13 -18 -3 -23
right_child=1 21 3 18 -6 6 7 9 15 -11 -12 13 -14 -15 -16 -17 20 -19 -20 -21 -22 22 -24
leaf_value=0.025537148288835715 -0.011951589478750519 0.051381581082987307 0.011503934571563453 0.029546267020855544 -0.036272143521587252 -0.011200113995832678 0.023057252921404842 0.0068585178246402256 0.014731705621265002 0.0029066593726363109 0.020314130188524043 -0.035192407680779851 -0.016934842142596145 -0.0043285307821256027 -0.041876648280119902 -0.014682251292457309 0.044526935750860613 -0.013122653381926237 0.050873335864194562 -0.050931032142762345 0.05110464099999304 0.050286187769230634 0.050134581260868685
leaf_weight=0.28966923151165236 0.09957779012620438 0.068296873476356268 0.26370538485934958 0.11258532851934433 0.22715153457829718 0.30802414380013921 0.35829189611831658 0.10855331621132791 0.32699636346660554 0.42186775029404089 0.29568984440993507 0.20358534148545004 0.36315044946968555 0.2312957372632809 0.42939535621553659 0.45728506543673575 0.098552695853868832 0.25372550264000882 0.1588425466325134 0.2084242656128481 0.21241103592910804 0.05124096290091984 0.047946997743565589
leaf_count=29 16 5 18 9 27 23 32 11 27 34 22 22 10 20 26 15 33 22 33 21 27 15 26
internal_value=0.000141501 0.0273329 -0.00122114 0.0140854 -0.00388058 -0.00217469 -0.00416978 0.00261853 -0.0153304 0.0204593 -0.00642185 -0.0122145 0.00292654 -0.0291947 -0.0290629 -0.00241847 0.0381104 -0.000571868 0.0420271 -0.0431541 0.04902 0.0506895 0.0502129
internal_weight=5.59627 0.267063 5.3292 0.788859 4.54034 4.31319 4.02352 2.50182 1.5217 0.841385 1.66044 1.36475 0.721442 0.643305 0.73742 0.784281 0.419517 0.517431 0.271428 0.41201 0.310964 0.167485 0.099188
internal_count=523 62 461 82 379 352 323 232 91 105 127 105 42 63 49 42 71 40 42 43 60 46 41
is_linear=0
shrinkage=0.05


Tree=170
num_leaves=23
num_cat=0
split_feature=31 17 17 22 130 23 103 76 103 24 2 41 58 104 12 2 103 33 2 91 33 79
split_gain=0.0826304 0.134499 0.145726 0.128358 0.191709 0.169154 0.138886 0.137727 0.137221 0.119306 0.109123 0.128113 0.109657 0.0938503 0.125311 0.0863253 0.0775992 0.0324095 0.001712 6.47612e-06 6.6588e-07 1.24677e-07
threshold=12.506900174301293 2.4641025641025647 2.2697505197505201 2.3436750001421003 0.34985000000000416 -2.5307210118964063 2.2909877716832399 11.372582033448856 4.5680069103258596 5.9164563895151909 0.087787779863087514 -2.0799999999999987 41.300720695121974 1.2684691375593704 -0.4931114363452106 0.073169301356201158 3.695564594903948 6.5843290103051588 0.047422530468645203 18.901927733422788 9.0614576271184522 47.522212463442678
decision_type=2 2 2 8 2 10 2 2 2 8 2 2 2 2 10 2 2 2 2 2 2 2
left_child=1 2 17 4 -2 18 7 -5 16 -3 11 -10 -12 14 -7 -16 -8 -1 -6 20 -20 -22
right_child=3 9 -4 6 5 13 8 -9 10 -11 12 -13 -14 -15 15 -17 -18 -19 19 -21 21 -23
leaf_value=-0.022849578278569774 -0.021331228404067398 -0.0087094700539056269 0.034129409198170035 0.044882674913650146 0.04155083554240957 -0.033345650996301442 -0.0072506269260678539 -0.010377791057423357 -0.0038490557370088 -0.051292451187291921 0.0088080110660237569 0.043062623717268447 -0.02693953066319324 0.044994820061930209 0.050574479918152386 -0.0024729055747190658 -0.041491836575489008 0.00034945846301424037 0.050382361592793128 0.050687604354398612 0.050244306822618962 0.050130867669373892
leaf_weight=0.27638726145960368 0.27116766152903471 0.39684211526764557 0.26668090949533507 0.27411414975358672 0.06205928960116569 0.18643343029543757 0.29209599940804798 0.19154260121285915 0.32324149226769805 0.28092768497299403 0.39421269833110273 0.26472631876822539 0.470656171644805 0.14411304768873379 0.12543608582927834 0.19735593124642037 0.38165885151829571 0.33065281540621072 0.081276819575577974 0.20789398546912707 0.049056436168029904 0.047844684973824769
leaf_count=28 15 34 17 35 12 11 27 27 22 23 20 19 31 27 26 26 28 15 14 25 16 25
internal_value=0.00013775 -0.00964484 0.00332129 0.00396575 0.0163288 0.0256003 -0.0025807 0.0221519 -0.00799636 -0.0263596 0.000652936 0.0172724 -0.0106456 0.00937251 -0.000708766 0.0181412 -0.0266471 -0.0102131 0.049259 0.050498 0.0502768 0.0501883
internal_weight=5.51638 1.55149 0.873721 3.96489 1.37264 1.10147 2.59225 0.465657 2.12659 0.67777 1.45284 0.587968 0.864869 0.653338 0.509225 0.322792 0.673755 0.60704 0.448131 0.386072 0.178178 0.0969011
internal_count=523 117 60 406 197 182 209 62 147 57 92 41 51 90 63 52 55 43 92 80 55 41
is_linear=0
shrinkage=0.05


Tree=171
num_leaves=25
num_cat=0
split_feature=2 22 43 47 30 50 127 104 173 29 103 85 12 102 18 59 317 12 65 130 53 23 4 35
split_gain=0.0794981 0.0928546 0.0818439 0.130928 0.215818 0.121398 0.139682 0.342135 0.16053 0.121101 0.188167 0.141094 0.180711 0.134 0.220027 0.115431 0.097657 0.0441726 3.9898e-05 2.0284e-05 3.0882e-06 1.19544e-06 3.2548e-07 1.56821e-07
threshold=0.4763595559427391 2.3265246936974511 15.722395654406276 14.787156247127298 18.355016895356858 5.8578040610963216 1.0000000180025095e-35 3.9151937837112736 1.0000000180025095e-35 23.540099887848928 6.50302241740102 14.493540694785851 -0.49269607483972011 4.6422779498454441 16.69676265005754 11.32460080700098 1.0000000180025095e-35 -0.48075687541211254 13.530460997096482 2.3029500000000009 10.36798176397587 -2.399059000987787 0.78583285821921856 6.1675278528569066
decision_type=2 10 2 2 2 2 2 2 2 2 2 2 10 2 10 2 2 8 2 2 2 10 2 2
left_child=2 -2 5 4 15 6 7 8 16 11 -11 12 -5 14 -14 -4 -1 -17 20 -3 21 22 -19 -21
right_child=1 19 3 9 -6 -7 -8 -9 -10 10 -12 -13 13 -15 -16 17 -18 18 -20 23 -22 -23 -24 -25
leaf_value=-0.047240734215621583 -0.011525505571050122 0.051342575611067968 -0.0084653116198894398 0.038392094193499607 -0.020441332784081008 -0.035204282138742708 -0.02415765431394222 0.047197111003101005 0.020324372733108512 0.043647342706637032 -0.0097580759624869891 -0.032356650060034763 -0.0338499833948026 -0.039704171040264358 0.050820980819873407 0.017176243078938454 -0.0078210246512583504 0.050169578517014361 0.051486523134601926 0.050267134408884119 0.050661574083320671 0.050486297706604268 0.050324657974935828 0.050137627949573327
leaf_weight=0.2674754735780881 0.096036592265590914 0.066233583085704595 0.13220669317524913 0.23249290284002189 0.24986840225756168 0.35607867565704499 0.56311182514764357 0.35894377529621124 0.29657979775220156 0.3004083361593074 0.36573899525683373 0.51206578395795077 0.15268348902463902 0.26771132019348443 0.15423077302693855 0.12561330525204539 0.38078993151430052 0.073341710609383881 0.12719331495463848 0.044701315287966281 0.1050226028310135 0.07831406409968622 0.062809624127112329 0.048997630161466077
leaf_count=29 16 5 13 35 31 32 23 10 17 32 29 38 11 10 34 15 28 30 5 15 12 15 12 26
internal_value=0.000138141 0.0273368 -0.00121038 0.00426408 0.0194833 -0.0084499 -0.00334697 0.00564125 -0.0101457 -0.00305196 0.0143258 -0.0118272 0.00119742 -0.0138515 0.00869893 0.0336436 -0.0240857 0.0433712 0.0507376 0.0506728 0.0504394 0.0503306 0.0502411 0.0501994
internal_weight=5.41865 0.255969 5.16268 2.9397 0.95437 2.22298 1.8669 1.30379 0.944845 1.98533 0.666147 1.31918 0.807118 0.574626 0.306914 0.704501 0.648265 0.572295 0.446681 0.159933 0.319488 0.214465 0.136151 0.0936989
internal_count=523 62 461 322 133 139 107 84 74 189 61 128 90 55 45 102 57 89 74 46 69 57 42 41
is_linear=0
shrinkage=0.05


Tree=172
num_leaves=26
num_cat=0
split_feature=26 127 20 3 28 18 367 4 13 127 20 9 3 0 91 313 102 14 94 18 17 44 143 27 58
split_gain=0.0761427 0.333127 0.427686 0.160311 0.134386 0.110119 0.172894 0.164168 0.166351 0.162321 0.17077 0.248163 0.208438 0.163412 0.143489 0.0975447 0.0950534 0.10481 0.0742486 0.0710756 0.0365701 0.0145033 0.00147525 1.64642e-05 1.08998e-06
threshold=2.4305639760047515 1.0000000180025095e-35 2.28212851305917 -0.037633219954648182 546.34379451559278 16.740926786721769 1.0000000180025095e-35 0.47293169013999709 0.50796664367712785 1.0000000180025095e-35 2.4203589789993889 161.00000000000003 -0.37161300049557616 9.7668081159331415 13.306641112890611 1.0000000180025095e-35 1.5333946001314744 0.31706401657271316 4.8604207373736292 32.22778823754485 2.4309523809523812 6.596172781425671 1.0000000180025095e-35 2.1218915856278255 36.298978189776228
decision_type=2 2 10 2 2 10 2 2 10 2 8 2 2 2 2 2 2 10 2 10 2 2 2 2 2
left_child=1 2 3 22 15 9 21 18 14 10 11 12 -6 -14 16 -2 -9 19 -8 -18 -12 -7 -1 24 -23
right_child=4 -3 -4 -5 5 6 7 8 -10 -11 20 -13 13 -15 -16 -17 17 -19 -20 -21 -22 23 -24 -25 -26
leaf_value=-0.04434386571509133 0.050821767330987526 -0.054124676012411548 0.04625427944096238 0.0069682080366680809 -0.039513131921271323 0.025262092675807854 0.0055894675591256788 -0.040464224591797521 -0.048221408011590507 0.024061389909200138 -0.024204101902744725 0.042674947632632076 -0.027768059857926304 0.05124895328368078 0.033964193260087747 0.0042149195444820603 -0.0048560179784955483 -0.022349455485802628 0.050926392690001356 0.050951844559561137 -0.048419143300890782 0.05048335352763527 -0.051380012413956927 0.05121899018011164 0.050199951725749037
leaf_weight=0.14169044583104551 0.24157924065366376 0.32566136500099674 0.36926068260800093 0.23786589165683814 0.40136012318544079 0.075799702259245927 0.16035632172133785 0.18912611203268148 0.20417784247547388 0.32137538964161638 0.35047155572101485 0.23850970942294225 0.11428016325226076 0.15307168028084561 0.2498898864723742 0.20972827146761119 0.104926469430211 0.22803419003321324 0.20673280706978403 0.12504035286838189 0.28087190678343177 0.056588187406305224 0.15708986081881449 0.077845136635005474 0.084723575884709135
leaf_count=28 29 9 13 16 23 13 10 14 17 36 26 28 21 23 32 18 21 16 30 19 15 12 13 6 35
internal_value=0.000141242 -0.0107532 0.00483825 -0.0236597 0.00343423 0.000229433 0.00918204 0.00216461 -0.00748842 -0.00825772 -0.0150085 -0.00111239 -0.01673 0.0174729 0.00178318 0.029163 -0.0106436 0.00167046 0.0311218 0.0254885 -0.0349769 0.0441146 -0.0480433 0.0506351 0.0503134
internal_weight=5.30606 1.23157 0.905907 0.536646 4.07449 3.62318 1.76324 1.46828 1.10119 1.85994 1.53857 0.907222 0.668712 0.267352 0.897017 0.451308 0.647127 0.458001 0.367089 0.229967 0.631343 0.294957 0.29878 0.219157 0.141312
internal_count=523 79 70 57 444 397 225 159 119 172 136 95 67 44 102 47 70 56 40 40 41 66 41 53 47
is_linear=0
shrinkage=0.05


Tree=173
num_leaves=25
num_cat=0
split_feature=32 127 104 325 28 151 23 95 59 291 18 20 367 84 58 13 95 76 21 102 99 58 13 2
split_gain=0.0735962 0.367006 0.311492 0.132079 0.128579 0.105607 0.17283 0.128119 0.147446 0.15749 0.182525 0.118927 0.116394 0.115134 0.108604 0.0834464 0.126125 0.0832531 0.0665519 0.062828 0.0538774 0.0443913 1.57579e-05 1.49147e-06
threshold=9.0620240011984752 1.0000000180025095e-35 3.9151937837112736 1.0000000180025095e-35 546.34379451559278 1.0000000180025095e-35 -3.1324559154526752 36.864671883787913 6.3088325972695438 1.0000000180025095e-35 16.491661720745171 2.3350332232514872 1.0000000180025095e-35 5.4769578608900629 36.781423220166054 0.49288600759683793 7.5372818907472796 8.9790308050281293 -2.233650172865159 5.5591626923618964 1.1969402058662977 30.183374320007839 0.34871450754812877 0.054755462876391665
decision_type=2 2 2 2 2 2 8 2 2 2 10 10 2 2 2 10 2 2 10 2 2 2 10 2
left_child=1 2 3 18 17 6 23 8 -8 10 13 12 -12 -10 -7 16 -14 -2 -1 -11 -13 -18 -20 -6
right_child=4 -3 -4 -5 5 14 7 -9 9 19 11 20 15 -15 -16 -17 21 -19 22 -21 -22 -23 -24 -25
leaf_value=-0.0028347487387531799 0.050970049288877953 -0.05796127451288477 0.045855637250694137 0.015163007516707247 0.05061503705698002 -0.0375155080425736 0.037438546175722814 0.037823887628536119 0.00238904074686646 -0.011311105088303096 0.0358199971665513 0.0090798422372064657 -0.017319249826670841 -0.044930521446564675 0.0045177278879123426 -0.034124600979213535 0.0037286334731859746 0.0078028274009841513 -0.051172443334467466 -0.048869136275578894 0.046956758130817108 0.050784893244730338 -0.050335720844944712 0.050331586953817287
leaf_weight=0.10514305543620139 0.21567472000606347 0.30571245757164434 0.3102001715451479 0.20119227981194854 0.082727380911819637 0.34087200142676 0.21468178415671157 0.21705696207936842 0.22632653242908451 0.19872278251568776 0.1872091793338766 0.14860102522652596 0.31947315065190196 0.29754117131233215 0.27982827377854846 0.2201695931435097 0.081977009773254395 0.23167616390855983 0.092681699199601786 0.25325392175000161 0.25498029621667229 0.12896683480357751 0.14322823920520023 0.10571202717255801
leaf_count=10 25 9 6 9 9 23 17 25 32 33 30 16 19 16 33 19 10 20 8 12 36 36 39 31
internal_value=0.000139925 -0.0109611 0.00589458 -0.0169658 0.00334973 0.000173271 0.00413301 0.000957602 -0.0022029 -0.00587553 0.00054104 0.0103156 0.000548975 -0.0244871 -0.0185658 -0.00824822 0.00249274 0.0286144 -0.0359191 -0.0323558 0.0330103 0.0324979 -0.0506644 0.050456
internal_weight=5.16361 1.15816 0.852445 0.542245 4.00545 3.5581 2.9374 2.74896 2.5319 2.31722 1.86524 1.34138 0.937796 0.523868 0.6207 0.750587 0.530417 0.447351 0.341053 0.451977 0.403581 0.210944 0.23591 0.188439
internal_count=523 81 72 66 442 397 341 301 276 259 214 166 114 48 56 84 65 45 57 45 52 46 47 40
is_linear=0
shrinkage=0.05


Tree=174
num_leaves=25
num_cat=0
split_feature=16 27 92 93 64 94 11 0 41 0 3 101 17 2 17 48 102 40 2 16 66 98 83 35
split_gain=0.0732356 0.140381 0.18838 0.19005 0.13834 0.120146 0.160189 0.131864 0.157611 0.112337 0.162248 0.107732 0.1026 0.127993 0.0863913 0.0755664 0.0678973 0.0183492 0.0139716 6.3231e-05 3.41492e-05 3.01829e-06 2.95432e-06 7.11395e-07
threshold=1.8702664796633943 2.2530960763320755 17.925926919107141 4.8183863423252644 14.732096228472434 15.76189004632327 0.13699629404907546 11.768233216180345 -2.0149999999999992 12.792152151860742 -1.1154063786008228 7.9910410119498776 2.2041666666666671 0.30623252078609225 2.4309523809523812 5.5278129849998043 0.61010030864197551 3.7835653605458055 0.040160375686759127 1.6984848484848487 56.805766121500795 3.4871524735867605 76.780000000000015 6.4266231769411446
decision_type=2 2 2 2 2 2 8 2 2 2 2 2 2 2 2 2 2 2 2 2 2 2 2 2
left_child=1 2 14 -4 11 6 -2 17 9 -9 -11 -5 13 -3 18 -7 -13 -8 -1 21 22 -20 23 -18
right_child=5 12 3 4 -6 15 7 8 -10 10 -12 16 -14 -15 -16 -17 20 -19 19 -21 -22 -23 -24 -25
leaf_value=0.030846868814226727 0.032964455058547802 -0.044549674500057833 -0.03557287205312034 -0.015741934739769561 -0.017694618214105989 -0.0049866768220627605 -0.051012515698443096 -0.044800528664096805 0.012374975957671897 -0.038930298453726975 0.025667032905631028 0.0070360144485319062 0.0085106987383206153 0.00023522731832140107 0.0077392937667487074 0.045014334309605136 0.05037899450415953 -0.029616737408689454 0.050280102256017957 0.051859802758223099 0.051486976303279308 0.050645241320587044 0.050643546247725296 0.050137826162660729
leaf_weight=0.11243990296497974 0.18085211771540355 0.3119718288653528 0.26612147351261206 0.11595535930246115 0.25004200394323561 0.13898587482981373 0.22287805291125562 0.33635782590135921 0.5227348010521381 0.18700666027143587 0.20242492872057494 0.12344761061831377 0.50515059055760503 0.32651147118303925 0.20884462221874855 0.16559146242798306 0.057112956419587135 0.18206672207452357 0.096014036185806617 0.13330331421457231 0.11370133340824395 0.13785482311504893 0.077830617723520845 0.065815373847726732
leaf_count=14 19 29 20 5 27 12 26 21 37 18 33 21 20 11 37 37 9 15 38 7 6 16 13 32
internal_value=0.000136065 0.00530986 0.0141782 0.00105138 0.0131753 -0.00688389 -0.0117127 -0.0165994 -0.00855791 -0.0236344 -0.00535287 0.0271116 -0.00832631 -0.0216473 0.0345804 0.0221977 0.0384589 -0.0413928 0.0462682 0.0509907 0.0507946 0.0504953 0.0504025 0.0502499
internal_weight=5.04102 2.90212 1.75848 1.07003 0.803905 2.1389 1.83432 1.65347 1.24852 0.725789 0.389432 0.553863 1.14363 0.638483 0.688457 0.304577 0.437908 0.404945 0.479612 0.367172 0.31446 0.233869 0.200759 0.122928
internal_count=523 305 245 133 113 218 169 150 109 72 51 86 60 40 112 49 81 41 75 61 60 54 54 41
is_linear=0
shrinkage=0.05


Tree=175
num_leaves=24
num_cat=0
split_feature=355 4 16 4 131 187 53 127 100 20 14 77 148 41 12 97 28 4 64 22 41 103 5
split_gain=0.0722543 0.168953 0.123155 0.207007 0.129795 0.129705 0.118444 0.192857 0.250534 0.185432 0.140108 0.118175 0.145505 0.113256 0.100425 0.0949651 0.0651191 2.37116e-05 1.49758e-05 1.18737e-06 3.08034e-07 1.39347e-07 1.79645e-08
threshold=1.0000000180025095e-35 0.30140111681748932 1.8937969924812033 0.38646555148947442 95.534000000000063 1.0000000180025095e-35 9.5380682144754676 1.0000000180025095e-35 0.19753295079385649 2.2809810326209656 0.30596247961516732 5.3082683152844075 1.0000000180025095e-35 -1.2849999999999999 -0.46209438590064789 27.20147744614189 546.34379451559278 0.43155420060443728 19.603645040058201 2.2377600231726631 -1.8449999999999995 3.0922644806338204 19.579824561403512
decision_type=2 2 2 2 2 2 2 2 2 10 10 2 2 2 10 2 2 2 2 10 2 2 2
left_child=6 -2 3 -3 16 11 7 8 9 -1 -8 -4 -13 -10 -14 17 -5 -6 19 -19 21 -21 -23
right_child=1 2 5 4 15 -7 10 -9 13 -11 -12 12 14 -15 -16 -17 -18 18 -20 20 -22 22 -24
leaf_value=-0.046620203329983678 0.050990871669811991 -0.031449198233142461 -0.041134362667069178 0.02060309621225534 0.051331311429665072 0.02223698297438706 -0.051053054383998112 -0.025324356356260149 0.012080484408707615 0.0084519952678620471 -0.003970938437140077 -0.030871083733969015 -0.012924122378899111 0.054473034101395368 0.050316289165821031 0.0047252209792547871 -0.020179479613820064 0.050465490781903592 0.051043900811522713 0.050213771559928705 0.050304393580890519 0.05008291970652573 0.050136322978036107
leaf_weight=0.23140762734692566 0.19383657688740674 0.20961438064114213 0.35159165324876063 0.20554578141309321 0.10957035623141564 0.2469459380954504 0.27869595389347512 0.51564870052970935 0.31197349610738456 0.45023376104654744 0.36489672481548041 0.24485153451678343 0.11037233320530504 0.31829354306682944 0.14557147020241246 0.15301340249425266 0.18686782746226527 0.056091432052198797 0.084814814996207133 0.057693297334481364 0.05048221780452844 0.035583858261816204 0.028249825467355549
leaf_count=37 25 17 29 20 8 27 21 28 29 33 28 21 15 12 37 22 20 10 8 19 16 28 13
internal_value=0.000132488 0.00617889 0.0023639 0.0135998 0.0233557 -0.00967118 -0.0059128 0.000583203 0.0107662 -0.0102442 -0.024359 -0.0189153 -0.00331609 0.0334893 0.0230447 0.038475 0.00118239 0.0506983 0.0504766 0.0502657 0.0502006 0.0501575 0.0501066
internal_weight=4.94185 2.4707 2.27686 1.17753 0.967913 1.09933 2.47115 1.82756 1.31191 0.681641 0.643593 0.852387 0.500795 0.630267 0.255944 0.575499 0.392414 0.422486 0.312915 0.228101 0.172009 0.121527 0.0638337
internal_count=523 335 310 181 164 129 188 139 111 70 49 102 73 41 52 124 40 102 94 86 76 60 41
is_linear=0
shrinkage=0.05


Tree=176
num_leaves=26
num_cat=0
split_feature=26 127 20 3 20 83 66 4 18 355 58 40 97 128 4 66 14 34 37 19 75 123 344 20 61
split_gain=0.0703143 0.282147 0.368497 0.145552 0.116536 0.10741 0.150518 0.146323 0.202424 0.132935 0.154649 0.165704 0.156391 0.12947 0.107252 0.104466 0.0948339 0.0161318 0.00362047 0.00164989 1.71332e-05 1.20004e-05 1.13768e-05 1.44548e-06 1.38825e-07
threshold=2.4305639760047515 1.0000000180025095e-35 2.28212851305917 -0.037633219954648182 2.1277995048571263 41.530000000000008 19.324432260271315 0.80660518466610054 16.491661720745171 1.0000000180025095e-35 54.104041077762155 5.4872180237666397 25.941416100246578 4.3346580103949908 0.6711784331616607 18.165811786984303 0.32837316175625136 9.0756963263873498 7.4767953889049803 10.13612819837544 53.709477685521783 1.0000000180025095e-35 1.0000000180025095e-35 2.4226002108283144 5.0494660637381878
decision_type=2 2 10 2 8 2 2 2 10 2 2 2 2 2 2 2 10 2 2 10 2 2 2 10 2
left_child=1 2 3 19 -2 7 13 8 -6 14 11 12 17 -7 16 -15 -8 -11 -12 -1 -19 24 23 -9 -10
right_child=4 -3 -4 -5 5 6 9 22 21 10 18 -13 -14 15 -16 -17 -18 20 -20 -21 -22 -23 -24 -25 -26
leaf_value=-0.043163897866473309 0.033330024520537342 -0.052830496585958148 0.044737029309356316 0.0066749087944638647 -0.02193723272706849 -0.048692326280035461 -0.045462135844994228 0.050192552340959401 0.050233551691824377 0.027542832664123398 0.039134127926158398 -0.028206048880312737 -0.0074991211089461655 0.02313766409432548 0.010565107720628842 -0.029012661407324308 -0.0033744264508081649 0.050400306691755249 0.050746168631272771 -0.051071607717338999 0.051311283181228788 0.051086745666672567 0.051065480742486263 0.050511902438391779 0.050102579410148708
leaf_weight=0.11245502560632303 0.29992480197688598 0.29487987951142713 0.33361156343016773 0.22324285737704463 0.29556122736539725 0.29741735500283573 0.28220597840845596 0.070704054887755774 0.035536965093342587 0.11585771781392395 0.10910260639502667 0.27752611588221043 0.30441148229874671 0.17926175391767174 0.33463380252942443 0.20682070008479059 0.25458438403438777 0.10351445092237554 0.17446652112994343 0.1595448735752143 0.10294169405824505 0.060344490921124816 0.092483803222421557 0.071031974628567696 0.046979613398434594
leaf_count=17 25 9 13 16 29 24 23 32 10 10 26 17 38 27 28 15 19 29 23 24 11 6 10 9 33
internal_value=0.00013282 -0.0108264 0.00411738 -0.0232453 0.00344754 0.000823382 -0.0035677 0.0187283 0.00168321 0.00318047 0.0140616 0.00395857 0.0182017 -0.0238986 -0.0116514 -0.00479877 -0.0255011 0.042475 0.0462785 -0.0478023 0.0508545 0.0505509 0.0506341 0.0503526 0.050159
internal_weight=4.83905 1.12373 0.828854 0.495243 3.71531 3.41539 2.74274 0.672642 0.438422 2.05924 1.18782 0.904251 0.626725 0.6835 0.871424 0.386082 0.53679 0.322314 0.283569 0.272 0.206456 0.142861 0.23422 0.141736 0.0825166
internal_count=523 79 70 57 444 419 290 129 78 224 154 105 88 66 70 42 42 50 49 41 40 49 51 41 43
is_linear=0
shrinkage=0.05


Tree=177
num_leaves=27
num_cat=0
split_feature=32 127 359 71 28 72 24 83 5 66 130 68 60 11 66 26 76 93 33 91 123 85 95 54 19 67
split_gain=0.0671375 0.316905 0.274171 0.140428 0.111359 0.0912904 0.140137 0.172304 0.133845 0.114375 0.142383 0.200923 0.15111 0.113349 0.106081 0.0621643 0.0619908 0.0306527 0.0262637 1.85677e-05 8.32174e-06 3.99175e-06 2.09991e-06 5.93223e-07 5.84104e-07 2.12748e-07
threshold=9.0620240011984752 1.0000000180025095e-35 1.0000000180025095e-35 11.132110078225953 541.65954369220174 10.20827782550985 5.5117093672116146 41.530000000000008 20.521990740740744 19.324432260271315 0.44089999999999979 66.788863758623748 10.52572887789419 0.30877696665646065 13.406526214109919 2.9118356888958625 8.9790308050281293 29.315204066519019 7.0213903124701664 36.83717763734532 1.0000000180025095e-35 18.142321945168877 2.092508150828182 8.5993135398392901 9.76298093433447 26.272213961550818
decision_type=2 2 2 2 2 2 10 2 2 2 2 2 2 10 2 2 2 2 2 2 2 2 2 2 10 2
left_child=1 2 -1 -4 16 6 -6 17 18 14 -11 12 -12 15 -9 -14 -2 -8 -7 22 24 25 -13 -24 -19 -20
right_child=4 -3 3 -5 5 8 7 9 -10 10 11 19 13 -15 -16 -17 -18 20 21 -21 -22 -23 23 -25 -26 -27
leaf_value=0.038597915947838644 0.050845011540172104 -0.057037151524793987 -0.045020497583056818 0.012462442535235693 -0.030045410598704626 0.016971892078427853 0.0089485320773643358 0.00081044842141276662 -0.016422358902008959 -0.031127835687353229 -0.033427433154735529 0.050595780802704951 0.0508812105156944 -0.0067277514994635761 -0.039715383330240023 0.011024979888335002 0.010379410841159415 0.050383417868279858 0.050317103783609873 0.051268691219101159 0.050910898306439072 0.050668689639368658 0.050127715938475974 0.050362968915785261 0.050149033520927956 0.050175761210272542
leaf_weight=0.34513840149156749 0.17460483731702003 0.27590877248439938 0.25451453955611192 0.18238165037473664 0.40833508598734702 0.080984601750969776 0.057594136073021551 0.30691539112012867 0.15365290132467635 0.23648969072382886 0.2409710392821578 0.062980661896290147 0.19575706246541813 0.4069009741069749 0.34076553676277399 0.19557775743305683 0.2066697240807116 0.045499205822125077 0.045592864218633622 0.085367365041747689 0.08277963986620307 0.10246702609583735 0.060005577601259574 0.048420689388876781 0.063929077150532976 0.063987359259044752
leaf_count=23 24 9 29 20 27 4 19 33 17 19 20 8 22 32 22 19 19 8 10 7 6 12 35 10 36 33
internal_value=0.000130558 -0.0109655 0.00528899 -0.0210243 0.00333247 0.000363706 -0.00294295 0.00161141 0.0213746 -0.00289544 0.00454977 0.0110602 0.00127407 0.0117497 -0.0205115 0.0309622 0.0289106 0.040945 0.0411936 0.0506662 0.0505326 0.0504443 0.0503662 0.0502328 0.0502465 0.0502346
internal_weight=4.72419 1.05794 0.782035 0.436896 3.66625 3.28497 2.83829 2.42995 0.446685 2.18015 1.53247 1.29598 1.03921 0.798236 0.647681 0.391335 0.381275 0.249802 0.293032 0.256774 0.192208 0.212047 0.171407 0.108426 0.109428 0.10958
internal_count=523 81 72 49 442 399 323 296 76 227 172 153 93 73 55 41 43 69 59 60 50 55 53 45 44 43
is_linear=0
shrinkage=0.05


Tree=178
num_leaves=21
num_cat=0
split_feature=31 17 45 103 24 22 83 68 130 25 370 53 76 59 47 38 362 99 12 44
split_gain=0.0650903 0.111718 0.11937 0.103472 0.0953682 0.0854597 0.188116 0.114993 0.139831 0.092415 0.132951 0.172481 0.137217 0.106446 0.0809204 0.00232824 3.71225e-06 1.02117e-06 7.78258e-07 1.47049e-07
threshold=12.617089168937829 2.4932432432432434 3.0383083649263853 0.12117488662131538 5.9164563895151909 2.340634070671475 78.155000000000015 64.089961456318022 0.54265000000000041 -0.90427117930552459 1.0000000180025095e-35 9.5380682144754676 9.6106000679760513 24.286797928307738 5.2116579994235197 6.3319418402962766 1.0000000180025095e-35 2.6307298141714863 -0.45505002304108494 7.9805605355844804
decision_type=2 2 2 2 10 8 2 2 2 10 2 2 2 2 2 2 2 2 10 2
left_child=1 2 -1 -2 -3 6 14 -8 -9 -7 -11 12 13 -12 -5 -14 -16 -18 -10 -19
right_child=3 4 -4 5 -6 9 7 8 18 10 11 -13 15 -15 16 -17 17 19 -20 -21
leaf_value=0.026941271962293834 0.040678050724965546 -0.008606627270957538 -0.013004971370258077 -0.0015583453430703361 -0.051074576369243486 -0.025091430044578457 -0.02287623083587785 -0.030206922647043416 0.050593130021875037 -0.015459107951937444 0.036536392074736239 -0.026171557742376419 0.042646256454181103 -0.015215721106956813 0.050642123028626057 0.050975304439281104 0.050371231203631905 0.050212686385916798 0.050367127044263965 0.050088460805960272
leaf_weight=0.31006097327917792 0.18066763348178971 0.30993854050757363 0.47127232834463939 0.096630265994463338 0.23051943414611742 0.41670884238556083 0.3516831147717312 0.082623091759160161 0.070244552742224187 0.6986063622171067 0.16291123145492625 0.21780720830429345 0.14276150427758694 0.25470965626300313 0.10361650842241943 0.2035066249081865 0.1338641013862798 0.054078159388154745 0.083221167849842459 0.042578539054375142
leaf_count=31 19 32 35 19 22 32 37 4 12 34 34 25 24 32 10 20 30 14 28 29
internal_value=0.000131552 -0.0092425 0.00284713 0.00389057 -0.0267203 0.0017573 0.0136394 -0.00475605 0.0222362 -0.00401398 0.00121316 0.0130777 0.0242688 0.00497245 0.0387396 0.0475414 0.0503935 0.0502818 0.0504706 0.050158
internal_weight=4.61801 1.32179 0.781333 3.29622 0.540458 3.11555 1.01854 0.587772 0.236089 2.09701 1.6803 0.981696 0.763889 0.417621 0.430768 0.346268 0.334137 0.230521 0.153466 0.0966567
internal_count=523 120 66 403 54 384 183 81 44 201 169 135 110 66 102 44 83 73 40 43
is_linear=0
shrinkage=0.05


Tree=179
num_leaves=21
num_cat=0
split_feature=39 67 11 13 75 59 22 37 83 25 72 2 108 75 101 79 58 91 102 130
split_gain=0.0658712 0.101105 0.0836705 0.143696 0.0781306 0.105403 0.0743947 0.135189 0.147324 0.0975524 0.0947923 0.120782 0.172522 0.0602731 0.024243 4.08032e-06 1.337e-06 1.88808e-07 7.93868e-08 1.7328e-08
threshold=1.6774422705885661 6.6377865767060316 0.38716154706065237 0.54876849207753275 18.031456937723998 5.6302454023764161 2.3436750001421003 4.0354945812930874 95.760000000000019 0.084439574746760268 5.4094723772614488 0.087787779863087514 3.5000000000000004 50.329691598783519 5.5586153628117918 30.406726632256056 23.185406609167106 18.496010660841019 1.5987888583144718 2.5840100000000001
decision_type=2 2 8 8 2 2 10 2 2 8 2 2 2 2 2 2 2 2 2 2
left_child=1 -1 3 4 -2 -6 7 -7 14 10 11 -8 -13 -12 -9 -16 -17 18 -18 -20
right_child=2 -3 -4 -5 5 6 9 8 -10 -11 13 12 -14 -15 15 16 17 -19 19 -21
leaf_value=0.0016432187338633515 -0.022626081671115746 -0.050643412288596451 0.029965730179698197 -0.043676343029137116 0.037077063791182738 -0.0062259934694918343 0.0079592290293089892 0.014760710815177528 -0.003084925225193394 0.033221660232481041 -0.0020843839713716398 -0.0036328238584728877 -0.044750461499365755 0.044057538506411954 0.05057530098564017 0.050466413599668053 0.050182836547570026 0.050259213479469149 0.050132376612286839 0.050082770471289645
leaf_weight=0.22631933499360446 0.29069581598742011 0.15631056675920263 0.25066473355400365 0.17836173996329296 0.22984385327436063 0.56623796361964218 0.50019849883392398 0.055250992882065475 0.25105524173704907 0.16188372216129221 0.15338474765303556 0.57183740061009281 0.46059097978286445 0.13140632538124919 0.14483573054894805 0.04653559933649376 0.048038367822300643 0.038514755229698494 0.027618500665994361 0.048551229658187367
leaf_count=33 33 29 34 16 21 37 38 10 29 31 33 24 31 14 17 7 20 13 14 39
internal_value=0.000135154 -0.0197167 0.00196307 0.000165488 0.0022639 0.0043698 0.00202492 0.0117001 0.0270703 -0.00397114 -0.00728403 -0.0122064 -0.0219764 0.0192061 0.0455648 0.0503713 0.0502301 0.0501625 0.0501325 0.0501008
internal_weight=4.53814 0.38263 4.15551 3.90484 3.72648 3.43578 3.20594 1.22664 0.6604 1.9793 1.81742 1.53263 1.03243 0.284791 0.409345 0.354094 0.209258 0.162723 0.124208 0.0761697
internal_count=523 62 461 427 411 378 357 186 149 171 140 93 55 47 120 110 93 86 73 53
is_linear=0
shrinkage=0.05


Tree=180
num_leaves=21
num_cat=0
split_feature=2 22 39 11 12 12 87 87 318 93 76 355 27 17 85 23 15 103 130 35
split_gain=0.0644938 0.077457 0.0720993 0.083476 0.121221 0.0848345 0.156779 0.143086 0.123607 0.116365 0.0953267 0.132201 0.170957 0.142962 0.134571 0.078052 0.0638857 0.0134079 1.13616e-05 1.02854e-07
threshold=0.4763595559427391 2.3265246936974511 1.6774422705885661 0.38716154706065237 -0.54876849845274533 -0.38841750729373153 11.050580173921391 5.9331226635739442 1.0000000180025095e-35 33.09159895682243 1.0000000180025095e-35 1.0000000180025095e-35 1.7540439282318965 2.5735930735930741 13.19178965571261 -2.3694004735831444 1.2752525252525253 2.8071181947692163 2.3029500000000009 6.0029018187281151
decision_type=2 10 2 8 10 10 2 2 2 2 2 2 2 2 2 8 2 2 2 2
left_child=2 -2 15 4 -4 7 9 -6 16 -7 -9 12 -12 17 -15 -1 -8 -13 -3 -20
right_child=1 18 3 -5 5 6 8 10 -10 -11 11 13 -14 14 -16 -17 -18 -19 19 -21
leaf_value=-0.0016491449908164848 -0.013024176562841432 0.051098982871311177 -0.042831466168841745 0.028904774878868545 0.03697758064520261 -0.039652821804038951 0.020830117334784418 -0.018374754398362413 0.051018188618523579 -0.0051551334728811085 0.019736115082012642 0.02997048003745453 -0.033643405913428619 0.027535886669380744 -0.03415663367925633 -0.050575747500547767 -0.033014645897271301 0.050784746030505937 0.050226315103968869 0.050108288998654021
leaf_weight=0.18115950346691534 0.075334180612116941 0.056488412257749587 0.16686800261959467 0.24576144973980252 0.33692040006280999 0.40961949113989227 0.10991178672702506 0.45253826084081072 0.16554997909406666 0.60621367330895737 0.27778889483306535 0.11080796667374671 0.32604885648470372 0.19875958719057962 0.15919285596464761 0.14819688803981979 0.11044133006362244 0.25640275739715435 0.032861059880815446 0.042117164950468577
leaf_count=18 16 5 15 32 38 29 33 21 37 36 22 14 32 37 16 37 8 36 12 29
internal_value=0.000130816 0.0273995 -0.00119226 0.000689657 -0.00119102 0.00078286 -0.00875937 0.00709674 0.0183708 -0.0190658 0.00144574 0.00819482 -0.00908675 0.022585 9.92573e-05 -0.0236641 -0.00615696 0.0445039 0.0505635 0.05016
internal_weight=4.46898 0.206801 4.26218 3.93283 3.68706 3.5202 1.40174 2.11846 0.385903 1.01583 1.78154 1.329 0.603838 0.725163 0.357952 0.329356 0.220353 0.367211 0.131467 0.0749782
internal_count=523 62 461 406 374 359 143 216 78 65 178 157 54 103 53 55 41 50 46 41
is_linear=0
shrinkage=0.05


Tree=181
num_leaves=22
num_cat=0
split_feature=140 4 11 158 0 3 84 17 88 25 355 97 87 16 24 93 4 58 98 100 355
split_gain=0.0609962 0.126838 0.119643 0.0964438 0.0938761 0.120145 0.144382 0.140439 0.127518 0.115948 0.114031 0.139426 0.135311 0.0788238 0.0986577 0.0756735 0.0608274 0.0547242 0.00525439 0.000480455 2.07179e-05
threshold=1.0000000180025095e-35 0.5694729924249865 0.38716154706065237 1.5000000000000002 5.7376829466184329 0.05528163002666809 5.4769578608900629 2.7343137254901966 18.622059691329039 0.087457156031032227 1.0000000180025095e-35 12.150298106099008 11.050580173921391 1.9104278074866314 5.9392627756151333 32.901388066965687 0.71966052992516205 24.962114263118419 12.011861755218408 0.19753295079385649 1.0000000180025095e-35
decision_type=2 2 8 2 2 2 2 2 2 10 2 2 2 2 10 2 2 2 2 2 2
left_child=2 -2 3 4 17 6 8 9 13 10 11 -8 -12 14 -6 -7 -17 -1 -14 -10 -21
right_child=1 -3 -4 -5 5 15 7 -9 19 -11 12 -13 18 -15 -16 16 -18 -19 -20 20 -22
leaf_value=-0.0008732850783981105 0.012812617071321969 -0.049982769678249411 0.038080426635319881 -0.026266210347973218 0.044945155728090484 -0.041861484016318853 0.01511475498719482 -0.040725316326820762 0.046246865290737606 -0.031477169651260621 -0.0045489628755056395 -0.030123457279136498 0.037635964653291665 -0.016436701294538329 -0.0068232104198081983 -0.025247321643650889 0.0087328322379894349 0.050633926020601711 0.050681331358064387 0.05131602816266069 0.050297605644307963
leaf_weight=0.07821742590749714 0.15034359524724994 0.17288534843828529 0.21512288326630358 0.32571405649650831 0.20884278826997693 0.22424184723058704 0.37481479579582788 0.21830216620583076 0.081681812356691808 0.21661245085124381 0.22757796396035701 0.31218418350908905 0.12522209977032617 0.20531839481554925 0.16454352115397342 0.24797753820894286 0.28087214869447052 0.1513580136524979 0.20122451556380838 0.098254109732806683 0.10155195897095837
leaf_count=16 27 18 33 18 36 19 17 21 16 36 19 34 23 26 24 22 22 32 23 5 36
internal_value=0.000129341 -0.0207747 0.00179373 -0.000236726 0.00217267 1.50902e-05 0.0052224 -0.00332451 0.0218746 0.00227681 0.00816834 -0.00544227 0.0250457 0.00844818 0.0221319 -0.0175212 -0.00720046 0.0330852 0.0456772 0.0494776 0.0507984
internal_weight=4.38286 0.323229 4.05963 3.84451 3.5188 3.28922 2.53613 1.67594 0.860193 1.45764 1.24102 0.686999 0.554025 0.578705 0.373386 0.753092 0.52885 0.229575 0.326447 0.281488 0.199806
internal_count=523 45 478 445 427 379 316 173 143 152 116 51 65 86 60 63 44 48 46 57 41
is_linear=0
shrinkage=0.05


Tree=182
num_leaves=24
num_cat=0
split_feature=39 60 111 47 12 37 103 59 98 34 90 2 55 83 2 49 5 27 90 21 64 41 43
split_gain=0.059683 0.0959394 0.0752177 0.0969907 0.107085 0.0834085 0.119408 0.0787676 0.110213 0.127777 0.12871 0.0959601 0.116736 0.114335 0.077604 0.0722449 0.121776 0.0400595 0.0338012 0.0199791 0.00691855 0.00515142 1.6874e-05
threshold=1.6774422705885661 6.4827890144192937 1.0000000180025095e-35 19.898349012255593 -0.36122348742929794 4.0354945812930874 0.20381037945463101 6.1316053200373437 9.8939374411348098 7.7241947755942517 24.676168820312203 0.045430042272034295 5.1573963106972966 59.865000000000009 0.093827680406414107 5.7717461826196912 20.521990740740744 2.3105952884299832 49.215319417308038 -2.1365745092676494 5.0703208890363278 -2.5649999999999986 21.942472890161454
decision_type=2 2 2 2 8 2 2 2 2 2 2 2 2 2 2 2 2 2 2 8 2 2 2
left_child=1 -1 3 4 19 -4 -7 -8 9 -9 15 -10 13 -13 -12 21 -17 18 -16 -2 -15 -11 -23
right_child=2 -3 5 -5 -6 6 7 8 11 10 14 12 -14 20 17 16 -18 -19 -20 -21 -22 22 -24
leaf_value=0.0019650967263373444 0.0507696723955679 -0.050565664787644585 -0.023324751561491015 -0.015073888939302517 -0.0063290962943188872 0.045111036467757236 0.033400791851304311 -0.043122552307090695 0.01598698076919328 0.036198570804676221 -0.033473430857760993 -0.0080411036017825101 0.0088601014517272272 -0.05122658783874881 0.050269382030871793 0.050322100514640734 -0.025717691459816325 -0.0057026888332463036 0.0047465944485110441 0.026304058832948507 -0.03892130137139152 0.050419396062233668 0.051284477330039616
leaf_weight=0.21429887483827759 0.24092416148050688 0.14622623682953417 0.38037115416955236 0.18031385948415846 0.16343295888509635 0.14943506073905188 0.15837338636629317 0.10885169706307385 0.2433955548913217 0.081869660672965638 0.15396651581977494 0.38864366561756447 0.28835359361255541 0.22319290670566261 0.080841913280892186 0.096924107623635791 0.11527228076010942 0.21052174270153046 0.08227862196508795 0.12766214297153056 0.23397234547883272 0.1158461611048538 0.10979396186303347
leaf_count=36 37 26 39 18 15 17 18 8 30 25 15 21 27 19 34 38 10 2 14 11 21 33 9
internal_value=0.000130021 -0.019341 0.0019143 0.0166176 0.0273586 -0.00133646 0.00160692 -0.000807937 -0.00294619 0.00843667 0.0137954 -0.0124997 -0.018613 -0.0279792 -0.00360098 0.0314564 0.0090147 0.00870853 0.0273075 0.0422959 -0.0449289 0.0469422 0.0508403
internal_weight=4.29476 0.360525 3.93424 0.712333 0.532019 3.2219 2.84153 2.6921 2.53372 1.15617 1.04731 1.37756 1.13416 0.845809 0.527609 0.519706 0.212196 0.373642 0.163121 0.368586 0.457165 0.30751 0.22564
internal_count=523 62 461 81 63 380 341 324 306 188 180 118 88 61 65 115 48 50 48 48 40 67 42
is_linear=0
shrinkage=0.05


Tree=183
num_leaves=21
num_cat=0
split_feature=2 22 39 23 11 12 12 87 87 318 93 87 101 76 41 42 50 15 130 35
split_gain=0.0585663 0.0712456 0.0654568 0.073026 0.0719222 0.112204 0.0743729 0.135856 0.12484 0.114953 0.107767 0.092523 0.148883 0.131388 0.139674 0.123278 0.0876025 0.0566893 9.186e-06 6.93216e-08
threshold=0.4763595559427391 2.3265246936974511 1.6774422705885661 -2.3694004735831444 0.38716154706065237 -0.54876849845274533 -0.38841750729373153 11.050580173921391 5.9331226635739442 1.0000000180025095e-35 33.09159895682243 37.258847581937466 4.448976796737214 1.0000000180025095e-35 -2.1349999999999993 26006243.897486355 5.6672817477256459 1.2752525252525253 2.3029500000000009 6.0416144612067146
decision_type=2 10 2 8 8 10 10 2 2 2 2 2 2 2 2 2 2 2 2 2
left_child=2 -2 3 -1 5 -4 8 10 -7 17 -8 12 -10 -14 15 16 -15 -9 -3 -20
right_child=1 18 4 -5 -6 6 7 9 11 -11 -12 -13 13 14 -16 -17 -18 -19 19 -21
leaf_value=-0.0016970141005921034 -0.012319493240230937 0.051027023898777418 -0.042390202057798074 -0.050535866694069335 0.027934816637849066 0.036049943162479961 -0.038718098273849658 0.020095721773662218 -0.036623218634627266 0.050908921428831293 -0.0046160462396047774 0.030997809133743955 -0.020873518055139852 0.008995504826043315 0.04550575953349071 0.036256252670375744 -0.038549090879888975 -0.03212300501551324 0.050200469572149846 0.050099776638357955
leaf_weight=0.17374061915325001 0.071982863591983803 0.051967641717055812 0.1570699710864577 0.1368098982493392 0.22729610608075734 0.31137621120433401 0.38177043542964362 0.10299765421950724 0.26954850938636798 0.15242004944593646 0.58922464167699218 0.23068663181038562 0.35521286900620885 0.19765839309548039 0.26381888290052291 0.17492263694293797 0.19002980942605063 0.10491721791913733 0.031733361829537898 0.037048079233500175
leaf_count=18 16 5 15 37 32 38 29 33 30 37 36 14 15 31 35 33 20 8 13 28
internal_value=0.000129136 0.0270536 -0.00116187 -0.0232125 0.000684427 -0.00109459 0.000856426 -0.00829412 0.00696824 0.0179253 -0.0180241 0.00158417 -0.00309153 0.0045575 0.0154882 0.00141234 -0.014309 -0.0062547 0.0505253 0.0501462
internal_weight=4.21223 0.192732 4.0195 0.310551 3.70895 3.48165 3.32458 1.33133 1.99325 0.360335 0.970995 1.68188 1.45119 1.18164 0.82643 0.562611 0.387688 0.207915 0.120749 0.0687814
internal_count=523 62 461 55 406 374 359 143 216 78 65 178 164 134 119 84 51 41 46 41
is_linear=0
shrinkage=0.05


Tree=184
num_leaves=21
num_cat=0
split_feature=162 39 20 3 11 158 17 127 108 92 355 102 91 59 66 3 99 99 104 91
split_gain=0.0552605 0.123663 0.0981697 0.0828714 0.0645787 0.107006 0.113021 0.259138 0.178479 0.182779 0.138911 0.156914 0.110334 0.117983 0.1566 0.11377 0.034631 0.0310131 0.014188 7.68307e-06
threshold=1.5000000000000002 1.6774422705885661 2.1487709070797973 -1.5857253086419754 0.38716154706065237 1.5000000000000002 2.5582655826558267 1.0000000180025095e-35 3.5000000000000004 17.925926919107141 1.0000000180025095e-35 3.1107174761634022 13.940504570174705 30.832952172872353 25.335368477226165 -0.40455318558156667 2.6863155864197545 0.53323265504746409 2.0483933164315111 6.9857045911839082
decision_type=2 2 8 2 8 2 2 2 2 2 2 2 2 2 2 2 2 2 2 2
left_child=1 3 -3 -1 5 6 7 8 18 17 -11 -12 13 16 -15 -14 -8 -10 -4 -5
right_child=-2 2 4 19 -6 -7 12 -9 9 10 11 -13 15 14 -16 -17 -18 -19 -20 -21
leaf_value=0.0079609686708660386 0.025593088967007141 0.024081629507294047 0.034566051346229296 -0.05022330067238915 0.025229518316508905 -0.031270876159858851 -0.049092245009086315 -0.026638877623264876 0.017167848773771682 -0.050708917081127181 0.050637675185162594 -0.023118301815149706 -0.013590371444719749 -0.037090928041398644 0.028808660471875521 0.050422437628359032 -0.023248620514205967 0.051056771808534497 0.054319071005307841 -0.050851561112816912
leaf_weight=0.086734818643890321 0.20257348098675709 0.41853754926705766 0.13921847208985239 0.084329991193954235 0.20884051201574028 0.31150392408017058 0.25698255974566542 0.38926632044604037 0.11133007076568902 0.16153078316710889 0.12142700565163977 0.17755855438008439 0.15374867140781134 0.1562812265183311 0.21304347700788639 0.12653948763909284 0.26156879172776826 0.17151922617631499 0.26195784541778266 0.11505527247209102
leaf_count=12 38 39 37 36 32 21 24 27 13 18 19 23 20 13 38 28 29 28 16 12
internal_value=0.000126909 -0.00118677 0.00130057 -0.0328379 -0.0016584 -0.00352179 -0.000322668 0.00860167 0.0205872 0.00608233 -0.0133483 0.00683621 -0.0120404 -0.0206742 0.000922986 0.015309 -0.0360561 0.037718 0.0474643 -0.0505858
internal_weight=4.12955 3.92697 3.64085 0.28612 3.22232 3.01348 2.70197 1.53381 1.14454 0.743366 0.460516 0.298986 1.16816 0.887876 0.369325 0.280288 0.518551 0.282849 0.401176 0.199385
internal_count=523 485 425 60 386 354 333 181 154 101 60 42 152 104 51 48 53 41 53 48
is_linear=0
shrinkage=0.05


Tree=185
num_leaves=22
num_cat=0
split_feature=31 17 45 103 24 100 97 88 3 103 2 54 104 60 2 105 4 16 17 67 21
split_gain=0.0565342 0.0954338 0.0980882 0.0886952 0.0815692 0.0738948 0.0957947 0.0849289 0.13091 0.117223 0.144171 0.125719 0.153617 0.123356 0.106896 0.0873595 0.0286508 0.026632 6.20726e-06 6.08016e-06 9.88673e-07
threshold=12.617089168937829 2.4932432432432434 3.0383083649263853 0.12117488662131538 5.9164563895151909 -0.4881995554499608 25.780894510798916 24.402634303913114 -0.66317542653220918 4.8615461271638383 0.087787779863087514 1.0000000180025095e-35 4.0960785561673916 26.148121011457196 0.12747783604182419 0.36602870813397131 0.53320386553761145 1.8248081841432227 1.7803571428571432 12.288016947867064 -2.2187657710850481
decision_type=2 2 2 2 10 2 2 2 2 2 2 2 2 2 2 2 2 2 2 2 10
left_child=1 2 -1 -2 -3 6 -5 9 -9 11 16 12 17 14 -12 -13 -11 -7 -16 -10 -21
right_child=3 4 -4 5 -6 7 -8 8 19 10 13 15 -14 -15 18 -17 -18 -19 -20 20 -22
leaf_value=0.025899416503216123 0.040783045534796558 -0.0085295839147894841 -0.012410689096639381 0.0080924798546445319 -0.05093704033551788 -0.02200491926533606 -0.035332986570186492 -0.0069278583256434101 0.050862597005755142 0.021324874266318464 -0.023304421024654558 0.046568835187654062 0.0098112434072489194 -0.032678752041460923 0.050905816211408765 -0.012337622226763399 0.050779611089171409 -0.045561441630110722 0.050180907296969106 0.05018731019177608 0.050437620361687391
leaf_weight=0.27278255380224414 0.15422229704563539 0.26312950724968687 0.43119152687722817 0.23550065139716059 0.19926010334165767 0.1979695095214995 0.27563797787297517 0.1710652660112828 0.077535594580694922 0.13321060233283777 0.079083721357164904 0.14319943384907674 0.2823036176559981 0.19629532081307843 0.045417510671541095 0.11229686086880974 0.21712716235197149 0.30458064959384501 0.084422446860116906 0.073069515157840215 0.085736733162775636
leaf_count=31 19 32 35 25 22 27 36 26 11 16 4 36 24 14 4 19 33 27 36 31 15
internal_value=0.000124493 -0.00915716 0.00243407 0.00389829 -0.0268045 0.00180267 -0.0153253 0.00577611 0.0263865 0.00110057 0.0160902 -0.00978568 -0.0197026 -0.00421815 0.0225221 0.020678 0.0395799 -0.0362818 0.0504345 0.0504997 0.0503224
internal_weight=4.03504 1.16636 0.703974 2.86867 0.46239 2.71445 0.511139 2.20331 0.407407 1.79591 0.755557 1.04035 0.784854 0.405219 0.208924 0.255496 0.350338 0.50255 0.12984 0.236342 0.158806
internal_count=523 120 66 403 54 384 61 323 83 240 107 133 78 58 44 55 49 54 40 57 46
is_linear=0
shrinkage=0.05


Tree=186
num_leaves=26
num_cat=0
split_feature=2 39 55 100 23 3 88 16 20 370 4 88 102 95 100 24 17 99 0 101 8 43 67 101 35
split_gain=0.056831 0.0629639 0.0579074 0.0868244 0.0747408 0.0630265 0.216945 0.128018 0.124065 0.109771 0.121929 0.120334 0.0816727 0.135272 0.0879932 0.0758973 0.0598687 0.0403188 0.0357771 0.0319116 0.00902157 0.00765493 8.4323e-06 2.92504e-06 9.7475e-08
threshold=0.4763595559427391 2.4291921033908119 5.1000446670203816 0.12334933648335568 -2.1352407431561775 -0.59740604031913414 22.861322135859655 1.8702664796633943 2.3741260720073898 1.0000000180025095e-35 0.34998109170216629 16.949636284518835 1.0980286795851442 3.8243461829176115 0.52860004382709114 5.3671081051008072 2.3591269841269846 1.127913979312902 12.053724799707883 7.9910410119498776 337.74417212609006 14.563184981176176 11.456000545543715 7.6028538594330621 5.9190603065829857
decision_type=2 2 2 2 8 2 2 2 10 2 2 2 2 2 2 10 2 2 2 2 2 2 2 2 2
left_child=2 -2 4 19 5 9 7 8 16 -1 -11 15 -9 -14 -15 -12 -7 -13 -17 -4 -5 -8 -23 -3 -25
right_child=1 23 3 20 -6 6 21 12 -10 10 11 17 13 14 -16 18 -18 -19 -20 -21 -22 22 -24 24 -26
leaf_value=-0.03894671093168417 -0.010708625903873753 0.05066387554891915 -0.015601455549645475 0.027988113106872516 -0.037097454197005206 0.011607062556621457 0.032423428579428766 -0.050965623253587 -0.00811527076133013 0.039493453410250345 -0.014242093787186183 -0.048980622914206726 -0.038731279299625831 0.040774086222781045 -0.013264081876340348 0.0059117011452771619 0.050920161245345624 -0.01586989610210579 0.043562768741995418 0.014136179838842966 0.050437959304810279 0.050969142018033556 0.050300203261297784 0.050206799983948107 0.050087981426787942
leaf_weight=0.26810679456684727 0.067426915979012736 0.042796209687367082 0.17737553187180299 0.074284102651290596 0.15959517884766805 0.20114507275866234 0.083281219005584606 0.15691273612901568 0.44677861017407849 0.14490224869223423 0.23529915884137154 0.17580500012263656 0.2311195470392704 0.14184072343050502 0.16066426038742065 0.12299742043251172 0.18675817819894291 0.19273823371622711 0.12955034800688736 0.18358886471833102 0.11255661805626005 0.086847857688553631 0.10296006331918761 0.030490901961456984 0.03978112037293613
leaf_count=30 12 5 20 8 27 33 5 13 25 20 3 16 16 21 20 16 39 26 26 20 34 7 36 11 34
internal_value=0.000124337 0.027533 -0.00118613 0.0138446 -0.00373745 -0.00200192 0.0040194 -0.00332911 0.00984654 -0.0105321 -0.00292376 -0.0101008 -0.0192551 -0.00993057 0.0120737 0.00618953 0.0305346 -0.0316646 0.0252257 -0.000476699 0.0415124 0.0450612 0.0506063 0.050338 0.0501395
internal_weight=3.9556 0.180495 3.77511 0.547805 3.2273 3.06771 1.79831 1.52522 0.834682 1.2694 1.00129 0.85639 0.690537 0.533625 0.302505 0.487847 0.387903 0.368543 0.252548 0.360964 0.186841 0.273089 0.189808 0.113068 0.070272
internal_count=523 62 461 82 379 352 215 167 97 137 107 87 70 57 41 45 72 42 42 40 42 48 43 50 45
is_linear=0
shrinkage=0.05


Tree=187
num_leaves=28
num_cat=0
split_feature=2 22 39 23 102 61 93 15 50 111 102 30 5 11 130 48 44 23 61 2 130 17 130 78 303 6 35
split_gain=0.0530638 0.062361 0.0572211 0.0665529 0.0621802 0.111987 0.103403 0.131336 0.0908062 0.119775 0.117844 0.128859 0.105376 0.0898829 0.0867331 0.100682 0.134849 0.0776755 0.0565081 0.0362731 0.00109602 1.78932e-05 7.18305e-06 4.71046e-06 1.4303e-06 1.0387e-07 4.98878e-08
threshold=0.4763595559427391 2.3265246936974511 1.6774422705885661 -2.3694004735831444 -0.31433241738053236 29.56058799145001 1.0000000180025095e-35 0.92848020434227341 4.963751126205433 1.0000000180025095e-35 1.3707114512471656 12.264177337312164 16.508064516129036 0.25915953553573845 0.34985000000000416 5.5278129849998043 5.9736627813024414 -2.4314918272576644 4.7657000689359359 0.093827680406414107 2.23936 2.4491379310344832 2.3029500000000009 67.313905791134005 1.0000000180025095e-35 411.9675000000002 6.0029018187281151
decision_type=2 10 2 8 2 2 2 2 2 2 2 2 2 10 2 2 2 8 2 2 2 2 2 2 2 2 2
left_child=2 -2 3 -1 5 -4 -6 18 9 -9 -10 -12 -13 -14 -11 19 -17 21 -8 -16 -20 -18 -3 25 -23 -22 -24
right_child=1 22 4 -5 6 -7 7 8 10 14 11 12 13 -15 15 16 17 -19 20 -21 23 24 26 -25 -26 -27 -28
leaf_value=-0.0014756607075936618 -0.010984006936898161 0.050949613833111231 0.050812354786482973 -0.05047605055341451 -0.039665201657724192 -0.0052991513593742615 -0.0030274242328481565 0.035947753410123122 -0.046304585467240172 -0.039316277450261922 -0.050991922265057513 0.046145105754532213 0.024653989724827786 -0.034727030531387482 -0.024449873480881179 -0.0083594723952390218 0.051348122313451594 0.0079089059815071871 0.042035312418707782 -0.001383193345826693 0.050207830212693386 0.050548903268196846 0.050180082376982404 0.050736631123559299 0.050268029668409001 0.050091073804944111 0.050088651558875978
leaf_weight=0.15924667188664898 0.066697206930257269 0.047499428852461278 0.16376128766569431 0.12267993079149242 0.16916423034854178 0.19456986885052174 0.074999157455750143 0.24055520357796956 0.24191500496817742 0.14107040036469687 0.11250504897907376 0.13173055404331535 0.11317945779592264 0.14584777841810137 0.32737984100822337 0.37478420219849795 0.069355572748463601 0.18424857671197969 0.054075990105047822 0.35551221633795649 0.041065836645429954 0.087828681513201445 0.026477647334104404 0.063279871770646423 0.093662438099272549 0.035529444576241076 0.034177054694737308
leaf_count=18 16 5 23 37 15 21 5 28 18 15 7 29 25 18 24 21 7 29 8 17 13 12 12 6 38 27 29
internal_value=0.000124651 0.0270402 -0.001148 -0.0227981 0.000638794 0.0203444 -0.00167051 0.000554617 -0.0028616 0.00300805 -0.0176259 -0.00384027 0.0097354 -0.00878107 -0.00184176 0.00169967 0.0136235 0.0325592 0.0338285 -0.0124414 0.0480804 0.050665 0.0504892 0.0504174 0.050404 0.0501537 0.0501286
internal_weight=3.8728 0.174851 3.69795 0.281927 3.41602 0.358331 3.05769 2.88853 2.61957 1.8744 0.745178 0.503263 0.390758 0.259027 1.63384 1.49277 0.809879 0.435095 0.26895 0.682892 0.193951 0.250847 0.108154 0.139875 0.181491 0.0765953 0.0606547
internal_count=523 62 461 55 406 44 362 347 288 191 97 79 72 43 163 148 107 86 59 41 54 57 46 46 50 40 41
is_linear=0
shrinkage=0.05


Tree=188
num_leaves=27
num_cat=0
split_feature=162 39 20 94 97 39 355 94 71 16 356 66 77 148 108 12 103 79 91 98 59 2 33 101 323 17
split_gain=0.0496222 0.109743 0.0901651 0.0751604 0.0609748 0.108159 0.0891462 0.172902 0.169537 0.125026 0.124384 0.117382 0.115372 0.0809303 0.0402978 0.034894 0.0332092 9.46796e-06 6.68629e-06 6.28409e-06 1.73296e-06 1.39332e-06 1.74813e-07 8.74938e-08 2.81462e-08 1.05485e-08
threshold=1.5000000000000002 1.6774422705885661 2.1277995048571263 21.781115373942367 1.5485470553027305 3.5241341663692762 1.0000000180025095e-35 13.996820844573447 5.0032185628455927 1.8937969924812033 1.0000000180025095e-35 62.505910716053826 5.3082683152844075 1.0000000180025095e-35 5.5000000000000009 -0.38977891588541841 2.3554256783353211 29.175716855216972 6.9857045911839082 13.604919289589882 13.217035817220895 0.14894198265726025 4.7630342590324668 11.30485246796203 1.0000000180025095e-35 2.3385416666666674
decision_type=2 2 8 2 2 2 2 2 2 2 2 2 2 2 2 8 2 2 2 2 2 2 2 2 2 2
left_child=1 3 -3 18 5 -4 8 9 16 10 11 17 -11 -14 -10 19 -6 -8 22 21 -19 -9 -1 -22 25 -25
right_child=-2 2 4 -5 6 -7 7 15 14 12 -12 -13 13 -15 -16 -17 -18 20 -20 -21 23 -23 -24 24 -26 -27
leaf_value=-0.050105359537630789 0.0251973257436196 0.028130445034746376 0.050543568141215349 0.0077606942774264293 0.011814716194155361 -0.0096465445357493962 0.05090787422343257 0.050115965114032539 -0.021762924236813121 -0.050191715612583038 -0.011462055905323024 -0.024717960592223767 -0.027959761467137457 0.020353855530120295 -0.050868498320955004 0.012872528521323482 -0.0082365797208569097 0.050484149080183574 -0.050788876313444746 0.050839548304355164 0.050209835840480554 0.050481065597592162 -0.050248510186390864 0.050103652594172536 0.050137743875051335 0.050053111789207884
leaf_weight=0.042321218585130604 0.18757894128793839 0.28534752331324886 0.1480787739856172 0.080090550589375198 0.36679312027990818 0.15048640716122463 0.083990647457539813 0.056013920140685514 0.22984783153515309 0.20846403785981238 0.28715873946202919 0.06611863651778549 0.16865667584352195 0.17832756892312318 0.2464241738198325 0.087638342287391535 0.47251147672068328 0.052703827852383256 0.093987900239881128 0.10040565498638898 0.027112276293337345 0.048983561573550105 0.042991657508537173 0.019816180050838739 0.036086234351387247 0.021552548205363564
leaf_count=29 38 27 27 9 20 18 6 35 30 15 28 7 19 35 21 13 28 8 11 8 9 7 11 15 23 26
internal_value=0.000125138 -0.00118056 0.0012507 -0.0325098 -0.00125818 0.0202058 -0.00358124 0.00500093 -0.0129948 -0.00373582 0.0121993 0.0343041 -0.0207924 -0.00312967 -0.0368222 0.0392867 0.000526243 0.0504793 -0.050498 0.0505567 0.0502504 0.0502863 -0.0501775 0.0501325 0.0501055 0.0500773
internal_weight=3.78949 3.60191 3.34252 0.259391 3.05717 0.298565 2.75861 1.44303 1.31558 1.14999 0.594539 0.30738 0.555448 0.346984 0.476272 0.293041 0.839305 0.241262 0.179301 0.205403 0.157271 0.104997 0.0853129 0.104567 0.077455 0.0413687
internal_count=523 485 425 60 398 45 353 254 99 191 122 94 69 54 51 63 48 87 51 50 81 42 40 73 64 41
is_linear=0
shrinkage=0.05


Tree=189
num_leaves=24
num_cat=0
split_feature=2 22 55 100 23 3 88 17 61 35 78 97 95 66 312 355 40 39 43 67 102 130 35
split_gain=0.0487931 0.0587787 0.0508748 0.0773929 0.0647125 0.0578586 0.195302 0.110161 0.107244 0.0978913 0.122205 0.0977553 0.0938342 0.100962 0.080322 0.0393322 0.0243268 0.00938733 0.0091922 0.00696453 7.41181e-06 5.97974e-06 3.6789e-08
threshold=0.4763595559427391 2.3265246936974511 5.1000446670203816 0.12334933648335568 -2.1352407431561775 -0.59740604031913414 22.861322135859655 2.5536398467432955 4.9116103898340748 5.275725921093529 30.013657918476422 22.613176067482183 3.8243461829176115 25.335368477226165 1.0000000180025095e-35 1.0000000180025095e-35 3.5970512722866261 1.9847417218618018 14.4707773410091 13.62349116788994 6.0591026845258318 2.3029500000000009 6.0416144612067146
decision_type=2 10 2 2 8 2 2 2 2 2 2 2 2 2 2 2 2 2 2 2 2 2 2
left_child=2 -2 4 16 5 9 7 8 -7 -1 -11 15 -9 -14 19 -12 -4 -5 -8 -10 -20 -3 -23
right_child=1 21 3 17 -6 6 18 12 14 10 11 -13 13 -15 -16 -17 -18 -19 20 -21 -22 22 -24
leaf_value=-0.050762326034695507 -0.010554353813001746 0.050896437137849707 -0.016144287825350767 0.026329755115665501 -0.036008445281863553 -0.0083167411024383901 0.02958323105058305 -0.042523734228519933 0.033900950718176719 0.027264683392014006 -0.014943292946484311 -0.038941663866782911 -0.032760397723049513 0.019559355786416582 -0.0041712930061627634 0.011318224068042891 0.01090655565769112 0.050272064653944605 0.050275184894209415 0.050798987116347942 0.050919765512204444 0.050165414279621727 0.050084548021460507
leaf_weight=0.13309758697869378 0.064765455317683407 0.044364821631461382 0.14189577047363844 0.067524977959692478 0.14642910746624815 0.42245183745399006 0.073499328456818946 0.25096393330022693 0.099353697849437594 0.22700181399704866 0.29807603126391768 0.2688811972620897 0.16232036880683154 0.21347100463754032 0.12822582994704135 0.27330424613319337 0.20062060668715276 0.10398761089891195 0.098648440820397809 0.15785767859779298 0.081394720356911421 0.025856327527435496 0.030839594794088043
leaf_count=27 16 5 17 5 27 21 4 20 13 34 12 35 18 37 25 29 23 37 38 33 6 13 28
internal_value=0.000121318 0.0266311 -0.00111734 0.0134289 -0.00358102 -0.00193718 0.00402987 -0.00311948 0.00908405 -0.0103292 -0.00528686 -0.0140809 -0.0188499 -0.00303978 0.0281559 -0.00238181 -0.000299917 0.0408459 0.0444837 0.0442717 0.0505666 0.0504617 0.0501214
internal_weight=3.71483 0.165826 3.54901 0.514029 3.03498 2.88855 1.68819 1.43464 0.807889 1.20036 1.06726 0.840261 0.626755 0.375791 0.385437 0.57138 0.342516 0.171513 0.253542 0.257211 0.180043 0.101061 0.0566959
internal_count=523 62 461 82 379 352 215 167 92 137 110 76 75 55 71 41 40 42 48 46 44 46 41
is_linear=0
shrinkage=0.05


Tree=190
num_leaves=23
num_cat=0
split_feature=37 103 22 83 83 19 24 25 127 367 18 16 364 0 4 101 128 58 6 5 128 310
split_gain=0.0477738 0.112166 0.101688 0.161096 0.093228 0.110092 0.12172 0.0687839 0.136527 0.246982 0.122472 0.0892908 0.132421 0.0492603 0.0290447 0.0268703 2.32389e-06 5.91364e-07 1.22042e-07 9.42448e-08 2.54742e-08 7.45714e-09
threshold=4.0354945812930874 0.20381037945463101 2.3436750001421003 95.760000000000019 30.505000000000006 10.110607824517382 5.9392627756151333 -0.90427117930552459 1.0000000180025095e-35 1.0000000180025095e-35 32.22778823754485 1.8729838709677422 1.0000000180025095e-35 12.087127188838499 0.78583285821921856 4.5776715361411489 10.520361167325165 23.185406609167106 429.53700000000021 19.016129032258068 5.2004093105009437 1.0000000180025095e-35
decision_type=2 2 8 2 2 10 10 10 2 2 10 2 2 2 2 2 2 2 2 2 2 2
left_child=4 -2 3 15 -1 13 -7 -4 9 14 11 12 -11 -6 -9 -3 17 -17 19 20 -19 -20
right_child=1 2 7 -5 5 6 -8 8 -10 10 -12 -13 -14 -15 -16 16 -18 18 21 -21 -22 -23
leaf_value=0.031164271547501773 0.045501483208025224 0.002615879551702404 -0.025321078302794921 -0.0074556215098245601 -0.046571307122358505 0.027885822639705678 -0.023934979747578577 0.025353642341509653 -0.026546929152269208 -0.033089605045658492 0.027760621144578959 -0.039017107362748438 0.027925378727363018 -0.013384619917397889 0.054930666948581112 0.050339870946024927 0.050583510047610115 0.050157146385080231 0.05004862566931513 0.050209262209773321 0.050093607950214197 0.050091827407855088
leaf_weight=0.12692327075637899 0.15133517503272775 0.033299029804766511 0.3282476707245231 0.28694630204699934 0.2545708934776485 0.23437256130273454 0.21938730112742633 0.13561149306769837 0.37137534690555174 0.16904518590308781 0.19659064192092046 0.27224609162658453 0.18762107472866718 0.19940258434507996 0.21396549251221586 0.050331392500083894 0.04495901265181601 0.030567799753043801 0.021544303992413916 0.067726843990385532 0.032597003890259657 0.018623023453983478
leaf_count=28 21 6 33 39 34 30 34 33 17 14 21 27 35 16 15 10 5 13 30 20 29 13
internal_value=0.000119767 0.0037209 0.00115198 0.0193206 -0.00897352 -0.0145858 0.0028311 -0.00453297 -0.000120526 0.00823134 -0.00668565 -0.0174532 -0.000993222 -0.0319944 0.0434568 0.0449617 0.0502558 0.0501892 0.0501449 0.0501683 0.0501244 0.0500687
internal_weight=3.64729 2.61263 2.4613 0.586595 1.03466 0.907733 0.45376 1.8747 1.54646 1.17508 0.825503 0.628912 0.356666 0.453973 0.349577 0.299648 0.266349 0.22139 0.171059 0.130892 0.0631648 0.0401673
internal_count=523 381 360 165 142 114 64 195 162 145 97 76 49 50 48 126 120 115 105 62 42 43
is_linear=0
shrinkage=0.05


Tree=191
num_leaves=24
num_cat=0
split_feature=31 103 15 103 46 5 94 158 17 90 24 60 353 127 42 62 94 128 68 101 58 39 27
split_gain=0.0465958 0.081394 0.121749 0.115071 0.142428 0.174938 0.103777 0.0887388 0.0809632 0.0898051 0.0738937 0.0735973 0.0648047 0.0535846 0.189758 0.0472727 0.0408167 0.00218303 7.10286e-06 6.33566e-06 1.19282e-06 1.01755e-06 4.72714e-07
threshold=12.617089168937829 2.6727608194692016 1.2880184331797238 4.7143893413559956 179.74485498400171 17.558149058149059 16.157094070520603 1.0000000180025095e-35 2.4641025641025647 1.0000000180025095e-35 5.9164563895151909 29.500207489719205 1.0000000180025095e-35 1.0000000180025095e-35 268942.71635257837 17.845632138148151 5.1227505662243251 4.7743036718675507 29.894158017119171 4.5776715361411489 26.157435813536669 2.8059933179256102 1.7128313225739074
decision_type=2 2 2 2 2 2 2 2 2 2 8 2 2 2 2 2 2 2 2 2 2 2 2
left_child=8 2 6 7 11 -6 15 13 9 -1 -10 17 -7 14 -3 18 -16 -5 -2 -19 -20 -21 -22
right_child=1 3 -4 4 5 12 -8 -9 10 -11 -12 -13 -14 -15 16 -17 -18 19 20 21 22 -23 -24
leaf_value=-0.024631853290320048 0.050906694751913666 0.054272010140650043 -0.021299037451670388 0.040179045269026936 0.046647698985740615 -0.0047099814252334442 -0.010979261646818695 -0.050754724894579897 -0.0083738142304690382 0.016364387875572275 -0.050748408641273272 0.00088683332698460396 -0.040222922383429165 -0.035822701549196215 -0.036218586072622704 0.015068844003270377 -0.00039422203867638442 0.050880105462664416 0.050503432268440701 0.050438381672468516 0.050170927950213197 0.050152320633955 0.050357421526688428
leaf_weight=0.19877758272923551 0.08238498214632306 0.11866841715527687 0.15651162818539888 0.070162049145437555 0.13209112059848849 0.36215842247474939 0.12955983116989955 0.15573684260016307 0.2545167391654104 0.4072987248073332 0.17268377391155809 0.12316912555252202 0.1990760201588273 0.1343395477742888 0.17298089409450768 0.13462134690780658 0.14714393351459876 0.065587966702878475 0.093411884969100356 0.054397705011069775 0.062914205773267895 0.072544845548691228 0.073881158998119645
leaf_count=32 8 11 13 10 27 39 24 13 34 30 24 20 24 15 23 28 39 6 13 7 27 39 17
internal_value=0.000120781 0.00376081 0.0178117 -0.00193775 0.00842856 -0.00512231 0.0284247 -0.0172864 -0.00883187 0.00291867 -0.0255026 0.0327771 -0.0173068 -0.0081921 0.000267194 0.0398402 -0.0197521 0.0477295 0.0505083 0.0504811 0.0503657 0.0502749 0.0502717
internal_weight=3.57462 2.54134 0.733285 1.80806 1.07919 0.693326 0.576773 0.72887 1.03328 0.606076 0.427201 0.385862 0.561234 0.573133 0.438793 0.447214 0.320125 0.262693 0.312592 0.192531 0.230207 0.126943 0.136795
internal_count=523 403 130 273 172 90 117 101 120 62 58 82 63 88 73 93 62 62 65 52 57 46 44
is_linear=0
shrinkage=0.05


Tree=192
num_leaves=24
num_cat=0
split_feature=119 119 142 127 102 35 89 105 45 71 94 19 64 31 3 92 37 47 57 9 20 98 12
split_gain=0.0462686 0.083272 0.0853044 0.153396 0.148073 0.133619 0.100651 0.0870367 0.0786937 0.109197 0.0923726 0.090547 0.11431 0.0976329 0.0750205 0.0639213 0.0520892 0.0484184 0.0233358 0.000795977 5.10655e-06 5.02453e-07 1.07663e-07
threshold=5.5000000000000009 3.5000000000000004 1.0000000180025095e-35 1.0000000180025095e-35 7.8892565003108048 6.0029018187281151 6.4827890144192937 0.31909090909090915 1.9606790826773117 5.0032185628455927 5.1227505662243251 9.8898775673488668 10.207030975729444 17.228410530183748 -1.0844516509957141 18.467992049081271 4.0105965033205582 4.9419441258988437 18.213580762943241 107.00000000000001 2.4070514830915957 13.213121337746124 -0.49286971911496552
decision_type=2 2 2 2 2 2 2 2 2 2 2 10 2 2 2 2 2 2 2 2 10 2 10
left_child=1 2 3 4 5 7 -4 17 -8 15 14 -12 -13 -14 -11 -10 -16 -1 -7 -20 21 22 -21
right_child=-2 -3 6 -5 -6 18 8 -9 9 10 11 12 13 -15 16 -17 -18 -19 19 20 -22 -23 -24
leaf_value=-0.034669095266447535 0.028396289549887706 -0.03603371217583036 -0.042097200509683741 -0.017249201094844204 -0.020475997661853537 0.025832257072271728 -0.042853497203427647 0.03218770186009999 0.048848058441663504 -0.048413134386602663 -0.021733549237427416 0.050740223171291135 -0.034185113572963367 0.026225908016411389 -0.032906292399699409 0.0025108637037396069 0.012218131879380726 0.0091959763635907372 0.055201873172046445 0.050203430325647308 0.050790338229629278 0.050338128968910781 0.050066521576403338
leaf_weight=0.11846142867580167 0.13894332409836341 0.16188526898622502 0.18226230051368464 0.39922600291902188 0.19683797037578188 0.10448724357411265 0.1131770061329006 0.20997120611718856 0.15983387768210366 0.18712865596171468 0.20930916181532666 0.16717281710589305 0.12520886340644211 0.14357023827324156 0.11119867736124411 0.13928310695337132 0.1505240062251687 0.1341489938495215 0.17068655043840408 0.026575990836135932 0.064040619414299726 0.057573134894482791 0.031238844036124758
leaf_count=11 14 27 33 35 16 21 15 25 28 23 25 29 14 38 9 26 38 30 2 9 5 12 38
internal_value=0.000121122 -0.0010468 0.000722102 0.00934331 0.0188731 0.0273179 -0.00700352 0.00839889 -0.00275749 0.000499654 -0.00681938 0.0052976 0.0182758 -0.00191614 -0.0242385 0.0272713 -0.00695398 -0.0113745 0.0465689 0.0527575 0.0504323 0.0502336 0.0501295
internal_weight=3.50275 3.3638 3.20192 1.51325 1.11402 0.917184 1.68867 0.462582 1.50641 1.39323 1.09411 0.645261 0.435952 0.268779 0.448851 0.299117 0.261723 0.25261 0.454602 0.350115 0.179429 0.115388 0.0578148
internal_count=523 509 482 204 169 153 278 66 245 230 176 106 81 52 70 54 47 41 87 66 64 59 47
is_linear=0
shrinkage=0.05


Tree=193
num_leaves=25
num_cat=0
split_feature=26 127 20 99 41 20 11 27 125 332 0 77 41 21 17 100 12 43 131 105 51 142 57 25
split_gain=0.0466166 0.23057 0.267727 0.10463 0.0814802 0.117013 0.116141 0.134773 0.0862353 0.0842735 0.0703943 0.110435 0.103169 0.0760698 0.0630443 0.115787 0.0277643 0.0018446 0.000961826 8.03631e-06 1.419e-06 3.88804e-07 1.25661e-07 5.98363e-08
threshold=2.4305639760047515 1.0000000180025095e-35 2.28212851305917 6.1774945672713537 -2.1599999999999988 2.4245038887266159 0.38716154706065237 1.9570398974344188 1.0000000180025095e-35 1.0000000180025095e-35 12.792152151860742 5.6161056552213386 -2.444999999999999 -2.3184839735822345 2.5773524720893146 0.7260659593051686 -0.49287001539346081 19.111612754902325 79.15935000000006 0.61507936507936523 10.495234709502094 1.0000000180025095e-35 11.94730954315717 0.018493058193433078
decision_type=2 2 10 2 2 8 10 2 2 2 2 2 2 10 2 2 10 2 2 2 2 2 2 10
left_child=1 2 3 -1 6 14 7 8 16 -7 13 -12 17 -10 18 -16 -2 -13 -6 21 22 23 -19 -20
right_child=4 -3 -4 -5 5 9 -8 -9 10 -11 11 12 -14 -15 15 -17 -18 20 19 -21 -22 -23 -24 -25
leaf_value=-0.043812047219302902 0.0092153828560234199 -0.051735022961300108 0.044797983444637562 0.013184989595800204 0.042532955605809435 0.018052886005061688 0.038852133233245406 -0.036805341922447131 0.0060926473878882368 -0.020986022197030295 -0.034318221842267203 0.038972585533098347 -0.027833004547866372 -0.035469692872668761 -0.010331843215828905 0.047364706425345779 0.05027216039507966 0.050229544356642009 0.050102495634381475 0.050887755406828189 0.050487702279219608 0.050337222808613406 0.050096337138326411 0.050194028197766985
leaf_weight=0.2156346108822621 0.071760887745767832 0.23833908393862657 0.25861856923438609 0.12849939311854541 0.047645172337069552 0.25594605831429373 0.13975698751164611 0.32848266142536886 0.18033046909840778 0.30059935851022601 0.097635492333211005 0.048823923338204844 0.06084145270870045 0.28264486041734926 0.19411597843281925 0.157517685147468 0.09661720893927872 0.035271330780233257 0.035836625567753799 0.073986243340186775 0.063865046831779182 0.043867639265954494 0.035547733990824781 0.035583168166340329
leaf_count=37 11 9 13 20 7 31 25 36 36 34 11 10 17 26 31 22 31 14 27 9 9 10 32 15
internal_value=0.00012193 -0.0101036 0.00635826 -0.0225294 0.00344688 0.0134038 -0.00446222 -0.00911224 0.000233644 -0.00303267 -0.00657305 0.0106309 0.0285913 -0.019281 0.0289463 0.0155139 0.0327742 0.0472986 0.0488827 0.0504811 0.0503168 0.0502201 0.0501627 0.0501481
internal_weight=3.42777 0.841092 0.602753 0.344134 2.58668 1.1451 1.44158 1.30182 0.973338 0.556545 0.80496 0.341985 0.244349 0.462975 0.588553 0.351634 0.168378 0.183508 0.236919 0.189274 0.134684 0.115287 0.0708191 0.0714198
internal_count=523 79 70 57 444 186 258 233 197 65 155 93 82 62 121 53 42 65 68 61 55 52 46 42
is_linear=0
shrinkage=0.05


Tree=194
num_leaves=21
num_cat=0
split_feature=162 39 20 79 11 158 17 127 108 92 355 59 66 91 53 90 99 60 21 43
split_gain=0.0445028 0.0961885 0.0799752 0.0654612 0.0515692 0.0819438 0.0771542 0.209548 0.150826 0.148054 0.107367 0.0845625 0.127854 0.0782605 0.0676791 0.0451732 0.0285497 0.0252013 0.00990101 0.0152988
threshold=1.5000000000000002 1.6774422705885661 2.1487709070797973 6.1316053200373437 0.38716154706065237 1.5000000000000002 2.5582655826558267 1.0000000180025095e-35 3.5000000000000004 17.925926919107141 1.0000000180025095e-35 30.832952172872353 25.335368477226165 13.940504570174705 4.7583160242619558 18.264339456960567 2.6863155864197545 6.3740708488452764 -2.3923208251369075 14.130067903569293
decision_type=2 2 8 2 8 2 2 2 2 2 2 2 2 2 2 2 2 2 8 2
left_child=1 3 -3 -1 5 6 7 8 18 17 -11 13 -13 16 -12 -14 -8 -10 -4 -20
right_child=-2 2 4 -5 -6 -7 11 -9 9 10 14 12 15 -15 -16 -17 -18 -19 19 -21
leaf_value=0.0071018735137727889 0.025426089649816269 0.024191888569190648 0.053701676994898528 -0.050480211880112813 0.024811432332075858 -0.030770647415925639 -0.048875159452485994 -0.026248170024197177 0.016495571269534243 -0.050573785677929875 -0.021708187275309231 -0.031302254546564282 0.050454452216178031 0.0064118149864785898 0.030556203624475621 0.0064791948101459206 -0.022189727609114016 0.05072059765631081 0.013994448404038039 0.050272983930414766
leaf_weight=0.071950627141632917 0.16519069556670718 0.33606957289157469 0.20674267527647316 0.15718092981842346 0.17118605905852735 0.24881644744891662 0.19943040946964163 0.33744226378621534 0.089293567754793912 0.13177681085653603 0.11997554799017962 0.13727180346904788 0.12241273165273014 0.15459645009832457 0.12805402604863048 0.11167511501116678 0.20149568942724727 0.13526488926436286 0.048597801855067901 0.072283759029232897
leaf_count=27 38 39 13 33 32 21 24 27 14 18 16 17 39 30 26 13 29 27 10 30
internal_value=0.00012267 -0.00119113 0.00123084 -0.0323986 -0.00171853 -0.00357592 -0.000495083 0.00751266 0.0197363 0.00492683 -0.0141021 -0.0114623 0.00700915 -0.0238102 0.00527515 0.0294754 -0.0354637 0.0371113 0.0470553 0.035688
internal_weight=3.34671 3.18152 2.95239 0.229132 2.61632 2.44513 2.19631 1.26943 0.931989 0.604365 0.379806 0.926882 0.37136 0.555523 0.24803 0.234088 0.400926 0.224558 0.327624 0.120882
internal_count=523 485 425 60 386 354 333 181 154 101 60 152 69 83 42 52 53 41 53 40
is_linear=0
shrinkage=0.05


Tree=195
num_leaves=27
num_cat=0
split_feature=26 127 11 41 37 20 4 102 340 23 332 46 45 5 47 12 83 101 23 105 38 27 83 89 4 103
split_gain=0.0458699 0.206153 0.245703 0.0765993 0.111519 0.10805 0.0917426 0.111737 0.17253 0.104874 0.0749304 0.0592297 0.0447926 0.039602 0.0367551 0.032607 0.0257465 0.0035313 1.01401e-05 7.11448e-06 6.01063e-07 1.95024e-07 1.43106e-07 3.59317e-08 1.83188e-08 1.81754e-08
threshold=2.4305639760047515 1.0000000180025095e-35 0.22931885158522131 -2.1599999999999988 4.1161371331918746 2.4245038887266159 0.47293169013999709 4.6422779498454441 1.0000000180025095e-35 -2.4729090851866888 1.0000000180025095e-35 120.89791402133879 4.0967282700472465 24.77753623188406 15.533486938863142 -0.38190246374303866 91.635000000000005 4.6607138662440404 -3.1324535748849751 0.61507936507936523 3.7488727493682243 1.655215947831324 42.670000000000009 17.932932132025332 0.63205278300167367 6.2383886054421778
decision_type=2 2 10 2 2 8 2 2 2 10 2 2 2 2 2 10 2 2 10 2 2 2 2 2 2 2
left_child=1 2 -1 4 -2 11 9 8 16 -6 -7 -5 -10 17 -9 -4 18 -13 -8 20 -19 24 23 -22 -20 -25
right_child=3 -3 15 5 6 10 7 14 12 -11 -12 13 -14 -15 -16 -17 -18 19 21 -21 22 -23 -24 25 -26 -27
leaf_value=0.032747254542877857 -0.037145491645242515 -0.050940441345342459 -0.013112012004398691 0.0026934536393006842 -0.00081642130654631384 0.017222548865219556 0.051106691360569903 -0.01166287238780718 -0.047333033328378259 0.050610780802354087 -0.020079111062040272 0.035315684966827875 -0.0026672819700897755 0.012461304862636869 -0.04610570997619786 -0.050806180165408638 0.0085968025948230855 0.050381057697135224 0.050076082839843106 0.050804680473265362 0.050178779813915067 0.050234453408813211 0.050247428713753185 0.050078024402686099 0.05013409211974236 0.050138454191610317
leaf_weight=0.33922667661681805 0.21863669622689541 0.22434602415887639 0.10350873213610612 0.15806261886609663 0.23437070721411146 0.2525437220465393 0.038678598357364757 0.13644102538819425 0.099674833938479424 0.17180370169808135 0.28834633005317301 0.045728784753009677 0.12848348100669682 0.10548673919402063 0.17917121585924178 0.12871679913951084 0.047833257587626576 0.049710278282873333 0.025454285962041245 0.079985625226981938 0.029341235145693645 0.066732877807226032 0.04392273462144658 0.024251728704257403 0.02924662726582028 0.025553913525072858
leaf_count=29 23 9 25 20 38 31 7 28 14 35 34 6 26 14 14 16 11 10 22 8 11 20 12 27 20 13
internal_value=0.000119831 -0.0103247 0.00562064 0.00347206 -0.00439452 0.01329 0.00178963 -0.00855586 0.00784338 0.0209363 -0.00266282 0.0286424 -0.0221803 0.0387953 -0.0312159 -0.0340049 0.0407854 0.0481016 0.0504017 0.0504148 0.0502343 0.0501771 0.0501751 0.0501349 0.0501071 0.050109
internal_weight=3.27526 0.795798 0.571452 2.47946 1.37653 1.10293 1.15789 0.751716 0.436104 0.406174 0.54089 0.562044 0.228158 0.403981 0.315612 0.232226 0.207946 0.298494 0.160112 0.252766 0.17278 0.121434 0.12307 0.0791469 0.0547009 0.0498056
internal_count=523 79 70 444 258 186 235 162 120 73 65 121 40 101 42 41 80 87 69 81 73 62 63 51 42 40
is_linear=0
shrinkage=0.05


Tree=196
num_leaves=20
num_cat=0
split_feature=140 4 11 158 0 3 84 17 88 35 355 41 349 11 57 91 58 333 96
split_gain=0.0456181 0.0904357 0.0861052 0.0626249 0.0659305 0.0853113 0.10296 0.0952215 0.0898015 0.0838659 0.0875305 0.0646564 0.0573033 0.0536924 0.0696987 0.0533937 0.0386783 0.0106457 0.000268643
threshold=1.0000000180025095e-35 0.5694729924249865 0.38716154706065237 1.5000000000000002 5.7376829466184329 0.05528163002666809 5.4769578608900629 2.7018518518518522 18.622059691329039 5.1568889518397567 1.0000000180025095e-35 -2.3549999999999991 1.0000000180025095e-35 0.25089972921512377 24.119535524240479 8.0387958976653433 24.962114263118419 1.0000000180025095e-35 3.2850032948115051
decision_type=2 2 8 2 2 2 2 2 2 2 2 2 2 10 2 2 2 2 2
left_child=2 -2 3 4 16 6 8 9 13 -8 -11 -12 17 14 -6 -15 -1 -7 -10
right_child=1 -3 -4 -5 5 12 7 -9 18 10 11 -13 -14 15 -16 -17 -18 -19 -20
leaf_value=0.00030713048036266579 0.012117483779502532 -0.049752890613033902 0.038451018807895199 -0.024904025005399778 -0.038689639949044667 -0.014844123920335345 -0.023189618189453615 -0.03589999524491138 0.050649015699987449 -0.0050123483529878193 0.0088758654303855902 0.050431624674326506 -0.040699247689012945 0.00087509036923086021 0.019756524051808787 0.050911155867646378 0.050475773694804375 0.0017681827788212157 0.046719940903123473
leaf_weight=0.059940127772280749 0.1104335251438896 0.1269698062678799 0.15207918739906734 0.23466867860406626 0.10286044178064946 0.18743066818569776 0.24060025910148375 0.18846078153001133 0.13582366320770234 0.42813716176897287 0.20304093661252531 0.1736615242261893 0.17631889844778925 0.10546067789255176 0.10119203997601289 0.10783292267296929 0.10700140631524846 0.19865435884275939 0.064005651554907672
leaf_count=16 27 18 33 18 14 26 35 29 29 36 39 34 21 24 26 22 32 16 28
internal_value=0.00011774 -0.0209725 0.00180517 -0.000174543 0.00207441 -2.75732e-05 0.00515402 -0.00318579 0.0218276 0.00271158 0.0104545 0.0280333 -0.0170821 0.00863014 -0.0097055 0.0261714 0.0324628 -0.00629651 0.0493905
internal_weight=3.20457 0.237403 2.96717 2.81509 2.58042 2.41348 1.85108 1.2339 0.617175 1.04544 0.80484 0.376702 0.562404 0.417346 0.204052 0.213294 0.166942 0.386085 0.199829
internal_count=523 45 478 445 427 379 316 173 143 144 109 73 63 86 40 46 48 42 57
is_linear=0
shrinkage=0.05


Tree=197
num_leaves=22
num_cat=0
split_feature=140 4 11 158 0 3 84 17 88 25 355 87 97 19 71 93 58 4 99 21 96
split_gain=0.0423928 0.086326 0.0800656 0.0572603 0.0615942 0.0781294 0.0960097 0.0881752 0.086826 0.0854653 0.0720335 0.101565 0.0864721 0.0545583 0.0724007 0.0503116 0.0379736 0.0337417 0.0151633 0.00441781 0.000299748
threshold=1.0000000180025095e-35 0.5694729924249865 0.38716154706065237 1.5000000000000002 5.7376829466184329 0.05528163002666809 5.4769578608900629 2.7018518518518522 18.622059691329039 0.093386813978177843 1.0000000180025095e-35 11.050580173921391 12.150298106099008 9.9578567398347957 11.132110078225953 32.901388066965687 24.962114263118419 0.71966052992516205 1.7476533504727374 -2.2801432034939517 3.2850032948115051
decision_type=2 2 8 2 2 2 2 2 2 8 2 2 2 10 2 2 2 2 2 8 2
left_child=2 -2 3 4 16 6 8 9 13 10 12 -12 -8 18 -15 -7 -1 -17 -6 -13 -10
right_child=1 -3 -4 -5 5 15 7 -9 20 -11 11 19 -14 14 -16 17 -18 -19 -20 -21 -22
leaf_value=0.00029177451929169847 0.011542541137784948 -0.04962846470730975 0.037605010554813641 -0.023936590241468214 0.015603105462194872 -0.040254069693528155 0.013393172704745613 -0.034951963007018437 0.050617332007389264 -0.035850692123624038 -0.0059137585013888626 0.050448825837553751 -0.028315676411630897 -0.027562500351757231 0.023416292458884866 -0.023027357644919866 0.050452602754427568 0.0062364644415888806 0.05030538534129976 0.036202915572718375 0.046372859829050338
leaf_weight=0.059940074715997826 0.11014522035839025 0.12107271666172892 0.14783489344699763 0.23201509611681093 0.055254761944525277 0.15833774377824728 0.2891664633643799 0.18400917822145846 0.1292782966629602 0.12671958638384362 0.16706475155660883 0.14664608669409063 0.2179171207244508 0.15058768940070877 0.12957680877298117 0.17908451432595029 0.10182845356757753 0.21890847335453145 0.073155415026121773 0.086534191854298115 0.061328457974013872
leaf_count=16 27 18 33 18 10 19 16 29 29 25 20 36 33 30 15 22 32 22 31 14 28
internal_value=0.00011933 -0.0204885 0.00175383 -0.000161373 0.00201436 -2.0191e-05 0.00499904 -0.00306155 0.0213852 0.00261335 0.00798533 0.0238427 -0.00453104 0.00838498 -0.00398468 -0.0164154 0.0318665 -0.00693135 0.035373 0.0451621 0.0492517
internal_weight=3.14641 0.231218 2.91519 2.76735 2.53534 2.37357 1.81724 1.21806 0.599181 1.03405 0.907329 0.400245 0.507084 0.408575 0.280164 0.556331 0.161769 0.397993 0.12841 0.23318 0.190607
internal_count=523 45 478 445 427 379 316 173 143 144 119 70 49 86 45 63 48 44 41 50 57
is_linear=0
shrinkage=0.05


Tree=198
num_leaves=25
num_cat=0
split_feature=32 127 104 325 28 24 83 79 53 77 102 34 30 89 4 21 66 101 57 18 123 19 137 45
split_gain=0.0443996 0.234376 0.189506 0.079312 0.0699262 0.0628255 0.121302 0.0804697 0.0743737 0.0869262 0.0889978 0.0824864 0.131188 0.059504 0.0388738 0.0360403 0.0302998 0.0301637 0.0196669 3.92798e-06 3.2722e-06 2.49777e-07 2.58609e-08 1.4072e-08
threshold=9.0620240011984752 1.0000000180025095e-35 3.9151937837112736 1.0000000180025095e-35 541.65954369220174 5.5117093672116146 41.530000000000008 60.061267997025006 4.9881916267914397 6.4208216229260096 0.33938502355462113 10.07021904628518 18.212665710596681 31.556574940867453 0.76790875112142931 -2.2259980134284767 19.324432260271315 4.448976796737214 18.982240825463737 16.224596991375616 1.0000000180025095e-35 9.6728728635101806 1.0000000180025095e-35 3.0771097843738922
decision_type=2 2 2 2 2 10 2 2 2 2 2 2 2 2 2 10 2 2 2 10 2 10 2 2
left_child=1 2 3 15 14 -6 18 8 9 10 -8 -10 -13 -12 -2 -1 -9 -11 -7 -17 21 -20 23 -23
right_child=4 -3 -4 -5 5 6 7 16 11 17 13 12 -14 -15 -16 19 -18 -19 20 -21 -22 22 -24 -25
leaf_value=-0.0055169217853435881 0.0097237723186324246 -0.055223844230690537 0.044579585029463666 0.0155178940019396 -0.020711966994771118 0.0098628263836401612 0.026892644693796087 0.0021069746084091782 -0.035826631537779902 0.013835929092922694 -0.036170007059017358 0.031582913595817462 -0.027141909732101618 0.0020916052568560554 0.050488059672271823 -0.050730217549113048 0.050530672026122984 0.050380901402298318 0.050279429340859431 -0.050187823520696839 0.050627549016152941 0.050106503120708114 0.050140039992859244 0.050045202501739786
leaf_weight=0.066351856512483209 0.12110847473377395 0.21025393309537321 0.2065338958054781 0.11987310217227787 0.29682193859480355 0.037514797892072127 0.16728341771522515 0.047702717129140981 0.29535796208801912 0.10887180175632238 0.19696274444868322 0.17308140383102 0.21108924207510427 0.20991089899325743 0.11310123381554149 0.057661614584504028 0.10007822593615856 0.11729715095134452 0.027094320859760046 0.079264800006058067 0.062606885010609403 0.016476493678055704 0.021696601208532229 0.021681258302123751
leaf_count=11 19 9 6 9 34 15 23 15 34 13 26 35 34 27 24 10 36 31 6 36 9 10 14 37
internal_value=0.000119872 -0.010559 0.0071703 -0.0167389 0.00348842 0.000613311 0.00410138 -0.000281158 -0.00379439 0.00653419 -0.00380802 -0.015959 -0.000684462 -0.0164304 0.0294091 -0.0357607 0.0348998 0.0327891 0.0422323 -0.0504162 0.0503519 0.0501535 0.0500965 0.0500717
internal_weight=3.08568 0.739939 0.529685 0.323151 2.34574 2.11153 1.81471 1.62764 1.47985 0.800326 0.574157 0.679529 0.384171 0.406874 0.23421 0.203278 0.147781 0.226169 0.18707 0.136926 0.149556 0.0869487 0.0598544 0.0381578
internal_count=523 81 72 66 442 399 365 274 223 120 76 103 69 53 43 57 51 44 91 46 76 67 61 47
is_linear=0
shrinkage=0.05


Tree=199
num_leaves=28
num_cat=0
split_feature=26 127 20 3 28 24 99 19 37 99 103 43 4 2 76 92 25 313 266 93 15 66 3 19 124 40 59
split_gain=0.0415275 0.184748 0.230808 0.0882196 0.0646856 0.0599242 0.0578462 0.106675 0.0902566 0.0800753 0.0922514 0.0861259 0.10988 0.0807719 0.0732786 0.0732563 0.0630304 0.0413537 0.0379397 0.0309901 0.0296966 0.018876 0.0153229 0.000913435 8.77958e-06 3.20383e-06 2.66968e-07
threshold=2.4305639760047515 1.0000000180025095e-35 2.28212851305917 -0.037633219954648182 541.65954369220174 7.904580077811949 7.9186332120088458 10.085034188470534 4.0105965033205582 4.1851240864342714 2.3554256783353211 16.724430138717334 0.6711784331616607 0.045430042272034295 9.5025630227359859 35.031542585773444 -0.90427117930552459 1.0000000180025095e-35 1.0000000180025095e-35 30.247643268687039 1.2158385093167705 56.867733512994079 -1.0720949074074071 10.13612819837544 1.5000000000000002 3.1744634131752463 18.693993678110957
decision_type=2 2 10 2 2 10 2 10 2 2 2 2 2 2 2 2 10 2 2 2 2 2 2 10 2 2 2
left_child=1 2 3 23 17 6 7 8 -6 10 14 -12 13 -13 -10 21 -11 -2 -7 -14 25 -15 -18 -1 26 -9 -24
right_child=4 -3 -4 -5 5 18 -8 20 9 16 11 12 19 15 -16 -17 22 -19 -20 -21 -22 -23 24 -25 -26 -27 -28
leaf_value=-0.043145118810971175 0.050414183840550242 -0.050294415221611259 0.043750623130836809 0.0064394653684487508 -0.042833528229256505 0.0037016471957909262 -0.033893734487140635 0.050722466510590362 0.050399513250827213 -0.015299178998731906 -0.047316537095246185 0.016528640599526769 0.0067808635022306015 -0.026290984147294711 -0.0059918324122178301 0.0030769033868386381 0.0163156123931134 0.0070265417553288982 0.050515907578438615 0.05068548015064063 0.01362527406230437 -0.050791528334335138 0.050310809491728163 -0.050616775388493164 0.05105107214411523 0.050194966604288065 0.05012464425348049
leaf_weight=0.071808137930929661 0.11255075136432457 0.20673722328501754 0.22587688668863848 0.1398463983787227 0.13735602889210019 0.080787742124812101 0.13132330423104566 0.052515621529891976 0.1164007929182842 0.066824702080339193 0.15167147014290094 0.14671246462239651 0.074321543957921676 0.14489219376991969 0.11405991943320259 0.14748212177073583 0.043780686799436808 0.1072528189397417 0.093216151813976467 0.087524793940247037 0.10368757724063471 0.17185866250656545 0.035178723839635384 0.095052738965023309 0.051417180511634797 0.063700381186208688 0.042550722762825899
leaf_count=17 28 9 13 16 16 18 17 6 27 12 12 28 25 31 20 16 6 17 24 20 15 17 15 24 7 34 33
internal_value=0.000118528 -0.0101774 0.00539512 -0.0228521 0.00346143 0.000706826 -0.00188706 0.000512129 -0.00416226 -0.000353682 -0.00581236 -0.0128679 -0.00610692 -0.0158109 0.0224902 -0.0260312 0.0259416 0.0292432 0.0287807 0.030524 0.0330778 -0.0395842 0.0418784 -0.0474014 0.0505442 0.0504333 0.0502089
internal_weight=3.01639 0.739321 0.532584 0.306707 2.27707 2.05726 1.88326 1.75194 1.53203 1.39468 1.15492 0.924463 0.772792 0.610945 0.230461 0.464233 0.239752 0.219804 0.174004 0.161846 0.219904 0.316751 0.172927 0.166861 0.129147 0.116216 0.0777294
internal_count=523 79 70 57 444 399 357 340 285 269 196 149 137 92 47 64 73 45 42 45 55 48 61 41 55 40 48
is_linear=0
shrinkage=0.05


Tree=200
num_leaves=26
num_cat=0
split_feature=32 127 359 71 4 363 18 20 130 149 33 103 105 36 38 315 85 311 33 2 11 44 20 314 130
split_gain=0.0407039 0.209229 0.179425 0.0819758 0.0622871 0.0941844 0.0611625 0.111302 0.109531 0.0828169 0.0977654 0.132133 0.0891188 0.102209 0.0628711 0.0578091 0.0470257 0.0425522 0.0242113 0.0220567 0.0105614 0.00962874 0.00640297 2.18283e-06 1.22154e-06
threshold=9.0620240011984752 1.0000000180025095e-35 1.0000000180025095e-35 11.132110078225953 0.82156817239475388 1.0000000180025095e-35 16.543530954186505 2.4203589789993889 2.9529000000000019 1.0000000180025095e-35 7.2811687168509289 2.7564880229079365 0.38278388278388281 9.6653583616557004 7.8925480215725861 1.0000000180025095e-35 14.493540694785851 1.0000000180025095e-35 10.661905537412952 0.026092870790291104 0.21976025106502386 5.6336848029979718 2.4203589789993889 1.0000000180025095e-35 3.3561500000000026
decision_type=2 2 2 2 2 2 10 8 2 2 2 2 2 2 2 2 2 2 2 2 10 2 10 2 2
left_child=1 2 -1 -4 6 21 7 8 15 10 -8 19 16 18 -15 -2 17 -13 -14 -12 -10 -6 -11 -23 -21
right_child=4 -3 3 -5 5 -7 9 -9 20 22 11 12 13 14 -16 -17 -18 -19 -20 24 -22 23 -24 -25 -26
leaf_value=0.038661606268882334 -0.0337896169215759 -0.054706077861145112 -0.044879816248025728 0.010688791756162865 0.027183844681662534 -0.018476937697141285 -0.048352323965152127 -0.039576378760539793 0.050373161108739344 0.050404048713231279 0.018643546148310382 0.019625467956731948 0.015952810805415739 -0.032908009964118592 0.011389468223018152 0.008660916141045711 -0.050752844523164024 -0.03891637408329484 0.050998402073476029 0.050509357638993946 0.022289558289666143 0.050177255609721409 0.029391896249585322 0.050568419164633387 0.050226607592538566
leaf_weight=0.23325722315348685 0.16789938957663286 0.1929984163143672 0.15538358502090011 0.1158541978802532 0.065107700182124861 0.088431447162292898 0.088518002768978366 0.23668077774345875 0.085649005413870327 0.087578791892155894 0.085419337847269849 0.068250789045123383 0.086207150678092148 0.15123892138944939 0.17029041418572888 0.15353888768004254 0.1205494066234678 0.056934379623271525 0.1150580912726582 0.076353358337655663 0.054960145615041256 0.068313809249957558 0.061868440709076822 0.074625071254558861 0.076439447402663063
leaf_count=23 21 9 29 20 9 14 10 24 35 32 20 37 28 14 27 20 12 7 15 13 15 38 11 10 30
internal_value=0.000116866 -0.0104307 0.00650721 -0.0211447 0.0034013 0.0247486 0.000144697 -0.0116941 0.00258844 0.00679051 0.00202641 0.00645597 -0.00362885 0.0080444 -0.0094469 -0.0135126 -0.0284634 -0.00699944 0.0359875 0.038992 0.0393961 0.0431218 0.0417054 0.0503815 0.0503679
internal_weight=2.93741 0.697493 0.504495 0.271238 2.23991 0.296478 1.94343 0.698728 0.462047 1.24471 1.09526 1.00674 0.768529 0.522795 0.321529 0.321438 0.245735 0.125185 0.201265 0.238212 0.140609 0.208047 0.149447 0.142939 0.152793
internal_count=523 81 72 49 442 71 371 115 91 256 213 203 140 84 41 41 56 44 43 63 50 57 43 48 43
is_linear=0
shrinkage=0.05


Tree=201
num_leaves=22
num_cat=0
split_feature=140 4 11 158 0 3 84 17 88 60 100 21 103 18 98 130 58 76 17 12 2
split_gain=0.0390334 0.0761598 0.0680557 0.0493855 0.0533746 0.0684258 0.0837601 0.0789043 0.0768031 0.0729356 0.0693093 0.0789938 0.0764351 0.0746086 0.0563642 0.0468254 0.0347582 0.0329084 0.0319112 0.0175905 0.000368019
threshold=1.0000000180025095e-35 0.5694729924249865 0.38716154706065237 1.5000000000000002 5.7376829466184329 0.05528163002666809 5.4769578608900629 2.7018518518518522 18.622059691329039 24.206335444317251 0.53668896974641456 -2.233650172865159 6.50302241740102 16.285119989634897 1.638605234640172 3.0763600000000024 24.962114263118419 4.7657000689359359 2.5250626566416043 -0.48546205555767002 0.069208795334345
decision_type=2 2 8 2 2 2 2 2 2 2 2 10 2 10 2 2 2 2 2 10 2
left_child=2 -2 3 4 16 6 8 10 9 14 11 12 13 -8 -6 -7 -1 -16 -12 -15 -10
right_child=1 -3 -4 -5 5 15 7 -9 20 -11 18 -13 -14 19 17 -17 -18 -19 -20 -21 -22
leaf_value=-0.00012893409716796268 0.010299566043997102 -0.049520517025198253 0.036411898009597286 -0.02337119891200232 0.023182147088989347 -0.036562545977963552 -0.008242220476950184 -0.034339500101838547 0.04539235370376013 0.048073300663322098 0.0061715463291029619 -0.03359196713707123 -0.022052176697236626 0.021362524999931989 -0.041902169923440813 -0.0047215099296620492 0.050413273837137021 0.0019945132346579305 0.044754097465369604 0.050495796108765811 0.050517207888295924
leaf_weight=0.054534675960896339 0.10341774829430495 0.10959050140809268 0.13457532614847867 0.20876018551643927 0.11592558513802975 0.17968468858452968 0.15680312697077303 0.16940200838143937 0.049587471992708743 0.088739768194500357 0.096830164082348347 0.17828591511351832 0.17873688973486423 0.094286406092579877 0.093783139149309136 0.32305992719193455 0.0904108917384292 0.078377835074206814 0.12001797868288122 0.11502010138792551 0.11933030266663991
leaf_count=16 27 18 33 18 23 29 6 29 20 23 17 33 22 13 15 34 32 25 24 29 37
internal_value=0.000113786 -0.0204772 0.00177131 -8.48031e-05 0.00202621 5.33436e-05 0.00496045 -0.00292864 0.0209973 0.00843897 0.00273218 -0.00470272 0.00475048 0.0178357 -0.00376966 -0.0161017 0.0313971 -0.0219178 0.0275257 0.0373721 0.0490128
internal_weight=2.85916 0.213008 2.64615 2.51158 2.30282 2.15787 1.65513 1.10938 0.545744 0.376826 0.939981 0.723132 0.544847 0.36611 0.288087 0.502745 0.144946 0.172161 0.216848 0.209307 0.168918
internal_count=523 45 478 445 427 379 316 173 143 86 144 103 70 48 63 63 48 40 41 42 57
is_linear=0
shrinkage=0.05


Tree=202
num_leaves=25
num_cat=0
split_feature=32 127 359 22 28 151 23 4 98 43 78 81 22 47 60 44 125 58 4 103 35 100 34 130
split_gain=0.0387346 0.195968 0.167957 0.0751901 0.0583962 0.0551639 0.0699844 0.0625537 0.0588298 0.0890296 0.0737145 0.0651944 0.0611239 0.0573495 0.074396 0.0549852 0.0547787 0.0536789 0.0362164 0.00227938 1.23156e-05 2.51194e-07 8.228e-08 2.72195e-08
threshold=9.0620240011984752 1.0000000180025095e-35 1.0000000180025095e-35 2.061130790071362 541.65954369220174 1.0000000180025095e-35 -3.1324559154526752 0.29290168753964141 9.8939374411348098 23.090884376112388 24.384968175203696 10.524115764110292 2.4180531142735107 15.533486938863142 13.027545420331871 8.8387223836834767 2.5000000000000004 36.781423220166054 0.76790875112142931 5.0749005443226682 9.1942955156639758 -0.32169446633948295 8.4676538877684226 3.0904600000000024
decision_type=2 2 2 10 2 2 8 2 2 2 2 2 8 2 2 2 2 2 2 2 2 2 2 2
left_child=1 2 -1 -4 18 6 19 -8 9 10 11 -9 13 15 -15 -10 20 -7 -2 -6 21 -12 -23 -24
right_child=4 -3 3 -5 5 17 7 8 12 -11 16 -13 -14 14 -16 -17 -18 -19 -20 -21 -22 22 23 -25
leaf_value=0.037840635920716514 0.0089444393752719214 -0.054434012716633312 0.0097900375148030887 -0.044556589062532459 0.035358599197182559 -0.037049668352477756 0.040532025798822938 -0.017196896295269808 -0.0080965542071701931 -0.034106228457406046 0.050307954167288421 0.029966483811089351 -0.038019138890585037 0.0096916042051904076 -0.035289979192122761 0.045103359621120359 -0.00071465976032700088 0.0039911174117158027 0.050424743028115331 0.050260440986018728 0.05100878012020689 0.050197989990509798 0.050130603678817914 0.050066378424651996
leaf_weight=0.225326807849342 0.11248109763255376 0.18328551907325163 0.11175702989567105 0.1478308598161675 0.044675421828287654 0.17400572881160759 0.096924681434756965 0.19336783068865748 0.095811615698039532 0.099277962639462203 0.026021032295830304 0.11797725537326187 0.16137895721476525 0.16972507641185075 0.20052587724057958 0.098503847868414596 0.071763734944397584 0.14696521600853885 0.098879598430357873 0.060292713606031612 0.067065604795061518 0.033039441943401249 0.036366841348353773 0.03019420882628765
leaf_count=23 19 9 23 26 16 23 21 39 27 18 7 34 18 17 23 18 8 33 24 25 7 13 18 34
internal_value=0.000115276 -0.0103909 0.00625631 -0.0211594 0.00340306 0.000662359 0.00445102 0.00168538 -0.00100209 0.00962276 0.0171625 0.000674612 -0.0108824 -0.00312547 -0.0146702 0.0188719 0.036574 -0.018258 0.0283499 0.0439181 0.0504617 0.0501696 0.0501335 0.0501015
internal_weight=2.80344 0.6682 0.484915 0.259588 2.13524 1.92388 1.60291 1.49794 1.40102 0.675074 0.575796 0.311345 0.725945 0.564566 0.370251 0.194315 0.264451 0.320971 0.211361 0.104968 0.192687 0.125622 0.0996005 0.0665611
internal_count=523 81 72 49 442 399 343 302 281 178 160 73 103 85 40 45 87 56 43 41 79 72 65 52
is_linear=0
shrinkage=0.05


Tree=203
num_leaves=21
num_cat=0
split_feature=39 67 20 39 103 59 98 15 45 90 71 2 55 11 65 25 22 60 98 3
split_gain=0.039713 0.0603512 0.0435719 0.0455731 0.0603447 0.0588064 0.0610388 0.0948258 0.0902195 0.108157 0.0683373 0.056152 0.0574694 0.0727962 0.041294 0.0292889 0.0129461 5.69895e-06 6.34498e-08 3.03612e-08
threshold=1.6774422705885661 6.6377865767060316 2.1487709070797973 2.6312701608979592 0.20381037945463101 6.1316053200373437 9.8939374411348098 1.2265395894428155 2.2396614474252226 24.676168820312203 10.046267513132401 0.045430042272034295 5.1573963106972966 0.15400560790319393 1.0000000180025095e-35 -0.12050326427729884 2.399302508283554 38.298191773602134 4.7793819628170997 -0.49173266921170095
decision_type=2 2 8 2 2 2 2 2 2 2 2 2 2 10 2 8 10 2 2 2
left_child=1 -1 15 -4 -5 -6 7 8 -7 14 -11 -8 13 -13 17 -2 -15 18 19 -10
right_child=2 -3 3 4 5 6 11 -9 9 10 -12 12 -14 16 -16 -17 -18 -19 -20 -21
leaf_value=0.0013392650053203677 0.036577715644546253 -0.050400190589883688 -0.02051620476454662 0.038281501029772042 0.035034122847520686 -0.040432580265967334 0.015241678562343937 0.050494175989748896 0.050136326627715055 0.0078815036948105804 -0.037501112979822143 -0.0052272899998099592 0.0082664472012167877 -0.028371672415875078 0.010240856343030867 0.0047383143535061224 -0.049202961195489718 0.05078129928389391 0.050176610772392438 0.050060667101378166
leaf_weight=0.13936097404803183 0.14049085322767496 0.094634188048075885 0.25044179998803917 0.10903353411413252 0.11257396230939765 0.11156530556036137 0.16468437446746975 0.11128839301818516 0.023765179401380565 0.21392155526700662 0.13548709546739701 0.26273963463609107 0.17285460152197629 0.12349348090356216 0.1138678235001862 0.14865684491815079 0.18832216697046533 0.051954792652395554 0.041144386035739444 0.02999528212967506
leaf_count=33 24 29 37 20 21 12 30 28 15 42 20 20 28 25 35 16 26 7 18 37
internal_value=0.000113686 -0.0195856 0.00195288 -0.000427915 0.00213016 8.29119e-06 -0.0022512 0.00753389 0.000909293 0.00846878 -0.00971611 -0.0111876 -0.0170111 -0.0246158 0.0328389 0.0202084 -0.0409528 0.0503603 0.0501299 0.0500941
internal_weight=2.74028 0.233995 2.50628 2.21713 1.96669 1.85766 1.74508 0.83299 0.721701 0.610136 0.349409 0.912094 0.74741 0.574555 0.260727 0.289148 0.311816 0.14686 0.0949048 0.0537605
internal_count=523 62 461 421 384 364 343 214 186 174 62 129 99 71 112 40 51 77 70 52
is_linear=0
shrinkage=0.05


Tree=204
num_leaves=25
num_cat=0
split_feature=39 67 20 16 11 355 17 24 4 11 47 58 3 3 15 99 95 291 12 26 39 37 54 16
split_gain=0.0366442 0.0583806 0.0398528 0.076995 0.0438196 0.0563088 0.108226 0.149103 0.0907466 0.0778404 0.077293 0.058818 0.0580331 0.0950637 0.0979538 0.055732 0.0441728 0.0306703 0.00725958 2.96877e-06 2.56761e-06 7.36586e-07 1.68097e-07 2.21377e-08
threshold=1.6774422705885661 6.6377865767060316 2.1487709070797973 1.7847490347490351 0.38716154706065237 1.0000000180025095e-35 2.5735930735930741 5.3671081051008072 0.6711784331616607 0.16642694978495601 9.6331975082322927 74.413171608647261 0.087930957337330487 -0.40455318558156667 1.1234756097560978 0.66114104414784713 16.43149555104749 1.0000000180025095e-35 -0.52620116328625288 3.3777572931039059 5.1682826591308162 4.8276527607898929 9.2796729001843374 1.753048780487805
decision_type=2 2 8 2 8 2 2 10 2 10 2 2 2 2 2 2 2 2 10 2 2 2 2 2
left_child=1 -1 3 -2 5 8 7 -7 17 -8 -10 18 13 16 -15 -12 -11 -4 -9 -16 21 -20 23 -23
right_child=2 -3 4 -5 -6 6 9 11 10 12 15 -13 -14 14 19 -17 -18 -19 20 -21 -22 22 -24 -25
leaf_value=0.0012723172548434608 -0.0080274821555052656 -0.050380696300538888 -0.017279663462091029 0.043986565524783833 0.026310274279598724 -0.033375119565555438 0.038568026281085258 0.02548789477281016 -0.019270945576779355 -0.049342958192416277 -0.0050173428676592649 -0.002794787423016384 -0.047095762021194421 -0.032955776464302748 0.050147130835676824 0.03260511608964161 -0.0035319462338282781 -0.04942197943428274 0.05036184005040293 0.050676412778021984 0.050545079525044383 0.050057142189572613 0.050236189667174559 0.050120469892951408
leaf_weight=0.13935946548008393 0.1346598488162275 0.090052778396056965 0.14367848710389852 0.15084924973780289 0.14330824773787743 0.091337108839070424 0.075140602537430823 0.032916826661677168 0.31946519631310366 0.11507203162182122 0.19650120544247329 0.071590347739402205 0.11530084954574704 0.052714838064275682 0.050819993048207834 0.19724108080845326 0.096957495508831926 0.15351506823208183 0.06349587714066629 0.055347958914353512 0.12007179137435742 0.030517111546942033 0.02786816604930209 0.025192501685523894
leaf_count=33 17 29 27 23 34 10 28 3 33 12 11 18 8 16 29 29 29 19 18 12 24 38 10 13
internal_value=0.000109647 -0.0190034 0.0018895 0.0194542 -0.00041297 -0.0022951 0.0059658 0.0238614 -0.01067 -0.008794 -0.000997244 0.0379278 -0.0161134 -0.00648236 0.0227593 0.0138292 -0.0283944 -0.0338827 0.0476436 0.0504231 0.0503735 0.0502335 0.0501359 0.0500858
internal_weight=2.69297 0.229412 2.46356 0.285509 2.17805 2.03474 1.02434 0.46299 1.0104 0.561354 0.713207 0.371653 0.486213 0.370912 0.158883 0.393742 0.21203 0.297194 0.300062 0.106168 0.267145 0.147074 0.0835778 0.0557096
internal_count=523 62 461 40 421 387 268 134 119 134 73 124 106 98 57 40 41 46 106 41 103 79 61 51
is_linear=0
shrinkage=0.05


Tree=205
num_leaves=23
num_cat=0
split_feature=119 119 15 95 11 60 56 60 68 61 16 90 90 67 66 71 2 100 130 19 90 102
split_gain=0.0358855 0.0617029 0.0683418 0.0481949 0.0740004 0.0409465 0.0414945 0.0566896 0.058107 0.0927252 0.0599403 0.0560819 0.0699519 0.0623593 0.0458211 0.0319028 0.0295122 0.00383686 5.038e-07 1.17889e-07 6.21532e-08 1.79174e-08
threshold=5.5000000000000009 3.5000000000000004 0.81385281385281394 36.864671883787913 0.3380420224101135 36.907487129531511 5.9517232468707313 32.047606586665701 66.788863758623748 1.0000000180025095e-35 2.0467391304347831 10.626743830781304 18.599835156561955 13.120575591125323 50.133486710192493 5.6245051466277411 0.061349548944922179 -0.97288367575119006 1.5410000000000001 9.76298093433447 1.0000000180025095e-35 1.5987888583144718
decision_type=2 2 2 2 8 2 2 2 2 2 2 2 2 2 2 2 2 2 2 10 2 2
left_child=1 2 -1 4 5 6 7 8 10 -10 11 13 15 -4 -14 -13 -15 -11 -19 -20 -21 -22
right_child=-2 -3 3 -5 -6 -7 -8 -9 9 17 -12 12 14 16 -16 -17 -18 18 19 20 21 -23
leaf_value=0.04085682819701876 0.028262358648836867 -0.034878283638631657 -0.047162302987986904 0.031117659119332869 -0.033641400793117997 0.02596066877833272 -0.030045206828411049 -0.034489315591006271 -0.02749358058534572 0.029820737732166591 0.026547008398485013 0.042416246622282369 -0.029604621397944939 -0.026862319336423298 0.004265853394966373 0.0078704100872866983 0.0015609346478080615 0.050373801798962836 0.050238434646657296 0.050180013262764993 0.050115624500515543 0.050052044279988744
leaf_weight=0.10150175246963167 0.10852118604816485 0.12833646428771306 0.13079782755812741 0.11069961020257313 0.1775249100755899 0.14158550489082689 0.12260685506043945 0.11123052751645435 0.057838415203150251 0.028108853148296475 0.17034643999068055 0.1280694673769176 0.15775459328870056 0.1347879825043492 0.27205500658601522 0.13976488306070678 0.28322619473328814 0.033747807843610644 0.026552849216386676 0.023642213898710907 0.019717083938303404 0.025298090593423694
leaf_count=37 14 27 27 30 34 35 27 18 5 6 36 18 38 16 21 23 34 6 8 10 14 39
internal_value=0.000108673 -0.00110124 0.000707304 -0.00106813 -0.00269903 3.77354e-05 -0.00192969 4.80991e-05 0.00240245 0.0266291 -0.00127233 -0.00507425 0.00433246 -0.017032 -0.00816575 0.0243891 -0.0076041 0.0465593 0.0502078 0.050149 0.0501144 0.0500799
internal_weight=2.63371 2.52519 2.39686 2.29536 2.18466 2.00713 1.86555 1.74294 1.63171 0.214905 1.4168 1.24646 0.697644 0.548812 0.42981 0.267834 0.418014 0.157067 0.128958 0.0952102 0.0686574 0.0450152
internal_count=523 509 482 445 415 381 346 319 301 88 213 177 100 77 59 41 50 83 77 71 63 53
is_linear=0
shrinkage=0.05


Tree=206
num_leaves=25
num_cat=0
split_feature=140 4 11 168 346 127 104 108 17 16 48 61 26 98 3 59 130 83 67 60 61 128 15 121
split_gain=0.0362715 0.0685817 0.0614581 0.0449316 0.0986075 0.133094 0.140889 0.0914251 0.0770445 0.0958465 0.0704822 0.0731229 0.0821777 0.064419 0.0631246 0.0783131 0.0833121 0.00459936 0.00289482 6.9223e-06 2.32504e-06 1.1374e-06 4.59675e-07 6.78395e-08
threshold=1.0000000180025095e-35 0.5694729924249865 0.38716154706065237 1.0000000180025095e-35 1.0000000180025095e-35 1.0000000180025095e-35 2.7408061246288384 2.5000000000000004 2.5582655826558267 2.0467391304347831 11.362553841204106 18.010175998037877 2.4048551137265783 10.885804540938343 0.087930957337330487 18.773050708447201 2.7671000000000014 67.380000000000024 12.976081979924738 5.4658455935065211 14.620698685034407 6.12511366287971 1.134848484848485 1.5000000000000002
decision_type=2 2 8 2 2 2 2 2 2 2 2 2 2 2 2 2 2 2 2 2 2 2 2 2
left_child=2 -2 3 4 7 6 10 -1 13 14 11 12 -6 18 15 -10 -17 -9 -5 -20 -14 -19 23 -21
right_child=1 -3 -4 8 5 -7 -8 17 9 -11 -12 -13 20 -15 -16 16 -18 21 19 22 -22 -23 -24 -25
leaf_value=0.009350827652406182 0.0096759237405468213 -0.049448438977464024 0.036651665877532075 0.035326607857280923 -0.016217227192724191 -0.027747231473392787 0.050465245989330582 -0.035802435616586387 -0.033447050625975992 0.030907466183209373 -0.030857645288667752 -0.023685322031451614 0.05018157272087112 0.0030916042946735056 -0.040222212237483727 -0.0089689361718018612 0.050442024364265585 -0.050294865185946835 0.050988148728755602 0.050194879111429662 0.050584264728010003 -0.050556993489869022 0.050358302414556536 0.050094826497330928
leaf_weight=0.10905922917300015 0.095918826904380583 0.10037159908097237 0.12014767257642223 0.040690572815947013 0.068419282441027462 0.25946402481349651 0.19249239459168166 0.079624923353549093 0.1267503250419395 0.16845755086978897 0.13521421944460599 0.09627585590351373 0.071630915641435422 0.15084562433185056 0.14712256225175224 0.14654327381867915 0.098787221453676466 0.082316248357528821 0.039553226350108162 0.029351002609473653 0.071748007787391543 0.083222001674585044 0.035506385145708919 0.040073120420856867
leaf_count=24 27 18 33 6 8 33 18 15 14 34 28 11 37 21 22 24 37 28 8 18 8 12 7 32
internal_value=0.000105782 -0.0205569 0.00180047 -4.16006e-05 -0.00640446 0.00243101 0.0147468 -0.0287348 0.00772467 -0.0018639 -0.000763422 0.012445 0.0288685 0.0273476 -0.0124967 -0.0015339 0.0149541 -0.0456769 0.0471068 0.0504245 0.0503831 -0.0504266 0.050212 0.0501371
internal_weight=2.58959 0.19629 2.3933 2.27315 1.24947 0.895245 0.635781 0.354222 1.02368 0.687661 0.443288 0.308074 0.211798 0.33602 0.519203 0.372081 0.24533 0.245163 0.185174 0.144484 0.143379 0.165538 0.104931 0.0694241
internal_count=523 45 478 445 222 143 110 79 223 131 92 64 53 92 97 75 61 55 71 65 45 40 57 50
is_linear=0
shrinkage=0.05


Tree=207
num_leaves=21
num_cat=0
split_feature=28 74 23 25 99 102 68 133 98 39 12 22 100 11 0 84 103 28 4 128
split_gain=0.0352534 0.0502946 0.0446144 0.0575053 0.0573129 0.0921491 0.0747026 0.0817425 0.0692643 0.0521201 0.0639205 0.0519712 0.0718695 0.0502824 0.04844 0.0851642 0.0210829 0.0194998 0.00612835 0.00507573
threshold=1211.550602076527 1.0000000180025095e-35 -2.34634710865422 0.088117917518046332 3.9839498398549931 4.8050868613499054 65.78944485112423 1.0000000180025095e-35 24.922728996800554 5.0745589219144343 -0.5042386824851155 2.2362290276273846 0.32170117086194078 0.12487857665568959 12.148176492819351 5.4769578608900629 3.6085743691379726 622.62181218565831 0.51210166335602503 5.7296280971617835
decision_type=2 2 8 10 2 2 2 2 2 2 10 10 2 10 2 2 2 2 2 2
left_child=2 -2 3 4 6 16 7 13 19 10 -9 18 -13 -1 -15 -16 -6 -5 -4 -8
right_child=1 -3 11 17 5 -7 8 9 -10 -11 -12 12 -14 14 15 -17 -18 -19 -20 -21
leaf_value=0.0029147902457178805 0.041271609847905885 -0.013354938361587279 -0.029018776528184284 0.009877938838372461 0.014487931126782316 -0.020601121543312353 0.030556297399712343 -0.0080094872101703456 -0.011640563305489678 -0.017733928399539727 0.035198195144054867 -0.020948740489432849 0.029947644364167449 -0.046531436944649139 0.01700078521958405 -0.036001794827756291 0.048678700817481768 0.050458433048700013 -0.050510434761368662 0.050305126716012873
leaf_weight=0.17200755604426354 0.11537483901338408 0.066378044000884984 0.05725792812882069 0.048443553852848598 0.065760784869780653 0.099103865548386239 0.05061639797349915 0.15077380393631756 0.096685088705271482 0.16292246896773577 0.19801170605933294 0.21512050428282237 0.10236545732914237 0.21490250746137463 0.12219019257463515 0.19957484181213658 0.14341749726008857 0.076116142794489861 0.078845665353583172 0.09108026021567639
leaf_count=18 39 21 24 5 29 23 19 6 7 24 35 38 23 31 30 31 32 38 18 32
internal_value=0.000107489 0.0213214 -0.00153659 0.00184043 -0.000474154 0.0191139 -0.00461371 -0.00961444 0.0209873 0.0056141 0.0165203 -0.0156198 -0.00453847 -0.0206104 -0.0281505 -0.0158741 0.0379299 0.0346759 -0.041469 0.0432505
internal_weight=2.52695 0.181753 2.3452 1.89161 1.76705 0.308282 1.45876 1.22038 0.238382 0.511708 0.348786 0.45359 0.317486 0.708675 0.536668 0.321765 0.209178 0.12456 0.136104 0.141697
internal_count=523 60 463 360 317 84 233 175 58 65 41 103 61 110 92 61 61 43 42 51
is_linear=0
shrinkage=0.05


Tree=208
num_leaves=23
num_cat=0
split_feature=33 13 30 103 130 22 103 5 121 7 102 48 127 17 29 2 130 21 38 2 21 38
split_gain=0.0339782 0.0837802 0.0686826 0.0592293 0.116376 0.0786875 0.068233 0.0757399 0.0672614 0.0640451 0.045923 0.062811 0.0435352 0.130763 0.0431926 0.070389 0.0339504 0.0200028 0.00352266 9.22485e-07 2.64228e-07 5.80777e-08
threshold=7.1945626408719452 0.33167804984227239 11.625984656877963 2.6283237170636582 0.49705000000000005 2.232745149372279 4.5680069103258596 17.558149058149059 1.0000000180025095e-35 432.28800000000024 3.391543342742311 11.310484530296701 1.0000000180025095e-35 2.5773524720893146 12.923362107437436 0.3142833522297806 2.9673000000000016 -2.4387385260147414 5.2392070871902279 0.053484600847333759 -2.176605970364228 4.9889772251873818
decision_type=2 10 2 2 2 8 2 2 2 2 2 2 2 2 2 2 2 10 2 2 10 2
left_child=1 -1 14 4 -2 18 10 16 -6 12 11 -7 13 -9 15 -3 -8 -10 -5 -19 21 -21
right_child=3 2 -4 5 8 6 7 9 17 -11 -12 -13 -14 -15 -16 -17 -18 19 -20 20 -22 -23
leaf_value=-0.050538259308189871 -0.031508844058447207 -0.029915705423277497 -0.021000282880335664 0.030839242456919481 -0.0047957137934582618 0.039957748667124177 0.0035832423797962096 0.051816717710832044 0.016203255610672804 -0.023780406814070426 -0.041153473792407191 -0.026291738882366363 -0.015557494893786605 -0.0195349962027699 0.033055102400575791 0.026465836365666125 0.050460020679136942 0.050417357800806896 0.050265531496594601 0.050185502712218083 0.050267447001114719 0.050097164978230774
leaf_weight=0.10359130459255572 0.091154766501858719 0.11146678717341274 0.27486255334224552 0.040662685874849225 0.095397748169489205 0.053211859631119296 0.061775877635227516 0.14305468960810686 0.053167271020356566 0.26886191952507943 0.18214895128039643 0.1091978431068128 0.13111280859448016 0.11650752770947292 0.14685393054969609 0.10997041955124587 0.10306785863940604 0.074213066720403731 0.054766894041677006 0.03319508283311734 0.077389846410369501 0.04233583138557151
leaf_count=18 12 38 23 14 16 35 15 27 13 34 31 22 16 21 24 16 37 14 27 15 21 34
internal_value=0.000106733 -0.00880808 -0.0020867 0.00395205 0.0191718 -0.00166768 -0.00523163 0.00257816 0.0314683 -0.00499863 -0.0239171 -0.00458578 0.00792696 0.0197897 0.0120289 -0.00191543 0.0328928 0.0438104 0.041988 0.0502727 0.0502025 0.050136
internal_weight=2.47797 0.746745 0.643154 1.73122 0.466854 1.26437 1.16894 0.824381 0.375699 0.659537 0.344559 0.16241 0.390675 0.259562 0.368291 0.221437 0.164844 0.280301 0.0954296 0.227134 0.152921 0.0755309
internal_count=523 119 101 404 125 279 238 150 113 98 88 57 64 48 78 54 52 97 41 84 70 49
is_linear=0
shrinkage=0.05


Tree=209
num_leaves=26
num_cat=0
split_feature=140 4 11 168 346 127 104 108 17 16 48 61 26 101 68 98 95 130 83 67 60 61 24 15 121
split_gain=0.0336619 0.0605678 0.0541138 0.0419131 0.0899189 0.121666 0.130695 0.0824904 0.0666422 0.0853379 0.0626848 0.0650102 0.0722278 0.0588508 0.0897552 0.0580088 0.0495334 0.0428056 0.00456399 0.0033301 4.70098e-06 1.63215e-06 9.37729e-07 3.45038e-07 5.7559e-08
threshold=1.0000000180025095e-35 0.5694729924249865 0.38716154706065237 1.0000000180025095e-35 1.0000000180025095e-35 1.0000000180025095e-35 2.7408061246288384 2.5000000000000004 2.5582655826558267 2.0467391304347831 11.362553841204106 18.010175998037877 2.4048551137265783 8.3353330626985631 52.824051186326422 10.885804540938343 7.5372818907472796 2.9116000000000009 67.380000000000024 12.976081979924738 5.4658455935065211 14.620698685034407 5.727895315854421 1.134848484848485 1.5000000000000002
decision_type=2 2 8 2 2 2 2 2 2 2 2 2 2 2 2 2 2 2 2 2 2 2 10 2 2
left_child=2 -2 3 4 7 6 10 -1 15 13 11 12 -6 -10 -15 19 -16 -18 -9 -5 -21 -14 -20 24 -22
right_child=1 -3 -4 8 5 -7 -8 18 9 -11 -12 -13 21 14 16 -17 17 -19 22 20 23 -23 -24 -25 -26
leaf_value=0.0087406514990401724 0.0084045370635383084 -0.049346779052596872 0.035839058287605238 0.033586195928970677 -0.014420319715776599 -0.026972908562714278 0.05016911941163104 -0.035241247501316249 -0.036203805207032709 0.030126684312300291 -0.030301593550864338 -0.022720239911956007 0.050163336183417499 0.050349590587288696 -0.033426454114316093 0.0035659684815152861 -0.021132604821601855 0.040264052534530283 -0.050512754066062621 0.05087183488251025 0.050181018650742676 0.050520550934387509 -0.050264206909070942 0.050326826453467061 0.050084661714913326
leaf_weight=0.10206571576418466 0.090418806707020738 0.09118531143758446 0.11090903432341281 0.038168258615769335 0.064898058888502419 0.2492263628373621 0.18027547630481422 0.073971536941826344 0.164428646909073 0.16106652852613479 0.12578564916475443 0.09104930586181581 0.064447082128026523 0.070665357779944316 0.13894209548016079 0.14640767488162965 0.054140226915478706 0.059686242930183653 0.075342567288316786 0.034948432024975773 0.027231022992054932 0.063469483749940991 0.076461424585431814 0.032413931447081268 0.035971378900285345
leaf_count=24 27 18 33 6 8 33 18 15 19 34 28 11 37 22 16 21 12 28 10 8 18 8 30 7 32
internal_value=0.000111438 -0.020593 0.00178854 1.64131e-05 -0.00635692 0.00231815 0.0146928 -0.0285619 0.00773125 -0.00142978 -0.000919382 0.0121004 0.0285432 -0.0118481 0.000534008 0.0265954 -0.0133927 0.0110615 -0.0454251 0.0465777 0.0503756 0.0503406 -0.0503876 0.0501942 0.0501262
internal_weight=2.42358 0.181604 2.24197 2.13106 1.16699 0.839151 0.589925 0.327841 0.96407 0.648929 0.40965 0.283864 0.192815 0.487863 0.323434 0.315141 0.252769 0.113826 0.225776 0.168733 0.130565 0.127917 0.151804 0.0956163 0.0632024
internal_count=523 45 478 445 222 143 110 79 223 131 92 64 53 97 78 92 56 40 55 71 65 45 40 57 50
is_linear=0
shrinkage=0.05


Tree=210
num_leaves=27
num_cat=0
split_feature=32 127 104 325 4 41 24 20 15 100 87 53 77 105 85 3 83 21 97 5 88 24 119 38 91 48
split_gain=0.0331133 0.173057 0.143501 0.0674988 0.0478119 0.0765381 0.0496483 0.0566588 0.0846042 0.0832163 0.0781215 0.0913681 0.0729822 0.0692053 0.0612495 0.0609591 0.0266085 0.0224759 0.00918101 5.82344e-05 4.40904e-06 2.25173e-06 1.12744e-06 7.42353e-07 1.26465e-07 1.87073e-08
threshold=9.0620240011984752 1.0000000180025095e-35 3.9151937837112736 1.0000000180025095e-35 0.82156817239475388 -2.1199999999999992 7.9151942141328364 2.4203589789993889 1.0533428165007115 0.75664666877349995 11.867773343748606 9.5380682144754676 5.3082683152844075 0.24568965517241384 13.19178965571261 -0.71176903796793456 33.610000000000007 -2.1858381632923414 6.6155208858234662 15.839743589743593 5.7869581656419173 5.7673493221481467 1.5000000000000002 7.5207393151344499 23.435301578877219 5.8211336379174785
decision_type=2 2 2 2 2 2 10 8 2 2 2 2 2 2 2 2 2 8 2 2 2 10 2 2 2 2
left_child=1 2 3 16 6 -6 7 8 9 17 -9 -12 14 -14 -10 -15 -1 19 -7 -2 -21 -17 -18 -22 25 -23
right_child=4 -3 -4 -5 5 18 -8 10 12 -11 11 -13 13 15 -16 21 22 -19 -20 20 23 24 -24 -25 -26 -27
leaf_value=-0.0059782359441138983 0.048375870312996172 -0.053867335268109488 0.043346017502901714 0.016586069861695509 -0.021373172672324883 0.050421216385719093 0.031749266809137408 -0.041135791578333289 -0.0029689643208378621 -0.014833814489592227 0.027972861177520177 -0.030572928179424474 -0.026810843025571043 -0.0099232202324037871 -0.04333685386314548 0.050597082278513929 -0.050447579533617316 0.011388368501963583 0.026581059238086714 0.050870194520755786 0.050133825053576955 0.050137071982212414 -0.050126477341701371 0.050449135653204219 0.050236236747209943 0.050077973372481294
leaf_weight=0.049000058788806533 0.038702682169969194 0.16346836125012487 0.16357314959168434 0.095314682577736676 0.066546042071422562 0.11013856487261353 0.11578043106419489 0.19156048475997534 0.22945215692743659 0.090173999560647644 0.14296971083967946 0.12482477381126955 0.072930169524624944 0.062631822249386349 0.15913563617505133 0.043725974333938322 0.050681098247878253 0.047470990510191435 0.063764728314708918 0.06460642209276557 0.033907778430148028 0.027592992097197566 0.059349130460759625 0.041530240909196436 0.030264650609751698 0.02601540169416694
leaf_count=8 28 9 6 9 18 33 30 23 38 34 30 25 10 18 19 6 12 12 20 5 29 16 37 11 10 27
internal_value=0.000112992 -0.0102498 0.00681116 -0.016685 0.00349064 0.0242294 0.000259437 -0.00229462 0.00456692 0.025781 -0.0167561 0.000683409 -0.00573148 0.0146002 -0.0195005 0.0304762 -0.036626 0.0419707 0.0416798 0.0500926 0.050567 0.0503062 -0.0502744 0.0503074 0.0501545 0.0501084
internal_weight=2.36511 0.581386 0.417918 0.254345 1.78373 0.240449 1.54328 1.4275 0.968141 0.316392 0.459355 0.267794 0.651749 0.263161 0.388588 0.190231 0.15903 0.226218 0.173903 0.178747 0.140044 0.127599 0.11003 0.075438 0.083873 0.0536084
internal_count=523 81 72 66 442 71 371 341 263 119 78 55 144 87 57 77 57 85 53 73 45 59 49 40 53 43
is_linear=0
shrinkage=0.05


Tree=211
num_leaves=22
num_cat=0
split_feature=39 60 20 39 103 59 98 15 45 90 34 55 85 71 336 4 66 96 22 119 45
split_gain=0.0325243 0.0504014 0.0364387 0.0380999 0.0456998 0.0474369 0.0465988 0.0796511 0.066886 0.0855961 0.0502502 0.0510733 0.0636043 0.048195 0.0371068 0.0359153 0.020067 2.55255e-06 2.89703e-07 6.86117e-08 1.22156e-08
threshold=1.6774422705885661 6.4827890144192937 2.1487709070797973 2.6312701608979592 0.20381037945463101 6.1316053200373437 9.8939374411348098 1.2265395894428155 2.2396614474252226 24.676168820312203 13.170829511341958 5.1573963106972966 14.493540694785851 10.046267513132401 1.0000000180025095e-35 0.61567135152936603 16.46324636234387 6.3853941906483813 2.4605138298496132 1.5000000000000002 4.3542521540849366
decision_type=2 2 8 2 2 2 2 2 2 2 2 2 2 2 2 2 2 2 10 2 2
left_child=1 -1 15 -4 -5 -6 7 8 -7 14 11 12 -8 -11 16 -2 -10 18 19 20 -18
right_child=2 -3 3 4 5 6 10 -9 9 13 -12 -13 -14 -15 -16 -17 17 -19 -20 -21 -22
leaf_value=0.0011000366085796643 0.039326691169327369 -0.050337275344606483 -0.020312131805572967 0.036692467241242831 0.034697858568019269 -0.038763144934728218 -0.0096774218429107085 0.050403481528643157 0.0032671760284068117 0.0058828007212756335 0.015820923381295902 0.0095875872698056499 -0.046757947117510544 -0.036006437269916002 -0.0070829688887251892 0.0010726629541433813 0.050098442583514403 0.050669537112421795 0.050290523208003104 0.050182774733001013 0.050049093231209735
leaf_weight=0.1207300913811199 0.12173956705373745 0.078648009017342702 0.21371127059683193 0.090378383523784467 0.093248822755413019 0.091242057504132168 0.28942432420444675 0.092927521996898577 0.027061047469032928 0.18218870490818517 0.14644262159708887 0.14239786504185759 0.19260917216888629 0.11019799398491159 0.048173960647545755 0.12370464875129983 0.033193142880918458 0.032397935749031603 0.031821178978134412 0.023215432171127759 0.020153446588665247
leaf_count=36 21 26 37 20 21 12 31 28 13 42 33 30 35 20 12 19 30 9 11 12 25
internal_value=0.000111421 -0.0191903 0.00193854 -0.000449969 0.00212719 0.000120402 -0.00208283 0.00733017 0.000655064 0.00772937 -0.0105397 -0.0167218 -0.0244939 -0.00990489 0.0315981 0.0200465 0.0427003 0.0502801 0.0501637 0.050111 0.0500798
internal_weight=2.30561 0.199378 2.10623 1.86078 1.64707 1.5567 1.46345 0.692572 0.599645 0.508403 0.770874 0.624431 0.482033 0.292387 0.216016 0.245444 0.167842 0.140781 0.108383 0.076562 0.0533466
internal_count=523 62 461 421 384 364 343 214 186 174 129 96 66 62 112 40 100 87 78 67 55
is_linear=0
shrinkage=0.05


Tree=212
num_leaves=19
num_cat=0
split_feature=25 25 89 47 53 127 71 75 99 14 72 100 299 0 89 332 47 90
split_gain=0.0311628 0.0434402 0.0869569 0.0619401 0.0588308 0.0726287 0.0908315 0.0870298 0.0674727 0.0722927 0.0555799 0.0675154 0.0533691 0.0392797 0.0295491 0.0249101 1.79891e-06 4.65792e-08
threshold=-0.92637260151251244 -0.90427117930552459 51.619529224219683 19.395281380286939 9.4143231052525067 1.0000000180025095e-35 5.3727894979534367 18.031456937723998 0.12319318131930936 0.30596247961516732 11.831440310397257 0.81212823001930678 1.0000000180025095e-35 11.749879018676834 68.360277374408994 1.0000000180025095e-35 20.188373727639657 17.718869302661361
decision_type=8 10 2 2 2 2 2 2 2 10 2 2 2 2 2 2 2 2
left_child=-1 3 4 -2 5 6 7 -3 -6 12 11 13 -10 -8 16 -9 17 -4
right_child=1 2 14 -5 8 -7 10 15 9 -11 -12 -13 -14 -15 -16 -17 -18 -19
leaf_value=0.028167170518451717 0.011294427321229265 -0.014487826431185395 0.050096796467652353 -0.044295441039815461 -0.050438535733999812 -0.019499060797462688 -0.046911948859827662 0.02280515920321638 -0.041211581097547779 0.021056520759570263 0.033374586092737191 0.020849657867459143 0.00097198838708737487 -0.010078338315593433 0.0018553493075647975 0.051197726074989451 0.050543963568022127 0.050179396942054838
leaf_weight=0.094816441298462451 0.081988971272949906 0.093625966168474184 0.034525720104284008 0.12887440070335288 0.10991245409240935 0.25651421531802043 0.10409868616261519 0.12601147939130897 0.15697611038922332 0.15412620155257173 0.089556220278609544 0.1315916140738409 0.14354259538231418 0.2375491869970574 0.043543192536162678 0.19964183465344831 0.045316725212614983 0.033752525981981307
leaf_count=33 28 23 27 22 22 32 37 39 35 27 26 28 30 37 14 34 10 19
internal_value=0.000108676 -0.00111667 0.00120293 -0.0226807 -0.00190584 0.0041916 0.0103795 0.0279968 -0.0152831 -0.00678409 -0.00274528 -0.00958063 -0.0210626 -0.0213014 0.0368757 0.0402112 0.0502997 0.0501376
internal_weight=2.26596 2.17115 1.96028 0.210863 1.80315 1.23859 0.982075 0.419279 0.564557 0.454645 0.562796 0.473239 0.300519 0.341648 0.157138 0.325653 0.113595 0.0682782
internal_count=523 490 440 50 370 256 224 96 114 92 128 102 65 74 70 73 56 46
is_linear=0
shrinkage=0.05


Tree=213
num_leaves=24
num_cat=0
split_feature=32 127 104 325 28 24 83 79 53 71 72 34 30 101 76 83 44 83 21 123 119 99 38
split_gain=0.0301446 0.161587 0.128064 0.0614077 0.046815 0.0429161 0.0848191 0.0568512 0.0540292 0.065424 0.0918133 0.0545702 0.0832689 0.0527696 0.0267191 0.0264398 0.0216796 0.0213251 0.014536 1.41069e-06 8.90247e-07 1.11639e-08 5.46363e-09
threshold=9.0620240011984752 1.0000000180025095e-35 3.9151937837112736 1.0000000180025095e-35 541.65954369220174 5.5117093672116146 41.530000000000008 60.061267997025006 4.9881916267914397 5.0032185628455927 5.4094723772614488 10.07021904628518 18.212665710596681 4.6607138662440404 8.9790308050281293 33.610000000000007 9.2527874007728563 74.795000000000016 -2.4805478913791714 1.0000000180025095e-35 1.5000000000000002 4.1851240864342714 4.9889772251873818
decision_type=2 2 2 2 2 10 2 2 2 2 2 2 2 2 2 2 2 2 10 2 2 2 2
left_child=1 2 3 15 14 -6 18 8 9 -8 16 -10 -13 -12 -2 -1 -11 -9 -7 21 -17 22 -20
right_child=4 -3 -4 -5 5 6 7 17 11 10 13 12 -14 -15 -16 20 -18 -19 19 -21 -22 -23 -24
leaf_value=-0.0049383709493004361 0.050366007819700888 -0.053587729676475793 0.042907026088668962 0.01640923599042287 -0.020540197148645585 0.007090214330998424 0.035639014419618142 0.0020698937754345345 -0.035184413553242297 -0.032901379010368277 -0.0089582414490749895 0.030295135706764523 -0.025739594014323047 0.050337225118332878 0.010152743084647165 -0.050411058233278197 -0.0053735233246574527 0.050371904716633366 0.050109658799475869 0.050447110732912998 -0.050112778012001424 0.050042874582575475 0.050074532516753124
leaf_weight=0.047358097042888736 0.076301202119793632 0.15350270830094814 0.15160236367955804 0.091303174500353634 0.20631162462814234 0.023926733731059358 0.14485432475339599 0.033633954270044231 0.21088596569097717 0.15155606775078923 0.061015278683044016 0.11786679569922853 0.15153825870947912 0.097446952975587919 0.090065703639993444 0.046858703048201278 0.13544077583355829 0.071273629502684344 0.019547605596016981 0.043487515824381262 0.053662030069972388 0.017668683234660421 0.025526341814838815
leaf_count=8 24 9 6 9 34 5 27 20 34 23 14 35 34 38 19 12 18 31 10 8 37 34 34
internal_value=0.00010533 -0.0101198 0.00695473 -0.0158332 0.00342133 0.000651312 0.00399983 -0.000240701 -0.00368274 0.00644893 -0.0030431 -0.0161353 -0.00122397 0.0275057 0.0285958 -0.0357402 -0.0199103 0.034886 0.0422982 0.0502283 -0.0502518 0.0500766 0.0500898
internal_weight=2.22263 0.544287 0.390784 0.239182 1.67835 1.51198 1.30567 1.17551 1.0706 0.590313 0.445459 0.480291 0.269405 0.158462 0.166367 0.147879 0.286997 0.104908 0.130157 0.10623 0.100521 0.0627426 0.0450739
internal_count=523 81 72 66 442 399 365 274 223 120 93 103 69 52 43 57 41 51 91 86 49 78 44
is_linear=0
shrinkage=0.05


Tree=214
num_leaves=25
num_cat=0
split_feature=62 140 39 102 40 36 89 83 88 8 103 12 122 127 130 367 129 3 44 4 130 83 67 23
split_gain=0.0289401 0.0516748 0.0441071 0.042958 0.0539925 0.0714145 0.0492755 0.0416825 0.0678827 0.0553269 0.0643452 0.0618854 0.0479496 0.0473444 0.118015 0.0869655 0.0485961 0.0415206 0.0310041 0.0255223 2.34669e-05 6.84238e-05 6.72673e-07 5.71671e-08
threshold=34.517964236045295 1.0000000180025095e-35 1.6774422705885661 -0.31433241738053236 1.8210910670834861 4.6624520405580379 6.4827890144192937 118.12500000000001 24.402634303913114 474.12414144804501 5.9011569771328416 -0.34760503093746287 1.5000000000000002 1.0000000180025095e-35 2.7319000000000013 1.0000000180025095e-35 3.5000000000000004 -0.64289682539682502 4.345366002694635 0.5694729924249865 2.7934400000000008 5.4600000000000017 12.288016947867064 -2.4401032766601927
decision_type=2 2 2 2 2 2 2 2 2 2 2 8 2 2 2 2 2 2 2 2 2 2 2 8
left_child=1 2 18 6 -5 -6 -4 8 9 10 12 -12 -7 14 -14 20 -17 -10 -1 -3 -16 -22 -19 -23
right_child=-2 19 3 4 5 7 -8 -9 17 -11 11 -13 13 -15 15 16 -18 22 -20 -21 21 23 -24 -25
leaf_value=-0.0022366496590073425 0.024435925092805635 -0.0062101261076931771 -0.00092545557069895288 0.048482839300000156 -0.050377104607098946 -0.037192937230336835 0.050420565508588026 -0.034572473698613645 0.0024304022349436747 -0.032048719324247042 0.04247720786507847 -0.01237083303707283 -0.023542481222545743 -0.019629256671076518 0.052633284159667892 -0.029206649118044055 0.025092915189177778 0.05042317372418368 -0.050377625672711104 -0.04920571311022106 0.052732901112093888 0.050116620913727844 0.050171253390157877 0.050219326696444883
leaf_weight=0.065549722901779073 0.11570775455038518 0.06101139546080947 0.090357011067681348 0.056102362810633521 0.071144181420095154 0.097558716894127206 0.096765810576471267 0.078313185251317807 0.076351956115104258 0.1315892665152204 0.1633323246933287 0.075064489072246943 0.18636540955048986 0.21458990583778359 0.06115400193084497 0.074895237135933712 0.091600415908033028 0.043202076602028572 0.068285861460026354 0.079476716811768711 0.05003678088542074 0.026606100567732938 0.068534229656506795 0.027607023846940137
leaf_count=21 35 25 15 4 14 18 30 12 15 25 37 22 39 29 4 14 37 10 19 18 2 24 38 16
internal_value=0.00010565 -0.00126395 0.000883317 0.00296336 0.00030293 -0.00145461 0.0256268 0.000918271 0.00292001 -0.00145618 0.0023103 0.0252071 -0.00426296 0.000120723 0.00829829 0.0261772 0.00066718 0.0308493 -0.0267992 -0.0305335 0.0518557 0.0513996 0.0502687 0.0501689
internal_weight=2.1712 2.05549 1.91501 1.78117 1.59405 1.53795 0.187123 1.4668 1.38849 1.2004 1.06881 0.238397 0.830414 0.732855 0.518265 0.3319 0.166496 0.188088 0.133836 0.140488 0.165404 0.10425 0.111736 0.0542131
internal_count=523 488 445 405 360 356 45 342 330 267 242 59 183 165 136 97 51 63 40 43 46 42 48 40
is_linear=0
shrinkage=0.05


Tree=215
num_leaves=23
num_cat=0
split_feature=23 27 25 89 53 99 14 127 71 128 130 99 23 122 299 97 98 6 102 26 28 16
split_gain=0.0292586 0.0578494 0.0490639 0.0796496 0.0534912 0.0606086 0.0658091 0.0585658 0.0780108 0.0788158 0.055531 0.075328 0.0635166 0.0610762 0.0435039 0.0306391 0.0254399 0.0020785 0.00107442 2.04212e-06 5.55214e-08 1.79279e-08
threshold=-3.1402304089627848 1.7682456313695922 -0.90427117930552459 51.619529224219683 9.4143231052525067 0.12319318131930936 0.30596247961516732 1.0000000180025095e-35 5.0032185628455927 4.0917400924157379 3.0904600000000024 3.8581577198429891 -2.4079096765967325 7.5000000000000009 1.0000000180025095e-35 12.979305616870304 13.82512714771102 342.83800000000014 3.2523252191218255 3.4093235101144637 907.53228302241769 1.8702664796633943
decision_type=8 2 10 2 2 2 10 2 2 2 2 2 10 2 2 2 2 2 2 2 2 2
left_child=1 -1 -2 4 7 -6 14 8 9 -4 11 15 -13 17 -7 -10 19 -12 -11 20 -5 -22
right_child=2 -3 3 16 5 6 -8 -9 10 18 13 12 -14 -15 -16 -17 -18 -19 -20 -21 21 -23
leaf_value=0.050233464219546733 -0.028043613521943501 -0.015483917844982551 -0.0039715173815634093 0.05018902517042613 -0.050395038050382791 -0.040415403719677973 0.019993247456482423 -0.018161342398431198 -0.009330311036128653 0.04444810035079523 0.036413753840831495 0.037901297828980614 -0.021006979957634956 -0.014889096348199403 -0.00060047621952303675 -0.045367746820807991 0.0048779800230124197 0.05044383306715771 0.051833641929356356 0.050590861119045573 0.05005648766444775 0.050122323966486138
leaf_weight=0.079175096572726034 0.15934154679416712 0.058031640655826777 0.11052695475518681 0.022044294662919017 0.10038072758470651 0.14479776850203052 0.14585263159824535 0.24046349091804586 0.10623782640323043 0.087134477907966357 0.042600119195412844 0.10826603045279615 0.079256711789639778 0.068274743309302721 0.13038944375148276 0.13259249972179532 0.044407487730495632 0.069407853083248483 0.11324147546838503 0.037351306295022368 0.019835049613902811 0.021601957909297198
leaf_count=35 38 13 19 10 22 35 27 32 24 28 21 24 29 18 29 23 9 23 14 9 28 13
internal_value=0.000108298 0.0224383 -0.00143596 0.00088759 -0.0021845 -0.0154827 -0.00715915 0.00380335 0.00955973 0.0299248 -0.000877457 -0.0107145 0.0130036 0.0223864 -0.0215503 -0.0293374 0.0364104 0.0451078 0.048622 0.0502975 0.0501249 0.0500908
internal_weight=2.12121 0.137207 1.984 1.82466 1.67942 0.521421 0.42104 1.158 0.917539 0.310903 0.606636 0.426353 0.187523 0.180283 0.275187 0.23883 0.14524 0.112008 0.200376 0.100833 0.0634813 0.041437
internal_count=523 48 475 437 368 113 91 255 223 61 162 100 53 62 64 47 69 44 42 60 51 41
is_linear=0
shrinkage=0.05


Tree=216
num_leaves=26
num_cat=0
split_feature=32 127 20 88 127 3 23 97 62 15 107 67 23 84 44 90 18 87 100 11 59 30 101 66 93
split_gain=0.0300481 0.143819 0.115669 0.0680373 0.0456751 0.0558262 0.0519329 0.0527657 0.0645819 0.0595848 0.0605734 0.0567399 0.0543872 0.0495058 0.0399474 0.0372783 0.0321541 0.0281103 0.0276485 0.00130584 1.76247e-06 9.20702e-07 5.74315e-07 2.85015e-07 5.81653e-08
threshold=9.0620240011984752 1.0000000180025095e-35 2.28212851305917 11.141382540952401 1.0000000180025095e-35 -1.001726414705945 -3.1142399196875856 17.106508304141645 5.8005538620999841 1.0615530303030305 1.5000000000000002 33.350948723528184 -2.1134196491408277 5.4769578608900629 5.5972452430956343 25.747436651952256 16.465324087601839 24.710468814157252 0.16723454428067544 0.15968124203097969 13.906011735572418 13.033688762996631 8.7402395838873961 49.153694515601295 11.054613941132899
decision_type=2 2 10 2 2 2 10 2 2 2 2 2 10 2 2 2 10 2 2 10 2 2 2 2 2
left_child=1 2 3 -1 6 -6 15 8 9 10 -8 13 16 -9 -7 18 -10 -15 -2 -18 -16 -21 -23 -22 -24
right_child=4 -3 -4 -5 5 14 7 11 12 -11 -12 -13 -14 17 20 -17 19 -19 -20 21 23 22 24 -25 -26
leaf_value=-0.050377952785606805 -0.024831178958796898 -0.053286926747511537 0.04112321987524245 0.0067451381180783955 -0.016827338161840049 0.00098788398581924866 -0.015103301693560781 0.013314354706384713 -0.0009690988975992722 -0.028375682132963126 0.050548937588476874 0.026359220669337081 -0.0073424300381831984 -0.046522154601525326 0.050593615841016695 -0.040344495166748241 0.040572189893844687 -0.011568731328986398 0.013820566602052371 0.050521302811980855 0.05012428874391172 0.050353546203680245 0.050188082330369976 0.050296856407824934 0.050089543697295659
leaf_weight=0.08896661028848063 0.087748662685043999 0.14132891935878433 0.14302903570933267 0.1258856974018272 0.067532153101637959 0.058090101461857446 0.067969730080221558 0.088417275394021999 0.039119485132687148 0.12733488099183887 0.072725427147815935 0.090251473629905377 0.076891429955139867 0.12669655721401796 0.043858870805706829 0.11853173754934687 0.043058947252575308 0.10535096328385407 0.097872651851503178 0.042762982659041882 0.047693491418613121 0.067151279887184501 0.031125650755711831 0.048015607171691954 0.028862998875410995
leaf_count=32 17 9 15 25 12 11 25 36 16 18 17 36 12 27 7 22 30 27 23 5 34 13 15 12 27
internal_value=0.000110296 -0.0105807 0.00628414 -0.0169085 0.00349448 0.0224202 -0.000331284 0.00513412 0.014624 -0.00359508 0.0188324 -0.00865998 0.0294679 -0.0185223 0.0358296 -0.0184392 0.040696 -0.0306531 -0.00445125 0.0483496 0.0503311 0.0503206 0.0502531 0.0502109 0.0501407
internal_weight=2.07627 0.49921 0.357881 0.214852 1.57706 0.26519 1.31187 1.00772 0.597003 0.26803 0.140695 0.410716 0.328973 0.320465 0.197658 0.304153 0.252081 0.232048 0.185621 0.212962 0.139568 0.169903 0.12714 0.0957091 0.0599886
internal_count=523 81 72 57 442 76 366 304 178 60 42 126 118 90 64 62 106 54 40 90 53 60 55 46 42
is_linear=0
shrinkage=0.05


Tree=217
num_leaves=21
num_cat=0
split_feature=162 39 20 94 21 74 90 75 83 94 78 3 95 130 96 100 103 102 40 91
split_gain=0.0302245 0.0587666 0.0495576 0.0440137 0.0371944 0.0386017 0.0370892 0.0570241 0.0720801 0.058245 0.0528536 0.0715664 0.0618855 0.038928 0.0424316 0.0370266 0.0303051 0.0133055 0.00015819 1.42102e-06
threshold=1.5000000000000002 1.6774422705885661 2.1397620483287669 21.305439503762532 -2.1497711372449908 11.681412419811817 23.737912702154926 18.630842186929126 43.100000000000001 16.157094070520603 23.527598043974681 -0.59740604031913414 16.633684324415135 2.7117500000000012 1.4006485350321263 -2.3678814982783232 8.4156549908540015 1.199253590325019 3.3216766500253518 6.9857045911839082
decision_type=2 2 8 2 8 2 2 2 2 2 2 2 2 2 2 2 2 2 2 2
left_child=1 3 -3 19 5 6 7 -4 18 10 -10 12 -12 -8 16 -11 -15 -7 -9 -1
right_child=-2 2 4 -5 -6 17 13 8 9 15 11 -13 -14 14 -16 -17 -18 -19 -20 -21
leaf_value=-0.050102675794631929 0.026396607849565247 0.025625025776550271 -0.032233169602121234 0.0089278444468978337 -0.029906730255656877 0.007860825584723008 -0.037881364410339333 0.046178941001492196 -0.036722890192107657 -0.0036853828926567698 -0.020912601448179063 0.033092398978080827 0.01886789215625136 0.050164008055009368 -0.018235234921638442 0.050361890172912205 -0.0091083460033571356 0.050263836260717114 0.050322937625321078 -0.05048033253379082
leaf_weight=0.045846447974327353 0.10374964909715334 0.18589341704500806 0.10076053225202464 0.045605061925016344 0.10857125560869474 0.029546446156018535 0.12347293787752267 0.039166391885373741 0.1013381008815486 0.048121345113031566 0.29230036240187429 0.14323746433365203 0.14690005767624825 0.049788427670137025 0.17171044065617025 0.092798653822683264 0.038042744054109789 0.049484587230836041 0.055894432756758761 0.054540325712878257
leaf_count=38 38 34 23 11 23 16 31 12 23 7 32 36 36 36 12 37 9 27 31 11
internal_value=0.000109304 -0.00130893 0.00119637 -0.0318038 -0.00165765 0.000411093 -0.0015034 0.00347603 0.00738802 0.00263582 -0.00339647 0.00240198 -0.00760716 -0.0147708 -0.00377627 0.0319058 0.0244911 0.0344111 0.0486156 -0.0503079
internal_weight=2.02677 1.92302 1.77703 0.145992 1.59113 1.48256 1.40353 1.02052 0.919757 0.824696 0.683776 0.582438 0.4392 0.383015 0.259542 0.14092 0.0878312 0.079031 0.0950608 0.100387
internal_count=523 485 425 60 391 368 325 237 214 171 127 104 68 88 57 44 45 43 43 49
is_linear=0
shrinkage=0.05


Tree=218
num_leaves=22
num_cat=0
split_feature=162 39 20 62 21 19 44 103 40 103 46 58 47 34 16 2 3 98 91 95 68
split_gain=0.027668 0.0550636 0.0453035 0.0428887 0.0341832 0.0369311 0.041463 0.0550428 0.0627222 0.0587091 0.0573019 0.0614816 0.0556718 0.0447348 0.0333646 0.0317351 0.0192924 0.0137555 1.12525e-06 1.04962e-06 1.23042e-07
threshold=1.5000000000000002 1.6774422705885661 2.1397620483287669 29.157840776254577 -2.1497711372449908 10.09020777738175 4.1041599226587548 2.7495013392415548 3.2296188162618358 4.7790574029262256 179.74485498400171 63.306815004600899 19.395281380286939 9.2181629652265862 1.7795138888888891 0.087787779863087514 -0.38747042940224757 11.761374715610726 6.9857045911839082 5.4527352240061928 58.633057076962125
decision_type=2 2 8 2 8 10 2 2 2 2 2 2 2 2 2 2 2 2 2 2 2
left_child=1 3 -3 18 5 6 -4 8 -8 14 13 15 19 -11 -9 -12 -7 -16 -1 -10 -21
right_child=-2 2 4 -5 -6 16 7 9 12 10 11 -13 -14 -15 17 -17 -18 -19 -20 20 -22
leaf_value=-0.050095947837996507 0.02542559716383086 0.024660048763774388 -0.050259264041917912 0.0087369087959419337 -0.028907770123399075 0.0007260266002981461 -0.0080286491270619952 -0.007341114405282516 0.05044944032876713 0.00015262654986724342 -0.0023642157284038874 0.021324383541868438 0.00097337776830933725 0.050349311289787368 -0.020817849868263648 -0.037930352267044887 0.050167822502894782 -0.049084464126313593 -0.050441975426985954 0.050241162630343922 0.050119370206407887
leaf_weight=0.041420878464123123 0.10236258115764951 0.18357011428452064 0.042398184479679801 0.04535356437554583 0.1067543583631051 0.030904436451237416 0.17173791758250423 0.17820104002021253 0.06668680306756869 0.084033866121899337 0.1145597118375008 0.12240453857521061 0.092520171790965833 0.094071627398079727 0.07135072274832055 0.1386037301417673 0.054569405860092846 0.10847091066534631 0.054286620055790991 0.043532989162486047 0.03960204172108206
leaf_count=37 38 34 11 11 23 14 12 31 16 23 22 31 25 35 29 21 36 19 12 13 30
internal_value=0.000108976 -0.00126579 0.00116461 -0.0313133 -0.00159946 0.00040603 -0.00158594 -2.93714e-05 0.0150877 -0.00689535 0.00330761 -0.00776938 0.0314694 0.0266655 -0.022674 -0.0218362 0.0322913 -0.0378687 -0.0502922 0.0503017 0.0501831
internal_weight=1.9874 1.88503 1.74397 0.141061 1.5604 1.45365 1.36817 1.32578 0.41408 0.911696 0.553673 0.375568 0.242342 0.178105 0.358023 0.253163 0.0854738 0.179822 0.0957075 0.149822 0.083135
internal_count=523 485 425 60 391 368 318 307 96 211 132 74 84 58 79 43 50 48 49 59 43
is_linear=0
shrinkage=0.05


Tree=219
num_leaves=23
num_cat=0
split_feature=101 95 13 44 50 89 89 2 127 27 104 325 279 91 36 5 47 4 71 75 24 67
split_gain=0.0307604 0.0637918 0.0604677 0.0316041 0.0374953 0.0376988 0.0437411 0.040262 0.0476265 0.126075 0.0775464 0.0539542 0.0529473 0.0364142 0.0357412 0.0344877 0.0330116 0.0294202 0.0262362 0.0206335 1.02086e-06 4.731e-08
threshold=-0.25175926256668463 36.864671883787913 0.54876849207753275 11.048441379513067 6.0570574465605116 67.45282990229579 37.853461780806903 0.026092870790291104 1.0000000180025095e-35 2.2530960763320755 3.1430071732840377 1.0000000180025095e-35 1.0000000180025095e-35 5.8197357992654402 7.9958178251438374 12.050000000000002 9.7182960731757433 0.64772529371901755 10.463146386288257 54.513644937910463 5.7368686487962623 19.302805884467087
decision_type=2 2 8 2 2 2 2 2 2 2 2 2 2 2 2 2 2 2 2 2 10 2
left_child=-1 2 3 4 5 6 7 -2 10 -10 11 12 15 -5 -6 -9 -8 -17 -13 20 -18 -22
right_child=1 -3 -4 13 14 -7 16 8 9 -11 -12 18 -14 -15 -16 17 19 -19 -20 -21 21 -23
leaf_value=-0.034453098499863902 -0.028219347946302327 0.040269259359994217 -0.043654892707995122 -0.0059979168829955784 -0.044579378633612131 -0.029163125492163995 -0.011302264247268084 -0.048298239088138017 0.023051318160322742 -0.051261247648795895 0.038696192791126564 0.0046322604143698995 0.014656839361072144 0.050240131016309475 0.0023986674386237729 0.0095228578053588031 0.050464739845097445 -0.030734270360699707 0.041488406864696098 0.013891013064159611 0.050173662134245393 0.050086470771392715
leaf_weight=0.06233009888092067 0.11347000900423099 0.099228190949361195 0.079105207347311191 0.050451890696422308 0.090057645691558608 0.091921865780022816 0.048651646386133396 0.087936377676669286 0.10632925620302558 0.12321204645559192 0.17219757575367112 0.099370453855954111 0.14761770369659644 0.067021056231169496 0.073556035604269709 0.092863125559233595 0.034395993425277993 0.088763963038218208 0.093926466768607497 0.065212049739784561 0.028384906428982504 0.034427173315634718
leaf_count=19 24 37 21 15 21 16 16 25 36 5 32 28 39 33 26 21 6 27 12 19 14 31
internal_value=0.000106165 0.00124704 -0.000917512 0.0010598 -0.000786616 0.00180989 0.00393974 2.32747e-05 0.00318929 -0.0168378 0.00906279 0.000704092 -0.00941398 0.0260872 -0.0234594 -0.0225956 0.024827 -0.0101514 0.0225413 0.0356493 0.0502458 0.0501259
internal_weight=1.95043 1.8881 1.78887 1.70977 1.59229 1.42868 1.33676 1.12569 1.01222 0.229541 0.782676 0.610478 0.417181 0.117473 0.163614 0.269563 0.211072 0.181627 0.193297 0.16242 0.0972081 0.0628121
internal_count=523 504 467 446 398 351 335 249 225 41 184 152 112 48 47 73 86 48 40 70 51 45
is_linear=0
shrinkage=0.05


Tree=220
num_leaves=23
num_cat=0
split_feature=101 95 13 23 16 127 23 47 59 31 36 49 168 45 75 25 26 31 78 101 90 44
split_gain=0.0284365 0.0595221 0.0567466 0.0301143 0.0315106 0.0614893 0.0923988 0.0741605 0.0609639 0.0544784 0.0843718 0.0760278 0.0507712 0.0483223 0.0374022 0.0243314 9.50556e-05 1.46915e-06 9.38069e-07 9.7952e-08 1.46912e-08 4.52178e-09
threshold=-0.25175926256668463 36.864671883787913 0.54876849207753275 -3.1643552460545852 1.8937969924812033 1.0000000180025095e-35 -2.3430260499963191 19.766767593915294 12.095944777952747 12.375099247605144 9.6653583616557004 5.7232755731698699 1.0000000180025095e-35 3.3035165560767989 40.5883785739451 -0.054281772349858044 2.4305639760047515 11.843426910955595 62.229755058762954 8.4001710552424829 5.8801475316550365 8.3459105361198809
decision_type=2 2 8 10 2 2 10 2 2 2 2 2 2 2 2 8 2 2 2 2 2 2
left_child=-1 2 3 -2 5 6 7 8 -5 15 11 14 -8 -13 -11 -6 -10 -18 19 -19 -21 -22
right_child=1 -3 -4 4 9 -7 12 -9 16 10 -12 13 -14 -15 -16 -17 17 18 -20 20 21 -23
leaf_value=-0.03350921522232958 0.032081129944376147 0.039513552300874881 -0.043087256886611455 0.010014036148430851 -0.050390310501666119 -0.019764326791550779 -0.035563146826016329 -0.0048549354824818239 0.052330042097433332 0.05031737520990498 -0.044023525993733013 -0.047273769799926382 0.014347926377194405 0.0091320775187329912 0.0098813555472276118 -0.012591053303081906 0.050712883998452057 0.050207799838381265 0.05040942966867841 0.050107728344922858 0.050071204368933399 0.050035855288417336
leaf_weight=0.060918107541510946 0.074594547564629132 0.096148766060650703 0.076213820255361608 0.1486614304449172 0.093087420624215156 0.19433517323341221 0.13064835246768802 0.16939192220161203 0.094898816663771868 0.10387271954095922 0.08914568240288645 0.071784682280849665 0.083527600840170635 0.080605483308318071 0.12723911227658391 0.078455291135469452 0.016018301132135093 0.018563664401881397 0.037505525979213417 0.023944752145325765 0.023938667054608231 0.014542605640599504
leaf_count=19 27 37 21 39 23 32 34 29 3 28 11 16 26 29 37 18 2 5 9 17 29 32
internal_value=0.000102342 0.00121085 -0.00089241 0.00102776 -0.000419844 0.00533984 0.0117452 0.0226379 0.0349558 -0.0089672 -0.000207442 0.00997768 -0.0160981 -0.0174384 0.0280552 -0.0331028 0.0511183 0.0502635 0.0502027 0.050107 0.050077 0.0500578
internal_weight=1.90804 1.84712 1.75098 1.67476 1.60017 0.955977 0.761642 0.547466 0.378074 0.64419 0.472648 0.383502 0.214176 0.15239 0.231112 0.171543 0.229412 0.134514 0.118495 0.0809897 0.062426 0.0384813
internal_count=523 504 467 446 419 257 225 165 136 162 121 110 60 45 65 41 97 94 92 83 78 61
is_linear=0
shrinkage=0.05


Tree=221
num_leaves=25
num_cat=0
split_feature=2 28 298 17 17 291 372 377 12 85 30 37 104 27 103 15 22 15 101 32 101 100 93 28
split_gain=0.026553 0.0299579 0.0548868 0.0351283 0.0500749 0.0669809 0.0612301 0.0609845 0.0550436 0.0498204 0.058073 0.049222 0.0562887 0.0319019 0.0393777 0.0288444 0.0270339 0.011179 0.00580319 1.03585e-06 1.03479e-06 7.21306e-07 1.28079e-08 9.09824e-09
threshold=0.4763595559427391 1197.5536924495539 1.0000000180025095e-35 2.2041666666666671 2.4309523809523812 1.0000000180025095e-35 1.0000000180025095e-35 1.0000000180025095e-35 -0.368943706488084 14.493540694785851 12.224739453016623 3.6786903286936217 1.8411593071380683 1.9778965749400499 2.5283298948427402 1.1476034858387802 2.3265246936974511 1.1476034858387802 6.1663938951352151 9.7598299162196831 9.5173204845858592 -0.35091695011337837 37.571603501973264 1248.9163771835172
decision_type=2 2 2 2 2 2 2 2 8 2 2 2 2 2 2 2 10 2 2 2 2 2 2 2
left_child=1 3 18 11 5 17 13 8 -8 10 -9 -1 -13 14 -6 -12 -2 -5 -3 -18 -17 -20 -21 -23
right_child=16 2 -4 4 6 -7 7 9 -10 -11 15 12 -14 -15 -16 20 19 -19 21 22 -22 23 -24 -25
leaf_value=-0.042281194574696472 -0.0077582287193447624 0.02400263602405622 -0.016837971521030646 0.050476459826121714 0.013690283823306632 -0.0047175445085167259 -0.037816597010213761 -0.0094891066245532934 0.017219810333094939 -0.016409420451496796 0.013197170638041562 0.023903122864473571 -0.022357127466819629 -0.05036693978250803 -0.038841327771216107 0.050178092523220023 0.050527445304959756 0.024839349343060591 0.050402450278948997 0.05011047703958197 0.050449574346066277 0.050100154713066773 0.050043824218752954 0.050052988575986425
leaf_weight=0.12399767960596353 0.03300237236544501 0.030266824178397544 0.064532967517152429 0.0961161017330594 0.071453548440331027 0.17597445932915434 0.13844009910826571 0.096091950807021931 0.067620896330481961 0.1059947666071821 0.082083327688451391 0.10758314010308823 0.16914027711027302 0.09143846936058253 0.07124171027680859 0.085395416441315319 0.022000054130330682 0.076256712738540955 0.028992840481805615 0.012902272264909698 0.059596607054118067 0.020328639213403221 0.016329262467479566 0.020570271270116791
leaf_count=36 16 5 11 35 27 17 28 17 29 22 24 34 20 20 16 36 3 15 8 11 16 16 32 29
internal_value=0.000101692 -0.0011942 0.0191222 -0.0032616 0.00096414 0.0169819 -0.0054541 0.00260195 -0.0197559 0.013337 0.0230934 -0.0161027 -0.0043723 -0.0273108 -0.0125365 0.0368815 0.0275338 0.0391348 0.0422916 0.0502683 0.0502897 0.0502117 0.0500732 0.0500764
internal_weight=1.86735 1.78312 0.164692 1.61843 1.2177 0.348347 0.869357 0.635223 0.206061 0.429162 0.323167 0.400721 0.276723 0.234134 0.142695 0.227075 0.084234 0.172373 0.100159 0.0512316 0.144992 0.0698918 0.0292315 0.0408989
internal_count=523 461 69 392 302 67 235 172 57 115 93 90 54 63 43 76 62 50 58 46 52 53 43 45
is_linear=0
shrinkage=0.05


Tree=222
num_leaves=24
num_cat=0
split_feature=101 95 13 103 107 40 40 95 130 127 291 130 23 50 54 131 34 3 101 28 130 103 91
split_gain=0.0250053 0.0555611 0.0514062 0.0287858 0.0445602 0.0338282 0.0528297 0.0509369 0.0585938 0.0742941 0.106847 0.0563195 0.066684 0.0539301 0.0419776 0.0344494 0.024447 0.00984312 0.00542688 0.00371749 1.19012e-06 5.55518e-07 3.53525e-08
threshold=-0.25175926256668463 36.864671883787913 0.54876849207753275 7.8446512405072779 2.5000000000000004 5.4872180237666397 5.8332883567058582 2.5713725178240874 0.81295000000000572 1.0000000180025095e-35 1.0000000180025095e-35 3.195800000000002 -2.3430260499963191 4.963751126205433 4.8472234574611504 77.079550000000054 9.4855139006897051 -0.10245850632071139 6.1663938951352151 788.87716935631272 3.3561500000000026 1.7505833627451592 18.203927724570971
decision_type=2 2 8 2 2 2 2 2 2 2 2 2 8 2 2 2 2 2 2 2 2 2 2
left_child=-1 2 3 5 17 7 -7 8 -2 10 14 12 13 15 -10 -9 -15 -5 -17 -13 -21 -20 -22
right_child=1 -3 -4 4 -6 6 -8 11 9 -11 -12 19 -14 16 -16 18 -18 -19 21 20 22 -23 -24
leaf_value=-0.031805758382898723 -0.045369126655292594 0.038919571434244717 -0.042079016369759081 0.015750831706456268 0.050473447071598634 -0.043014993165463172 0.006337937058197636 0.0046998069728011963 -0.026974814261517939 -0.033366891282541514 0.046296312915580139 0.028382224199315454 -0.025848395214014754 -0.030856689965256662 0.018857681021063773 0.028451094848190833 0.010482173684534706 -0.012464157627345577 0.050394506725734214 0.050526148491791018 0.050064043962452391 0.050166784955867919 0.050145971041538555
leaf_weight=0.059405673440778739 0.092477810598210697 0.092401980495196656 0.072531465440988652 0.058528297442535404 0.071208842971827835 0.11463076142535999 0.102898245153483 0.083966078469529748 0.14304233274742728 0.13548275799257681 0.12942119372019079 0.025658726452093106 0.13108877339982428 0.06626002345001325 0.076771802647272125 0.03830744547303766 0.077706643176497892 0.065508545987540967 0.044464406091719866 0.025567264237906784 0.022064328270062106 0.067340777794015594 0.032655985181918368
leaf_count=19 28 37 21 16 18 19 29 12 39 17 22 15 29 16 23 14 24 24 8 5 34 36 18
internal_value=0.000102535 0.00117347 -0.000905604 0.000955002 0.018948 -0.00153687 -0.0196695 0.00177139 -0.00889707 -0.00193869 0.0102536 0.0117828 0.00488099 0.0155365 -0.0109675 0.0303468 -0.00854386 0.000849429 0.0446926 0.0449498 0.0502445 0.0502573 0.0501129
internal_weight=1.82939 1.76998 1.67758 1.60505 0.195246 1.40981 0.217529 1.19228 0.577196 0.484718 0.349235 0.61508 0.509134 0.378045 0.219814 0.234079 0.143967 0.124037 0.150113 0.105946 0.0802876 0.111805 0.0547203
internal_count=523 504 467 446 58 388 48 340 129 101 84 211 139 110 62 70 40 40 58 72 57 44 52
is_linear=0
shrinkage=0.05


Tree=223
num_leaves=19
num_cat=0
split_feature=162 39 20 79 21 19 103 40 47 103 99 97 2 102 17 3 105 95
split_gain=0.0246226 0.0474473 0.0408756 0.038862 0.0287991 0.0337934 0.0301067 0.0608045 0.0690196 0.0483925 0.0423041 0.0534549 0.0572406 0.0219914 0.0591636 0.0170132 7.28224e-07 1.57974e-07
threshold=1.5000000000000002 1.6774422705885661 2.1397620483287669 6.1316053200373437 -2.1497711372449908 10.09020777738175 2.7495013392415548 3.2296188162618358 19.395281380286939 4.5680069103258596 3.9373482376154727 24.307890076382897 0.090784897811968093 3.139773833144369 2.6228448275862073 -0.38747042940224757 0.55086206896551737 12.609705106850029
decision_type=2 2 8 2 8 10 2 2 2 2 2 2 2 2 2 2 2 2
left_child=1 3 -3 -1 5 6 7 -4 16 13 11 12 -11 14 -8 -7 17 -9
right_child=-2 2 4 -5 -6 15 9 8 -10 10 -12 -13 -14 -15 -16 -17 -18 -19
leaf_value=0.0097510759667254008 0.02544333555680698 0.024541245161901509 -0.012649293107202173 -0.05028001428754119 -0.028112741856478329 0.0011361480791850281 0.031513835140175216 0.050244493352124664 -0.0051677132876551367 0.034089292276602581 0.027732674789841857 -0.034017212557012795 -0.0092186964454900617 -0.04261388916205254 -0.043638762957049659 0.050158312090217309 0.050426668914107964 0.050108595233402255
leaf_weight=0.039662961746216641 0.090994335707364482 0.16620092636730954 0.17630684169125721 0.084173999974154867 0.096004633611301071 0.027701352806616342 0.046306897362228483 0.043757940322393551 0.098571423863177188 0.10788621281244559 0.11256627595139435 0.1282514168342459 0.26057771140767727 0.11350019103701925 0.060277187163592316 0.049014458789315429 0.044925983325811103 0.041823572748398874
leaf_count=27 38 34 19 33 23 14 32 16 28 32 39 30 37 28 14 36 10 33
internal_value=0.000104272 -0.00125402 0.00109095 -0.031053 -0.00167817 0.000256949 -0.00174365 0.00942371 0.0264118 -0.00720214 5.67653e-05 -0.00621519 0.00346188 -0.0272977 -0.0109877 0.0324569 0.0502637 0.0501781
internal_weight=1.7885 1.69751 1.57367 0.123837 1.40747 1.31147 1.23475 0.405386 0.229079 0.829366 0.609282 0.496715 0.368464 0.220084 0.106584 0.0767158 0.130507 0.0855815
internal_count=523 485 425 60 391 368 318 106 87 212 138 99 69 74 46 50 59 49
is_linear=0
shrinkage=0.05


Tree=224
num_leaves=24
num_cat=0
split_feature=28 298 89 89 142 3 0 13 47 127 104 100 100 176 29 0 306 103 131 101 101 100 28
split_gain=0.0242136 0.0479054 0.0469089 0.0810153 0.0335534 0.0504773 0.0807002 0.0630874 0.0542067 0.0472312 0.0807472 0.0490431 0.0640004 0.057557 0.0356113 0.0281927 0.0228039 0.0388185 0.0136062 0.00578527 6.83529e-07 5.91069e-07 6.1438e-09
threshold=1197.5536924495539 1.0000000180025095e-35 67.45282990229579 51.619529224219683 1.0000000180025095e-35 -0.59740604031913414 11.749879018676834 0.38372955119149471 25.137277277369048 1.0000000180025095e-35 3.1662227011585435 1.5871420298515078 0.30392520415350066 1.0000000180025095e-35 15.112519696192862 12.624963882559708 1.0000000180025095e-35 5.1776874591019419 77.079550000000054 6.1663938951352151 14.844548836855814 -0.35091695011337837 1248.9163771835172
decision_type=2 2 2 2 2 2 2 10 2 2 2 2 2 2 2 2 2 2 2 2 2 2 2
left_child=2 19 3 4 9 8 -7 14 16 10 11 12 13 -1 -8 -9 17 -6 -14 -2 -5 -21 -23
right_child=1 -3 -4 20 5 6 7 15 -10 -11 -12 -13 18 -15 -16 -17 -18 -19 -20 21 -22 22 -24
leaf_value=-0.043730662416942422 0.022909225064650002 -0.015497991267595599 -0.040403420486015147 0.050125888407477663 0.0088324368863174334 -0.043798075555369277 -0.040271029047825445 0.048631899794879557 0.0092049749375618314 -0.015614283028649631 0.046223368607048843 -0.034285525483155006 0.019475973261433105 0.013602744340457152 0.011821877885685787 0.0064170375407749227 -0.05033701121970531 -0.050536311141894913 0.050231325890529824 0.050376303925693422 0.05042610688152447 0.050088855796976209 0.05004812668768184
leaf_weight=0.073780654129222745 0.027903808746487013 0.060171644319780171 0.074664768158981931 0.034423524681187589 0.057357489946297968 0.07614609555457752 0.061052759527228773 0.11136123808682896 0.088171853014500812 0.20186138234566897 0.13494432944571599 0.077238616533577442 0.071509554516524076 0.10763585304812295 0.070913393697992433 0.061331848381087184 0.13450175897742156 0.052952860831283033 0.072340588427323382 0.026857928329263814 0.042203514822176658 0.018283515830262331 0.018758854843326844
leaf_count=27 5 11 17 23 38 15 11 29 21 33 30 13 11 38 32 26 33 7 33 8 17 16 29
internal_value=0.000101703 0.0191765 -0.00170515 0.000183677 -0.00245867 -0.0101912 0.00224234 0.0137496 -0.0244103 0.00500688 0.012752 0.00153037 0.0100353 -0.0097143 -0.0122784 0.0336393 -0.0365172 -0.0196667 0.0349425 0.0419034 0.0502912 0.0501977 0.0500682
internal_weight=1.75637 0.151976 1.60439 1.52973 1.4531 0.713789 0.380805 0.304659 0.332984 0.739311 0.53745 0.402505 0.325267 0.181417 0.131966 0.172693 0.244812 0.11031 0.14385 0.0918041 0.076627 0.0639003 0.0370424
internal_count=523 69 454 437 397 212 113 98 99 185 152 122 109 65 43 55 78 45 44 58 40 53 45
is_linear=0
shrinkage=0.05


Tree=225
num_leaves=26
num_cat=0
split_feature=2 55 100 68 93 61 3 83 147 366 95 17 12 101 102 39 20 19 101 103 65 101 42 35 50
split_gain=0.0243127 0.0278274 0.0356114 0.0261115 0.0453966 0.0562156 0.0449956 0.0817786 0.039678 0.0368091 0.0517294 0.0491252 0.0446703 0.0368248 0.0275156 0.024719 0.013249 0.00507683 0.00290798 9.16018e-07 4.12937e-07 3.19408e-07 2.82318e-08 6.57305e-09 1.25554e-09
threshold=0.4763595559427391 5.1000446670203816 0.12334933648335568 66.354006850987574 4.8183863423252644 1.0000000180025095e-35 -0.91219562284790467 173.50000000000003 2.5000000000000004 1.0000000180025095e-35 5.648482718777692 2.236694677871149 -0.49285900585667713 6.3084137918125114 0.83612742268648521 2.4291921033908119 2.3828870824882187 9.8867461057340744 8.848256884333372 4.8615461271638383 5.8257867616617895 7.6028538594330621 12838550.267863605 5.9190603065829857 5.9277595051690009
decision_type=2 2 2 2 2 2 2 2 2 2 2 2 10 2 2 2 8 8 2 2 2 2 2 2 2
left_child=1 3 16 6 -5 -6 7 17 9 10 -8 -11 -13 -14 -7 -2 -3 -1 -4 -19 22 -17 -16 -23 -24
right_child=15 2 18 4 5 14 8 -9 -10 11 -12 12 13 -15 20 21 -18 19 -20 -21 -22 23 24 -25 -26
leaf_value=-0.032778856043044528 -0.0077855181986038018 0.015836588375298579 0.031065858249194202 -0.032815358962728934 -0.030511523072928357 -0.005640599860182751 -0.044621966896401216 0.017589553243502348 0.027162342332685215 -0.015351993421333567 -9.8868252174048776e-05 0.047366309118963862 -0.015154178600281476 0.023453849988716396 0.05011613340483545 0.050323788497064474 -0.013969937905621352 -0.050162366725595743 0.050278779550792102 -0.050447163195673821 0.050286418079334427 0.050086249512744985 0.050028801047192289 0.050037346049197719 0.050054246065532965
leaf_weight=0.065082282235379929 0.030216276034480072 0.072592701457324327 0.035022724478039891 0.044685975473839679 0.037425529939355329 0.027773919187893625 0.12201425626699358 0.07749962096568197 0.1059605257541989 0.23915655544260517 0.14020309491024818 0.078444641119858383 0.12411856651306186 0.12293702882016078 0.036604013930627843 0.019006770802661777 0.076645933178951964 0.060949331949814223 0.044998818040767219 0.052601094241254032 0.051541518972953781 0.012028790748445317 0.0097019156492024194 0.016024941407522419 0.0096902195946313441
leaf_count=20 12 24 9 11 5 15 28 15 38 14 32 24 26 28 25 5 16 33 33 10 15 11 24 34 16
internal_value=0.000100357 -0.00119443 0.0149585 -0.00382756 0.0121043 0.0237247 -0.00674096 -0.0253036 -0.00164414 -0.00533557 -0.0208162 0.0018534 0.0144948 0.00405751 0.0387257 0.0275059 0.000528562 -0.0439128 0.0418699 -0.0502943 0.0501843 0.0501655 0.0500903 0.0500583 0.0500415
internal_weight=1.71293 1.63565 0.22926 1.40639 0.217423 0.172737 1.18897 0.256132 0.932835 0.826874 0.262217 0.564657 0.3255 0.247056 0.135312 0.0772768 0.149239 0.178633 0.0800215 0.11355 0.107538 0.0470605 0.0559961 0.0280537 0.0193921
internal_count=523 461 82 379 111 100 268 78 190 152 60 92 78 54 95 62 40 63 42 43 80 50 65 45 40
is_linear=0
shrinkage=0.05


Tree=226
num_leaves=24
num_cat=0
split_feature=62 140 11 168 346 127 104 93 26 12 48 85 26 76 59 88 93 70 113 100 101 87 101
split_gain=0.0227122 0.0347138 0.032594 0.0329956 0.060902 0.0642566 0.09404 0.0487339 0.0449593 0.0409882 0.0395767 0.0382211 0.0440721 0.0364879 0.0283968 0.0250328 0.0248424 0.0297109 0.0225395 0.00345315 0.00111015 3.80122e-07 6.01122e-08
threshold=34.517964236045295 1.0000000180025095e-35 0.38716154706065237 1.0000000180025095e-35 1.0000000180025095e-35 1.0000000180025095e-35 2.7408061246288384 31.306650178683075 3.0340344342192536 -0.33548282396818113 11.362553841204106 13.19178965571261 2.4048551137265783 11.310456474848513 21.844617518346173 11.553109254324298 42.321451450884091 12.043826137406098 1.5000000000000002 -0.64191987906273562 6.8876759620537387 17.742633048860025 10.496748711670927
decision_type=2 2 10 2 2 2 2 2 2 10 2 2 2 2 2 2 2 2 2 2 2 2 2
left_child=1 2 3 4 7 6 10 19 9 14 11 12 -6 16 15 -5 17 -10 -3 -1 -14 22 -16
right_child=-2 18 -4 8 5 -7 -8 -9 13 -11 -12 -13 20 -15 21 -17 -18 -19 -20 -21 -22 -23 -24
leaf_value=-0.03410475131336551 0.02460282520793361 -0.050218617988885196 0.033229188917869044 -0.0046426392280831215 -0.015461233763284161 -0.024754282013221135 0.048553376341974458 0.0089368835558325706 0.023977943948883085 -0.015411528387606491 -0.030834087132464362 -0.023470124137418721 0.037957913654375564 0.013274771481164394 0.050186665209343895 0.032825913788443843 -0.044694731840522701 -0.034966332637217039 -0.0038834016526163059 -0.050292639925633834 0.050202518398138718 0.050335376081049793 0.050081993367929761
leaf_weight=0.047610151756089181 0.089530664554331563 0.057217615991248638 0.073172046577383187 0.078781835763948038 0.044759215961676091 0.17431690017110668 0.12053998383635189 0.056562338955700397 0.043634604782710085 0.066948730731382966 0.093360752220178256 0.061401808663504198 0.027863512630574405 0.12179950081190327 0.027204457917832769 0.10267407208448276 0.072422494231432211 0.041912988875992596 0.048487240448594093 0.10694383189547785 0.055149992600490805 0.040825040407071356 0.027665357407386182
leaf_count=22 35 31 31 21 7 32 18 16 30 14 26 10 11 35 10 24 14 10 12 37 34 12 31
internal_value=9.93845e-05 -0.00127928 0.000690668 -0.000995078 -0.00779284 0.000609652 0.0115787 -0.0307732 0.00759662 0.0196996 -0.00419602 0.0089503 0.0245301 -0.00728928 0.028181 0.0165584 -0.0231448 -0.00490108 -0.0289645 -0.045306 0.0460926 0.0502198 0.0501339
internal_weight=1.68079 1.59125 1.48555 1.41238 0.788508 0.577392 0.403075 0.211116 0.623869 0.344099 0.282535 0.189175 0.127773 0.27977 0.277151 0.181456 0.15797 0.0855476 0.105705 0.154554 0.0830135 0.0956949 0.0548698
internal_count=523 488 445 414 213 138 106 75 201 112 88 62 52 89 98 45 54 40 43 59 45 53 41
is_linear=0
shrinkage=0.05


Tree=227
num_leaves=26
num_cat=0
split_feature=355 4 83 97 168 130 3 24 15 66 3 85 98 50 4 78 57 32 67 78 100 130 58 61 64
split_gain=0.0235331 0.0561288 0.0466435 0.0431589 0.0574444 0.0640713 0.0506831 0.0408198 0.0599243 0.0425642 0.0510174 0.0726312 0.0304778 0.0238519 0.0247115 0.0144105 0.0128659 0.000850535 8.96635e-07 6.69906e-07 2.25233e-07 1.75094e-07 1.36989e-07 7.41389e-08 2.81479e-09
threshold=1.0000000180025095e-35 0.30140111681748932 118.12500000000001 1.3848067454799442 1.0000000180025095e-35 2.7319000000000013 -0.59740604031913414 5.3671081051008072 1.0425724637681162 19.259034813475918 0.05528163002666809 13.19178965571261 11.822142445138704 4.963751126205433 0.64772529371901755 34.461472007938262 18.982240825463737 11.19469089310415 18.624333917201714 62.229755058762954 -0.19833012526322649 1.8023899999999997 17.621955117470112 19.566674378698945 5.3712900005583588
decision_type=2 2 2 2 2 2 2 10 2 2 2 2 2 2 2 2 2 2 2 2 2 2 2 2 2
left_child=3 -2 7 12 5 18 -6 -3 16 13 11 17 -1 14 -10 -13 -9 -11 21 22 -19 -5 -18 -22 -24
right_child=1 2 -4 4 6 -7 -8 8 9 10 -12 15 -14 -15 -16 -17 19 20 -20 -21 23 -23 24 -25 -26
leaf_value=0.044595488498986369 0.050327472522359751 -0.030873790528674352 -0.042779051528677836 -0.05007768820413179 -0.023445240050619466 -0.0086000023136272707 0.021398025504797188 0.0037967158205897897 0.021133162416659579 0.040711925985803199 -0.020204001300549723 -0.023632022715019619 -0.0030981293980208114 -0.04264132532201495 -0.02559610027247099 0.011850274130109379 0.050238498390018108 0.050291288372224789 -0.050416046944735164 0.050367465497753949 0.0500912142623854 -0.050242570359535547 0.050033356999227688 0.050190847127508126 0.050061827677573605
leaf_weight=0.065263507567578927 0.065985130684566684 0.068853012395265978 0.053464241398614831 0.031439026046427898 0.094572001253254712 0.26954941189615056 0.18880180176347494 0.017728755286952946 0.052639254616224207 0.030155442946124822 0.087400962016545236 0.055978010834223824 0.068817632520222105 0.0614380759652704 0.061167316380306147 0.058540135079965694 0.013104060664772987 0.035417348495684564 0.075502207386307418 0.045898313575889915 0.0395341693838418 0.033004573080688715 0.01576298289000988 0.035382262045459356 0.01932406532796449
leaf_count=21 25 16 10 32 21 31 38 13 22 12 15 19 21 13 24 22 3 8 13 9 39 11 39 17 29
internal_value=9.80021e-05 0.00611231 0.00223151 -0.00584957 -0.0108744 -0.0228508 0.00643222 0.00567755 0.00967562 0.0025056 0.0127627 0.0240616 0.0201166 -0.0175356 -0.00398229 -0.00549395 0.0428686 0.0481535 -0.0502991 0.0502308 0.0501874 -0.0501621 0.0501006 0.0501383 0.050049
internal_weight=1.64472 0.817774 0.751788 0.82695 0.692869 0.409495 0.283374 0.698324 0.629471 0.517653 0.342408 0.255007 0.134081 0.175245 0.113807 0.114518 0.111818 0.140489 0.139946 0.0940894 0.110334 0.0644436 0.0481911 0.0749164 0.035087
internal_count=523 335 310 188 146 87 59 300 284 191 132 117 42 59 46 41 93 76 56 80 64 43 71 56 68
is_linear=0
shrinkage=0.05


Tree=228
num_leaves=24
num_cat=0
split_feature=162 36 2 72 308 5 89 65 2 8 23 130 48 99 13 89 39 11 75 18 345 101 79
split_gain=0.0226879 0.0462929 0.0258706 0.0250938 0.0397831 0.0459167 0.0415946 0.0451041 0.0324516 0.0505158 0.0380062 0.0350768 0.0451569 0.0382013 0.0309367 0.023869 0.0233407 0.00995679 0.000905001 3.6441e-07 2.42938e-07 2.37352e-07 2.85577e-08
threshold=1.5000000000000002 3.9601827114627191 0.4553774565381708 11.831440310397257 1.0000000180025095e-35 13.703636363636365 12.474925571730797 1.0000000180025095e-35 0.055534677605610046 474.12414144804501 -2.6159731712847845 0.57144000000000283 5.8002328937054175 1.2698246735596899 0.50781646388986967 25.910597229463153 2.4291921033908119 0.30877696665646065 33.060593247421494 16.16194890853976 1.0000000180025095e-35 7.6028538594330621 42.382370336536361
decision_type=2 2 2 2 2 2 2 2 2 2 8 2 2 2 10 2 2 10 2 10 2 2 2
left_child=1 19 3 4 6 -6 17 14 10 11 -7 -10 -13 -14 15 -8 -4 -3 -15 -1 -17 -18 -22
right_child=-2 2 16 -5 5 8 7 -9 9 -11 -12 12 13 18 -16 20 21 -19 -20 -21 22 -23 -24
leaf_value=-0.050340766872961885 0.025548697021806073 -0.024020991196751749 -0.0073032426179467968 0.025241806745813979 0.030569772755412158 0.039171221743736447 0.0021696402579416377 -0.028312508126803096 -0.036068113337828785 -0.039027861379586665 -0.011903100740695069 -0.0061566717470661995 -0.0063644719549227876 0.039721191025811037 -0.021941695487836491 0.050301299129120826 0.050282548771807649 -0.050311495363957882 0.050283897265227355 -0.050060329081379674 0.0501394209156397 0.05005797563594138 0.050047149936773089
leaf_weight=0.0208553807606221 0.083055320825224155 0.069794695911695959 0.028160570829640963 0.083930428565508808 0.12792335799895227 0.092298414616379887 0.046916056860936806 0.10958137540728785 0.061584683367982507 0.10139877686742693 0.060168787778820843 0.33153609475994017 0.05339333793381229 0.030205769908207003 0.042453513946384192 0.024214625969761983 0.021598710329271853 0.074405531107913703 0.061702694751147646 0.026057297858642414 0.016842567485582549 0.025843880306638312 0.016700324209523387
leaf_count=9 38 24 7 37 30 33 20 24 12 21 21 37 11 19 8 7 6 18 31 32 9 38 31
internal_value=9.87458e-05 -0.00128499 0.000264342 -0.00126876 -0.00295297 0.00277403 -0.0160982 -0.00402763 -0.00171389 -0.00665364 0.0190155 -0.00055674 0.00402963 0.0272718 0.0140599 0.0286615 0.0287563 -0.0375866 0.0468125 -0.050185 0.0501806 0.0501602 0.0500935
internal_weight=1.61062 1.52757 1.48065 1.40505 1.32112 0.920212 0.400909 0.256708 0.792289 0.639821 0.152467 0.538423 0.476838 0.145302 0.147127 0.104674 0.0756032 0.1442 0.0919085 0.0469127 0.0577575 0.0474426 0.0335429
internal_count=523 485 444 393 356 215 141 99 185 131 54 110 98 61 75 67 51 42 50 41 47 44 40
is_linear=0
shrinkage=0.05


Tree=229
num_leaves=20
num_cat=0
split_feature=162 39 3 20 11 158 17 127 108 92 355 102 91 67 59 15 99 66 365
split_gain=0.0207531 0.0407308 0.0359558 0.0340925 0.0258128 0.0353052 0.0319411 0.0896398 0.0688177 0.0676803 0.0633927 0.0616148 0.0432822 0.0407161 0.0395311 0.0465534 0.0135649 0.00467093 4.40238e-07
threshold=1.5000000000000002 1.6774422705885661 -1.5857253086419754 2.1397620483287669 0.38716154706065237 1.5000000000000002 2.5582655826558267 1.0000000180025095e-35 3.5000000000000004 11.978190533732162 1.0000000180025095e-35 3.1107174761634022 13.940504570174705 12.613555867353924 30.832952172872353 1.1507575757575761 2.6863155864197545 43.41453080981033 1.0000000180025095e-35
decision_type=2 2 2 8 10 2 2 2 2 2 2 2 2 2 2 2 2 2 2
left_child=1 2 -1 -3 5 6 7 8 17 -10 -11 -12 14 -14 16 -16 -8 -5 -4
right_child=-2 3 18 4 -6 -7 12 -9 9 10 11 -13 13 -15 15 -17 -18 -19 -20
leaf_value=0.012176399134993882 0.024589041807241779 0.024037028921149763 -0.050129494674639487 0.033490282127906862 0.026786718481284805 -0.030122906013800937 -0.048561949654610817 -0.024426645200631088 0.042091118288295287 -0.046195983140392791 0.05029747268449291 -0.018181938602493029 -0.013144451107412731 0.047520650044682068 -0.022263562578922994 0.038149943500687206 -0.021804129310672941 0.051721770265130119 -0.050374992022808221
leaf_weight=0.033470366703113541 0.08200933789703424 0.14456138062814683 0.041995301187853329 0.054049696274887316 0.075181731404882268 0.11207760573597614 0.09300053323386237 0.16903972870204598 0.084726530505577102 0.079269994981586933 0.055954281906451797 0.079543229323462583 0.057559579523513094 0.053242567002598662 0.085039054669323377 0.051018496313190553 0.096523284366412554 0.10037333120999392 0.032312114999513031
leaf_count=12 38 34 37 36 32 21 24 27 24 22 24 33 14 36 30 21 30 17 11
internal_value=9.76682e-05 -0.00124229 -0.030854 0.00105182 -0.00161365 -0.00343639 -0.000612967 0.00665366 0.018228 0.00424846 -0.0106806 0.0100969 -0.0109864 0.0160063 -0.0201726 0.000390132 -0.0349344 0.0453406 -0.0502362
internal_weight=1.58095 1.49894 0.107778 1.39116 1.2466 1.17142 1.05934 0.622957 0.453917 0.299494 0.214768 0.135498 0.436384 0.110802 0.325581 0.136058 0.189524 0.154423 0.0743074
internal_count=523 485 60 425 391 359 338 183 156 103 79 57 155 50 105 51 54 53 48
is_linear=0
shrinkage=0.05


Tree=230
num_leaves=25
num_cat=0
split_feature=2 55 100 68 3 83 105 24 147 15 131 130 91 22 35 19 33 103 44 21 59 58 45 5
split_gain=0.0206953 0.0244126 0.0306133 0.0234406 0.0408047 0.0698011 0.0366698 0.0527132 0.0349577 0.0313714 0.0325922 0.0355632 0.0285082 0.0225129 0.0118437 0.00520719 0.00318626 8.56241e-07 5.51766e-07 1.82179e-07 4.54171e-08 8.24039e-09 3.30354e-09 2.15427e-09
threshold=0.4763595559427391 5.1000446670203816 0.12334933648335568 66.354006850987574 -0.91219562284790467 173.50000000000003 0.26794258373205743 5.5147633806297636 2.5000000000000004 1.1043557168784031 78.695400000000049 2.561700000000001 6.2620818231888098 2.3265246936974511 7.4724144960415595 9.8867461057340744 6.5843290103051588 5.2195179482621246 5.094565833703518 -2.176605970364228 17.827948649634294 36.529965431783744 2.5623955815297319 19.097222222222225
decision_type=2 2 2 2 2 2 2 10 2 2 2 2 2 10 2 8 2 2 2 10 2 2 2 2
left_child=1 3 14 4 5 15 -5 -8 9 12 -11 -12 -6 -2 -3 -1 -4 -17 -15 20 -9 -22 -20 -23
right_child=13 2 16 6 8 -7 7 19 -10 10 11 -13 -14 18 -16 17 -18 -19 22 -21 21 23 -24 -25
leaf_value=-0.031537691366401797 -0.0083979642721573669 -0.015898222383831116 0.028143912292003598 -0.02721069760425697 -0.04030563857396352 0.017497033452164874 -0.0093602642258271192 0.050153340548993869 0.026796007167188909 -0.013630147420759305 0.037923214781957211 0.00088613157734882127 -0.0018353800449732388 0.0504169442489995 0.013999956970387313 -0.050143153402589881 0.050123867057520227 -0.050435748705574934 0.050071754362607038 0.050263951300739289 0.050098426398320128 0.050034842302419627 0.050032750626473547 0.050064852348110082
leaf_weight=0.05850804201327231 0.027141531958477683 0.058778291408088879 0.026659603870939463 0.045481953904527361 0.10439864745421812 0.066651455243118107 0.066386910992150661 0.024432788395643001 0.096122980241489131 0.23050935863284394 0.088807198437280022 0.23989567353055463 0.089391699963016436 0.019466434780042619 0.075890460051596165 0.056350055208895355 0.043214769702899503 0.044947588350623846 0.010117062782228459 0.023679055273532867 0.01240795759804314 0.013332848979189293 0.011715306234691525 0.010843743399163941
leaf_count=20 16 19 5 22 24 15 15 12 38 36 29 38 25 4 21 34 37 9 11 5 10 31 31 16
internal_value=9.68459e-05 -0.00114892 0.0148839 -0.00372675 -0.00662821 -0.0254862 0.0121497 0.0239987 -0.00159888 -0.00522357 0.000784241 0.0108926 -0.0225601 0.0269758 0.000950427 -0.0434136 0.0417377 -0.050273 0.0502234 0.0501462 0.0501006 0.0500653 0.0500508 0.0500483
internal_weight=1.54513 1.47669 0.204543 1.27215 1.07558 0.226457 0.196565 0.151083 0.849126 0.753003 0.559212 0.328703 0.19379 0.0684403 0.134669 0.159806 0.0698744 0.101298 0.0412988 0.0846964 0.0610173 0.0365845 0.0218324 0.0241766
internal_count=523 461 82 379 268 78 111 89 190 152 103 67 49 62 40 63 42 43 46 74 69 57 42 47
is_linear=0
shrinkage=0.05


Tree=231
num_leaves=27
num_cat=0
split_feature=151 162 25 127 97 4 39 20 83 68 24 20 20 67 21 95 0 108 3 30 75 47 98 131 67 43
split_gain=0.0208915 0.0489002 0.0398317 0.0393659 0.123363 0.0364974 0.0383302 0.0372966 0.0345492 0.033003 0.0393331 0.0391365 0.0367385 0.0321495 0.0316843 0.0451995 0.0400695 0.0209264 0.0147429 0.00507572 0.00436162 4.57626e-07 3.29451e-07 8.43057e-08 2.93689e-08 3.65047e-09
threshold=1.0000000180025095e-35 1.5000000000000002 -0.91027256318007332 1.0000000180025095e-35 2.4213223970143614 0.28461233473383579 1.6774422705885661 2.1277995048571263 108.81000000000002 65.78944485112423 5.5117093672116146 2.2291444893923633 2.4843000286075161 25.098677843018255 -2.3184839735822345 5.648482718777692 12.763267194899591 5.5000000000000009 -1.5857253086419754 13.836278883461061 16.897219107649558 20.188373727639657 2.7311990583270349 95.743300000000062 8.782779941445904 19.584130415492268
decision_type=2 2 8 2 2 2 2 8 2 2 8 10 10 2 10 2 2 2 2 2 2 2 2 2 2 2
left_child=1 2 19 4 -2 -4 18 -8 9 12 -11 -12 14 -6 16 -16 -9 -17 -7 -1 -13 23 -20 -22 -25 -26
right_child=3 -3 5 -5 13 6 7 8 -10 10 11 20 -14 -15 15 17 -18 -19 22 -21 21 -23 -24 24 25 -27
leaf_value=0.022547198627176579 0.049489516843226014 0.050294021088973233 0.037073631942683406 -0.03140722312943741 -0.045810407390503578 -0.0029878838463129518 0.030593901709176669 0.037944573879301377 -0.038937845904635698 -0.012725624391496252 -0.023859271220960751 0.022528808614135087 -0.042279464993636155 -0.0044635502705671964 -0.038069767745083138 0.02347659117497115 -0.012998089762678978 -0.013994815747482384 -0.050360144999136561 0.050153639493751748 0.050204641946513355 0.050363826622959844 -0.050118932894000483 0.050132138083032823 0.050061358928070357 0.050026588660475713
leaf_weight=0.029108777525834739 0.090431801712839044 0.053630656158929813 0.058449426367587654 0.13681651110528037 0.0788094662129879 0.023199609422590584 0.086447991314344108 0.086945839080726506 0.064960599527694285 0.075956567096000072 0.024939226750575472 0.016980745131149888 0.067174564843298867 0.11653164805102278 0.10678842577908676 0.073758924132562242 0.069419645817106357 0.075294117326848209 0.025455754323047586 0.038901799911400303 0.017198573215864599 0.024430805817246437 0.031888884244835936 0.015411690452310722 0.019850225755362771 0.012180878624349134
leaf_count=12 12 33 23 14 16 11 19 38 14 18 13 6 13 36 25 24 25 19 9 28 5 5 33 9 28 35
internal_value=9.54123e-05 0.0037302 0.0013399 -0.00935196 0.00120721 -0.0012363 -0.00367475 -0.000507263 -0.00408595 -0.000787245 0.0159002 0.032499 -0.0079912 -0.0211447 -0.00240348 -0.0132407 0.0153282 0.00454792 -0.0366197 0.038338 0.0457522 0.0501795 -0.050226 0.0501098 0.0500754 0.0500481
internal_weight=1.52096 1.09837 1.04474 0.422589 0.285773 0.976732 0.918283 0.837739 0.751291 0.68633 0.206949 0.130992 0.479382 0.195341 0.412207 0.255841 0.156365 0.149053 0.0805442 0.0680106 0.106053 0.0890722 0.0573446 0.0646414 0.0474428 0.0320311
internal_count=523 445 412 78 64 372 349 296 277 263 119 101 144 52 131 68 63 43 53 40 88 82 42 77 72 63
is_linear=0
shrinkage=0.05


Tree=232
num_leaves=27
num_cat=0
split_feature=2 55 147 88 23 59 87 12 101 4 64 3 101 4 71 22 67 45 77 102 39 44 0 101 60 35
split_gain=0.0196016 0.0219846 0.0287062 0.0303133 0.0255934 0.025296 0.0330393 0.0395961 0.0281586 0.0460833 0.0334637 0.0278749 0.0260332 0.0213345 0.0317576 0.0208305 0.0204551 0.0200595 0.019099 0.00712558 0.00353257 4.71302e-07 4.70034e-07 3.67005e-07 2.69448e-08 3.34493e-09
threshold=0.4763595559427391 5.1000446670203816 4.5000000000000009 10.830213666710213 -2.1639842362776376 5.6302454023764161 6.4827890144192937 -0.45893658117068192 6.9616020962424567 0.55820100761145075 4.3393779863563422 -0.024957653586125225 4.448976796737214 0.5694729924249865 5.0032185628455927 2.3265246936974511 6.5758191852127474 3.8061763262382522 23.420166396263269 0.83612742268648521 1.9847417218618018 5.094565833703518 12.148176492819351 6.5219391484721116 18.906091950523294 6.0416144612067146
decision_type=2 2 2 2 8 2 2 8 2 2 2 2 2 2 2 10 2 2 2 2 2 2 2 2 2 2
left_child=1 4 3 -3 5 -1 8 12 -7 -10 -11 16 18 -14 -15 -2 -9 -12 -8 -18 -5 -17 -21 -22 -24 -23
right_child=15 2 -4 20 -6 6 7 11 9 10 17 -13 13 14 -16 21 19 -19 -20 22 23 25 24 -25 -26 -27
leaf_value=0.025521518394383574 -0.0074435630603027136 -0.0040562311455184909 -0.016645731360327484 0.028519108274493589 -0.035156366573660669 -0.039682753743570692 -0.044522193559686334 0.0074526959439767428 -0.0452873695181224 -0.016104009780216907 0.0004098333160683281 -0.014559314468015713 0.021722169314096915 0.011564026593158236 -0.02546241460333892 0.050398045864970334 0.020815048233569992 0.040371838138427978 -0.0048825290505880676 0.050369676151122623 0.050349388624751239 0.050071808819325617 0.050057197951974289 0.050103639916295441 0.050127710030176333 0.050031068160188756
leaf_weight=0.07807011944532849 0.026274804491549841 0.052440388812101335 0.05401239481579978 0.026711409795098007 0.061142424616264068 0.090523750986903684 0.062805046960420441 0.066308363864663988 0.066452907984057674 0.13281805487349629 0.06442387135757599 0.04557372149429284 0.094887620038207388 0.11920964793534949 0.112623195786 0.018340890004765242 0.02773834941763198 0.061265732259926153 0.058871053217444569 0.022768410504795611 0.02532484702533111 0.0089882757165469229 0.021446497128636111 0.037972369937051553 0.036789269201108254 0.011463988699688343
leaf_count=29 16 20 15 6 29 17 26 13 13 20 19 16 38 14 35 4 11 21 14 4 6 12 38 35 22 30
internal_value=9.63616e-05 -0.00113314 0.0143929 0.0261618 -0.00362576 -0.00196749 -0.00394634 0.00293111 -0.0150205 -0.00815043 0.00139613 0.0202724 -0.00560131 0.00175089 -0.00642323 0.0269316 0.0293406 0.0198888 -0.0253432 0.0426873 0.0437673 0.050214 0.0501771 0.050202 0.0501017 0.050049
internal_weight=1.48525 1.42018 0.196461 0.142449 1.22372 1.16258 1.08451 0.669021 0.415484 0.324961 0.258508 0.220625 0.448397 0.32672 0.231833 0.065068 0.175051 0.12569 0.121676 0.108743 0.0900086 0.0387932 0.0810042 0.0632972 0.0582358 0.0204523
internal_count=523 461 82 67 379 350 321 231 90 73 60 104 127 87 49 62 88 40 40 75 47 46 64 41 60 42
is_linear=0
shrinkage=0.05


Tree=233
num_leaves=26
num_cat=0
split_feature=355 4 83 97 168 130 3 176 85 87 101 37 43 98 104 23 26 67 101 3 130 89 92 15 47
split_gain=0.0193144 0.0470399 0.0395522 0.036968 0.0473686 0.0573189 0.0439425 0.0344659 0.0531123 0.0488672 0.0568161 0.0629016 0.0416019 0.0277067 0.017259 0.0120349 9.93359e-07 4.97111e-07 4.64908e-07 2.46591e-07 1.41567e-07 7.9323e-08 1.3147e-08 3.24678e-09 2.3682e-09
threshold=1.0000000180025095e-35 0.30140111681748932 118.12500000000001 1.3848067454799442 1.0000000180025095e-35 2.7319000000000013 -0.59740604031913414 1.5000000000000002 14.493540694785851 11.050580173921391 6.9616020962424567 6.5679273149771289 16.952718127072046 13.9325604051821 1.6860431153509257 -3.1308703488592635 2.5934225643664419 18.624333917201714 6.5219391484721116 -0.80942505812522914 1.8023899999999997 24.139170395954078 11.232769929241265 1.1234756097560978 19.240605408980418
decision_type=2 2 2 2 2 2 2 2 2 2 2 2 2 2 2 10 2 2 2 2 2 2 2 2 2
left_child=3 -2 7 13 5 17 -6 8 9 10 -3 14 -11 -1 16 -14 -12 20 -9 -17 -5 -21 -23 -20 -24
right_child=1 2 -4 4 6 -7 -8 18 -10 12 11 -13 15 -15 -16 19 -18 -19 23 21 -22 22 24 -25 -26
leaf_value=0.042369913429745332 0.050273677353331769 -0.034051705078942909 -0.04224216390776659 -0.050067148451460625 -0.023279294095384609 -0.0081818036878484515 0.020826156578716615 0.050417432652065289 -0.029885307752723418 -0.01380360897899807 0.050470355092938839 -0.019311127153138912 0.010102596083334569 -0.0055077718126918633 0.0061521359436571763 0.050296515525882782 0.050108563437897991 -0.050354413607166595 0.050048177678267629 0.050173199184331621 -0.050226424712213717 0.050114292004838405 0.050040287359654281 0.050083985591112185 0.050070408835894566
leaf_weight=0.063832816755166277 0.055246326388441958 0.097750285232905298 0.04644668243417982 0.026612664354615845 0.084719996491912752 0.24726642979658209 0.1693764048977755 0.015092232148163021 0.10392497622524388 0.041082725110754836 0.032087982282973826 0.086213652772130445 0.022426690702559426 0.057380654689040966 0.030917037795006763 0.028626778293983079 0.04641874582375749 0.064380161231383681 0.012024371224470087 0.044468035150202923 0.029321736743440852 0.014867616497213021 0.013017778746871045 0.013368562951654894 0.013083878227917012
leaf_count=24 25 21 10 32 21 31 38 4 26 19 6 16 16 18 31 10 39 13 26 20 11 8 30 15 13
internal_value=9.57806e-05 0.0059494 0.00224936 -0.00555434 -0.0104794 -0.0219545 0.00612066 0.00560747 0.0024673 0.00960641 -0.00292368 0.0126294 0.0303087 0.0197053 0.037795 0.0435861 0.0502564 -0.0502597 0.0501977 0.0501695 -0.0501506 0.050127 0.0500768 0.050067 0.0500554
internal_weight=1.45996 0.717064 0.661818 0.742891 0.621677 0.367581 0.254096 0.615371 0.574886 0.470961 0.293388 0.195637 0.177574 0.121213 0.109424 0.136491 0.0785067 0.120315 0.0404852 0.114064 0.0559344 0.0854373 0.0409693 0.0253929 0.0261017
internal_count=523 335 310 188 146 87 59 300 255 229 113 92 116 42 76 97 45 56 45 81 43 71 51 41 43
is_linear=0
shrinkage=0.05


Tree=234
num_leaves=19
num_cat=0
split_feature=28 74 50 88 23 25 24 2 47 33 58 333 95 22 100 4 64 133
split_gain=0.018542 0.0250681 0.0237241 0.0284419 0.027425 0.0357595 0.0305515 0.036391 0.0387058 0.0449014 0.0490579 0.0402382 0.0599558 0.0287996 0.0415888 0.01462 0.0129911 8.53259e-07
threshold=1211.550602076527 1.0000000180025095e-35 6.0570574465605116 17.774656155388659 -2.34634710865422 0.074015317100616498 6.3120122007975654 0.045430042272034295 15.533486938863142 7.5650532670357418 55.344045514819747 1.0000000180025095e-35 4.8009027777777789 2.2148837191987938 0.32170117086194078 0.6275760137613845 4.9419441258988437 1.0000000180025095e-35
decision_type=2 2 2 2 8 8 10 2 2 2 2 2 2 10 2 2 2 2
left_child=2 -2 4 -4 5 6 7 -1 9 -9 16 12 -10 -6 -15 -8 17 -11
right_child=1 -3 3 -5 13 -7 15 8 11 10 -12 -13 -14 14 -16 -17 -18 -19
leaf_value=0.025988743556907001 0.040482180564997222 -0.012059565298506707 0.0020806130319459353 -0.044150478555825108 -0.04739189036230583 0.037527701857594541 0.049896722652968295 -0.0093639696041857238 -0.03763112436706946 0.050093753581900449 -0.018595770496454674 -0.05033111176340796 0.021899392361711095 -0.022141418199553297 0.027290473656364556 0.0074759625006213517 0.01454820867031797 0.050405652502533344
leaf_weight=0.10638224396097962 0.061653820688661765 0.035931726117269136 0.065311608261254039 0.06780813162913546 0.051647976390085892 0.075809785379533201 0.045109401271474781 0.26922471588477492 0.083138798050640617 0.039640723662159871 0.050066103991412092 0.080265152326319367 0.086093989229993895 0.1246497271458793 0.064603050854202593 0.036946712876670063 0.035702147066331236 0.049072995607275516
leaf_count=36 39 21 29 14 32 39 28 36 13 38 25 21 29 39 26 27 23 8
internal_value=9.83135e-05 0.0211359 -0.00144356 -0.0214684 0.000780912 0.00457503 0.00174153 -0.00124016 -0.00541882 0.00344074 0.0231983 -0.0211747 -0.0073461 -0.0142987 -0.00526742 0.0307963 0.0400167 0.0502663
internal_weight=1.42906 0.0975855 1.33147 0.13312 1.19835 0.957453 0.881643 0.799587 0.693205 0.443707 0.174482 0.249498 0.169233 0.240901 0.189253 0.0820561 0.124416 0.0887137
internal_count=523 60 463 43 420 323 284 229 193 130 94 63 42 97 65 55 69 46
is_linear=0
shrinkage=0.05


Tree=235
num_leaves=23
num_cat=0
split_feature=53 99 24 37 75 3 176 20 21 87 61 127 5 100 28 131 358 39 151 100 100 3
split_gain=0.0192434 0.0496102 0.0521502 0.0618889 0.0502534 0.0524438 0.0315566 0.0314266 0.0353784 0.0423792 0.0478051 0.0521166 0.0955637 0.0310289 0.0290014 0.0271209 0.0257756 0.00306366 4.00541e-05 2.76045e-07 1.77636e-07 1.01551e-08
threshold=9.4143231052525067 1.0000000180025095e-35 5.7247526168607266 4.1161371331918746 60.12632714452316 -0.40455318558156667 1.5000000000000002 2.1277995048571263 -2.1858381632923414 17.596197779267197 19.566674378698945 1.0000000180025095e-35 20.521990740740744 0.14943885940611426 490.46603188626347 81.565250000000049 1.0000000180025095e-35 2.1449286177331017 1.0000000180025095e-35 -1.4589147991118228 0.47387744604014448 -0.85030104402872253
decision_type=2 2 10 2 2 2 2 8 8 2 2 2 2 2 2 2 2 2 2 2 2 2
left_child=6 -2 -3 -4 5 -5 7 14 9 10 11 12 13 -9 -1 -10 17 -8 20 -19 -15 -21
right_child=1 2 3 4 -6 -7 16 8 15 -11 -12 -13 -14 18 -16 -17 -18 19 -20 21 -22 -23
leaf_value=-0.002411311620288719 -0.050238321461278046 0.05041350719203639 -0.044793559083276722 -0.030374468117305289 0.050184928523456254 0.027631039629716317 0.027255608126375799 0.0053280179551698521 -0.050268111468429827 0.029753505000482145 -0.035690235651204598 -0.02318312147100992 -0.01704246551048498 0.050285578725142527 0.050271804845864312 -0.0020566622374132296 -0.008035321254191612 0.050317531509601769 0.051963469981912314 0.050116273207946163 0.050098641756386397 0.050065202633535338
leaf_weight=0.047930643864674494 0.062088685474009253 0.042159195174463093 0.085948970008757897 0.099888942429970484 0.04852681489137467 0.063890757046465296 0.019383279955945909 0.051772087826975621 0.063410270551685244 0.11182204486431147 0.097915539750829339 0.13545895995775936 0.14071729700663127 0.020630073344364064 0.057413272828853223 0.054022118369175587 0.03323954704683274 0.019850148077239282 0.074112191156018525 0.018012533311775769 0.033094041973527055 0.021178254759433912
leaf_count=26 24 8 24 32 33 37 8 33 21 35 30 32 31 9 20 22 7 7 3 14 35 32
internal_value=9.56818e-05 -0.0091358 -0.00163905 -0.00899682 0.00549493 -0.00774641 0.00381152 0.000662325 -0.00278733 0.00167728 -0.00399283 0.00281668 0.0138114 0.0379845 0.0263014 -0.0280895 0.0288638 0.0445032 0.0512099 0.0501656 0.0501704 0.0500887
internal_weight=1.40247 0.402503 0.340415 0.298255 0.212307 0.16378 0.999962 0.888299 0.782955 0.665522 0.5537 0.455785 0.320326 0.179608 0.105344 0.117432 0.111664 0.0784242 0.127836 0.0590409 0.0537241 0.0391908
internal_count=523 158 134 126 102 69 365 297 251 208 173 143 111 80 46 43 68 61 47 53 44 46
is_linear=0
shrinkage=0.05


Tree=236
num_leaves=25
num_cat=0
split_feature=355 4 83 94 47 101 97 168 130 3 78 98 98 95 340 43 7 67 130 59 79 101 100 25
split_gain=0.0188679 0.0410532 0.0353299 0.0329784 0.0356699 0.0611105 0.0324855 0.0400553 0.0528857 0.0379408 0.0302168 0.027229 0.0261674 0.0203251 0.04086 4.07609e-05 1.62834e-06 3.81265e-07 1.02882e-07 4.61601e-08 1.40881e-08 2.51245e-09 2.04735e-09 5.09211e-11
threshold=1.0000000180025095e-35 0.30140111681748932 118.12500000000001 16.455832596598825 19.395281380286939 6.9616020962424567 1.3848067454799442 1.0000000180025095e-35 2.7319000000000013 -0.59740604031913414 30.013657918476422 9.4251809928426358 11.822142445138704 7.5372818907472796 1.0000000180025095e-35 20.637618107449789 225.17400000000001 18.624333917201714 1.8023899999999997 11.832342902951732 34.639421035224153 13.663435581124906 0.69436314102597507 -0.86115236730519673
decision_type=2 2 2 2 2 2 2 2 2 2 2 2 2 2 2 2 2 2 2 2 2 2 2 8
left_child=6 -2 3 4 5 10 12 8 17 -9 -3 16 -1 -6 -15 -5 -7 18 -8 -18 -21 -22 23 -23
right_child=1 2 -4 15 13 11 7 9 -10 -11 -12 -13 -14 14 -16 -17 19 -19 -20 20 21 22 -24 -25
leaf_value=0.04407691788716997 0.050239745886872959 -0.041385567920299411 -0.041623236110670966 0.046999431786214067 -0.025552838890351499 0.050682264831151264 -0.050060608618098357 -0.022753927992095687 -0.0080872923016024594 0.019309410875924245 0.009211834945333482 0.012514111263666175 -0.0035914719801674686 0.038060369133203105 -0.028247642753216451 0.050206941599659133 0.0501480688110853 -0.050323970455624457 -0.050203803982716004 0.050102980060718921 0.050057096579078232 0.050020911840613518 0.05005224607059941 0.050013616640962211
leaf_weight=0.053863636989262886 0.048882591319852509 0.05610979390621651 0.04201548986020498 0.016495900144946063 0.12946078774984926 0.013280391693115234 0.023850727098761126 0.080493136367294937 0.23757799144368619 0.16051139768387657 0.062237187928985804 0.098345319140207721 0.061846356926253065 0.046731068090593908 0.046204074576962739 0.024789497696474427 0.02117683803953696 0.058057015878148377 0.026459049026016146 0.015540554537437856 0.026820393179150415 0.0047498670610366389 0.0074109495762968427 0.0048186790045292582
leaf_count=21 25 18 10 20 26 1 32 21 31 38 22 38 21 27 14 24 14 13 11 9 36 13 10 28
internal_value=9.8307e-05 0.0061346 0.00263571 0.00587439 0.00253902 0.0134872 -0.00561507 -0.0103885 -0.0212905 0.00526067 -0.014777 0.0308961 0.0185984 -0.0127459 0.00509436 0.0489254 0.0501693 -0.0502367 -0.0501359 0.0500847 0.0500621 0.0500476 0.0500325 0.0500172
internal_weight=1.36773 0.665069 0.616187 0.574171 0.532886 0.31049 0.702659 0.586949 0.345945 0.241005 0.118347 0.192143 0.11571 0.222396 0.0929351 0.0412854 0.0937977 0.108367 0.0503098 0.0805173 0.0593404 0.0437999 0.0169795 0.00956855
internal_count=523 335 310 300 256 189 188 146 87 59 40 149 42 67 41 44 111 56 43 110 96 87 51 41
is_linear=0
shrinkage=0.05


Tree=237
num_leaves=24
num_cat=0
split_feature=162 39 111 83 35 3 269 87 158 47 34 99 102 93 15 48 325 310 97 34 93 101 5
split_gain=0.0179598 0.0368003 0.0289367 0.0352702 0.0260033 0.0259478 0.0227928 0.0287483 0.0307456 0.0277986 0.0448407 0.0362925 0.0333468 0.0409962 0.0442787 0.0223138 0.0165031 2.60578e-07 7.25396e-08 6.42897e-08 1.1189e-08 7.06697e-09 8.57192e-10
threshold=1.5000000000000002 1.6774422705885661 1.0000000180025095e-35 78.155000000000015 4.6549737344073465 -1.5857253086419754 1.0000000180025095e-35 38.920872528752454 1.5000000000000002 14.787156247127298 9.7689640738955976 0.52012433599983243 4.6422779498454441 31.036285403110817 1.1234756097560978 1.0000000180025095e-35 1.0000000180025095e-35 1.0000000180025095e-35 35.01735647694818 5.5440336593544997 10.207030975729444 12.890715489375209 22.264764764764767
decision_type=2 2 2 2 2 2 2 2 2 2 2 2 2 2 2 2 2 2 2 2 2 2 2
left_child=1 5 3 16 -4 -1 7 8 9 10 15 -11 13 14 -13 -6 -3 19 20 -7 -12 -22 -23
right_child=-2 2 4 -5 6 17 -8 -9 -10 11 18 12 -14 -15 -16 -17 -18 -19 -20 -21 21 22 -24
leaf_value=0.0086563238602480972 0.025049467163023916 0.013264057761582041 -0.050189137337747672 -0.0074029232200487367 -0.01003594999890803 -0.050041590861859608 -0.0306788128898298 0.034125202428296461 -0.027288536739358556 -0.040690066777253765 0.050107607581811077 -0.022329215938757439 -0.014782777439774096 0.050289205169163777 0.035143998702291762 0.023318228664189356 0.050285158565699206 -0.050314205478528773 0.050177507822968127 -0.050179189580090114 0.050078262741155843 0.050020162571601495 0.050042230999197336
leaf_weight=0.026889903572737239 0.068439108268648963 0.051436642475891636 0.027772652654675767 0.081561718776356429 0.12669104525048169 0.017703224140859564 0.060986431431956589 0.06072977653820999 0.10153653344605118 0.063247494545066729 0.01261521756532602 0.086070413170091342 0.19048135405319044 0.057034373883652734 0.054880437914107461 0.082990166043600766 0.072578496430651285 0.027668414317304268 0.022789910071878694 0.016309552593156695 0.014152343568639481 0.0091130210967094172 0.0085086288017919287
leaf_count=12 38 27 11 24 26 34 15 14 24 22 10 33 29 31 29 35 29 8 9 6 14 30 13
internal_value=9.75616e-05 -0.00124312 0.0010802 0.0181347 -0.00249883 -0.0323316 -0.00110731 0.000917133 -0.00151232 0.00207993 0.0145551 -0.00556622 0.000152402 0.0145215 4.84793e-05 0.00316537 0.0349302 -0.0502003 0.050105 -0.0501076 0.0500678 0.050052 0.0500308
internal_weight=1.34219 1.27375 1.18518 0.205577 0.9796 0.0885711 0.951827 0.890841 0.830111 0.728574 0.27686 0.451714 0.388467 0.197985 0.140951 0.209681 0.124015 0.0616812 0.0671791 0.0340128 0.0443892 0.031774 0.0176216
internal_count=523 485 425 80 345 60 334 319 305 281 137 144 122 93 62 61 56 48 76 40 67 57 43
is_linear=0
shrinkage=0.05


Tree=238
num_leaves=24
num_cat=0
split_feature=53 99 14 31 30 95 158 91 57 34 321 40 349 118 99 95 21 19 6 34 27 41 35
split_gain=0.017736 0.0439372 0.0400055 0.0535688 0.0480443 0.0292024 0.0378358 0.0260381 0.0331975 0.027832 0.0429623 0.0289082 0.0352848 0.0162716 0.013235 0.0375893 0.0107333 0.0101992 0.00473801 0.000358072 2.65306e-07 4.63261e-08 1.59357e-09
threshold=9.4143231052525067 1.0000000180025095e-35 0.32688948011975655 17.18620605975434 18.212665710596681 36.864671883787913 1.5000000000000002 1.0000000180025095e-35 17.925006765505628 7.4966132627522963 1.0000000180025095e-35 5.4872180237666397 1.0000000180025095e-35 3.5000000000000004 2.0676468686726639 5.2495298291137704 -2.2047308347797618 10.096097710661406 246.84599999999998 8.6256619545014477 1.3332451117505568 -1.5799999999999998 6.8221182830548228
decision_type=2 2 10 2 2 2 2 2 2 2 2 2 2 2 2 2 8 10 2 2 2 2 2
left_child=5 -2 3 17 -5 6 7 8 -1 -9 19 12 14 18 -12 -16 -14 -3 -10 -11 -20 22 -22
right_child=1 2 -4 4 -6 -7 -8 9 13 10 11 -13 16 -15 15 -17 -18 -19 20 -21 21 -23 -24
leaf_value=-0.015228205875972615 -0.050213960983564399 -0.018140025051672549 0.035997282086256049 0.0501981115830476 -0.013710504573603621 0.037897282086574127 -0.035906277357754944 -0.015460426041714671 0.024596415761427837 0.042061986075554336 -0.014338872361499081 -0.02261248229647779 0.050211658356874148 0.0046571517077089635 -0.021121303286141032 0.045814636015013441 0.013948974932688811 -0.045248494874162194 0.050306064712428968 0.050098818450064114 0.050066026173207427 0.050149459861538841 0.050042429295533757
leaf_weight=0.046874640640453435 0.055456030633649789 0.070741058785642963 0.056908510712673888 0.052247105333663058 0.067273500193550717 0.058659051283029839 0.062906026840209961 0.20773285058385227 0.0238616848946549 0.02300981170265004 0.10983463893353473 0.098753293466870673 0.051050851274339948 0.035696018851012923 0.042342338303569704 0.041561838246707339 0.033993678021943197 0.068097997005679645 0.02151595389295835 0.034850348674808629 0.017453632219257997 0.024364422952203313 0.012125564106099773
leaf_count=32 24 26 20 33 37 27 14 36 6 9 17 23 35 10 18 23 13 18 10 34 22 13 23
internal_value=9.84633e-05 -0.00917215 -0.00195285 -0.0103121 0.0142264 0.00372924 0.001472 0.00432201 0.0210246 -0.00040188 0.00678273 0.000634052 0.00886866 0.0336107 -0.00291676 0.0120353 0.0357169 -0.0314362 0.0440166 0.0469027 0.0501576 0.0500984 0.0500564
internal_weight=1.31731 0.370724 0.315268 0.25836 0.119521 0.946587 0.887928 0.825022 0.181892 0.64313 0.435397 0.377537 0.278783 0.135017 0.193739 0.0839042 0.0850445 0.138839 0.0993213 0.0578602 0.0754596 0.0539436 0.0295792
internal_count=523 158 134 114 70 365 338 324 116 208 172 129 106 84 58 41 48 44 74 43 68 58 45
is_linear=0
shrinkage=0.05


Tree=239
num_leaves=21
num_cat=0
split_feature=16 127 109 20 29 131 77 94 11 54 44 68 20 58 332 72 27 41 5 75
split_gain=0.0168224 0.0444138 0.0521584 0.0394299 0.0431018 0.0342307 0.0330081 0.0323385 0.0308736 0.03518 0.0332405 0.0292744 0.0345385 0.0287448 0.026496 0.0470817 0.0232647 0.0175722 0.0108795 0.0101793
threshold=1.8702664796633943 1.0000000180025095e-35 1.0000000180025095e-35 2.4203589789993889 23.642576422885643 70.266650000000041 5.3082683152844075 13.996820844573447 0.15400560790319393 4.4777316663030753 6.1786606345351771 34.870504379880295 2.4650709973894331 31.572426282933449 1.0000000180025095e-35 8.9828911635481425 1.9778965749400499 -1.9249999999999992 15.221212121212123 36.397176109300823
decision_type=2 2 2 8 2 2 2 2 10 2 2 2 10 2 2 2 2 2 2 2
left_child=1 2 3 4 5 -1 7 17 -8 10 -10 -4 -13 -11 15 16 18 -2 -7 -16
right_child=6 -3 11 -5 -6 14 8 -9 9 13 -12 12 -14 -15 19 -17 -18 -19 -20 -21
leaf_value=0.034586278541155778 -0.047771418009442762 -0.018195639083253359 0.051456672077701264 -0.030581400910501384 0.050305426362779439 -0.028904639692242218 0.045812804753363703 0.012536264397865328 -0.05024718362828097 -0.0016939004093152882 0.00075453566410879224 0.042836794450849126 -0.028127925924928677 0.047116818534945669 0.050110220605584503 0.029795581285118441 -0.041467032575624889 -0.015630626350080345 0.020501094394202914 0.0011466491206594098
leaf_weight=0.062227697722846642 0.08669689460657537 0.16466131500783376 0.10217223095241934 0.077008118212688714 0.053368793647678103 0.018390972487395629 0.038545908668311313 0.053579419371089898 0.05441508095827885 0.081336091418052092 0.077375314278469887 0.036240816600184189 0.032541473628953099 0.047940895208739676 0.024024654918321176 0.045383755041257245 0.10394143694429658 0.083468128039385192 0.028272974293940933 0.019017165297555039
leaf_count=19 20 39 11 33 22 6 18 28 19 26 32 33 8 39 30 27 29 36 35 13
internal_value=0.00010284 0.00481747 0.0111059 0.00184825 0.00889042 0.00155364 -0.00680889 -0.0213396 0.00404228 -0.00212503 -0.0203036 0.0344803 0.00926279 0.016407 -0.00704586 -0.0148471 -0.0282998 -0.0320059 0.00102954 0.0284766
internal_weight=1.29061 0.767251 0.60259 0.431636 0.354627 0.301259 0.523358 0.223744 0.299613 0.261067 0.13179 0.170955 0.0687823 0.129277 0.239031 0.195989 0.150605 0.170165 0.0466639 0.0430418
internal_count=523 305 266 214 181 159 218 84 134 116 51 52 41 65 140 97 70 56 41 43
is_linear=0
shrinkage=0.05


Tree=240
num_leaves=24
num_cat=0
split_feature=89 89 53 99 24 37 62 95 158 43 30 127 11 43 12 45 12 12 93 101 4 37 46
split_gain=0.0166113 0.0705104 0.0198145 0.0380703 0.0485304 0.0400921 0.0338953 0.0251008 0.0316796 0.0235786 0.0497362 0.0357414 0.0993084 0.0591681 0.0247853 0.0217523 0.0186254 0.0167708 0.00342999 3.60957e-07 2.4146e-07 4.59336e-08 2.48999e-09
threshold=67.45282990229579 51.619529224219683 9.4143231052525067 0.12319318131930936 5.7247526168607266 4.1161371331918746 17.917696301976246 36.864671883787913 1.5000000000000002 16.205771545070121 16.633882070915039 1.0000000180025095e-35 0.12862678089472404 14.024381904517353 -0.38012500624490181 4.2000858602469835 -0.4589365861762022 -0.50782224818818078 10.207030975729444 14.844548836855814 0.45690297358578436 4.3831741478724657 152.29090042867145
decision_type=2 2 2 2 10 2 2 2 2 2 2 2 8 2 8 2 8 10 2 2 2 2 2
left_child=1 2 7 -4 -5 -6 16 8 9 11 17 12 18 14 -14 -12 -7 -11 -1 -3 -19 -22 -23
right_child=-2 19 3 4 5 6 -8 -9 -10 10 15 -13 13 -15 -16 -17 -18 20 -20 -21 21 22 -24
leaf_value=0.033421045216999255 -0.024948393879393821 0.050076591086654104 -0.050196286288045004 0.050363607738290822 -0.043477695639840726 -0.034027398184189789 0.033883056566856466 0.036213034514612323 -0.034787066192769028 0.0072016022213705197 0.014849427490019058 -0.022229602656445531 0.025346052930650481 -0.04684430523148414 -0.020757617001954588 -0.033384508819602379 0.0072110754768147205 0.050302390971467881 0.050938628358528672 0.05030423866104803 0.050137666539663617 0.050067044421146338 0.050036405648871532
leaf_weight=0.047110864950809406 0.062869715016859229 0.036534358816424972 0.054356230692064855 0.035259692813269794 0.072479157621273771 0.058332888569566421 0.053406604056362994 0.052003827811859082 0.059277491585817188 0.030808509443886578 0.045430075100739487 0.15879522352770437 0.076692202521371655 0.082510728272609413 0.047027187130879611 0.048146377474040492 0.051601100221887464 0.019860805303324014 0.068682885841553798 0.033269689804001246 0.04010924487374723 0.014518436277285218 0.012206522915221285
leaf_count=11 24 39 25 6 23 19 29 22 14 11 19 35 27 21 21 30 22 5 37 23 17 16 27
internal_value=0.000103949 0.00141821 -0.00159799 -0.0120059 -0.00434802 -0.0125285 0.00120461 0.00261912 0.00029342 0.00329889 0.0172296 -0.00281672 0.00675609 -0.0140498 0.00782151 -0.0099676 -0.0146708 0.0388888 0.0438116 0.0501851 0.0501493 0.0501038 0.0500531
internal_weight=1.26129 1.19842 1.12862 0.325436 0.271079 0.23582 0.163341 0.80318 0.751177 0.691899 0.21108 0.480819 0.322024 0.20623 0.123719 0.0935765 0.109934 0.117504 0.115794 0.069804 0.086695 0.0668342 0.026725
internal_count=523 499 437 124 99 93 70 313 291 277 125 152 117 69 48 49 41 76 48 62 65 60 43
is_linear=0
shrinkage=0.05


Tree=241
num_leaves=23
num_cat=0
split_feature=162 39 20 3 11 158 17 127 92 5 91 3 59 66 20 99 99 151 12 26 105 22
split_gain=0.0165744 0.0337897 0.0274419 0.0225232 0.0204569 0.0260188 0.0276291 0.0773975 0.05693 0.0409423 0.0295815 0.032608 0.0315246 0.0397715 0.0197959 0.0102538 0.00927093 3.0058e-05 8.90048e-07 1.99973e-07 1.05381e-07 1.56267e-08
threshold=1.5000000000000002 1.6774422705885661 2.1487709070797973 -1.5857253086419754 0.38716154706065237 1.5000000000000002 2.5582655826558267 1.0000000180025095e-35 28.886463755024668 14.355042016806726 13.940504570174705 -0.40455318558156667 30.832952172872353 25.335368477226165 2.4203589789993889 0.34533590403754116 2.5100781046385103 1.0000000180025095e-35 -0.50796621676670828 2.3434944211650905 0.56832298136645976 2.4056288881687977
decision_type=2 2 8 2 10 2 2 2 2 2 2 2 2 2 10 2 2 2 10 2 2 10
left_child=1 3 -3 -1 5 6 7 8 9 -4 12 -12 16 -14 -10 -11 -8 18 -17 -5 21 -20
right_child=-2 2 4 19 -6 -7 10 -9 14 15 11 -13 13 -15 -16 17 -18 -19 20 -21 -22 -23
leaf_value=0.0069623047273679271 0.025162785343001644 0.023254725576594221 -0.0094381478004124022 -0.05005748538284515 0.027633991917289654 -0.029586659583224092 -0.049018803286019041 -0.024381625897679123 0.0086719692676156656 0.021520595237734516 -0.013507796985894827 0.050119475598652555 -0.03633314630556779 0.025690380182358433 -0.032778611433309485 0.050501525998794594 -0.023802063783234292 0.051713661632308797 0.050037593173237506 -0.050250773508146142 0.050219112932039671 0.050115563162725502
leaf_weight=0.024995834130095318 0.062631195576614229 0.12362573244172348 0.042869465964031517 0.022384758216503431 0.05572704206497292 0.086933133483398706 0.066980622708797455 0.1408356367610395 0.07043503142267582 0.037240418227156624 0.046068571842624806 0.035771808306890307 0.043663970252964646 0.063339008600451052 0.048733265561168082 0.026210404001176135 0.079962246236391366 0.068808593350695446 0.01466285086462471 0.033269485458731651 0.022674836101941764 0.011439864705607761
leaf_count=12 38 39 23 35 32 21 21 27 35 18 20 28 13 38 19 4 32 6 33 13 7 9
internal_value=0.000105231 -0.00123999 0.00107893 -0.0324651 -0.00176981 -0.00357715 -0.000818702 0.00682803 0.0196399 0.034499 -0.0118386 0.0143032 -0.0202635 0.000380866 -0.00827903 0.0449033 -0.0352966 0.050959 0.0502665 -0.050173 0.0501403 0.0500718
internal_weight=1.22926 1.16663 1.08598 0.0806501 0.962357 0.90663 0.819697 0.48391 0.343075 0.223906 0.335786 0.0818404 0.253946 0.107003 0.119168 0.181037 0.146943 0.143797 0.074988 0.0556542 0.0487776 0.0261027
internal_count=523 485 425 60 386 354 333 181 154 100 152 48 104 51 54 77 53 59 53 48 49 42
is_linear=0
shrinkage=0.05


Tree=242
num_leaves=23
num_cat=0
split_feature=32 127 20 88 28 151 23 28 89 89 40 41 16 27 90 16 36 50 4 23 62 31
split_gain=0.0165156 0.0908348 0.0778221 0.0368021 0.0299261 0.0215549 0.0307527 0.0266761 0.0313749 0.0512256 0.0332076 0.0360326 0.02983 0.0372295 0.0317343 0.0304438 0.0189132 0.0167612 0.0147051 0.0117984 0.0068724 0.00139157
threshold=9.0620240011984752 1.0000000180025095e-35 2.28212851305917 11.141382540952401 541.65954369220174 1.0000000180025095e-35 -3.1324559154526752 1197.5536924495539 67.45282990229579 49.734261571801419 5.0745589219144343 -1.9549999999999994 1.7350877192982459 1.9570398974344188 10.626743830781304 1.8702664796633943 8.1924210675813374 5.6241140158757092 0.76790875112142931 -2.4436014117324834 18.264029084840018 15.071701406839036
decision_type=2 2 10 2 2 2 8 2 2 2 2 2 2 2 2 2 2 2 2 10 2 2
left_child=1 2 3 -1 18 6 21 8 9 10 11 12 14 15 -8 -14 -7 -17 -2 -9 -13 -6
right_child=4 -3 -4 -5 5 16 7 19 -10 -11 -12 20 13 -15 -16 17 -18 -19 -20 -21 -22 -23
leaf_value=-0.050232095564898216 0.010526839039539647 -0.052055116251175475 0.043241267451132263 0.0053820169451913166 0.032347386621977087 -0.039220740652739935 -0.012838583224981366 0.0046702365882014289 -0.040156163926731825 0.050213214398318218 -0.0306647968858062 0.050211299336754528 0.037127527362565797 -0.04499454710930488 0.043512569560513248 0.0047090019684343423 -0.0014356992416718435 -0.035867570585557958 0.05020887569988311 0.05016968489982624 0.017737922186137008 0.050120869819680586
leaf_weight=0.051525140792364255 0.046880382986273617 0.090140641565085389 0.08966600606800057 0.070378658114350401 0.017911225208081305 0.05858140901545994 0.045482141285901889 0.023081920997356065 0.049727412468200782 0.048735391181253362 0.091532634207396768 0.038033452754461905 0.039344298482319573 0.069204697298118845 0.055436059075873345 0.053355572370492155 0.076191754629689967 0.048662072862498462 0.046506502505508251 0.037227278909995221 0.02850262910942547 0.028594083538337145
leaf_count=32 19 9 15 25 10 23 18 15 17 37 22 26 24 21 28 29 33 16 24 33 16 31
internal_value=0.000103676 -0.0100243 0.00788314 -0.0181244 0.00348768 0.000396248 0.0040422 0.00113835 -0.00221864 0.00142129 -0.00364287 0.00290013 -0.00423448 -0.0149464 0.018116 -0.000236148 -0.0178596 -0.0146459 0.0302884 0.0327558 0.0363004 0.0432755
internal_weight=1.2047 0.30171 0.21157 0.121904 0.902991 0.809604 0.674831 0.628326 0.568016 0.518289 0.469554 0.378021 0.311485 0.210567 0.100918 0.141362 0.134773 0.102018 0.0933869 0.0603092 0.0665361 0.0465053
internal_count=523 81 72 57 442 399 343 302 254 237 200 178 136 90 46 69 56 45 43 48 42 41
is_linear=0
shrinkage=0.05


Tree=243
num_leaves=27
num_cat=0
split_feature=32 127 20 325 28 151 23 28 89 89 40 2 83 308 26 48 130 90 4 23 53 45 31 22 5 81
split_gain=0.015434 0.086269 0.072664 0.0357467 0.0277611 0.0198048 0.0289394 0.0248735 0.0292642 0.0486554 0.0305463 0.0336756 0.0341611 0.0379387 0.0432875 0.0220523 0.0183839 0.0180203 0.0146813 0.0116827 0.00825018 0.00601023 0.00149713 9.70975e-08 3.98598e-09 9.28229e-10
threshold=9.0620240011984752 1.0000000180025095e-35 2.28212851305917 1.0000000180025095e-35 541.65954369220174 1.0000000180025095e-35 -3.1324559154526752 1197.5536924495539 67.45282990229579 49.734261571801419 5.0745589219144343 0.026092870790291104 42.670000000000009 1.0000000180025095e-35 2.7489803706843037 5.8175418094404625 0.75854000000000066 16.563290608969307 0.76790875112142931 -2.4436014117324834 10.36798176397587 1.9606790826773117 15.071701406839036 2.4820161890920236 13.162525879917185 5.6672817477256459
decision_type=2 2 10 2 2 2 8 2 2 2 2 2 2 2 2 2 2 2 2 10 2 2 2 10 2 2
left_child=1 2 3 21 18 6 22 8 9 10 11 -8 23 15 -15 -14 -7 -18 -2 -9 -16 -1 -6 24 -13 -26
right_child=4 -3 -4 -5 5 16 7 19 -10 -11 -12 12 13 14 20 -17 17 -19 -20 -21 -22 -23 -24 -25 25 -27
leaf_value=-0.020362189036766395 0.01002267226274621 -0.051951550415346305 0.042538595551419013 0.016794817465084079 0.031383150440101183 -0.042093609466245546 -0.036494384417268537 0.0044387674082293502 -0.03938027345627846 0.050202819776138635 -0.029677349227208039 0.050072996611628298 0.0030337073107150943 0.050284382761107055 0.012147836004810217 -0.041332943234296468 0.01904042235511352 -0.026903742445779245 0.050198699902363725 0.050161404221268358 -0.016072450171146016 -0.05018151221613415 0.050114971665080867 0.050203706539531857 0.050020034579182138 0.0500452251989865
leaf_weight=0.026507714967010543 0.046779333904851228 0.085911047819536179 0.086666618852177635 0.046245694684330374 0.017547904222737998 0.047618933545891196 0.047446172378840856 0.023071572213666514 0.048210790853772778 0.046367894638024154 0.089892002870328724 0.011094675865024328 0.053428792947670445 0.062454078171867877 0.050215765124448808 0.058866012248472543 0.043845884669281077 0.041583046069717966 0.044247095524042379 0.035417381604929687 0.053482607036130503 0.046612002930487506 0.027202653473068494 0.017234057886525989 0.0069562257867801236 0.0077102911182009848
leaf_count=12 19 9 15 8 10 15 18 15 17 37 22 10 22 22 27 19 19 22 24 33 14 37 31 5 27 14
internal_value=0.000102639 -0.00986036 0.00769079 -0.0176109 0.00340537 0.000391339 0.00395579 0.00111694 -0.00216061 0.00139159 -0.00354165 0.00282718 0.0086312 0.00222614 0.017399 -0.0202237 -0.0171994 -0.00332318 0.0295519 0.0321256 -0.00240682 -0.0393713 0.0427697 0.0501118 0.0500504 0.0500333
internal_weight=1.17262 0.291943 0.206032 0.119365 0.880673 0.789647 0.656599 0.611848 0.553359 0.505149 0.458781 0.368889 0.321443 0.278447 0.166152 0.112295 0.133048 0.0854289 0.0910264 0.058489 0.103698 0.0731197 0.0447506 0.0429953 0.0257612 0.0146665
internal_count=523 81 72 57 442 399 343 302 254 237 200 178 160 104 63 41 56 41 43 48 41 49 41 56 51 41
is_linear=0
shrinkage=0.05


Tree=244
num_leaves=22
num_cat=0
split_feature=162 39 20 62 11 12 269 87 370 59 18 77 47 94 4 340 130 3 72 0 130
split_gain=0.0150513 0.0315188 0.024842 0.0203154 0.0176806 0.0237991 0.020011 0.0264739 0.0342464 0.0307115 0.0263603 0.0375772 0.0346102 0.0319593 0.0240356 0.0221951 0.0103528 1.6199e-07 8.73379e-08 1.27171e-08 9.87037e-10
threshold=1.5000000000000002 1.6774422705885661 2.1487709070797973 29.157840776254577 0.38716154706065237 -0.54876849845274533 1.0000000180025095e-35 38.920872528752454 1.0000000180025095e-35 6.1316053200373437 16.543530954186505 5.6161056552213386 15.533486938863142 14.338359750817959 0.80660518466610054 1.0000000180025095e-35 2.7117500000000012 -0.4396369520030235 1.0000000180025095e-35 13.426819831505215 2.23936
decision_type=2 2 8 2 10 10 2 2 2 2 10 2 2 2 2 2 2 2 2 2 2
left_child=1 3 -3 17 5 -4 7 8 14 -10 12 13 16 -12 -7 18 -11 -1 -13 20 -20
right_child=-2 2 4 -5 -6 6 -8 -9 9 10 11 15 -14 -15 -16 -17 -18 -19 19 -21 -22
leaf_value=-0.050060706733673403 0.024665764006614271 0.022795766104259471 -0.040982066824565441 0.0061145901508354384 0.026228419348986867 -0.041622039454932591 -0.029071897408611266 0.036901726561041522 0.047515000098867825 -0.014947253067012251 -0.021291083931574514 0.050180156982386641 -0.040739291735597066 0.029846379133985919 -0.0037092526957323516 0.0050161810078842217 0.011751422036268134 -0.050239338333005805 0.050051591448892166 0.050093038749584873 0.050030007601710558
leaf_weight=0.022939670336199924 0.059136321600817721 0.11650892132456614 0.040371235110796766 0.02332229983585421 0.053080076049809577 0.078627842973219009 0.061332934681558982 0.047146593205980025 0.038438232964836616 0.058191931668261532 0.097551002054387936 0.027791070609964663 0.069612886072718538 0.044486781105661066 0.089263928472064435 0.043853930197656155 0.096557727607432753 0.028408696176484116 0.009466334646276664 0.022945236019950244 0.012025753878333489
leaf_count=35 38 39 15 11 32 29 19 11 17 21 36 16 20 27 12 25 33 14 12 24 37
internal_value=0.000103165 -0.00123939 0.00108422 -0.0325831 -0.00175565 -0.00352891 -0.00163245 0.00065428 -0.00182672 0.00450258 0.00107588 0.0119719 -0.0114596 -0.00527463 -0.0214647 0.0330747 0.00171167 -0.0501595 0.0501106 0.0500672 0.0500395
internal_weight=1.14106 1.08192 1.00725 0.0746707 0.890743 0.837663 0.797292 0.735959 0.688813 0.520921 0.482483 0.25812 0.224363 0.142038 0.167892 0.116082 0.15475 0.0513484 0.0722284 0.0444373 0.0214921
internal_count=523 485 425 60 386 354 339 320 309 268 251 177 74 63 41 114 54 49 89 73 49
is_linear=0
shrinkage=0.05


Tree=245
num_leaves=24
num_cat=0
split_feature=33 127 21 28 103 142 47 83 19 125 21 98 58 72 44 4 147 101 5 35 66 36 91
split_gain=0.0147613 0.0625842 0.0747836 0.0322625 0.029711 0.0260719 0.0275577 0.0268279 0.022559 0.0221799 0.0360661 0.0245642 0.0300628 0.030164 0.0252084 0.0243553 0.0367065 0.0217209 0.0165431 3.9342e-07 1.21457e-08 2.40785e-09 2.41015e-10
threshold=7.5650532670357418 1.0000000180025095e-35 -2.3838493863261623 546.34379451559278 0.20381037945463101 1.0000000180025095e-35 15.533486938863142 38.795000000000009 10.09020777738175 3.5000000000000004 -2.5041335377552056 9.8939374411348098 42.59633250024536 5.4094723772614488 10.374959554887761 0.47293169013999709 1.0000000180025095e-35 12.418188997737449 19.853571428571431 9.1942955156639758 36.761295163577792 8.9336111713905453 5.1083491674284049
decision_type=2 2 8 2 2 2 2 2 10 2 10 2 2 2 2 2 2 2 2 2 2 2 2
left_child=1 2 -1 -2 -5 7 -7 -4 -9 10 -6 12 13 18 19 16 -13 -17 -12 20 21 22 -14
right_child=3 -3 5 4 9 6 -8 8 -10 -11 11 15 14 -15 -16 17 -18 -19 -20 -21 -22 -23 -24
leaf_value=0.046457665632574204 0.043643077641044692 -0.041212235356989091 0.038553655676408227 0.050136337082373396 -0.04979525476688236 -0.043366117235970045 0.0045153994674204927 -0.035985850896844002 0.010593900770304178 0.037372627800597663 0.0052063964797553495 -0.022111149219608633 0.050037533707749604 0.035604045983632947 -0.0054479888399307291 -0.037611332034885252 0.028939974130081425 -6.9061632841676274e-05 -0.042540839966028421 0.050311249815488984 0.0501002475356805 0.050065404210560063 0.050023637711318972
leaf_weight=0.077804420492611825 0.04966339361271821 0.10253808158449829 0.042942542480886914 0.030143671610858291 0.038710442051524296 0.080615256083547138 0.047908565480611287 0.04351768660126254 0.064549493210506625 0.035755513061303645 0.03154337818705244 0.063428977853618562 0.0059782113894470967 0.032340832327463431 0.028940432541276095 0.093980969919357449 0.079145715266349725 0.065296843804389937 0.042695618467405438 0.030236528553359676 0.018022895692411112 0.0080015140556497499 0.0065273144173261244
leaf_count=10 26 16 25 17 13 38 17 13 28 12 34 19 18 38 25 34 36 35 12 10 14 9 24
internal_value=9.89676e-05 -0.0067789 0.00310174 0.00488835 0.00173699 -0.0089658 -0.0255178 0.00512154 -0.00816335 -0.000775794 -0.00327927 0.000278359 0.0136678 -0.0046971 0.0337005 -0.00878333 0.00622823 -0.0222207 -0.0222535 0.0501762 0.0500703 0.050044 0.0500303
internal_weight=1.12029 0.459876 0.357338 0.660412 0.610749 0.279534 0.128524 0.15101 0.108067 0.580605 0.54485 0.506139 0.204287 0.10658 0.0977069 0.301853 0.142575 0.159278 0.074239 0.0687665 0.0385299 0.020507 0.0125055
internal_count=523 147 131 376 350 121 55 66 41 333 321 308 184 84 100 124 55 69 46 75 65 51 42
is_linear=0
shrinkage=0.05


Tree=246
num_leaves=24
num_cat=0
split_feature=101 95 13 44 50 89 89 93 130 16 48 88 104 47 91 36 322 62 92 32 32 11 133
split_gain=0.0143537 0.0328554 0.0300166 0.0172926 0.0197488 0.0196199 0.0241401 0.0211409 0.0384377 0.0507129 0.0333417 0.0244033 0.0215396 0.0199403 0.019562 0.0195314 0.0173804 0.0152932 0.0106026 0.000109212 0.000263633 2.01005e-07 1.233e-08
threshold=-0.25175926256668463 36.864671883787913 0.54876849207753275 11.048441379513067 6.0570574465605116 67.45282990229579 37.853461780806903 29.315204066519019 2.5142000000000015 1.9402852049910877 1.0000000180025095e-35 22.861322135859655 1.6061632136137911 9.7182960731757433 5.8197357992654402 7.9958178251438374 1.0000000180025095e-35 11.602579466319929 11.978190533732162 9.224637030876778 10.401102623947336 0.12482078492381712 1.0000000180025095e-35
decision_type=2 2 8 2 2 2 2 2 2 2 2 2 2 2 2 2 2 2 2 2 2 10 2
left_child=-1 2 3 4 5 6 7 8 9 16 19 -11 -10 -8 -5 -6 -2 -12 -15 -9 -21 -20 -23
right_child=1 -3 -4 14 15 -7 13 10 12 11 17 -13 -14 18 -16 -17 -18 -19 21 20 -22 22 -24
leaf_value=-0.032220875804648434 0.0090691974822478139 0.03942357819813052 -0.041520723236544516 -0.0069885379434446518 -0.043884837692230755 -0.028128188875677369 -0.011289246867201945 -0.0080170872742631998 -0.038440684143791808 -0.042046715289518082 0.048944531411119256 0.0070698224043856577 -0.0042712817505144753 0.014941730793482821 0.050133993559329453 0.0028649628377472747 0.046216235151004946 0.011432961398525942 0.05027642850829464 -0.0084991606170628023 -0.0013447407811119604 0.050046436896525784 0.050106792548374857
leaf_weight=0.033308429199678469 0.06128691037156353 0.053158252145294571 0.043532346433494351 0.025555792031809688 0.050002422009129077 0.05180200288668857 0.029457063050358556 0.063355952501296997 0.10617087926948443 0.054614698317891452 0.059877982959733345 0.047097112497795024 0.081545177730731666 0.035493245130055584 0.036243790538719622 0.040386744407442166 0.064762397785671055 0.049743809784558835 0.019930312442738796 0.025717119315231685 0.025788194965571165 0.017111735272919759 0.016739903599955142
leaf_count=19 25 37 21 15 21 16 16 2 39 34 38 20 9 16 33 26 17 25 7 16 24 37 10
internal_value=9.77398e-05 0.00111389 -0.000910007 0.000926402 -0.000828761 0.00164347 0.00367622 -0.000165402 -0.00684535 0.00696123 0.012198 -0.0193036 -0.0235973 0.0243824 0.0265123 -0.0229966 0.0281548 0.0319227 0.0361525 -0.00662697 -0.00491701 0.0501505 0.0500763
internal_weight=1.09268 1.05937 1.00622 0.962683 0.900884 0.810494 0.758692 0.63996 0.415477 0.227761 0.224483 0.101712 0.187716 0.118732 0.0617996 0.0903892 0.126049 0.109622 0.0892752 0.114861 0.0515053 0.053782 0.0338516
internal_count=523 504 467 446 398 351 335 249 144 96 105 54 48 86 48 47 42 63 70 42 40 54 47
is_linear=0
shrinkage=0.05


Tree=247
num_leaves=27
num_cat=0
split_feature=68 107 34 91 53 16 49 91 4 325 39 370 26 127 102 97 67 87 100 66 15 85 35 91 31 36
split_gain=0.0139509 0.0293127 0.0312865 0.0401055 0.0232151 0.0345713 0.0298728 0.023083 0.0225392 0.0224425 0.026675 0.0266413 0.0250396 0.0380836 0.017831 0.0177167 0.0135876 0.00642406 0.00549869 2.37583e-07 9.67223e-08 2.91459e-08 7.6467e-09 3.50342e-09 7.87963e-10 1.41745e-10
threshold=65.78944485112423 3.5000000000000004 7.9114918191288153 45.558395109326277 4.9881916267914397 2.0138888888888893 5.592035476312966 1.0000000180025095e-35 0.55820100761145075 1.0000000180025095e-35 2.2562349885857116 1.0000000180025095e-35 3.0783741365899071 1.0000000180025095e-35 0.96420464501227487 12.563187837845577 18.019943081040896 5.8002328937054175 -1.0645964399202763 56.805766121500795 1.2265395894428155 18.142321945168877 7.8268636847494415 6.9857045911839082 17.413733426057068 10.255788059870369
decision_type=2 2 2 2 2 2 2 2 2 2 2 2 2 2 2 2 2 2 2 2 2 2 2 2 2 2
left_child=4 2 -2 14 7 6 16 8 -1 10 -9 -11 13 -12 -4 -13 -6 -10 -16 20 21 22 23 -20 -24 -26
right_child=1 -3 3 -5 5 -7 -8 9 17 11 12 15 -14 -15 18 -17 -18 -19 19 -21 -22 -23 24 -25 25 -27
leaf_value=-0.0088719475846383913 -0.022965135921204236 -0.037973301548391736 -0.006721009157806883 -0.03562147769004774 -0.050236581259415374 0.022260079939496268 0.003215900361927804 -0.049317255773292518 0.020421608105469984 -0.013201327708472699 0.029342034012957291 0.046945172596600623 -0.027091108410595754 -0.024905369781550356 0.017319788814156616 0.0090418163863310533 -0.018570957736630946 0.047852114477230659 0.050052526066750425 0.050289647818942011 0.050220494128425421 0.050130223435988767 0.050039339873633439 0.050086414987124329 0.050011979880611679 0.050024217953941554
leaf_weight=0.04155235748476116 0.037073397470521741 0.026384207980299834 0.018754386037471704 0.021206088626058772 0.083522967863245867 0.049345891617122106 0.066823902627220377 0.041094132320722565 0.037810978396009887 0.079463958507403731 0.081660788791850791 0.049873550364281982 0.082585540600121021 0.053582429405651055 0.014652769641543273 0.080738835727970582 0.05699411520618014 0.049010970469680615 0.015869164619289222 0.020902495271002408 0.013692294640350156 0.017029448528774083 0.0071331570288748472 0.014682306213217089 0.0053467054003704106 0.0042441764744580723
leaf_count=28 20 8 14 6 30 21 34 20 20 6 37 30 27 13 8 33 24 25 30 8 5 8 12 13 31 12
internal_value=9.86018e-05 0.0114203 0.0182583 0.0282137 -0.00277764 -0.0153533 -0.0243051 0.00262604 0.0214123 -0.00251613 -0.0123681 0.00962659 -0.0053975 0.00784959 0.0384452 0.023515 -0.0373929 0.0359061 0.0459048 0.0501399 0.0500998 0.0500741 0.0500539 0.0500688 0.0500268 0.0500174
internal_weight=1.07103 0.216971 0.190586 0.153513 0.85406 0.256687 0.207341 0.597374 0.128374 0.468999 0.258923 0.210076 0.217829 0.135243 0.132307 0.130612 0.140517 0.0868219 0.113553 0.0988997 0.0779973 0.064305 0.0472755 0.0305515 0.016724 0.00959088
internal_count=523 175 167 147 348 109 88 239 73 166 97 69 77 50 141 63 54 45 127 119 111 106 98 43 55 43
is_linear=0
shrinkage=0.05


Tree=248
num_leaves=25
num_cat=0
split_feature=355 4 83 94 16 67 93 58 0 53 127 100 20 14 14 92 3 25 16 89 98 79 15 130
split_gain=0.0134149 0.0328199 0.0271953 0.0255901 0.0280071 0.035396 0.0266665 0.0253279 0.024022 0.0238475 0.0428473 0.0533134 0.0374213 0.0288189 0.0182327 0.0174031 0.0230596 0.0102321 0.00345105 5.21278e-05 1.65166e-07 1.39507e-08 8.59068e-09 8.27679e-10
threshold=1.0000000180025095e-35 0.30140111681748932 118.12500000000001 16.455832596598825 1.8937969924812033 19.302805884467087 4.8183863423252644 43.697723819385985 12.020737617144095 9.5380682144754676 1.0000000180025095e-35 0.19753295079385649 2.2809810326209656 0.30596247961516732 0.12234832109227202 29.992139315721442 -0.037633219954648182 0.049405213977426622 1.9436507936507939 19.448367043257882 13.463678276881517 29.876508171452517 1.0923295454545456 2.5445000000000007
decision_type=2 2 2 2 2 2 2 2 2 2 2 2 10 10 10 2 2 8 2 2 2 2 2 2
left_child=9 -2 3 4 6 -6 -3 18 15 10 11 12 -1 -11 -13 16 -8 20 -7 -5 21 -10 23 -23
right_child=1 2 -4 19 5 7 8 -9 17 13 -12 14 -14 -15 -16 -17 -18 -19 -20 -21 -22 22 -24 -25
leaf_value=-0.046222777310377369 0.050186448296139677 -0.030341146276221555 -0.041823815193796778 0.04589972929439616 0.030230467382432503 -0.047960914200675955 -0.0072665230601800654 0.0044813688546867054 0.05011593194777321 -0.050225230907708932 -0.023667527431623352 0.051152152107832451 0.0084347208398316276 -0.0034451146411959739 0.014459852513573119 -0.0215964820638571 0.050282641941144179 0.0029275724582124804 -0.029195389898448349 0.050116311011146213 0.050247680432340562 0.050044265645328094 0.050086662766969131 0.050020777878433287
leaf_weight=0.047249441944586579 0.038624845183221623 0.028707412915537134 0.032584953514742665 0.011393198976293206 0.040196249014115892 0.044420582591556013 0.035867867925844621 0.055911533279868308 0.016468059126054868 0.058060628507519141 0.12468618317507207 0.072227336990181357 0.092861007469764445 0.076040504369302653 0.063729804358445108 0.03745991901087109 0.033818818834333797 0.013862757889000932 0.05463319897535257 0.020551213556245784 0.021419112177682109 0.0072280280000995845 0.013854908640496433 0.007796491750923451
leaf_count=37 25 7 10 8 30 11 13 29 9 21 28 15 33 28 26 12 32 25 29 36 8 11 10 30
internal_value=9.7809e-05 0.00585936 0.00226377 0.00550233 0.00215691 -0.011579 0.01454 -0.0224239 0.0214014 -0.0054477 0.000659632 0.011647 -0.00999743 -0.0236991 0.0339527 0.00588784 0.020662 0.0420171 -0.0376108 0.0486124 0.0501333 0.0500792 0.0500583 0.0500321
internal_weight=1.04965 0.514799 0.476174 0.443589 0.411645 0.195162 0.216483 0.154965 0.187776 0.534855 0.400754 0.276068 0.14011 0.134101 0.135957 0.107147 0.0696867 0.0806294 0.0990538 0.0319444 0.0667666 0.0453475 0.0288794 0.0150245
internal_count=523 335 310 300 256 99 157 69 150 188 139 111 70 49 41 57 45 93 40 44 68 60 51 41
is_linear=0
shrinkage=0.05


Tree=249
num_leaves=24
num_cat=0
split_feature=162 36 20 97 39 87 355 94 16 24 77 105 71 95 12 108 12 57 22 100 47 18 102
split_gain=0.0135241 0.0283168 0.0159108 0.0195677 0.0269164 0.0241731 0.0169697 0.0421979 0.0336757 0.0339539 0.0316179 0.0290186 0.0278926 0.0232615 0.0203523 0.0143136 0.00954782 0.00805856 0.00618189 1.361e-07 1.14219e-07 8.91379e-08 2.01902e-09
threshold=1.5000000000000002 3.9601827114627191 2.1277995048571263 1.5485470553027305 2.2308617736870917 8.5480158538336912 1.0000000180025095e-35 13.996820844573447 1.8937969924812033 5.3671081051008072 5.3082683152844075 0.36181818181818187 5.0032185628455927 6.9935984238930082 -0.45505002304108494 5.5000000000000009 -0.38977891588541841 38.762100828564797 2.2377600231726631 -0.17863500175009248 14.971988467647625 16.16194890853976 3.4909242347664691
decision_type=2 2 8 2 2 2 2 2 2 10 2 2 2 2 10 2 8 2 10 2 2 10 2
left_child=1 21 -3 5 -5 -4 12 8 9 -8 -10 14 17 -12 -11 -14 19 -6 -13 -9 -20 -1 -21
right_child=-2 2 3 4 6 -7 7 16 10 11 13 18 15 -15 -16 -17 -18 -19 20 22 -22 -23 -24
leaf_value=-0.050216774513121953 0.024539214685746567 0.019769781143012116 0.04745025416824928 -0.038527484871390599 0.0083837610585195035 -0.0064620525027211514 -0.034538961635557697 0.050208968403184444 -0.049381060307168406 -0.045821299184982116 -0.026324812608738236 0.018134937641164455 -0.013305484117847838 0.023981448481601393 0.024175330317180495 -0.050232904848210469 0.01151226724213429 -0.010396460192786089 0.050078216384752808 0.050028210419888655 0.050217139198876937 -0.050039510398007463 0.050060194396011982
leaf_weight=0.012689711424172856 0.05364398189340136 0.093915269382705446 0.042557748907711357 0.053778434245032258 0.12373664334882051 0.040653759431734215 0.029683187458431348 0.033828221261501312 0.056527459295466542 0.019705392485775519 0.047263520566048101 0.019930619899241719 0.053585102927172557 0.044723069782776292 0.021955351159704151 0.051425566605757922 0.022793268493842334 0.10610077978344634 0.02458191643745522 0.010133219260751503 0.037163867396884598 0.016076518499176018 0.0096170038741547614
leaf_count=9 38 34 32 26 26 17 8 9 15 7 19 13 25 35 33 16 13 18 38 29 20 32 11
internal_value=9.91199e-05 -0.00124912 0.000240574 -0.00191783 -0.00441773 0.0211109 -0.00184409 0.00541812 -0.00299043 0.0134711 -0.0199514 0.0250255 -0.0100402 -0.00186635 -0.00893284 -0.0313895 0.0386172 -0.000285828 0.0423467 0.0501481 0.0501618 -0.0501177 0.0500438
internal_weight=1.02607 0.972426 0.943659 0.849744 0.766533 0.0832115 0.712754 0.377906 0.301534 0.15302 0.148514 0.123337 0.334848 0.0919866 0.0416607 0.105011 0.0763717 0.229837 0.0816764 0.0535784 0.0617458 0.0287662 0.0197502
internal_count=523 485 444 410 361 49 335 250 188 119 69 111 85 54 40 41 62 44 71 49 58 41 40
is_linear=0
shrinkage=0.05


Tree=250
num_leaves=29
num_cat=0
split_feature=2 55 130 38 23 59 87 12 9 26 101 4 64 101 60 88 19 39 15 77 65 91 22 101 5 292 35 130
split_gain=0.0134104 0.0160759 0.0198635 0.0236057 0.0184987 0.0171991 0.0188534 0.0260042 0.0210509 0.0187822 0.0181934 0.0302592 0.0235857 0.0178734 0.0153602 0.0184882 0.0295727 0.0147255 0.0130759 0.0112296 0.00441054 1.30851e-07 9.60902e-08 4.98638e-08 1.65719e-08 1.06595e-08 3.00273e-09 2.43466e-09
threshold=0.4763595559427391 5.1000446670203816 0.34985000000000416 5.0593485099912163 -2.1352407431561775 5.6302454023764161 6.4827890144192937 -0.45893658117068192 107.00000000000001 3.3291271561762099 6.9616020962424567 0.55820100761145075 4.3393779863563422 4.448976796737214 5.9798734376546774 10.830213666710213 9.9797172102482943 2.4291921033908119 1.1270161290322582 23.420166396263269 13.530460997096482 37.287089280394532 2.4007320261164389 7.6028538594330621 15.803225806451616 1.0000000180025095e-35 5.9190603065829857 2.3262400000000003
decision_type=2 2 2 2 8 2 2 10 2 2 2 2 2 2 2 2 10 2 2 2 2 2 10 2 2 2 2 2
left_child=1 4 -3 -4 5 -1 10 13 -9 20 -7 -12 -13 19 -15 -16 -17 -2 -14 -8 22 24 25 -19 -5 -10 -25 -27
right_child=17 2 3 21 -6 6 7 8 9 -11 11 12 18 14 15 16 -18 23 -20 -21 -22 -23 -24 26 -26 27 -28 -29
leaf_value=0.025625214597935264 -0.0092816442359947415 -0.015868956253835342 -0.00040846324172340065 0.050113001116444268 -0.037190206510357177 -0.03860868953200583 -0.044454645647460572 -0.012242837471446978 0.050100990919001387 -0.0028222593844056156 -0.045006473983372507 -0.015417219753962028 -0.00087151228201843331 -0.01466857671405317 0.044151295954298397 -0.020667464772045632 0.034462239804520602 0.050181892129193162 0.038815708490632664 -0.0070330744255005882 0.023185251542196986 0.050241338149719428 0.050210965476843894 0.050066162618816162 0.050040789449756762 0.050068625901781176 0.050022966406479713 0.050033115460285743
leaf_weight=0.052465274442511145 0.017044980268110521 0.036894377743010409 0.041885328071657568 0.016087395430076867 0.039282807658310048 0.059868390089832246 0.04136037942225812 0.038905549343326129 0.020549953402223764 0.030564870950911427 0.043482151453645201 0.096238441394234542 0.037892227557676961 0.09152013362836442 0.033377579995431006 0.061166411571321078 0.040386822765867691 0.010772931389510632 0.045888793596532196 0.038904532790184021 0.020397899788804352 0.019701610654010437 0.019622211257228628 0.0075163352667004793 0.015697635448304936 0.0088917872199090198 0.0086566277186648222 0.010558574508650054
leaf_count=29 12 14 17 10 27 17 26 11 14 21 13 20 22 16 13 28 30 5 19 14 7 8 9 11 33 9 34 34
internal_value=9.49439e-05 -0.00114006 0.0151917 0.0274647 -0.00369919 -0.00203814 -0.00400057 0.00229114 0.0193902 0.0305192 -0.0141298 -0.00757276 0.00146903 -0.00604279 0.00114311 0.0118678 0.00125713 0.0270907 0.0208661 -0.0263163 0.0432544 0.0501401 0.0501203 0.0500986 0.0500773 0.0500759 0.050043 0.0500493
internal_weight=1.00558 0.961591 0.130266 0.093372 0.831325 0.792042 0.739577 0.456207 0.149491 0.110585 0.28337 0.223502 0.180019 0.306716 0.226451 0.134931 0.101553 0.0439909 0.083781 0.0802649 0.0800204 0.0514866 0.0596225 0.0269459 0.031785 0.0400003 0.016173 0.0194504
internal_count=523 461 82 68 379 352 323 232 105 94 91 74 61 127 87 71 58 62 41 40 73 51 66 50 43 57 45 43
is_linear=0
shrinkage=0.05


Tree=251
num_leaves=24
num_cat=0
split_feature=31 17 43 103 130 35 16 158 58 2 5 12 24 89 58 48 11 47 19 77 15 61 58
split_gain=0.0128599 0.0239294 0.0223103 0.0213625 0.0316794 0.0273407 0.02605 0.0251524 0.0254047 0.024423 0.0211405 0.0209027 0.0200055 0.0174375 0.0233428 0.0364419 0.0188853 0.011638 1.73265e-07 1.41535e-07 2.77414e-08 1.40004e-08 4.09787e-09
threshold=12.506900174301293 2.4641025641025647 13.534046545556212 2.6727608194692016 0.44089999999999979 6.0029018187281151 2.0467391304347831 1.5000000000000002 25.654520236772054 0.045430042272034295 25.74871794871795 -0.46101413080354647 5.9164563895151909 67.45282990229579 44.810400117058819 11.79302354916331 0.23049543666804037 19.395281380286939 9.77636045177608 5.6161056552213386 1.2158385093167705 23.153178490945237 29.75468925439333
decision_type=2 2 2 2 2 2 2 2 2 2 2 10 8 2 2 2 10 2 10 2 2 2 2
left_child=1 2 -1 4 -2 -6 7 8 -5 11 13 -10 -3 14 16 19 -11 18 -7 -16 21 22 -20
right_child=3 12 -4 6 5 17 -8 -9 9 10 -12 -13 -14 -15 15 -17 -18 -19 20 -21 -22 -23 -24
leaf_value=0.023444179404469623 -0.02406884273263744 -0.0087752796719064476 -0.01285131267193193 0.050137930162852798 -0.014883412070007478 0.050283792234990125 0.035231757518649182 -0.03460315025046666 -0.0050224647802325642 0.0042774795027425835 -0.042222010660816031 0.050124825641368879 -0.050228355122494496 -0.03391133011716306 0.050262522927544018 -0.024152119798949587 -0.032603488708554784 0.01916861109607633 0.050088761035794183 0.050089446938375873 0.050159119483767667 0.050125016783152947 0.050047349336699555
leaf_weight=0.076200079580303282 0.036489886231720448 0.070798194690723903 0.095278192980913445 0.023302908186451532 0.030464520161331166 0.018589093335322104 0.043700566267943941 0.06266079589840956 0.033550840817042626 0.087756546381569933 0.043086540477816015 0.035220933801610954 0.049424077849835157 0.041991139529272914 0.021913827444222989 0.025256218974391231 0.057422908372245729 0.050207935193611775 0.0095140478806570172 0.025624648305893061 0.018363118841079995 0.013960664946353063 0.016054099070970551
leaf_count=37 12 34 23 25 18 7 31 17 15 28 16 31 23 18 15 17 28 32 6 35 8 9 38
internal_value=9.75212e-05 -0.00871361 0.00327737 0.00379497 0.0179006 0.0276456 -0.00165174 -0.00517265 -0.000505443 -0.00367936 -0.00978383 0.0232208 -0.0258169 -0.00440754 0.00127615 0.0243833 -0.0103101 0.0378724 0.050151 0.0501692 0.0501083 0.0500847 0.0500628
internal_weight=0.986832 0.291701 0.171478 0.695131 0.193643 0.157153 0.501488 0.457787 0.395127 0.371824 0.303052 0.0687718 0.120222 0.259965 0.217974 0.0727947 0.145179 0.126689 0.076481 0.0475385 0.0578919 0.0395288 0.0255681
internal_count=523 117 60 406 130 118 276 245 228 203 157 46 57 141 123 67 56 100 68 50 61 53 44
is_linear=0
shrinkage=0.05


Tree=252
num_leaves=23
num_cat=0
split_feature=101 95 13 18 75 47 16 61 16 2 142 30 66 48 35 101 35 3 355 97 44 68
split_gain=0.0125478 0.0272154 0.0267608 0.0149632 0.0182534 0.0170113 0.0390099 0.0268854 0.0229502 0.0234969 0.0363929 0.0348608 0.0216364 0.0162411 0.00916646 0.00886237 0.000751099 6.24853e-05 6.99973e-08 3.90511e-08 1.59155e-08 3.37524e-09
threshold=-0.25175926256668463 36.864671883787913 0.54876849207753275 35.495692092229696 18.031456937723998 19.395281380286939 1.6711711711711714 24.31523799148259 1.7847490347490351 0.094829379602002786 1.0000000180025095e-35 12.44424935728108 20.202898575511863 5.8175418094404625 6.0416144612067146 7.4026879311565468 5.4848643310620631 -0.59740604031913414 1.0000000180025095e-35 1.8566885550516508 6.2570565792216728 70.199731956369291
decision_type=2 2 8 10 2 2 2 2 2 2 2 2 2 2 2 2 2 2 2 2 2 2
left_child=-1 2 3 4 -2 6 16 13 -8 11 12 -10 -11 -7 -5 -12 -6 -13 -19 -18 -21 -22
right_child=1 -3 -4 14 5 7 8 -9 9 10 15 17 -14 -15 -16 -17 19 18 -20 20 21 -23
leaf_value=-0.032179586954045401 -0.025602600184698971 0.038264620544428064 -0.041840414189743332 0.0013715224759769057 0.035949977858033243 -0.0056150324426382254 -0.012195171587138781 0.014803065945902614 -0.0082810211011041818 -0.0053187117470665469 -0.038116483539007512 0.046827313769063308 0.04732833420322264 -0.038234128322898769 0.050130448868714733 -0.007556391454976278 0.050189638733746961 0.050193001667226171 0.050078238691152945 0.050129336536861781 0.05007178793394778 0.050031986442176581
leaf_weight=0.029198115073086228 0.066444875803426839 0.046812033860987867 0.038110789289930835 0.016001098032575101 0.012061869740136899 0.077402452336173155 0.17538574354693992 0.075353229243773967 0.041298400770756416 0.034727643305814127 0.043777236365713179 0.019489296042593196 0.044551089697051793 0.075268939574016258 0.024242952218628488 0.051788840042718221 0.010383575245214161 0.027168070402694866 0.026004271263445844 0.010187071897235001 0.011547140986294835 0.0098875288240378723
leaf_count=19 38 37 21 7 8 33 31 32 16 26 17 17 22 36 35 24 7 9 35 6 14 33
internal_value=9.9299e-05 0.00110419 -0.000847992 0.000983551 -0.000490097 0.00174578 0.0067531 -0.00963493 0.0020714 0.0107352 -0.000778682 0.0284006 0.0242666 -0.0216967 0.0307438 -0.0215555 0.0469475 0.0492492 0.0501369 0.0501055 0.0500779 0.0500534
internal_weight=0.967092 0.937894 0.891082 0.852971 0.812727 0.746282 0.518258 0.228025 0.464191 0.288805 0.174845 0.11396 0.0792787 0.152671 0.0402441 0.0955661 0.0540672 0.0726616 0.0531723 0.0420053 0.0316217 0.0214347
internal_count=523 504 467 446 404 366 265 101 197 166 89 77 48 69 42 41 68 61 44 60 53 47
is_linear=0
shrinkage=0.05


Tree=253
num_leaves=28
num_cat=0
split_feature=2 55 130 38 23 59 87 12 9 26 101 101 4 64 22 325 5 45 77 78 44 91 44 91 21 116 355
split_gain=0.0121382 0.0146067 0.0176034 0.0216391 0.0169997 0.0147306 0.0163483 0.0222527 0.0185349 0.0172998 0.016641 0.0166246 0.0274583 0.0200682 0.0140479 0.0125545 0.0215387 0.0121653 0.0097448 0.00423994 1.26039e-07 1.07663e-07 9.40199e-08 1.58821e-08 1.30972e-08 3.1136e-09 2.0705e-09
threshold=0.4763595559427391 5.1000446670203816 0.34985000000000416 5.0593485099912163 -2.1352407431561775 5.6302454023764161 6.4827890144192937 -0.45893658117068192 107.00000000000001 3.3291271561762099 4.448976796737214 6.9616020962424567 0.55820100761145075 4.3393779863563422 2.3265246936974511 1.0000000180025095e-35 16.874509803921573 3.8061763262382522 23.420166396263269 56.360584128902119 5.1806392380633737 37.287089280394532 5.094565833703518 27.813496073319737 -2.2801432034939517 1.5000000000000002 1.0000000180025095e-35
decision_type=2 2 2 2 8 2 2 10 2 2 2 2 2 2 10 2 2 2 2 2 2 2 2 2 8 2 2
left_child=1 4 -3 -4 5 -1 11 10 -9 19 18 -7 -13 -14 -2 16 -12 -15 -8 20 -10 23 -16 -5 25 -22 -24
right_child=14 2 3 21 -6 6 7 8 9 -11 15 12 13 17 22 -17 -18 -19 -20 -21 24 -23 26 -25 -26 -27 -28
leaf_value=0.024171939611226663 -0.0099635249340955107 -0.014673093072876776 -4.7725708346517653e-05 0.050038370980844918 -0.036792336168975023 -0.037879494012344354 -0.043797487558991682 -0.011434232281242155 0.05024072007948667 -0.0027291773051650488 -0.032368909001204635 -0.044430525264725601 -0.014102601310688757 0.00052672704786559858 0.050233581007194383 0.022887992448245076 0.0066616922532066946 0.039803568286343273 -0.0076000405281761059 0.022917763435234675 0.05003495741116442 0.050227478848868856 0.050059239015474891 0.050113036453359405 0.050116921515144346 0.050070548630753026 0.050019740952173687
leaf_weight=0.050293058353418019 0.015920456688036211 0.035454175100312568 0.039628461905522272 0.015832096594749601 0.036755266977706924 0.055563089495990425 0.037968305670801783 0.037499168669455685 0.01643159263767302 0.029329744305869099 0.051106648170389235 0.040145355796994409 0.094287262058060151 0.039605654659681022 0.011716751905623823 0.051505604074918665 0.11462355966796167 0.039254745859579998 0.036436504393350333 0.019622598170826677 0.012041049693834793 0.018145460278901737 0.0065525607133167796 0.012945759837748483 0.011954404621064896 0.012549212959129363 0.0067212240519438637
leaf_count=29 16 14 17 35 27 17 26 11 5 21 28 13 20 19 4 30 29 22 14 14 37 8 11 8 7 10 31
internal_value=0.000102903 -0.00109619 0.0150013 0.0271568 -0.00359182 -0.00196523 -0.00384332 0.00219154 0.0186215 0.0296789 -0.00566332 -0.0135193 -0.00717339 0.0014649 0.0267449 0.00132658 -0.00537427 0.0200778 -0.0260714 0.0427717 0.0501257 0.0501321 0.0501304 0.050072 0.050074 0.0500531 0.0500392
internal_weight=0.94989 0.908979 0.122006 0.0865518 0.786973 0.750218 0.699925 0.431068 0.139428 0.101929 0.291641 0.268856 0.213293 0.173148 0.040911 0.217236 0.16573 0.0788604 0.0744048 0.0725989 0.0529763 0.0469233 0.0249905 0.0287779 0.0365447 0.0245903 0.0132738
internal_count=523 461 82 68 379 352 323 232 105 94 127 91 74 61 62 87 57 41 40 73 59 51 46 43 54 47 42
is_linear=0
shrinkage=0.05


Tree=254
num_leaves=22
num_cat=0
split_feature=68 130 140 4 36 2 34 95 75 81 53 127 41 88 18 31 43 92 35 102 48
split_gain=0.011848 0.0146023 0.0143093 0.0185554 0.0157105 0.0473906 0.0264229 0.0374853 0.0200974 0.0221096 0.0291073 0.0384365 0.0564554 0.0265298 0.0260146 0.0192167 0.0156077 0.00340852 2.72652e-07 2.17987e-08 1.15671e-09
threshold=83.752965664337225 4.0865200000000046 1.0000000180025095e-35 0.5694729924249865 9.8274717882931153 0.073169301356201158 10.599164471616907 2.3398406428878564 50.329691598783519 10.524115764110292 9.4143231052525067 1.0000000180025095e-35 -1.0949999999999998 6.2313312260369864 19.286685837513009 11.737303883774487 16.724430138717334 16.74414364481752 9.1942955156639758 4.3967357150513653 12.399289606926446
decision_type=2 2 2 2 2 2 2 2 2 2 2 2 2 2 10 2 2 2 2 2 2
left_child=2 -2 4 -4 6 -6 8 -8 9 10 11 12 14 -11 15 -1 -17 -15 19 20 -9
right_child=1 -3 3 -5 5 -7 7 18 -10 13 -12 -13 -14 17 -16 16 -18 -19 -20 -21 -22
leaf_value=0.014743966545965685 -0.014852494209427042 0.050106504853614856 0.0054516079602186397 -0.049370228570402054 0.024455110989814195 -0.039903892559919794 -0.029199630314524296 0.050025465011293124 0.031553979313404784 -0.017769294459654871 -0.031438786921644694 -0.025629444153034489 0.040458960684369959 0.026628413708298038 0.029085746198545662 -0.040880995209707671 -0.0023133091915701299 0.050152627064141288 0.050285761828963361 0.050125151893949282 0.050051270900777184
leaf_weight=0.037454009761859197 0.013293528263602639 0.024774358036665944 0.028535561505123042 0.033619956753682345 0.045629513362655416 0.076654209373373305 0.019746272373595275 0.0093885598143970128 0.046958717434790742 0.031023271789308637 0.095544862044334877 0.11119700789276976 0.095181163342203945 0.029492830104572931 0.040043180611974094 0.070863774406461744 0.041649524131571525 0.032221358836068248 0.030877789133228362 0.01189783035988512 0.008079055420239456
leaf_count=21 16 36 25 18 22 30 11 28 30 18 39 33 27 18 35 27 32 22 9 12 14
internal_value=0.000102612 0.0274224 -0.00105804 -0.0242016 0.000666983 -0.0158887 0.00351189 0.0305858 8.32471e-05 -0.00244437 -0.00666599 -0.000694798 0.00902729 0.0199496 -0.00671765 -0.0162776 -0.0266042 0.0389106 0.050182 0.050073 0.0500374
internal_weight=0.934126 0.0380679 0.896058 0.0621555 0.833903 0.122284 0.711619 0.0799895 0.63163 0.584671 0.491934 0.396389 0.285192 0.0927375 0.19001 0.149967 0.112513 0.0617142 0.0602432 0.0293654 0.0174676
internal_count=523 52 471 43 428 52 376 74 302 272 214 175 142 58 115 80 59 40 63 54 42
is_linear=0
shrinkage=0.05


Tree=255
num_leaves=20
num_cat=0
split_feature=23 27 25 89 53 127 71 75 16 100 72 68 16 27 98 332 355 27 19
split_gain=0.0117251 0.023314 0.019204 0.0264114 0.02115 0.0291206 0.0383689 0.0342777 0.0257806 0.0201455 0.0276485 0.0196323 0.0156036 0.0141717 0.0131848 0.0101066 0.00387681 1.00356e-07 6.45761e-09
threshold=-3.1402304089627848 1.7682456313695922 -0.90427117930552459 51.619529224219683 9.4143231052525067 1.0000000180025095e-35 5.3727894979534367 18.031456937723998 2.0647857889237202 0.81212823001930678 5.4094723772614488 65.143004860056223 1.8651515151515154 1.3434886464128988 2.4850000000000008 1.0000000180025095e-35 1.0000000180025095e-35 1.313716542446959 9.8563096665442984
decision_type=8 2 10 2 2 2 2 2 2 2 2 2 2 2 2 2 2 2 10
left_child=1 -1 -2 4 5 6 7 -4 11 10 -8 14 -12 17 -6 -9 -16 18 -5
right_child=2 -3 3 13 8 -7 9 15 -10 -11 12 -13 -14 -15 16 -17 -18 -19 -20
leaf_value=0.050096595051491749 -0.027537392555740038 -0.01417489192524043 -0.014691425801886822 0.050083984820760624 -0.0067984985603893964 -0.018326516461454841 -0.034574313893375029 0.021982313919724064 0.018879383050804482 0.023723486083237461 0.021731413135315753 0.0075026472379555306 -0.019973258519908683 -0.0033628608490803985 -0.05018971960722101 0.050346913510543656 -0.03047360769205916 0.050212214280001305 0.050025043200175839
leaf_weight=0.032266071582853328 0.064777522278745892 0.025074901001062244 0.036728991544805467 0.008744639388169162 0.037670080455427524 0.11445949828339508 0.07442866847395635 0.049968831839578343 0.045949702609505039 0.052450182134634815 0.059703129772969987 0.040555100389610743 0.035923170693422435 0.018017661300291365 0.056292350549483672 0.084529760821169475 0.04475617611387861 0.020885890364297666 0.009916768700350076
leaf_count=35 38 13 23 7 13 32 37 38 16 31 31 32 29 20 29 34 23 9 33
internal_value=0.000102699 0.021991 -0.00136395 0.000779528 -0.00178016 0.00387237 0.0103257 0.0281184 -0.0145345 -0.00336661 -0.011722 -0.0230988 0.00606455 0.0333917 -0.0320453 0.0398089 -0.0414571 0.0501369 0.0500527
internal_weight=0.913099 0.057341 0.855758 0.790981 0.733416 0.508192 0.393733 0.171228 0.225223 0.222505 0.170055 0.179274 0.0956263 0.057565 0.138719 0.134499 0.101049 0.0395473 0.0186614
internal_count=523 48 475 437 368 255 223 95 113 128 97 97 60 69 65 72 52 49 40
is_linear=0
shrinkage=0.05


Tree=256
num_leaves=22
num_cat=0
split_feature=162 39 20 79 11 158 17 127 92 5 91 3 59 66 83 99 99 151 87 68 27
split_gain=0.0120097 0.0248454 0.0212616 0.018067 0.0138278 0.0180019 0.0188283 0.0537879 0.0406658 0.0304264 0.0222722 0.0238192 0.0203024 0.0260633 0.0131878 0.00979015 0.00687451 1.29821e-05 2.42622e-07 2.75118e-08 5.57681e-09
threshold=1.5000000000000002 1.6774422705885661 2.1487709070797973 6.1316053200373437 0.38716154706065237 1.5000000000000002 2.5582655826558267 1.0000000180025095e-35 28.886463755024668 14.355042016806726 13.940504570174705 -0.40455318558156667 30.832952172872353 25.335368477226165 64.620000000000019 1.0000000180025095e-35 2.5100781046385103 1.0000000180025095e-35 29.437884258010595 36.245142585976083 1.6107422962685833
decision_type=2 2 8 2 10 2 2 2 2 2 2 2 2 2 2 2 2 2 2 2 2
left_child=1 3 -3 -1 5 6 7 8 9 -4 12 -12 16 -14 -10 -11 -8 18 19 -17 -21
right_child=-2 2 4 -5 -6 -7 10 -9 14 15 11 -13 13 -15 -16 17 -18 -19 -20 20 -22
leaf_value=0.0087623786013950739 0.024694387826154376 0.023717911101177346 -0.010116571281855807 -0.050132673004257368 0.026529012156378148 -0.029329182935177008 -0.048864132256679897 -0.0231325646587251 0.013596436531800061 0.015215450948728901 -0.013274422767625894 0.050090764196844322 -0.034980333334322287 0.024508102564466113 -0.026661927044086139 0.050151405333511249 -0.023125982748607769 0.051274558015125198 0.050304843582035158 0.050032524111489257 0.05008391070253998
leaf_weight=0.018822892099706223 0.047044673217897071 0.091959730059897993 0.031879213100182824 0.042251067112374585 0.040397684982053761 0.061647962458664551 0.047463054128456861 0.10745102578948718 0.035813121598039288 0.023693982235272415 0.03373742155963555 0.026464583050255897 0.032007696965592913 0.043347368045942858 0.04708997106354218 0.012479894154239446 0.057220052916818531 0.051979136012960225 0.022446967690484598 0.010745445641077822 0.010380493895354448
leaf_count=27 38 39 23 33 32 21 21 27 35 16 20 28 13 38 19 6 32 6 6 31 12
internal_value=0.000103579 -0.0012586 0.00112195 -0.0319813 -0.00186251 -0.00361132 -0.000943105 0.00638946 0.0192579 0.0337141 -0.0117466 0.0145807 -0.02055 -0.00076011 -0.00927081 0.0443217 -0.0347956 0.0507054 0.0501776 0.0500925 0.0500578
internal_weight=0.896323 0.849279 0.788205 0.061074 0.696245 0.655847 0.594199 0.353959 0.246508 0.163605 0.24024 0.060202 0.180038 0.0753551 0.0829031 0.131726 0.104683 0.108032 0.0560528 0.0336058 0.0211259
internal_count=523 485 425 60 386 354 333 181 154 100 152 48 104 51 54 77 53 61 55 49 43
is_linear=0
shrinkage=0.05


Tree=257
num_leaves=27
num_cat=0
split_feature=32 127 104 28 325 151 25 4 72 83 16 68 24 105 65 11 83 130 300 83 4 113 119 59 67 44
split_gain=0.012561 0.0666841 0.0551789 0.0221264 0.0209152 0.0160995 0.0213645 0.0189064 0.0160734 0.0233822 0.0210573 0.0189527 0.0315037 0.0182057 0.0179493 0.0177144 0.0230087 0.0126623 0.0116907 0.0108778 0.00983138 1.05995e-07 5.08961e-08 1.55796e-08 4.98606e-09 4.68834e-10
threshold=9.0620240011984752 1.0000000180025095e-35 3.9151937837112736 541.65954369220174 1.0000000180025095e-35 1.0000000180025095e-35 -0.91027256318007332 0.29290168753964141 11.831440310397257 117.75000000000001 2.0467391304347831 66.354006850987574 5.5117093672116146 0.25462962962962971 5.5743289732794832 0.31706401657271316 78.155000000000015 0.75854000000000066 1.0000000180025095e-35 33.610000000000007 0.76790875112142931 1.5000000000000002 1.5000000000000002 11.512110509099323 13.906011735572418 8.2012948408210455
decision_type=2 2 2 2 2 2 8 2 2 2 2 2 10 2 2 10 2 2 2 2 2 2 2 2 2 2
left_child=1 2 4 20 19 6 -5 -8 9 10 11 14 -13 -14 15 16 -9 -7 -19 -1 -2 -15 -21 -23 -25 -26
right_child=3 -3 -4 5 -6 17 7 8 -10 -11 -12 12 13 21 -16 -17 -18 18 -20 22 -22 23 -24 24 25 -27
leaf_value=-0.003266256393011556 0.012071388919624931 -0.051549891855650599 0.04358539673761825 0.042801074593055211 0.012500968092890356 -0.041998754567728946 0.041113782545902026 0.0396013783992471 0.030746598958358257 -0.043319926923469969 0.03318711018613827 -0.025868988421870527 -0.0065081741953578083 0.050240549944004648 -0.03532200125826792 -0.025253964425559508 -0.01222808129772888 0.01708277335247874 -0.025388818723128637 -0.0501583929701645 0.050159870122771892 0.050118900225382262 -0.050044819200338223 0.05007195222823594 0.050034285692665582 0.050014061678160839
leaf_weight=0.018066176417050883 0.034702026314334944 0.067807415223796852 0.063949608244001865 0.033476879689260386 0.037691556033678353 0.03504502066061832 0.028098575483454624 0.038275532679108437 0.035926405262216576 0.034788933699019253 0.041309404361527413 0.034582839365612017 0.020403057758812793 0.012878342109615915 0.064663413890230004 0.057056798308622092 0.048604925072140759 0.031595434698829195 0.033257466915529221 0.018956256550154649 0.033104012705734931 0.011600384816119913 0.020566769417200703 0.010689135267966776 0.0059171773964408203 0.0055567763156432193
leaf_count=8 19 9 6 38 9 15 21 37 31 10 26 11 19 5 31 22 25 28 13 12 24 9 37 13 13 32
internal_value=0.000102529 -0.0100252 0.00765787 0.00363171 -0.0164556 0.000491298 0.00426445 0.00139983 -0.00124291 -0.00421777 -0.000348141 -0.00481363 0.0128922 0.0328859 -0.0134397 -0.00360915 0.0106056 -0.0177829 -0.00469725 -0.0354074 0.0306668 0.0501185 -0.0500993 0.050072 0.0500474 0.0500245
internal_weight=0.87857 0.227038 0.15923 0.651533 0.0952808 0.583727 0.483829 0.450352 0.422253 0.386327 0.351538 0.310228 0.101628 0.0670449 0.208601 0.143937 0.0868805 0.0998979 0.0648529 0.0575892 0.067806 0.0466418 0.039523 0.0337635 0.0221631 0.011474
internal_count=523 81 72 442 66 399 343 305 284 253 243 217 102 91 115 84 62 56 41 57 43 72 49 67 58 45
is_linear=0
shrinkage=0.05


Tree=258
num_leaves=25
num_cat=0
split_feature=31 17 43 103 130 35 103 46 5 59 98 19 53 24 2 49 3 97 283 15 58 40 59 93
split_gain=0.0118433 0.0190878 0.0195475 0.0176317 0.0263846 0.025787 0.0221169 0.03073 0.0260594 0.0175174 0.0174449 0.0193087 0.0257156 0.0171618 0.0130665 0.0103251 0.00215129 0.00158197 1.49983e-07 5.42796e-08 1.40992e-08 6.41766e-09 5.27572e-09 2.12849e-10
threshold=12.506900174301293 2.4641025641025647 13.534046545556212 2.6727608194692016 0.44089999999999979 5.6389100978435378 4.7143893413559956 179.74485498400171 18.522281639928703 11.832342902951732 12.788816372133452 9.8437776693316135 14.693742684498059 5.9164563895151909 0.087787779863087514 11.152176666527618 -1.0452599829152618 24.82144176313189 1.0000000180025095e-35 1.3090185676392576 30.183374320007839 3.5540384374778777 18.693993678110957 11.742123542015889
decision_type=2 2 2 2 2 2 2 2 2 2 2 10 2 8 2 2 2 2 2 2 2 2 2 2
left_child=1 2 -1 4 -2 -6 10 9 -9 -8 11 -5 21 -3 -10 16 -7 19 20 22 -18 -13 -11 -23
right_child=3 13 -4 6 5 15 7 8 14 17 -12 12 -14 -15 -16 -17 18 -19 -20 -21 -22 23 -24 -25
leaf_value=0.022146892547108114 -0.02307356447003352 -0.0087058284814050917 -0.013903102932636994 -0.019254240042096873 -0.024134858547268857 0.031812238235922108 -0.002344483817672916 0.031050854377943339 0.0014789109588325853 0.050079039233250355 -0.038825527267662779 0.050072021690390316 -0.030562079444398982 -0.05019416879150982 -0.031129285865961687 0.012246414608301335 0.050104455287797361 0.032443558835289925 0.050245701085890521 0.050171352345244863 0.050043376119420696 0.050031162251209384 0.050037455659209654 0.050017947200461155
leaf_weight=0.068526526327332249 0.032323317660484463 0.061651684249227401 0.083327761007240042 0.080093701253645122 0.020819095836486667 0.021480362629517913 0.027451286237919703 0.038138042700666119 0.056602399614348542 0.015820233864360489 0.053577023223624565 0.016262388788163662 0.015150027174968272 0.041843238013825612 0.067190192865382414 0.032335809995856835 0.026831474722712301 0.017362564627546817 0.021506049874005839 0.016582754738919903 0.014583414682419971 0.0057000330352821038 0.014728503006153915 0.0065464998406241648
leaf_count=37 12 34 23 11 11 14 18 33 30 14 24 17 5 23 27 30 17 9 9 10 37 15 33 30
internal_value=0.000100471 -0.00892065 0.002365 0.00393277 0.0175761 0.0271281 -0.00144222 0.00802167 -0.00508646 0.0311072 -0.0149913 -0.0046726 0.0220779 -0.0254797 -0.0162197 0.0362704 0.0454745 0.0453456 0.0501386 0.0500985 0.0500829 0.0500514 0.050059 0.0500241
internal_weight=0.856434 0.255349 0.151854 0.601085 0.16988 0.137556 0.431206 0.253876 0.161931 0.0919453 0.17733 0.123753 0.0436589 0.103495 0.123793 0.116737 0.0844013 0.0644941 0.0629209 0.0471315 0.0414149 0.0285089 0.0305487 0.0122465
internal_count=523 117 60 406 130 118 276 174 90 84 102 78 67 57 57 107 77 66 63 57 54 62 47 45
is_linear=0
shrinkage=0.05


Tree=259
num_leaves=23
num_cat=0
split_feature=68 140 4 36 2 34 95 50 47 81 47 92 92 90 130 46 89 89 35 103 102 48
split_gain=0.0111272 0.0136576 0.0163653 0.012653 0.0400824 0.0235611 0.0236486 0.0186332 0.0217175 0.0242178 0.0164098 0.02395 0.0211314 0.0162541 0.0126321 0.0106149 0.0104006 0.00314985 1.68479e-07 1.14142e-07 1.75511e-08 5.55237e-10
threshold=83.752965664337225 1.0000000180025095e-35 0.5694729924249865 9.8274717882931153 0.073169301356201158 10.599164471616907 2.5713725178240874 6.0570574465605116 9.6331975082322927 1.0000000180025095e-35 14.787156247127298 5.6915778362339715 5.1083491674284049 12.058957584868793 4.0865200000000046 120.89791402133879 19.448367043257882 16.494168342995781 9.1942955156639758 1.5148388701529483 4.3967357150513653 11.576013263996654
decision_type=2 2 2 2 2 2 2 2 2 2 2 2 2 2 2 2 2 2 2 2 2 2
left_child=1 3 -3 5 -5 7 -7 8 13 10 11 -10 -12 -1 -2 -13 -14 -11 20 -17 21 -8
right_child=14 2 -4 4 -6 6 18 -9 9 17 12 15 16 -15 -16 19 -18 -19 -20 -21 -22 -23
leaf_value=-0.033234770595970617 -0.013477139204072603 0.004626196790694273 -0.049318455953426016 0.023534642595448851 -0.038729714300113793 -0.012297753849732605 0.050022862479449703 -0.029845021597851559 -0.018754117596924746 0.024347552138952448 0.021067964551580332 0.0096860670807466971 -0.031405454588221214 -0.00073188400519946665 0.050100437120058905 0.050233902499213771 -0.0035130122016087694 0.050074657440862015 0.050253401460843519 0.050075635872430926 0.050115123182016268 0.05004196087480936
leaf_weight=0.058526734421320725 0.011991394025244517 0.025818032467213925 0.03086994742625393 0.041767640737816691 0.067811146709573222 0.022046776728529949 0.0080008634085970698 0.047858476926194271 0.027436086900706869 0.018200096215878148 0.059413688242784701 0.024764981382759288 0.055223029638000298 0.11221102294439333 0.022420935072659631 0.01943395912530832 0.084655940059747081 0.034354680650722003 0.022410276798837003 0.027530743013812753 0.010853485102416016 0.0072577681312395734
leaf_count=31 16 25 18 22 30 12 27 29 21 13 28 12 20 36 36 7 28 38 8 39 12 15
internal_value=0.000102067 -0.00108608 -0.0247498 0.000703099 -0.0149967 0.00339042 0.0306424 1.41568e-05 0.00275304 0.00986758 0.00435646 0.020977 -0.00391372 -0.0118735 0.0279461 0.0361738 -0.0145247 0.0411652 0.0501528 0.0501411 0.0500665 0.0500319
internal_weight=0.840858 0.806445 0.056688 0.749757 0.109579 0.640179 0.0705692 0.569609 0.521751 0.351013 0.298458 0.0991658 0.199293 0.170738 0.0344123 0.0717297 0.139879 0.0525548 0.0485224 0.0469647 0.0261121 0.0152586
internal_count=523 471 43 428 52 376 74 302 273 206 155 79 76 67 52 58 48 51 62 46 54 42
is_linear=0
shrinkage=0.05


Tree=260
num_leaves=24
num_cat=0
split_feature=62 140 39 15 53 355 66 102 367 71 95 64 71 127 41 9 15 4 25 99 30 98 26
split_gain=0.010826 0.0175763 0.0154825 0.0157699 0.0233171 0.0289314 0.0303731 0.0261951 0.0246043 0.0256689 0.0235828 0.0222489 0.0192742 0.0182384 0.0811872 0.0118132 0.0112611 0.0107633 0.00869136 0.00321074 5.34556e-07 9.9371e-09 2.29776e-09
threshold=34.517964236045295 1.0000000180025095e-35 1.6774422705885661 1.3090185676392576 9.4143231052525067 1.0000000180025095e-35 30.266304855865403 3.1107174761634022 1.0000000180025095e-35 5.2650868498305998 7.5372818907472796 4.5713127536355858 14.848430684074048 1.0000000180025095e-35 -1.0949999999999998 77.000000000000014 1.1384099616858239 0.5694729924249865 -0.89817856486300152 2.4782954213800807 11.042432545443246 11.096671106029842 2.5081933710097211
decision_type=2 2 2 2 2 2 2 2 2 2 2 2 2 2 2 2 2 2 10 2 2 2 2
left_child=1 2 15 4 7 -6 16 8 20 -10 13 -11 -12 14 18 -1 -7 -3 -9 -8 -4 22 -22
right_child=-2 17 3 -5 5 6 19 10 9 11 12 -13 -14 -15 -16 -17 -18 -19 -20 -21 21 -23 -24
leaf_value=-0.0015903273176546152 0.025459241860903477 -0.0031016650111015502 0.050412834222510611 0.027543495280641692 -0.041488090682315862 0.0036149389267667747 0.02065270977991087 -0.039917590080424385 0.045926995795300234 -0.037159414387975258 0.050118652500536209 0.018883351175785594 -0.0064120128426148823 -0.029018992895158264 0.051094373907496618 -0.050146002597134656 -0.037716093033697141 -0.049225391469200699 -0.011182707357792273 0.05007689504879427 0.050065493857657288 0.050099195500596674 0.050032607117277361
leaf_weight=0.024883465412131045 0.040053940396319376 0.0221882324294711 0.016241072677075863 0.058677973363955971 0.065312336490023881 0.029740619374933885 0.016743361476983409 0.050586166311404668 0.031665133494243491 0.034291351330466568 0.034359433038844145 0.03662389176315628 0.026869491870456841 0.079526961031660903 0.052573788911104202 0.025224678378435783 0.036963395468774252 0.029418548103421926 0.05484735095888027 0.020774677923327545 0.0097053713398054242 0.016409601987106726 0.011731415797839873
leaf_count=23 35 25 2 35 31 30 11 14 19 12 36 37 13 17 8 17 14 18 38 31 9 13 35
internal_value=0.000103277 -0.0011899 0.000793815 0.00276014 0.000433234 -0.0153961 0.000954911 0.00632569 0.022885 0.00849694 -0.00235781 -0.00821635 0.0253109 -0.00948995 0.000339257 -0.0260335 -0.0192883 -0.0293946 -0.0249695 0.0369456 0.0501729 0.0500699 0.0500475
internal_weight=0.825412 0.785358 0.733752 0.683643 0.624965 0.169534 0.104222 0.455431 0.156668 0.10258 0.298763 0.0709152 0.0612289 0.237534 0.158007 0.0501081 0.066704 0.0516068 0.105434 0.037518 0.0540875 0.0378464 0.0214368
internal_count=523 488 445 405 370 117 86 253 127 68 126 49 49 77 60 40 44 43 52 42 59 57 44
is_linear=0
shrinkage=0.05


Tree=261
num_leaves=23
num_cat=0
split_feature=32 127 104 28 325 151 25 4 68 93 13 12 3 303 93 100 40 36 22 76 107 88
split_gain=0.0107633 0.0612631 0.0497446 0.0193181 0.0192426 0.0143374 0.0186287 0.0164309 0.0147536 0.0220645 0.0209913 0.0242985 0.0172177 0.0264506 0.021218 0.0149177 0.012439 0.0118044 0.00945542 0.0091536 6.53841e-08 3.42035e-08
threshold=9.0620240011984752 1.0000000180025095e-35 3.9151937837112736 541.65954369220174 1.0000000180025095e-35 1.0000000180025095e-35 -0.91027256318007332 0.29290168753964141 65.78944485112423 29.315204066519019 0.38841910844304833 -0.50795539674112289 -0.59740604031913414 1.0000000180025095e-35 50.979679420203524 1.0343117914882647 4.5011411589514978 8.1924210675813374 2.2976176396480308 8.9790308050281293 1.5000000000000002 5.9798734376546774
decision_type=2 2 2 2 2 2 8 2 2 2 10 10 2 2 2 2 2 2 10 2 2 2
left_child=1 2 4 19 18 6 -5 -8 12 10 -10 -12 13 -9 15 -14 -15 -7 20 -2 -1 -11
right_child=3 -3 -4 5 -6 17 7 8 9 21 11 -13 14 16 -16 -17 -18 -19 -20 -21 -22 -23
leaf_value=-0.050184405714521624 0.0501532700196793 -0.051400816589191337 0.043041759209509839 0.042402804089456868 0.012504072212816936 -0.037448039858909286 0.040480119964485778 -0.046722282295971862 -0.030157006801056346 0.050148150946278669 -0.01278080402451051 0.050087161368199774 0.032496289505384544 0.022305297877335376 -0.02646725482993724 -0.0065860529056220272 -0.022474996524102384 -0.0014031478447278389 -0.0055608419801619555 0.011500108619367157 -0.050046981777461655 0.050041097269080653
leaf_weight=0.015447515674168244 0.029544124874519184 0.0619089685351355 0.059817320667207241 0.029800819444062654 0.035582969256211072 0.040994069717271486 0.025323883241071599 0.056463762826751918 0.034317922370973974 0.017092426553972473 0.030735505395568907 0.030742540942810592 0.058690916837804252 0.03194517974043265 0.040933477614089497 0.041809893446043134 0.030138659945805557 0.050937899621203542 0.018023210141109303 0.031805588365386939 0.019685269973706454 0.013241208534964244
leaf_count=8 24 9 6 38 9 23 21 25 26 17 13 36 35 25 23 32 16 33 10 19 39 36
internal_value=0.000104048 -0.00961315 0.00780134 0.00354403 -0.0159536 0.000486691 0.00422928 0.00146432 -0.00109461 0.0129376 0.00116974 0.0186568 -0.00790231 -0.0219569 0.00387797 0.0162374 0.000566661 -0.0174762 -0.0350033 0.0301143 -0.0501074 0.0501014
internal_weight=0.804983 0.210465 0.148556 0.594518 0.088739 0.533168 0.441236 0.411435 0.386111 0.12613 0.095796 0.061478 0.259982 0.118548 0.141434 0.100501 0.0620838 0.091932 0.053156 0.0613497 0.0351328 0.0303336
internal_count=523 81 72 442 66 399 343 305 284 128 75 49 156 66 90 67 41 56 57 43 47 53
is_linear=0
shrinkage=0.05


Tree=262
num_leaves=23
num_cat=0
split_feature=31 17 44 66 103 100 12 88 120 88 0 59 97 100 15 101 4 95 22 27 58 119
split_gain=0.010428 0.017324 0.0174611 0.0152062 0.0150149 0.0157566 0.0168689 0.0275001 0.0217882 0.02142 0.0264011 0.0268475 0.0155961 0.0115022 0.0112469 0.0112264 0.00661632 3.06869e-08 1.93258e-08 9.58847e-09 4.27086e-09 1.12007e-09
threshold=12.506900174301293 2.4641025641025647 4.5252172437306122 20.202898575511863 0.12117488662131538 -0.4881995554499608 -0.50767879912583036 24.402634303913114 7.5000000000000009 17.532031431361066 12.053724799707883 16.848630451727661 25.780894510798916 1.2706644688037991 1.1507575757575761 4.7356478633179444 0.59633493746393895 5.1606986567775266 2.4302053857593191 1.7425946610945822 36.298978189776228 1.5000000000000002
decision_type=2 2 2 2 2 2 10 2 2 2 2 2 2 2 2 2 2 2 10 2 2 2
left_child=1 2 -1 -3 -2 12 -7 8 9 10 11 -8 -6 -11 -13 -9 -12 -17 21 20 -19 -18
right_child=4 3 -4 -5 5 6 7 15 -10 13 16 14 -14 -15 -16 17 18 19 -20 -21 -22 -23
leaf_value=0.028074534560483172 0.040566973531594108 -0.049421250155574824 -0.0096848720520991433 -0.0087515142892942103 0.0054965466552472416 -0.025457776583262755 0.032198214879385886 0.0035769588509263583 0.043351797901869285 -0.0032870483817430173 0.0073444150761347625 -0.030861085691631582 -0.034134965830896723 -0.041814337985344313 -4.7361616811063139e-05 0.050149192696628708 0.050033917633930808 0.050070467966694801 0.050117930167615558 0.050096965972262611 0.050024798220777357 0.050057745021288749
leaf_weight=0.045206655442598276 0.02653474689941504 0.038444884896307485 0.094866823339543771 0.057149127940647304 0.046091056621662574 0.038209495483897626 0.041233756583096692 0.017431963788112625 0.030499775153657538 0.036898444770486094 0.012036168165650452 0.056214338091194804 0.053800650508492254 0.040785818418953568 0.062578780663898215 0.015573873097309843 0.010593166817670863 0.0087054280302254483 0.016777306844232953 0.013999743037857115 0.012426415454683593 0.0092291604305501096
leaf_count=22 19 33 38 24 26 13 37 13 38 28 11 34 36 15 12 13 33 10 13 8 35 12
internal_value=0.000101423 -0.00869765 0.00250142 -0.0251076 0.00387431 0.00201299 0.00622908 0.00937398 0.00317695 -0.00110221 0.00724186 -0.00256298 -0.0158486 -0.0235147 -0.0146288 0.0381909 0.0395028 0.0500908 0.0500784 0.0500649 0.0500436 0.050045
internal_weight=0.785288 0.235667 0.140073 0.095594 0.54962 0.523085 0.423194 0.384984 0.316847 0.286347 0.208663 0.160027 0.0998917 0.0776843 0.118793 0.0681374 0.0486358 0.0507055 0.0365996 0.0351316 0.0211318 0.0198223
internal_count=523 117 60 57 406 387 325 312 233 195 152 83 62 43 46 79 69 66 58 53 45 45
is_linear=0
shrinkage=0.05


Tree=263
num_leaves=20
num_cat=0
split_feature=68 23 130 317 128 23 70 100 111 127 11 59 2 108 0 128 130 60 128
split_gain=0.0102633 0.0124939 0.0182515 0.0334351 0.0177654 0.0158118 0.0158903 0.0160178 0.0352363 0.0220001 0.058757 0.0178043 0.0208456 0.0175081 0.0291855 0.0248284 0.0107939 0.00119097 0.000225253
threshold=83.752965664337225 -2.3430260499963191 2.9529000000000019 1.0000000180025095e-35 2.7737062058027164 -2.3990625921091393 17.192951661416277 0.81212823001930678 2.5000000000000004 1.0000000180025095e-35 0.12862678089472404 10.714846107611026 0.045430042272034295 8.5000000000000018 12.148176492819351 7.0303237046444602 4.0865200000000046 29.845548958240226 4.7018364782281612
decision_type=2 8 2 2 2 10 2 2 2 2 10 2 2 2 2 2 2 2 2
left_child=1 5 4 -4 -3 6 7 9 18 10 -1 -12 -13 14 -14 17 -2 -16 -9
right_child=16 2 3 -5 -6 -7 -8 8 -10 -11 11 12 13 -15 15 -17 -18 -19 -20
leaf_value=0.050884333786330116 -0.011417000464815152 0.0056626216012006028 -0.032377235648073682 0.040840347830595619 -0.046484762699160603 0.029010989561752982 -0.034460853275577623 0.043371435858910665 -0.009754763012390949 -0.022564457359509193 -0.032859425193447693 0.0338955538990331 -0.02527393866219307 -0.041964897302589427 0.050144747246875489 -0.01639782881273958 0.050090932272136415 0.033721092250632655 0.050139036321896785
leaf_weight=0.05487647352492786 0.011067022482166067 0.023394311883748742 0.030077070405241102 0.032376978528191103 0.054105056162370602 0.049882179688211181 0.032214620187005494 0.019199298330931924 0.053330902854213491 0.10447868158007623 0.050187064087367617 0.037794231559018954 0.060688142766593955 0.029798014234984294 0.028407137666363269 0.02718457914852479 0.020064158520654019 0.0180532963204314 0.034192269356935867
leaf_count=33 16 17 15 33 37 36 18 15 31 39 30 26 23 14 29 23 36 18 34
internal_value=0.000101583 -0.00108116 -0.0145342 0.0055797 -0.0307433 0.00205534 -0.000387606 0.00173065 0.0189917 -0.00274635 0.00399842 -0.00620708 0.000417159 -0.00729186 0.000399374 0.0215558 0.0282251 0.0437629 0.0477054
internal_weight=0.771371 0.74024 0.139953 0.062454 0.0774994 0.600287 0.550405 0.51819 0.106722 0.411468 0.306989 0.252112 0.201925 0.164131 0.134333 0.073645 0.0311312 0.0464604 0.0533916
internal_count=523 471 102 48 54 369 333 315 80 235 196 163 133 107 93 70 52 47 49
is_linear=0
shrinkage=0.05


Tree=264
num_leaves=22
num_cat=0
split_feature=26 127 20 162 3 41 9 4 104 59 11 317 94 300 29 130 17 5 17 25 40
split_gain=0.0102332 0.0476264 0.0616858 0.0221443 0.021873 0.0184804 0.0234407 0.0215902 0.0243514 0.0208722 0.017591 0.0169449 0.0237541 0.0133472 0.0180779 0.0234812 0.0119346 0.0117206 0.00278761 0.000877704 0.000142267
threshold=2.4305639760047515 1.0000000180025095e-35 2.28212851305917 1.5000000000000002 -0.037633219954648182 -2.1599999999999988 115.00000000000001 0.81475865956962512 1.8411593071380683 12.120471017266398 0.38716154706065237 1.0000000180025095e-35 16.589131517023958 1.0000000180025095e-35 22.832993106662382 3.0763600000000024 2.4932432432432434 24.77753623188406 2.6073781291172602 -0.15309711967127709 1.9787106669790508
decision_type=2 2 10 2 2 2 2 2 2 2 10 2 2 2 2 2 2 2 2 10 2
left_child=1 2 4 5 20 6 -2 8 9 -7 11 -8 13 16 15 -15 -13 19 -9 -11 -1
right_child=3 -3 -4 -5 -6 7 10 18 -10 17 -12 12 -14 14 -16 -17 -18 -19 -20 -21 -22
leaf_value=-0.050126442913998051 -0.050156484296400398 -0.047222861510292702 0.04323968650891092 0.050120735106956076 0.0053440368184574736 -0.018543448896772147 -0.035113349170267059 0.050120423178708441 -0.02389790032622539 0.036666075527908591 0.038801969501315446 0.03135289579634247 0.050104521659207382 -0.020551638325134916 -0.043363077304578626 0.0382586530477338 -0.0141475793209596 0.009492312092234511 0.026401815910829851 0.050171096610892099 -0.044288998655279042
leaf_weight=0.024072685246210312 0.028306603722739965 0.059190166670305189 0.062595822921139188 0.024463064894007402 0.036071717186132446 0.032873296193429269 0.04218557350395713 0.030657016241093515 0.055164208181849972 0.020635011554986704 0.023715848103165627 0.035861275770002976 0.020971727339201607 0.05376975289254915 0.039759197825333104 0.02480167236080888 0.024094700182104134 0.046053352401941083 0.020787506888154894 0.028853267684098682 0.018427381233777851
leaf_count=31 12 9 13 35 16 22 19 29 35 27 22 33 35 35 18 39 24 22 18 19 10
internal_value=0.000105633 -0.0095756 0.00620953 0.00361354 -0.0232913 0.00146079 -0.00690649 0.0119087 0.00388642 0.0158219 -0.00228942 -0.00632563 -0.000230894 -0.00615181 -0.0158899 -0.00198772 0.0130675 0.0276461 0.0405363 0.0445399 -0.0475954
internal_weight=0.753311 0.200358 0.141168 0.552953 0.0785718 0.52849 0.293466 0.235024 0.183579 0.128415 0.26516 0.241444 0.199258 0.178287 0.118331 0.0785714 0.059956 0.0955416 0.0514445 0.0494883 0.0425001
internal_count=523 79 70 444 57 409 237 172 125 90 225 203 184 149 92 74 57 68 47 46 41
is_linear=0
shrinkage=0.05


Tree=265
num_leaves=25
num_cat=0
split_feature=101 95 12 44 127 4 4 68 11 62 87 42 255 127 41 114 12 321 21 98 130 78 4 50
split_gain=0.00994039 0.0192919 0.0193678 0.012081 0.0210995 0.014748 0.0170855 0.0230496 0.0173334 0.0217688 0.0182728 0.0199564 0.0169009 0.0145883 0.0553864 0.0225369 0.0106982 0.00603362 0.00331413 1.99173e-08 6.26472e-09 1.42048e-09 3.79458e-10 1.45827e-10
threshold=-0.25175926256668463 36.864671883787913 -0.54876849845274533 6.4564274907827697 1.0000000180025095e-35 0.28461233473383579 0.38646555148947442 65.78944485112423 0.31706401657271316 22.93071593958766 12.540004628086864 31904.580941118551 1.0000000180025095e-35 1.0000000180025095e-35 -1.1049999999999998 1.5000000000000002 -0.45756301926544957 1.0000000180025095e-35 -2.3923208251369075 16.293803760250995 1.6576399999999996 17.38929698873115 0.80056529953043554 5.9277595051690009
decision_type=2 2 10 2 2 2 2 2 10 2 2 2 2 2 2 2 10 2 10 2 2 2 2 2
left_child=-1 2 -2 13 5 -5 -7 8 9 10 11 -8 19 14 15 16 -4 -18 -6 20 -9 -22 23 -23
right_child=1 -3 3 4 18 6 7 12 -10 -11 -12 -13 -14 -15 -16 -17 17 -19 -20 -21 21 22 -24 -25
leaf_value=-0.03237365311771892 -0.040931261549370011 0.037821924347081828 -0.0054036624149617369 0.050132941786136802 0.02113129465291114 -0.029713574893800318 -0.018081110726296905 0.050078639478871839 -0.025970421232184515 0.041681864011123337 -0.034139182650232004 0.039996342774160087 -0.018692052436304556 -0.022284612015355022 0.036982598821567091 0.020470079010409745 -0.049266603571434149 -0.020150136392779117 0.05011962185985297 0.050128787147008518 0.050051091027545229 0.05000960860299828 0.050032111084036462 0.050023173826690026
leaf_weight=0.022825563159130979 0.028651760541833937 0.034136859841055411 0.037650652706361143 0.01559046993861557 0.015064180915942416 0.040823192057359847 0.028856246557552367 0.010508674895390868 0.056676122534554452 0.033769149296858814 0.034384378581307828 0.030346598778123735 0.011486614705063403 0.095502457086695358 0.07206543581924052 0.031851124076638371 0.046217056487876107 0.028930190765095176 0.028538339778606314 0.01002319403050933 0.0060198330793355117 0.0048587093169771833 0.005502995011738677 0.003345230044942582
leaf_count=19 18 37 24 16 8 22 8 9 25 35 14 39 3 33 26 11 27 29 38 6 9 39 13 15
internal_value=0.000104952 0.00114792 -0.00070224 0.00107648 0.00765947 0.00281783 0.000150939 0.00532176 -0.00296793 0.00726863 -0.00514872 0.0116886 0.0348041 -0.00600361 0.00117115 -0.0166704 -0.0271579 -0.0380573 0.0401045 0.0500677 0.0500475 0.0500308 0.050022 0.0500151
internal_weight=0.733625 0.710799 0.676663 0.648011 0.335794 0.292191 0.276601 0.235778 0.184032 0.127356 0.0935872 0.0592028 0.0517453 0.312217 0.216714 0.144649 0.112798 0.0751472 0.0436025 0.0402586 0.0302354 0.0197268 0.0137069 0.00820394
internal_count=523 504 467 449 299 253 237 215 121 96 61 47 94 150 117 91 80 56 46 91 85 76 67 54
is_linear=0
shrinkage=0.05


Tree=266
num_leaves=31
num_cat=0
split_feature=32 127 104 325 127 3 23 97 62 15 61 84 44 23 47 90 100 44 83 75 76 88 59 68 119 130 66 99 130 61
split_gain=0.0100529 0.0516326 0.0425384 0.0174331 0.0157442 0.0226223 0.0165647 0.0158448 0.0219845 0.0202352 0.0202316 0.018634 0.0194687 0.0182393 0.015828 0.0126522 0.0119507 0.011711 0.00926295 0.00914598 0.00771134 0.000573957 6.45755e-08 3.29589e-08 2.75352e-08 1.25725e-08 1.22991e-08 3.99411e-09 1.22353e-09 3.39591e-10
threshold=9.0620240011984752 1.0000000180025095e-35 3.9151937837112736 1.0000000180025095e-35 1.0000000180025095e-35 -1.001726414705945 -3.1142399196875856 17.106508304141645 5.8005538620999841 1.0615530303030305 6.8672927941676347 5.4769578608900629 9.2886816321284957 -2.1134196491408277 9.8636393002192211 25.747436651952256 0.16723454428067544 5.5972452430956343 33.610000000000007 17.61359410781213 9.5602372530077577 1.0000000180025095e-35 13.906011735572418 35.127865557706208 1.5000000000000002 1.0527999999999997 49.153694515601295 1.5528279977114308 2.6158100000000011 14.824581525820603
decision_type=2 2 2 2 2 2 10 2 2 2 2 2 2 10 2 2 2 2 2 2 2 2 2 2 2 2 2 2 2 2
left_child=1 2 3 18 6 -6 15 8 9 10 -8 14 20 19 -9 16 -2 -7 -1 -10 -13 -21 -19 -23 -20 -16 -24 -25 -29 -30
right_child=4 -3 -4 -5 5 17 7 11 13 -11 -12 12 -14 -15 25 -17 -18 22 24 21 -22 23 26 27 -26 -27 -28 28 29 -31
leaf_value=-0.0032783871388716215 -0.027085418791886501 -0.051208696894161999 0.042669780499212245 0.012421231673254932 -0.019627504462707113 0.0051249220248538322 -0.017116893975901278 -0.013006014926226503 0.0023864236112786505 -0.02873836413745269 0.050187750684076216 -0.014842953183747485 0.013021298217660375 -0.007244430796929293 0.05011381709198437 -0.040707909360930029 0.016616297280628415 0.050196390125995187 -0.050129368707626569 0.038175931398068255 -0.048779465929079412 0.050130430590258582 0.050042807815729423 0.050074882740249849 -0.050037054243071588 0.050036233373638231 0.050103539834468747 0.050054159909874385 0.050020083148744246 0.050037521205014528
leaf_weight=0.015694783302024007 0.029961050255224109 0.053765639582707081 0.051035074284300208 0.032922056736424565 0.023946592002175748 0.020580633950885385 0.020735715912451269 0.018470653194526676 0.01307913751952583 0.043427696946309879 0.024192332377424464 0.029072550732962554 0.031668195100792218 0.026078937167767435 0.0088835690403357148 0.038414061673393007 0.032736023407778703 0.015331472808611579 0.015403446694108425 0.01229570067334862 0.03945832907629665 0.024732096935622394 0.017096525880333502 0.01318063925828028 0.016984558547846973 0.012668233438489551 0.01626945091993548 0.0078989947796799242 0.0058149625401711091 0.0053703307112300536
leaf_count=8 17 9 6 9 12 11 19 13 10 18 23 24 26 12 4 22 23 7 12 17 20 12 34 17 37 39 12 8 32 10
internal_value=0.000107211 -0.00990367 0.00691542 -0.0156107 0.00360778 0.0222662 -0.000362253 0.00496278 0.0141138 -0.00440054 0.0191245 -0.00788101 -0.0194006 0.0291975 0.020959 -0.0181119 -0.00426744 0.0367472 -0.0348041 0.0407351 -0.0343827 0.0479734 0.0501115 0.050087 -0.050081 0.0500682 0.0500724 0.0500537 0.0500391 0.0500285
internal_weight=0.717169 0.185806 0.13204 0.0810048 0.531364 0.0932247 0.438139 0.337028 0.196807 0.0883557 0.044928 0.140222 0.100199 0.108451 0.0400225 0.101111 0.0626971 0.0692781 0.0480828 0.0823719 0.0685309 0.0692927 0.0486974 0.056997 0.032388 0.0215518 0.033366 0.0322649 0.0190843 0.0111853
internal_count=523 81 72 66 442 76 366 304 178 60 42 126 70 118 56 62 40 64 57 106 44 96 53 79 49 43 46 67 50 42
is_linear=0
shrinkage=0.05


Tree=267
num_leaves=23
num_cat=0
split_feature=2 55 38 3 4 88 4 103 58 59 68 127 17 95 102 22 50 101 19 6 60 44
split_gain=0.00946235 0.0110541 0.0122523 0.0121106 0.0226684 0.0193739 0.0195156 0.0176562 0.01866 0.0151985 0.0145159 0.0140122 0.0462628 0.0151513 0.0202609 0.0103665 0.00892942 0.00273464 0.00197209 5.26598e-08 2.76024e-08 2.48493e-09
threshold=0.4763595559427391 5.1000446670203816 5.519256431636383 -0.91219562284790467 0.34998109170216629 24.402634303913114 0.52022457783300446 5.1776874591019419 43.697723819385985 19.324432260271315 65.459700900014269 1.0000000180025095e-35 2.4309523809523812 2.1311190502435546 1.4111403771806217 2.3265246936974511 5.6241140158757092 6.198260961696433 9.8867461057340744 263.3725 12.606547746977167 5.8496468502367955
decision_type=2 2 2 2 2 2 2 2 2 2 2 2 2 2 2 10 2 2 8 2 2 2
left_child=1 3 -3 4 -1 6 -5 11 -9 -7 18 12 -8 -14 -15 -2 -16 -4 -6 -17 -11 -21
right_child=15 2 17 5 10 9 7 8 -10 20 -12 -13 13 14 16 19 -18 -19 -20 21 -22 -23
leaf_value=0.015406151139542907 -0.0089544012364242802 0.00038902369728568531 0.021299124402839997 -0.034075630639804511 -0.031874183740185066 -0.004585787649946345 0.030965723088528786 -0.0030997080890291136 0.040754886967259402 0.050141038959895412 -0.00022911682511092408 -0.024190355735980339 -0.050185279189675226 -0.041743782104080362 0.036168458189740064 0.050209144022385889 -0.0098031585147397432 0.050064044457995338 -0.050119263772114703 0.050062288471527897 0.050048399682014889 0.050016343247892975
leaf_weight=0.037947538949083537 0.01219986988871824 0.053543667563644703 0.013732704916037619 0.046323158079758286 0.023135807408834808 0.020972038284526207 0.075197421689153998 0.049042762939279783 0.047993168935136055 0.01525784567638766 0.027646848328004126 0.077580256940564141 0.03069540567958029 0.027097900774606387 0.0215565083999536 0.0071516619063913814 0.020712015511890058 0.020742975551911513 0.041159265034366399 0.0054234051603998523 0.016999180252241786 0.0064343339445258607
leaf_count=27 16 39 5 38 17 15 34 29 37 13 21 20 12 11 20 2 21 38 36 7 28 37
internal_value=0.000107218 -0.00115125 0.015358 -0.0036596 -0.017107 0.000226832 -0.00357828 0.000459542 0.0185904 0.0285493 -0.0305262 -0.00649881 0.00133253 -0.0209371 -0.00799445 0.0270165 0.0136419 0.0386061 -0.043554 0.050102 0.0500922 0.0500374
internal_weight=0.698546 0.667336 0.0880193 0.579317 0.129889 0.449428 0.396199 0.349875 0.0970359 0.0532291 0.0919419 0.25284 0.175259 0.100062 0.0693664 0.0312093 0.0422685 0.0344757 0.0642951 0.0190094 0.032257 0.0118577
internal_count=523 461 82 379 101 278 222 184 66 56 74 118 98 64 52 62 41 43 53 46 41 44
is_linear=0
shrinkage=0.05


Tree=268
num_leaves=25
num_cat=0
split_feature=32 127 20 88 28 151 25 28 89 89 40 2 83 308 26 48 130 36 297 76 23 22 67 99
split_gain=0.00933517 0.0477003 0.0390959 0.0228776 0.015022 0.011986 0.0156818 0.0137234 0.0153124 0.0270358 0.015198 0.0209692 0.0183826 0.0219519 0.0250326 0.0123635 0.0113623 0.0113423 0.0083424 0.00832142 0.0064122 2.00746e-08 9.13938e-10 8.94491e-11
threshold=9.0620240011984752 1.0000000180025095e-35 2.28212851305917 11.141382540952401 541.65954369220174 1.0000000180025095e-35 -0.91027256318007332 1197.5536924495539 67.45282990229579 49.734261571801419 5.0745589219144343 0.026092870790291104 42.670000000000009 1.0000000180025095e-35 2.7489803706843037 5.8175418094404625 0.59438500000000127 8.1924210675813374 1.0000000180025095e-35 8.9790308050281293 -2.4436014117324834 2.4820161890920236 6.6377865767060316 2.1127928138707617
decision_type=2 2 10 2 2 2 8 2 2 2 2 2 2 2 2 2 2 2 2 2 10 10 2 2
left_child=1 2 3 -1 19 6 -6 8 9 10 11 -8 21 15 -15 -14 -7 -18 -16 -2 -9 22 -13 -24
right_child=4 -3 -4 -5 5 16 7 20 -10 -11 -12 12 13 14 18 -17 17 -19 -20 -21 -22 -23 23 -25
leaf_value=-0.050140473787873653 0.050123081091067979 -0.051121260345309665 0.040195198985522429 0.0063974771633515636 0.042054863871353605 -0.048137289764856477 -0.037356085481147147 0.0043829517382435292 -0.037524528470319216 0.050115870226102865 -0.027308627000660137 0.050044586919931078 0.0030042900824568553 0.050159764222183573 -0.021872802310663561 -0.040652805150921956 -0.03114627695788455 0.01346316064240044 0.015521271081635136 0.010087260403285885 0.050093238477873329 0.05012231476654886 0.050024255231187732 0.0500136014456024
leaf_weight=0.030149053563945927 0.024570604742621072 0.050027382516418584 0.05127201865252573 0.044012231599481311 0.025703863742819522 0.021409390959888697 0.028127649253292475 0.012440342383342795 0.027073401508459938 0.026324764533455891 0.051790859622997232 0.0056846958032110715 0.031382504937937483 0.037277535768225789 0.028108393569709733 0.03355851661581255 0.024826732646033634 0.033444024319578602 0.031776591657035169 0.027511260843311902 0.020017062457554857 0.010070280055515468 0.003553883697350102 0.0044211990398252965
leaf_count=32 24 9 15 25 38 13 18 15 17 39 22 8 22 22 16 19 17 26 27 19 33 5 11 31
internal_value=0.000104747 -0.00984092 0.00662319 -0.0165871 0.00353269 0.000633119 0.00435427 0.00159822 -0.00155193 0.00178247 -0.00300532 0.00287747 0.00896719 0.0029504 0.0179929 -0.0195557 -0.0169878 -0.00554306 -0.0020305 0.0289749 0.0325733 0.0500688 0.0500293 0.0500183
internal_weight=0.684534 0.175461 0.125433 0.0741613 0.509074 0.456992 0.377312 0.351608 0.31915 0.292077 0.265752 0.213961 0.185834 0.162104 0.0971625 0.064941 0.0796801 0.0582708 0.059885 0.0520819 0.0324574 0.0237301 0.0136598 0.00797508
internal_count=523 81 72 57 442 399 343 305 257 240 201 179 161 106 65 41 56 43 43 43 48 55 50 42
is_linear=0
shrinkage=0.05


Tree=269
num_leaves=26
num_cat=0
split_feature=32 127 359 71 127 3 23 18 42 67 60 78 94 85 105 90 44 67 45 47 59 39 20 2 21
split_gain=0.00871732 0.0453683 0.0375524 0.0231779 0.0143459 0.0203225 0.0148426 0.0151051 0.0204795 0.0148836 0.0232841 0.0134233 0.0161671 0.0150479 0.0164616 0.0115548 0.010786 0.00988732 0.00852101 0.00503976 4.72599e-08 3.29117e-08 1.24976e-08 9.48942e-09 1.61207e-09
threshold=9.0620240011984752 1.0000000180025095e-35 1.0000000180025095e-35 11.132110078225953 1.0000000180025095e-35 -1.001726414705945 -3.1142399196875856 16.696790310735842 76530.687248468996 13.403096158807802 6.4827890144192937 24.033784480821748 5.1227505662243251 14.493540694785851 0.38795986622073586 25.747436651952256 5.5972452430956343 37.747400636679139 3.9249690791020444 14.787156247127298 13.906011735572418 5.1682826591308162 2.3765109914338636 0.051545174840291093 -2.2553101638372186
decision_type=2 2 2 2 2 2 10 10 2 2 2 2 2 2 2 2 2 2 2 2 2 2 10 2 10
left_child=1 2 -1 -4 6 -6 15 8 -8 19 -11 12 -9 21 -15 17 -7 -2 -12 -10 -18 22 24 -22 -13
right_child=4 -3 3 -5 5 16 7 11 9 10 18 13 -14 14 -16 -17 20 -19 -20 -21 23 -23 -24 -25 -26
leaf_value=0.036194665503445855 -0.024755726184780419 -0.051065557562959656 -0.044920942851020079 0.015206659403439305 -0.018778991348938109 0.0055049204586153843 0.026030214835925047 -0.03287647462035611 -0.016780833029734869 -0.03501755338743829 -0.0029315348929201891 0.050019453272573025 0.023185953704231127 -0.019647867595508857 0.037821045258806266 -0.040175654451457522 0.050177895799732135 0.016205403492849386 0.050064779776437751 -0.042486076854136981 0.050101544441214702 0.050163517420019982 0.050101511899460563 0.050044155630265222 0.050052118780885148
leaf_weight=0.056827729509677738 0.029328503500437364 0.047638118961913278 0.037669320910936221 0.027897118459804915 0.02258557704044506 0.019560375483706594 0.040111805898050079 0.024718487651625765 0.039897786216897657 0.021893199340411229 0.01171109147981042 0.0073680720283846313 0.026804625204022159 0.024527496614609845 0.025328443975013215 0.035861704458511667 0.013857717698556371 0.029602564449305646 0.0215262610836362 0.03652338296524249 0.011776396917412058 0.012961130276380572 0.014207250947947614 0.018548879161244258 0.007749521098958212
leaf_count=23 19 9 29 20 12 11 29 25 26 18 19 39 24 17 27 22 7 21 32 14 8 10 12 38 12
internal_value=0.000103867 -0.00966714 0.00644591 -0.0193379 0.0034504 0.0219761 -0.000449189 0.00476605 -0.00524517 -0.0147814 0.00501954 0.0167283 -0.00371029 0.028157 0.00954821 -0.0177977 0.0364165 -0.00417992 0.0313917 -0.0290659 0.0501014 0.0500972 0.0500678 0.0500664 0.0500362
internal_weight=0.666483 0.170032 0.122394 0.0655664 0.49645 0.0863289 0.410121 0.315329 0.171664 0.131552 0.0551306 0.143665 0.0515231 0.0921419 0.0498559 0.0947928 0.0637434 0.0589311 0.0332374 0.0764212 0.044183 0.042286 0.0293248 0.0303253 0.0151176
internal_count=523 81 72 49 442 76 366 304 138 109 69 166 49 117 44 62 64 40 51 40 53 73 63 46 51
is_linear=0
shrinkage=0.05


Tree=270
num_leaves=21
num_cat=0
split_feature=101 95 13 44 127 72 89 68 8 92 127 41 114 12 27 21 29 27 296 19
split_gain=0.00894402 0.0166812 0.0188832 0.00994487 0.0170782 0.011975 0.0212318 0.0117657 0.0246746 0.0149701 0.0102442 0.0449447 0.0202115 0.00912582 0.00574256 0.0032818 1.12338e-08 4.97154e-09 2.22504e-09 8.8069e-10
threshold=-0.25175926256668463 36.864671883787913 0.54876849207753275 6.4564274907827697 1.0000000180025095e-35 4.9630478319555786 25.910597229463153 65.78944485112423 474.12414144804501 17.925926919107141 1.0000000180025095e-35 -1.1049999999999998 1.5000000000000002 -0.45756301926544957 1.9778965749400499 -2.3923208251369075 22.294317972067571 1.724311965607469 1.0000000180025095e-35 9.926119268998324
decision_type=2 2 8 2 2 2 2 2 2 2 2 2 2 10 2 10 2 2 2 10
left_child=-1 2 3 10 5 7 -7 9 16 -5 11 12 13 -2 -15 -6 18 19 -9 -8
right_child=1 -3 -4 4 15 6 17 8 -10 -11 -12 -13 -14 14 -16 -17 -18 -19 -20 -21
leaf_value=-0.032288737572218035 -0.0053126729094291128 0.036867771408242753 -0.041511893663319241 0.0058469688440115179 0.018968793772127457 -0.0013790273471413787 0.050046331820291924 0.050022642830986355 -0.02577545795700846 -0.027930200174656378 -0.020356651849988104 0.035553584606428872 0.020459104602372206 -0.018917098982604488 -0.049060305195279451 0.050103552625840667 0.050109391629486993 0.050072482532346613 0.050059665733329088 0.050023381751902518
leaf_weight=0.020635296630644007 0.032924759721936425 0.031098576086151297 0.027050004951888695 0.062450243320199661 0.013002024992601946 0.05195862038362975 0.0074518325627650475 0.0086912702290646848 0.018585947451356333 0.069098958338145167 0.082538365531945601 0.062392165589699289 0.029175050614867359 0.025660832972789649 0.041118645978713175 0.024248100096883718 0.0090525941213854821 0.015719544695457444 0.0076129456610942716 0.0095211826001104782
leaf_count=19 23 37 21 35 8 31 16 38 15 39 33 26 11 23 33 38 11 18 14 34
internal_value=0.000102333 0.00116438 -0.000691568 0.00124153 0.00757196 0.00303794 0.0184839 -0.00441264 0.0179875 -0.0118952 -0.00563415 0.000718979 -0.0161449 -0.0268558 -0.0374774 0.0392361 0.0500647 0.0500522 0.0500399 0.0500335
internal_weight=0.649987 0.629352 0.598253 0.571203 0.297393 0.260143 0.0846512 0.175492 0.0439428 0.131549 0.27381 0.191271 0.128879 0.0997042 0.0667795 0.0372501 0.0253568 0.0326926 0.0163042 0.016973
internal_count=523 504 467 446 297 251 99 152 78 74 149 116 90 79 56 46 63 68 52 50
is_linear=0
shrinkage=0.05


Tree=271
num_leaves=23
num_cat=0
split_feature=39 67 20 19 11 21 20 3 3 0 100 97 33 60 25 91 24 96 79 11 12 3
split_gain=0.00866253 0.0143411 0.0118081 0.0117294 0.0131026 0.0121661 0.016258 0.0159071 0.0149482 0.0176693 0.0152541 0.0152165 0.0177071 0.0136309 0.0185661 0.00620775 0.0040565 3.32899e-08 3.36306e-09 3.11477e-09 2.63628e-10 5.65495e-11
threshold=1.6774422705885661 6.6377865767060316 2.1397620483287669 10.136926763350354 0.38716154706065237 -2.3184839735822345 2.3741260720073898 -0.83607001133786885 -1.1154063786008228 12.891074838147404 0.61631206578514497 5.5557294028722604 7.1716435029124996 7.0787347619773628 -0.89130957048662907 6.9857045911839082 5.9294871965279361 6.3705385876949725 29.876508171452517 0.28684108925521656 -0.4961532183861011 -0.23649069294710065
decision_type=2 2 8 8 10 10 10 2 2 2 2 2 2 2 10 2 10 2 2 10 10 2
left_child=1 -1 -2 4 5 6 7 -4 -7 11 19 12 -10 -8 16 -13 -15 18 -9 -11 -20 -22
right_child=2 -3 3 -5 -6 8 13 17 9 10 -12 15 -14 14 -16 -17 -18 -19 20 -21 21 -23
leaf_value=0.0021791906107276405 0.022261107493310478 -0.050103703410782158 -0.0099818979838450488 0.033885196608466013 0.030173380843336935 -0.04824639235207797 -0.020473798287576693 0.050061622524218842 -0.032357947593797641 0.050038138734725429 -0.019986359810618363 -0.038913812818400624 0.050060061430212133 -0.017118094004530151 0.02936704430576902 -0.013891327096131209 0.0027492908289787786 0.050151450655344078 0.050032998137509513 0.050076683331914007 0.050020650576491847 0.050012394733491276
leaf_weight=0.032423657954495866 0.063364682646351866 0.022026163715054281 0.017092608744860627 0.023541781858511968 0.029345487097089062 0.027423449268098921 0.076329897980031092 0.0094778867205604911 0.011001970211509615 0.010710807209761697 0.012349849086604081 0.047574328737027827 0.015986245023668744 0.050818967196391895 0.052964510439778678 0.051746488141361624 0.051964761718409136 0.0095730253669898957 0.0036508847115328544 0.010263927606501966 0.0045595054789373543 0.0038052256732044034
leaf_count=33 35 29 15 31 32 17 30 12 7 28 13 23 36 24 36 24 17 9 7 12 23 30
internal_value=0.000102769 -0.0189704 0.00188246 -0.000599919 -0.00223459 -0.00426977 0.00232159 0.0287589 -0.0141445 -0.00828617 0.0240994 -0.0168306 0.0164617 -0.00316449 0.00531854 -0.025877 -0.00707366 0.0500739 0.0500394 0.050057 0.0500218 0.0500169
internal_weight=0.637996 0.0544498 0.583546 0.520182 0.49664 0.467294 0.280237 0.0481591 0.187057 0.159634 0.0333246 0.126309 0.0269882 0.232078 0.155748 0.0993208 0.102784 0.0310665 0.0214935 0.0209747 0.0120156 0.00836473
internal_count=523 62 461 426 395 363 203 96 160 143 53 90 43 107 77 47 41 81 72 40 60 53
is_linear=0
shrinkage=0.05


Tree=272
num_leaves=27
num_cat=0
split_feature=2 39 22 142 84 41 349 87 99 66 127 42 18 23 39 23 25 68 60 21 30 101 100 101 9 44
split_gain=0.00849199 0.00995288 0.0109867 0.0178105 0.0203178 0.0309268 0.0130317 0.0114051 0.0143678 0.0119266 0.0200075 0.0342229 0.0219636 0.0109028 0.00902299 0.00893477 0.00814182 0.00535744 0.00382035 1.41258e-07 4.25589e-08 1.05243e-08 7.13946e-09 3.50965e-09 1.48005e-09 1.30905e-09
threshold=0.4763595559427391 1.6774422705885661 2.3394340140476486 1.0000000180025095e-35 5.7948893505039107 -1.3849999999999996 1.0000000180025095e-35 37.258847581937466 0.52012433599983243 19.668920219447077 1.0000000180025095e-35 96184.113293772214 19.143511399390256 -2.3694004735831444 2.4291921033908119 -2.1352407431561775 -0.60544107183721485 64.891547071673912 12.462662452073971 -2.1497711372449908 11.565049539409429 7.6028538594330621 -1.0000000180025095e-35 8.3353330626985631 131.00000000000003 5.9982832359219227
decision_type=2 2 8 2 2 2 2 2 2 2 2 2 10 8 2 8 8 2 2 8 2 2 2 2 2 2
left_child=1 13 3 15 5 18 -6 8 -4 17 11 -11 -13 -1 -2 20 -14 -10 -5 22 -3 -16 -20 -22 -24 -23
right_child=14 2 7 4 6 -7 -8 -9 9 10 -12 12 16 -15 21 -17 -18 -19 19 -21 23 25 24 -25 -26 -27
leaf_value=-0.0016628817764063747 -0.00852932458756849 0.050159476712733998 -0.035626253649834495 0.016021689894189034 -0.037056883255890675 -0.030151728812372453 0.0054633941640941062 0.020582359896236625 -0.037968804919172261 0.050664894585781065 -0.021496955281707777 -0.025334087732288631 -0.00027968962745461497 -0.050088020581629228 0.050113111162581582 0.0064802295041694021 0.036737282418025756 -0.0071995807543010978 0.050082601901046436 0.050279813648277598 0.050068622201108581 0.050049896331092504 0.050049271732495661 0.050027690241110194 0.050016027213421188 0.050014395892048362
leaf_weight=0.026109068327059504 0.010772508088848554 0.013058998039923608 0.040054056888038758 0.010521957040509733 0.038939141501032282 0.020955967338522896 0.03354173076695588 0.040373246505623683 0.031110275165701751 0.040948643756564707 0.065580065245740116 0.055097001677495427 0.029296306838659802 0.020950378901034128 0.0064551766263321033 0.017804636561777443 0.030133729243971175 0.025945307115762262 0.014392834207683336 0.0096908505947794765 0.0090733434190042317 0.0050999937884625979 0.0064085834310390055 0.012385741789330496 0.0070100979592098156 0.0052904388139722869
leaf_count=18 12 6 33 22 28 11 30 16 20 8 18 38 14 37 5 8 26 23 16 4 8 9 7 35 35 36
internal_value=0.000101027 -0.00114804 0.00073266 0.0103248 0.001106 0.02053 -0.0173799 -0.00445174 -0.00762842 -0.00359613 0.00166425 0.0114337 -0.00259323 -0.0232213 0.0272089 0.0352491 0.0184896 -0.0239769 0.0426456 0.0501154 0.0500883 0.050063 0.0500581 0.050045 0.0500319 0.0500318
internal_weight=0.627 0.599382 0.552323 0.193784 0.141461 0.0689803 0.0724809 0.358539 0.318165 0.278111 0.221056 0.155476 0.114527 0.0470594 0.0276181 0.0523227 0.05943 0.0570556 0.0480243 0.0375024 0.0345181 0.0168456 0.0278115 0.0214591 0.0134187 0.0103904
internal_count=523 461 406 210 153 95 58 196 180 147 104 86 78 55 62 57 40 43 84 62 49 50 58 43 42 45
is_linear=0
shrinkage=0.05


Tree=273
num_leaves=24
num_cat=0
split_feature=162 39 20 3 21 19 87 70 113 176 85 9 90 372 48 3 4 12 104 365 30 130 130
split_gain=0.00871674 0.0180679 0.0152844 0.0122799 0.0107038 0.0113894 0.00962201 0.017538 0.0183868 0.0112166 0.0167605 0.014947 0.0191628 0.0192519 0.0126769 0.00673701 0.00321771 6.343e-08 5.68853e-08 2.56822e-08 1.19937e-08 1.13078e-09 2.80258e-10
threshold=1.5000000000000002 1.6774422705885661 2.1397620483287669 -1.5857253086419754 -2.1497711372449908 10.09020777738175 37.258847581937466 12.043826137406098 1.0000000180025095e-35 1.5000000000000002 14.33754558940141 111.00000000000001 25.747436651952256 1.0000000180025095e-35 5.592035476312966 -0.38747042940224757 0.53498429648009715 -0.50795539674112289 1.7115997805815777 1.0000000180025095e-35 13.577087518047415 3.4085000000000032 2.3626500000000008
decision_type=2 2 8 2 8 10 2 2 2 2 2 2 2 2 2 2 2 10 2 2 2 2 2
left_child=1 3 -3 -1 5 6 7 8 -4 10 11 -10 13 -13 -11 -7 -15 -16 20 -5 -18 -19 -22
right_child=-2 2 4 19 -6 15 -8 -9 9 14 -12 12 -14 16 17 -17 18 21 -20 -21 22 -23 -24
leaf_value=0.0080824820325185853 0.025152846921929796 0.025631697273979411 -0.033310687022348462 -0.050055040848423854 -0.029318095166821236 -0.002432515157973718 0.021981718974162942 -0.041236770316912079 -0.0089343086151342406 -0.013048054132164722 -0.0269783972506434 -0.011556960841296529 -0.010932544159820191 0.023534593920236824 0.050209470165868277 0.050059195312871452 0.050102794383617658 0.050051272986269171 0.050166464158032324 -0.050148781549219291 0.050039052723170496 0.050024447447509141 0.0500254457810137
leaf_weight=0.013002416410017759 0.032872644127564854 0.057124184666463407 0.039239853562321514 0.017399181739165215 0.032751390761404764 0.0093717135305269039 0.03885705443462939 0.029399436461972073 0.10239206979895243 0.011860086415254045 0.048904847666563001 0.02064352737943409 0.041817100772277627 0.014814088819548488 0.0083072911947965622 0.017577006510691717 0.0096008250257000327 0.0084426028370216954 0.024329657331691124 0.012596333777764812 0.0068305206077639022 0.007347239305090624 0.0084851508709107293
leaf_count=12 38 34 29 37 23 14 17 19 25 9 36 18 34 14 2 36 5 14 22 11 11 34 29
internal_value=0.000104418 -0.00131258 0.00117969 -0.0325019 -0.00172444 0.000291828 -0.00172405 -0.00413278 -0.00104273 0.00299262 -0.00040836 0.00526805 0.0167619 0.0304342 0.0292697 0.0318046 0.043966 0.0500976 0.0501121 -0.0500944 0.050059 0.0500388 0.0500315
internal_weight=0.613966 0.581094 0.538096 0.0429979 0.480971 0.44822 0.421271 0.382414 0.353015 0.313775 0.277818 0.228913 0.126521 0.0847038 0.0359572 0.0269487 0.0640602 0.0240971 0.0492462 0.0299955 0.0249165 0.0157898 0.0153157
internal_count=523 485 425 60 391 368 318 301 282 253 194 158 133 99 59 50 81 50 67 48 45 48 40
is_linear=0
shrinkage=0.05


Tree=274
num_leaves=26
num_cat=0
split_feature=23 27 23 89 89 40 2 30 127 123 83 58 50 105 40 26 55 27 93 25 105 78 21 75 19
split_gain=0.00800633 0.0159806 0.0130317 0.00965751 0.0231222 0.0130838 0.0150759 0.0180287 0.0291637 0.035021 0.0187955 0.0189015 0.0162499 0.0192778 0.0147968 0.0113064 0.00869689 0.00684807 0.00038907 4.80474e-08 4.36858e-08 3.98436e-09 3.41885e-09 5.39065e-10 3.25343e-10
threshold=-3.1402304089627848 1.7682456313695922 -3.1324535857899685 51.619529224219683 67.45282990229579 5.0745589219144343 0.026092870790291104 12.794772545650142 1.0000000180025095e-35 1.0000000180025095e-35 77.365000000000023 26.157435813536669 4.963751126205433 0.29289215686274517 5.8488076803081261 2.4222513776104795 5.0235981229562796 1.5933232387753022 10.258732729905175 -0.90427113845306983 0.63397129186602885 59.637048332435462 -2.1652373536482696 23.990066093665931 9.8576702010854707
decision_type=8 2 10 2 2 2 2 2 2 2 2 2 2 2 2 2 2 2 2 10 2 2 8 2 10
left_child=1 -1 -2 5 19 6 -4 8 9 12 17 -12 13 -8 -7 -15 -13 -9 -19 -5 22 24 23 -20 -21
right_child=2 -3 3 4 -6 14 7 10 -10 -11 11 16 -14 15 -16 -17 -18 18 20 21 -22 -23 -24 -25 -26
leaf_value=0.050069179260006196 -0.043125052286430543 -0.014477600976988362 -0.025349656931567058 0.050178209928677331 -0.015915245300592216 -0.04506749639536467 -0.026362348927790175 0.0072600485931533267 -0.037820881393780127 0.050714821407344603 0.041453993551744985 -0.034578527692136762 -0.035615708819714688 0.0029190339470842219 -0.0022807594675518373 0.045501441686256056 0.0039216359146957112 0.039479148469700028 0.05004310289144949 0.050034563988635539 0.050154666720385016 0.050072280043055299 0.050073640410708102 0.050023918235492043 0.050017785127581094
leaf_weight=0.0220570587534894 0.018121383167454042 0.016964449619990773 0.046526060785254231 0.010169580753426999 0.024287482683575945 0.034966563116540783 0.033459646521805553 0.013286347018492961 0.049901405851414893 0.034372597583569586 0.023102578154066578 0.024645797630000743 0.034193697196315043 0.037923093681456521 0.047869033056485932 0.026468391457456164 0.03623250233795261 0.011155779155160417 0.0065042191126849511 0.0052930956553609576 0.01584232589812018 0.0074197610665578386 0.0075338371279940466 0.0083782486362906639 0.0063610068464186043
leaf_count=35 17 13 39 6 21 20 31 26 12 4 21 23 25 27 30 25 26 13 11 12 8 6 7 33 32
internal_value=0.000104479 0.0220077 -0.0014109 -2.61665e-05 0.020143 -0.00221902 0.00144673 0.00488124 -0.00429447 0.00575866 0.0184131 0.00294793 -0.00594388 0.00442482 -0.0203419 0.0204227 -0.0116647 0.0391271 0.0476954 0.0500904 0.0500911 0.0500436 0.0500462 0.0500323 0.0500254
internal_weight=0.603036 0.0390215 0.564014 0.545893 0.0535309 0.492362 0.409527 0.363 0.216319 0.166417 0.146682 0.0839809 0.132045 0.0978511 0.0828356 0.0643915 0.0608783 0.0627008 0.0494144 0.0292434 0.0382586 0.0190739 0.0224163 0.0148825 0.0116541
internal_count=523 48 475 458 77 381 331 292 124 112 168 70 108 83 50 52 49 98 72 56 59 50 51 44 44
is_linear=0
shrinkage=0.05


Tree=275
num_leaves=22
num_cat=0
split_feature=5 0 71 100 30 22 83 17 4 2 100 4 94 53 142 58 130 66 47 42 131
split_gain=0.00870768 0.0104553 0.0102952 0.00922878 0.0091639 0.0152703 0.0281137 0.014153 0.0135681 0.0119561 0.015394 0.0191647 0.0186922 0.0137999 0.0100737 0.00944389 0.00845847 0.00575398 0.00286705 7.72439e-09 1.05148e-09
threshold=10.514705882352944 6.0058742362685811 20.371229118717554 0.52287185098276812 12.44424935728108 2.3436750001421003 78.155000000000015 2.4641025641025647 0.48118668839495976 0.045430042272034295 1.4212322827471053 0.6711784331616607 11.231446993112522 5.1529674165391652 1.0000000180025095e-35 48.839926845939168 0.57144000000000283 25.900251445484063 9.2190809485870577 568341.22101066064 102.89790000000006
decision_type=2 2 2 2 2 10 2 2 2 2 2 2 2 2 2 2 2 2 2 2 2
left_child=-1 3 4 -2 7 6 18 17 -8 -7 11 13 -13 15 -9 -11 -10 -3 -6 -20 -21
right_child=1 2 -4 -5 5 9 8 14 16 10 -12 12 -14 -15 -16 -17 -18 -19 19 20 -22
leaf_value=-0.0370588848849202 0.00070962176279010345 0.012849615385163755 0.030692184763387965 0.048353525462961587 0.020009073925123716 0.021312322251510616 0.0248080047692051 -0.010778569271234884 -0.050236538027336387 0.014663974559035099 -0.043190204952374078 0.045185978061215971 -0.0056766245852931238 -0.048246757432785566 -0.050132613998851265 -0.021815709124327856 -0.0035691919682176495 -0.013165697904910368 0.0500762114398213 0.05004534745354057 0.050018852825360061
leaf_weight=0.015347302654845407 0.019517215337145899 0.045632366247446043 0.024802643927614554 0.021209561721661885 0.0097866005671676248 0.036469374434091151 0.02360122816025978 0.032914421484747436 0.016640666639432311 0.02994202170157223 0.029483663980499841 0.030475342841782549 0.044352370517117379 0.027916278879274614 0.032139579121576389 0.043540078978367092 0.023312138017899997 0.03978569018363487 0.026981620881997515 0.007148512333515101 0.0078647996006111498
leaf_count=26 21 35 36 31 17 30 23 21 5 24 15 38 13 23 23 25 37 8 25 10 37
internal_value=0.000109246 0.00110387 -0.000762632 0.0255215 -0.00229843 0.00205835 0.0170322 -0.0126499 -0.00525027 -0.00507282 -0.00975052 -0.00415587 0.0150384 -0.0183204 -0.0302212 -0.0069512 -0.0230065 0.000732304 0.0443806 0.0500602 0.0500315
internal_weight=0.588863 0.573516 0.532789 0.0407268 0.507987 0.357515 0.115336 0.150472 0.063554 0.242179 0.20571 0.176226 0.0748277 0.101398 0.065054 0.0734821 0.0399528 0.0854181 0.0517815 0.0419949 0.0150133
internal_count=523 497 445 52 409 322 154 87 65 168 138 123 51 72 44 49 42 43 89 72 47
is_linear=0
shrinkage=0.05


Tree=276
num_leaves=21
num_cat=0
split_feature=162 39 20 3 21 44 103 99 45 98 99 36 29 21 85 45 176 87 365 22
split_gain=0.00765458 0.0166708 0.0139002 0.0113416 0.00976335 0.0102859 0.0144321 0.0192835 0.0140424 0.0195348 0.0120753 0.0217385 0.0109869 0.0101804 0.0160413 0.0218258 0.00373384 0.000211792 2.06496e-08 7.46061e-09
threshold=1.5000000000000002 1.6774422705885661 2.1397620483287669 -1.5857253086419754 -2.1497711372449908 4.1041599226587548 2.6283237170636582 0.66114104414784713 2.2489521784405047 0.82679241855469321 3.8581577198429891 9.6653583616557004 19.690764581474298 -2.4066833690102829 10.290736869630303 4.1227694616472883 1.0000000180025095e-35 10.804397262104796 1.0000000180025095e-35 2.4605138298496132
decision_type=2 2 8 2 8 2 2 2 2 2 2 2 2 10 2 2 2 2 2 10
left_child=1 3 -3 -1 5 -4 7 -7 -8 19 13 -12 17 -11 15 -15 -16 -9 -5 -10
right_child=-2 2 4 18 -6 6 8 12 9 10 11 -13 -14 14 16 -17 -18 -19 -20 -21
leaf_value=0.0071626494406673361 0.024389932470252271 0.02525745602168741 -0.039898908581553177 -0.050051681483764758 -0.028637922022562767 -0.0067967727866156003 -0.040913022425987988 0.043349635982143635 0.050027643373228653 0.0029982577922817145 0.050117743957094868 -0.025083865247927745 0.0069634583793792351 -0.020858013530666061 -0.050154261851300223 0.05004481216886502 -0.025070792941045944 0.050156689737538819 -0.050139124559061415 0.05009322100083094
leaf_weight=0.012576993882248644 0.030722179083568335 0.053690956610807916 0.015299128324841149 0.016063246122939745 0.03120119491359219 0.054229431534622563 0.024189727439079434 0.020165438919320877 0.0081664451067808841 0.086220425728242844 0.024159121863704058 0.015957109757437138 0.026685615469432378 0.036051372639121837 0.029721250961301848 0.015529118020822352 0.029623344860738143 0.026369521090600756 0.011646669456240488 0.0092494310797519574
leaf_count=12 38 34 13 37 23 22 13 22 33 37 36 14 38 32 14 38 27 19 11 10
internal_value=0.000105138 -0.00125932 0.00120288 -0.0322155 -0.00164929 0.000347968 0.00186339 0.0158024 -0.0045071 -0.0010492 -0.00480099 0.0202047 0.03254 -0.00988927 -0.0199066 0.000488397 -0.0376332 0.0472069 -0.0500884 0.0500625
internal_weight=0.577518 0.546796 0.506509 0.0402869 0.452818 0.421616 0.406317 0.12745 0.278867 0.254678 0.237262 0.0401162 0.0732206 0.197146 0.110925 0.0515805 0.0593446 0.046535 0.0277099 0.0174159
internal_count=523 485 425 60 391 368 355 101 254 241 198 50 79 148 111 70 41 41 48 43
is_linear=0
shrinkage=0.05


Tree=277
num_leaves=22
num_cat=0
split_feature=28 298 23 25 64 99 101 22 100 66 127 0 88 84 27 18 325 17 99 100 70
split_gain=0.00789596 0.012965 0.0104855 0.0122268 0.0119966 0.0171045 0.0185003 0.0112795 0.012694 0.0104036 0.0121717 0.0326114 0.0101355 0.0151692 0.00987523 0.00937139 0.00662951 0.00641329 0.00270492 1.52531e-08 4.94755e-10
threshold=1197.5536924495539 1.0000000180025095e-35 -2.34634710865422 0.08812431206305614 9.7901521025735914 3.8000771454390763 14.234779832801062 2.2148837191987938 0.32170117086194078 19.920378007829381 1.0000000180025095e-35 11.013655807687494 12.415911677993238 5.7948893505039107 2.0370390882579588 19.143524132110475 1.0000000180025095e-35 1.7720779220779221 -0.032328127624505758 -0.35091695011337837 5.9093665730380902
decision_type=2 2 8 10 2 2 2 10 2 2 2 2 2 2 2 10 2 2 2 2 2
left_child=2 18 3 4 5 6 9 -4 14 -1 11 -11 -6 -14 -9 -13 -7 -8 -2 -20 -21
right_child=1 -3 7 -5 12 16 17 8 -10 10 -12 15 13 -15 -16 -17 -18 -19 19 20 -22
leaf_value=-0.034312726559258842 0.015980128023895 -0.013817736880086791 -0.047691304688606953 0.035449266611206905 -0.031656718446284655 0.008826754214372021 0.004360676032034448 0.0017386648198371567 0.019770164368525557 0.044306203025942383 -0.01728327124871917 -0.025339063962380271 0.027396217893423232 -0.025432327149861534 -0.041383950068438195 0.012263931105124175 0.050156154402150946 0.050061546022106086 0.050112748390525146 0.050037214857495051 0.050016910444403109
leaf_weight=0.027374767945730127 0.0080908277304843068 0.017737027766997926 0.021972334445308661 0.025467715475315345 0.048268321236719203 0.015520879449468339 0.011745782074285671 0.024468903349770699 0.028256640469408012 0.041368061327375472 0.072390384368191008 0.045041148041491397 0.026023192881439172 0.028437099324946757 0.029024213079537731 0.026211405758658657 0.025885152355840546 0.02215916560999176 0.0085048277360328939 0.0052441252282733331 0.007011514308032929
leaf_count=21 4 11 35 38 32 33 8 15 27 12 29 35 35 19 26 25 26 38 8 13 33
internal_value=0.000103461 0.0198226 -0.00166454 0.00188251 -0.000307076 0.00493023 -6.85688e-05 -0.0158871 -0.00733892 -0.00554382 -0.00128709 0.00899494 -0.0149744 -0.000188845 -0.0216587 -0.0115062 0.034664 0.0342293 0.0405038 0.0500613 0.0500256
internal_weight=0.566203 0.0465883 0.519615 0.415893 0.390425 0.287697 0.246291 0.103722 0.0817498 0.212386 0.185011 0.112621 0.102729 0.0544603 0.0534931 0.0712526 0.041406 0.0339049 0.0288513 0.0207605 0.0122556
internal_count=523 69 454 351 313 227 168 103 68 122 101 72 86 54 41 60 59 46 58 54 46
is_linear=0
shrinkage=0.05


Tree=278
num_leaves=25
num_cat=0
split_feature=168 25 355 97 17 98 11 122 3 130 12 94 75 90 44 60 130 68 59 93 60 57 99 124
split_gain=0.00746169 0.0167926 0.0165841 0.023605 0.0160241 0.0182598 0.0157047 0.016736 0.0166237 0.0186663 0.0152886 0.0122113 0.0147179 0.0141626 0.00994022 0.00522581 0.00495013 0.00449087 0.00333127 0.00141218 5.7584e-08 2.27099e-08 3.92151e-09 1.6104e-09
threshold=1.0000000180025095e-35 0.093386813978177843 1.0000000180025095e-35 11.916457814244914 2.5735930735930741 9.8939374411348098 0.13699629404907546 1.5000000000000002 0.087930957337330487 2.7117500000000012 -0.49286997691671225 16.785149365022114 43.808367841718926 1.0000000180025095e-35 8.8064649282436012 11.673954419431821 2.9529000000000019 53.134843836840858 24.33167568095806 6.4964792562414493 5.4658455935065211 20.955076217126912 2.7542250235561188 1.0000000180025095e-35
decision_type=2 8 2 2 2 2 10 2 2 2 10 2 2 2 2 2 2 2 2 2 2 2 2 2
left_child=1 2 3 15 5 19 -6 -8 9 10 -9 12 13 -4 -14 -1 -3 -5 -11 -2 -21 -20 -22 -24
right_child=4 16 11 17 6 -7 7 8 -10 18 -12 -13 14 -15 -16 -17 -18 -19 21 20 22 -23 23 -25
leaf_value=0.013510602180342052 0.028659115333562375 -0.050115240552274634 -0.0081178093044052858 -0.05010930143535354 0.042985531838609203 0.0016425208275676628 -0.045407599921642713 -0.043716709403548354 -0.038163291254860454 0.018058927702014695 0.012065636142728618 0.050108135645747891 -0.039863506180963904 0.050125936305647503 0.0065893402981232101 -0.0086944305240142638 -0.014786591504424207 -0.019330024652499653 0.050034535611898967 0.050184843764853874 0.050084568245439234 0.050137379542999953 0.050057604281435936 0.050026223404212478
leaf_weight=0.053314026656153146 0.009777954634046182 0.023274397703062277 0.017093126840336481 0.032493622213223716 0.016217486318055307 0.04947950727364514 0.025688531415653415 0.019996586168417707 0.023182107717730105 0.013043211212789174 0.031843875141930766 0.019570540423046623 0.019718310519238003 0.026803988354004105 0.027685889581334777 0.052676265200716443 0.017274356821872061 0.018654631014214829 0.010352983068514732 0.012348395331173379 0.0064783287461978025 0.011147701328809489 0.0068414764227782135 0.010159171134546341
leaf_count=24 6 25 18 31 24 33 19 15 10 8 29 26 11 35 32 21 22 21 29 11 9 13 17 34
internal_value=0.000105065 -0.0050768 -0.000539764 -0.0109872 0.00659002 0.0226783 -0.00350916 -0.00908402 -0.00056773 0.00952141 -0.00945147 0.0142674 0.00658487 0.0274464 -0.0127332 0.00247489 -0.0350647 -0.0388836 0.0379943 0.045501 0.0500974 0.0500879 0.0500515 0.0500389
internal_weight=0.555116 0.308559 0.26801 0.157139 0.246557 0.0950848 0.151472 0.135255 0.109566 0.0863844 0.0518405 0.110872 0.0913013 0.0438971 0.0474042 0.10599 0.0405488 0.0511483 0.0345439 0.0456053 0.0358274 0.0215007 0.023479 0.0170006
internal_count=523 266 219 97 257 110 147 123 104 94 44 122 96 53 43 45 47 52 50 77 71 42 60 51
is_linear=0
shrinkage=0.05


Tree=279
num_leaves=26
num_cat=0
split_feature=23 27 23 89 89 40 2 30 127 123 47 60 67 50 105 37 26 62 23 105 25 78 91 130 36
split_gain=0.00729754 0.0131237 0.0115664 0.00840395 0.0204843 0.0107713 0.0126649 0.0156624 0.0280165 0.0313365 0.0155062 0.0155824 0.0209133 0.0135477 0.0160401 0.0125752 0.00990748 0.00556869 0.000420462 3.28094e-08 2.6509e-08 3.77028e-09 3.39431e-09 2.40154e-10 4.77037e-11
threshold=-3.1402304089627848 1.7682456313695922 -3.1324535857899685 51.619529224219683 67.45282990229579 5.0745589219144343 0.026092870790291104 12.794772545650142 1.0000000180025095e-35 1.0000000180025095e-35 14.787156247127298 12.176869996196436 13.62349116788994 4.963751126205433 0.29289215686274517 7.3656936995627307 2.4222513776104795 17.483274677324506 -2.2661024186684235 0.63397129186602885 -0.90427113845306983 67.313905791134005 19.149955466502981 3.0598500000000017 6.5881841475869871
decision_type=8 2 10 2 2 2 2 2 2 2 2 2 2 2 2 2 2 2 8 2 10 2 2 2 2
left_child=1 -1 -2 5 20 6 -4 8 9 13 17 -12 -13 14 -8 -7 -16 18 19 22 -5 23 24 -22 -9
right_child=2 -3 3 4 -6 15 7 10 -10 -11 11 12 -14 -15 16 -17 -18 -19 -20 -21 21 -23 -24 -25 -26
leaf_value=0.05006035013749334 -0.043049592890956681 -0.012263144290494958 -0.024383577014574616 0.050147590871236748 -0.015324541615206612 -0.042737882752681061 -0.025123767848028628 0.050024643983615127 -0.038258817325783519 0.050660211731680033 0.037980626518291483 -0.0389130939009871 0.023029212244957339 -0.034565710841397472 0.0027398058230957098 -0.0013175740884096832 0.044976307986170444 0.0093420141314458135 0.037183706359547222 0.050143418557000767 0.050030707486684201 0.050070962594237226 0.050062169092277113 0.050015630119975174 0.050017633512835197
leaf_weight=0.019065905733441468 0.016140946914674714 0.015165642311330885 0.042476232805711334 0.0087848424445837736 0.022289948582510988 0.032733482687035576 0.030329533570693457 0.0045198085936135612 0.04642474696811405 0.031334667233750224 0.023399676700137206 0.029959769628476351 0.024995226247483515 0.030061472505622078 0.034390195949526969 0.041627795028034598 0.023285512230359018 0.012362196198409947 0.0078031559378359807 0.013271998701384291 0.0048331026991945691 0.0064244274981319896 0.010159173427382484 0.0058231493276252877 0.0052396883352230361
leaf_count=35 17 13 39 6 21 23 31 13 12 4 29 14 35 25 27 27 25 23 10 7 10 5 10 35 27
internal_value=0.000102955 0.0224491 -0.00140085 -3.59612e-05 0.0198043 -0.00218599 0.00130377 0.004635 -0.00433193 0.00621046 0.0179669 0.00380995 -0.0107398 -0.00558641 0.00431255 -0.0195506 0.019792 0.0387568 0.0476272 0.0500825 0.050077 0.0500407 0.0500419 0.0500225 0.0500209
internal_weight=0.542902 0.0342315 0.508671 0.49253 0.0481555 0.444374 0.370013 0.327537 0.195826 0.149401 0.131711 0.0783547 0.054955 0.118067 0.0880052 0.0743613 0.0576757 0.053356 0.0409938 0.0331907 0.0258655 0.0170807 0.0199187 0.0106563 0.0097595
internal_count=523 48 475 458 77 381 331 292 124 112 168 78 49 108 83 50 52 90 67 57 56 50 50 45 40
is_linear=0
shrinkage=0.05


Tree=280
num_leaves=24
num_cat=0
split_feature=28 298 23 25 22 46 130 64 99 101 25 88 27 127 97 105 303 17 99 4 76 100 70
split_gain=0.00748355 0.01142 0.00873213 0.0107994 0.0107648 0.0111806 0.0154089 0.010518 0.0153773 0.0164651 0.0100604 0.012485 0.00985394 0.0145322 0.0415045 0.00938143 0.00779084 0.00640771 0.00244758 0.00121091 4.34726e-07 1.30309e-08 3.76975e-10
threshold=1197.5536924495539 1.0000000180025095e-35 -2.34634710865422 0.08812431206305614 2.2362290276273846 121.21680047563606 3.0598500000000017 9.7901521025735914 3.8000771454390763 14.234779832801062 -0.13040316396767879 12.415911677993238 1.7425946610945822 1.0000000180025095e-35 2.6303276171579748 0.68693284936479138 1.0000000180025095e-35 1.7720779220779221 -0.032328127624505758 0.59304191870883405 6.4827890144192937 -0.35091695011337837 5.9093665730380902
decision_type=2 2 8 10 10 2 2 2 2 2 10 2 2 2 2 2 2 2 2 2 2 2 2
left_child=2 18 3 7 19 -6 -7 8 9 12 11 -9 15 14 -14 -1 -10 -11 -2 -4 -18 -20 -23
right_child=1 -3 4 -5 5 6 -8 10 16 17 -12 -13 13 -15 -16 -17 20 -19 21 -21 -22 22 -24
leaf_value=-0.0052907907837953169 0.016473457577202234 -0.012246439962119328 -0.02943514521632944 0.034549236808520963 0.026070021629652093 -0.050117823886508719 0.0072209844491197012 -0.025999109864912669 0.0022701408586531663 0.002939855592777053 -0.039291958343722164 0.017060044735946075 0.029840917776083012 -0.032432650534207574 -0.035685857346300177 0.039319252995410045 0.050166047395214013 0.050057202613312646 0.050106976271738893 -0.05012503275605476 0.049750986056575436 0.050033575955527571 0.05001486193998133
leaf_weight=0.026902153418632224 0.0076030029449611894 0.01679645424883347 0.012821972288293182 0.023484412646212149 0.020993428566725925 0.020738518491270952 0.026934621192594932 0.032992233713684982 0.012884740790468641 0.011179415276274085 0.028902866225507751 0.034373422335193027 0.052732173600816168 0.054510586662217975 0.044608211719605606 0.020973557897377759 0.013983999186166329 0.020351782368379645 0.0079783735618548235 0.015769304140121676 0.01149371989959036 0.0047506005539617036 0.0062071060974631109
leaf_count=32 4 11 29 38 14 13 34 25 16 8 22 39 19 21 36 14 18 38 8 13 25 13 33
internal_value=0.000107007 0.0200173 -0.00166605 0.00168137 -0.0150675 -0.00433363 -0.0177222 -0.000428243 0.00463733 -0.000226062 -0.0146154 -0.00402811 -0.00552704 -0.011763 -0.00018806 0.0142521 0.033955 0.0333517 0.0404369 -0.0408465 0.0499788 0.0500584 0.050023
internal_weight=0.529967 0.0433355 0.486631 0.389373 0.0972578 0.0686666 0.0476731 0.365889 0.26962 0.231258 0.0962685 0.0673657 0.199727 0.151851 0.0973404 0.0478757 0.0383625 0.0315312 0.0265391 0.0285913 0.0254777 0.0189361 0.0109577
internal_count=523 69 454 351 103 61 47 313 227 168 86 64 122 76 55 46 59 46 58 42 43 54 46
is_linear=0
shrinkage=0.05


Tree=281
num_leaves=25
num_cat=0
split_feature=162 39 20 3 355 94 16 24 53 127 4 12 99 95 50 62 100 66 365 32 90 101 36 70
split_gain=0.00704367 0.0148355 0.0120808 0.00993441 0.00896884 0.0216526 0.0186096 0.0189337 0.0155806 0.015862 0.0265387 0.0128344 0.0123881 0.0121613 0.016793 0.010281 2.35381e-08 1.90533e-08 1.14453e-08 3.45982e-09 1.87185e-09 5.43316e-10 1.39723e-10 9.77321e-11
threshold=1.5000000000000002 1.6774422705885661 2.1397620483287669 -1.5857253086419754 1.0000000180025095e-35 16.589131517023958 1.8937969924812033 5.3671081051008072 9.5380682144754676 1.0000000180025095e-35 0.82475194873156477 -0.50767879912583036 1.2910965790150677 6.9935984238930082 4.963751126205433 28.60300941707386 -0.17863500175009248 56.805766121500795 1.0000000180025095e-35 10.24560181922069 1.0000000180025095e-35 9.2257535399337041 7.9793631153326752 5.7184490539837345
decision_type=2 2 8 2 2 2 2 10 2 2 2 10 2 2 2 2 2 2 2 2 2 2 2 2
left_child=1 3 -3 -1 8 6 7 -6 9 10 12 -9 -4 -8 -15 17 -7 19 -5 -13 -21 -22 -18 -23
right_child=-2 2 4 18 5 16 13 11 -10 -11 -12 15 -14 14 -16 -17 22 -19 -20 20 21 23 -24 -25
leaf_value=0.006721498490353927 0.024629227675494469 0.02500883610184268 0.013223777821314651 -0.050052327158575466 -0.035535721939865948 0.050119832214509434 -0.035124589760137194 -0.017085846380406521 -0.03391621136507722 -0.021684221735113238 0.041949700946225681 0.050071129114462556 -0.030273839294363537 0.029539153188794479 -0.033024580241065402 -0.003057569269322471 0.050025488298234735 0.050113135748890682 -0.050121694554627894 0.050057452858184776 0.050038592988612865 0.050020363503830767 0.050013200524862203 0.050010295479421235
leaf_weight=0.011210189433768392 0.027714237174222944 0.047544033792291884 0.031391852093292982 0.014470776921370998 0.01414570348788402 0.015246453112922609 0.043115625776408706 0.012714726966805756 0.047498451080173254 0.061517219844972715 0.040673328272532672 0.0077893405104987315 0.034203308452561032 0.024650392260809895 0.018987067523994483 0.011578898003790528 0.0043184025198570453 0.01470106556553219 0.010094557463162346 0.0052871354637318282 0.0039945100143086174 0.0072909406717371894 0.0049828716610136325 0.0036008438455610303
leaf_count=12 38 34 21 37 9 7 31 7 35 24 20 7 27 30 18 16 13 14 11 8 6 37 33 28
internal_value=0.000105021 -0.00127921 0.00115721 -0.0322819 -0.00162433 0.00622031 -0.000194079 0.0170244 -0.00863525 -0.00147847 0.0102183 0.0281284 -0.0094572 -0.0162911 0.00231709 0.0387268 0.0500816 0.0500671 -0.0500808 0.0500428 0.0500319 0.0500228 0.0500189 0.050017
internal_weight=0.518722 0.491008 0.455232 0.0357755 0.407688 0.192404 0.167856 0.0811032 0.215284 0.167786 0.106268 0.0669575 0.0655952 0.0867531 0.0436375 0.0542427 0.0245477 0.0426638 0.0245653 0.0279628 0.0201734 0.0148863 0.00930127 0.0108918
internal_count=523 485 425 60 391 264 211 132 127 92 68 123 48 79 48 116 53 100 48 86 79 71 46 65
is_linear=0
shrinkage=0.05


Tree=282
num_leaves=21
num_cat=0
split_feature=48 118 6 76 66 58 97 2 13 40 3 66 67 61 42 88 48 31 60 45
split_gain=0.00702238 0.0212826 0.0130193 0.0114597 0.0134554 0.0112141 0.010948 0.0105267 0.0129835 0.0100458 0.00972847 0.019986 0.0173131 0.00857297 0.00758301 0.00218189 1.83888e-08 3.46453e-09 1.30422e-09 9.34852e-11
threshold=1.0000000180025095e-35 2.5000000000000004 253.27600000000004 11.179893099346719 44.218852552226146 37.449302954506045 13.270363756613758 0.094829379602002786 0.46220626029475892 3.7583669644080615 -0.40455318558156667 18.914546854300152 19.302805884467087 19.074408543201461 19356263.582755003 6.2313312260369864 5.7543383524700413 11.565049539409429 25.944748598529763 3.1154503474064703
decision_type=2 2 2 2 2 2 2 2 10 2 2 2 2 2 2 2 2 2 2 2
left_child=3 2 -2 4 6 -5 -1 8 13 -10 12 -12 -9 -3 -11 -14 -4 -18 19 -19
right_child=1 7 16 5 -6 -7 -8 10 9 14 11 -13 15 -15 -16 -17 17 18 -20 -21
leaf_value=-0.0032979838637114071 -0.0014950689727866312 0.0039907098703726154 0.050118162975340788 -0.0095575268851264272 0.0017876409306081332 0.041897819413561938 -0.046216544757692511 -0.048698119591956489 0.012730304460357786 -0.044994747181826986 -0.022406747018444209 0.039345340618828661 -0.013403421250298428 0.044866179194414955 -0.00022719230310457223 0.0046565886855375804 0.050075292587933022 0.050027121370835037 0.050050145983697031 0.050017932158394368
leaf_weight=0.02262022658578644 0.01844295972114196 0.021675936965493747 0.012481401339755394 0.023190977250123979 0.056328053164179437 0.019485484546748921 0.043305896198944538 0.033491437905468047 0.043750526991061633 0.018784671279718168 0.027317803338519298 0.025180269636621233 0.034574208504636772 0.031424058186530601 0.019054096947911603 0.032392233370046597 0.0062504792585968963 0.0048024023762991419 0.0063385050743818274 0.0065327092943334719
leaf_count=38 17 36 10 26 28 29 27 34 34 19 26 39 4 32 23 37 5 13 11 35
internal_value=0.000105399 0.00418719 0.0327304 -0.00837082 -0.0161578 0.0139363 -0.0314906 -0.00125545 0.00893758 -0.00358605 -0.0102312 0.00721213 -0.0193469 0.0281804 -0.0224516 -0.00466764 0.050069 0.0500433 0.050032 0.0500218
internal_weight=0.507424 0.342494 0.0548485 0.164931 0.122254 0.0426765 0.0659261 0.287645 0.134689 0.0815893 0.152956 0.0524981 0.100458 0.0531 0.0378388 0.0669664 0.0364055 0.0239241 0.0176736 0.0113351
internal_count=523 375 91 148 93 55 65 284 144 76 140 65 75 68 42 41 74 64 59 48
is_linear=0
shrinkage=0.05


Tree=283
num_leaves=21
num_cat=0
split_feature=23 78 23 72 23 78 57 346 187 88 127 104 16 71 118 18 72 53 102 12
split_gain=0.00686941 0.011682 0.0104314 0.00767156 0.00856976 0.0130358 0.0121154 0.00964399 0.0187159 0.0180978 0.0128075 0.0321433 0.0136331 0.0146192 0.0178071 0.00701922 0.00650131 0.00636808 0.00588445 0.0045526
threshold=-3.1402304089627848 31.926880837397853 -3.1324535857899685 11.831440310397257 -2.1352407431561775 18.498124908342472 12.529758344449359 1.0000000180025095e-35 1.0000000180025095e-35 5.7869581656419173 1.0000000180025095e-35 3.9151937837112736 1.8937969924812033 4.8183863423252644 2.5000000000000004 16.628275699984563 1.0000000180025095e-35 4.3869733885478999 5.6216319646134734 -0.46704766159573319
decision_type=8 2 10 2 10 2 2 2 2 2 2 2 2 2 2 10 2 2 2 10
left_child=1 -1 -2 4 5 6 15 9 10 -7 11 12 13 -9 -15 -4 -16 -5 -14 -11
right_child=2 -3 3 17 -6 7 -8 8 -10 19 -12 -13 18 14 16 -17 -18 -19 -20 -21
leaf_value=-0.011191280636642624 -0.042866424259196088 0.050061315795216721 0.024054540368942636 0.050105961820341466 -0.031751847358801384 0.019488972936992498 0.045254832144532554 0.050069596766926107 0.037823902528630868 -0.018296584513895268 -0.024555604639321757 0.050561955101889822 -0.03367761743255978 0.034870785483435321 -0.041622791293193392 -0.021232940880787227 -0.001626993704536332 0.00095301694986267289 -0.0030453705203888175 -0.046900951558621395
leaf_weight=0.014066995396206039 0.014704937690112274 0.017428096907678992 0.016803276472273865 0.013489097596448119 0.02246456249304174 0.021714181610150263 0.028194938699016348 0.016011328414606396 0.030089260508248117 0.024965990232885815 0.057508595433318987 0.029164632833271753 0.045140513208025368 0.020111781665036688 0.02139422452000872 0.017432434206057223 0.019350042005498835 0.012882674376669456 0.024020575925533194 0.031412038626513095
leaf_count=23 17 25 23 24 31 18 39 28 37 20 27 9 35 31 20 21 23 20 22 30
internal_value=0.000102182 0.0227034 -0.00142255 -7.46989e-05 -0.00169557 -2.14358e-05 0.0209835 -0.00386835 0.000716174 -0.0192959 -0.004082 0.00263863 -0.00693257 0.00755879 -0.00362587 0.00099467 -0.0226282 0.0260946 -0.0230386 -0.034234
internal_weight=0.49835 0.0314951 0.466855 0.45215 0.425778 0.403314 0.0624306 0.340883 0.262791 0.0780922 0.232702 0.175193 0.146028 0.0768674 0.060856 0.0342357 0.0407443 0.0263718 0.0691611 0.056378
internal_count=523 48 475 458 414 383 83 300 232 68 195 168 159 102 74 44 43 44 57 50
is_linear=0
shrinkage=0.05


Tree=284
num_leaves=25
num_cat=0
split_feature=32 127 104 325 127 3 23 102 48 103 22 95 2 44 90 83 11 47 98 364 35 99 119 99
split_gain=0.00695604 0.0329787 0.0275928 0.0120005 0.0101899 0.0152584 0.0109603 0.0108095 0.0137602 0.0146386 0.0173944 0.0128331 0.0106985 0.00726483 0.00715209 0.00700967 0.00680325 0.00624184 0.0052985 0.00513964 0.00171761 1.61477e-08 1.03804e-08 1.08234e-09
threshold=9.0620240011984752 1.0000000180025095e-35 3.9151937837112736 1.0000000180025095e-35 1.0000000180025095e-35 -1.001726414705945 -3.1142399196875856 -0.31433241738053236 10.935051598838831 5.2475620200513626 2.3158911317106465 16.633684324415135 0.17722095752551395 5.5972452430956343 25.747436651952256 33.610000000000007 0.25349750172657776 15.533486938863142 16.293803760250995 1.0000000180025095e-35 8.5133664832510902 1.2910965790150677 1.5000000000000002 2.0977668977675576
decision_type=2 2 2 2 2 2 10 2 2 2 10 2 2 2 2 2 10 2 2 2 2 2 2 2
left_child=1 2 3 15 6 -6 14 -8 9 10 -9 17 19 -7 18 -1 -14 -10 -2 -12 -11 -15 -17 -23
right_child=4 -3 -4 -5 5 13 7 8 11 20 12 -13 16 21 -16 22 -18 -19 -20 -21 -22 23 -24 -25
leaf_value=-0.0012207621228929324 0.012122345307777276 -0.050797456257963447 0.042780373245135013 0.013801664467831027 -0.018557498815148923 0.0075145704464071629 0.031626413371106853 0.031393596918195037 -0.0099939923697952449 0.02589398736618876 -0.049270292212867307 0.019720730800731327 0.050028831793376638 0.050106487851143314 -0.039343381895523395 -0.050095005942766391 -0.013980992153428762 -0.041119855259664925 -0.022753049026669997 -0.011778462295178416 0.050108816801538648 0.05005154240972285 -0.050027001913199601 0.050023798806381616
leaf_weight=0.010919408552581444 0.021331434552848805 0.035529409022274194 0.032576416386291385 0.021525413176277652 0.017136343289166689 0.014648545766249299 0.032556746365571598 0.02994917877140324 0.031997666099414346 0.011708216445185826 0.019104972117929719 0.020544109794172982 0.0080534949743196194 0.017172183834190946 0.024739255997701548 0.011018513027011068 0.0085667488401668379 0.032432603285997175 0.022250628739129752 0.017527416919620009 0.019553308783542889 0.0058881117438431838 0.01143560385935416 0.0087239629538089503
leaf_count=8 27 9 6 9 12 11 33 36 36 30 14 39 34 12 22 12 14 20 13 28 20 7 37 34
internal_value=0.000104923 -0.0101742 0.00632551 -0.0153064 0.0035796 0.0217656 -0.000269914 0.00491369 0.000553036 0.011869 0.000908564 -0.0146899 -0.0162362 0.0366472 -0.0178716 -0.0340807 0.0170356 -0.025662 -0.00568313 -0.0313317 0.0410398 0.0500736 -0.0500604 0.050035
internal_weight=0.48689 0.123005 0.0874754 0.0548989 0.363885 0.0635691 0.300316 0.231994 0.199438 0.114463 0.0832018 0.0849744 0.0532526 0.0464328 0.0683213 0.0333735 0.0166202 0.0644303 0.0435821 0.0366324 0.0312615 0.0317843 0.0224541 0.0146121
internal_count=523 81 72 66 442 76 366 304 271 176 126 95 90 64 62 57 48 56 40 42 50 53 49 41
is_linear=0
shrinkage=0.05


Tree=285
num_leaves=23
num_cat=0
split_feature=62 140 11 168 346 127 104 93 17 16 3 59 50 98 48 101 15 3 75 105 60 99
split_gain=0.00691462 0.0103082 0.00972063 0.0115037 0.0178323 0.0190244 0.0239742 0.013781 0.0112854 0.0159601 0.0115291 0.0112027 0.0120639 0.0106559 0.00958472 0.0108168 0.00634295 0.00587256 0.00134603 0.000873064 3.21564e-08 2.71469e-09
threshold=34.517964236045295 1.0000000180025095e-35 0.38716154706065237 1.0000000180025095e-35 1.0000000180025095e-35 1.0000000180025095e-35 2.7408061246288384 31.306650178683075 2.5582655826558267 2.0467391304347831 0.087930957337330487 18.773050708447201 5.6241140158757092 10.885804540938343 11.362553841204106 6.9616020962424567 1.0615530303030305 -0.52047103574235287 19.767845990316292 0.29289215686274517 5.4658455935065211 2.7542250235561188
decision_type=2 2 10 2 2 2 2 2 2 2 2 2 2 2 2 2 2 2 2 2 2 2
left_child=1 2 3 4 7 6 14 19 13 10 11 -10 -13 18 15 -6 -3 -17 -5 -1 -20 -22
right_child=-2 16 -4 8 5 -7 -8 -9 9 -11 -12 12 -14 -15 -16 17 -18 -19 20 -21 21 -23
leaf_value=-0.035331085562626388 0.026641762709783412 -0.0029306383870696638 0.035236638938620633 0.026853816050091628 -0.016299481026156765 -0.025118596522637083 0.04703357900773418 0.0086723338537709159 -0.030767334145514649 0.030753199776398156 -0.041018299881057617 0.037056195528675222 -0.01632373495751541 0.0025621437054023795 -0.029537197986243952 0.0048445298190836561 -0.049422376760845606 0.050113699204264964 0.050159198870646161 -0.050101066608383621 0.050067241425195731 0.050025812923203253
leaf_weight=0.014785670333367307 0.023334839033850585 0.01279266610799823 0.019482299057926866 0.0082050900105059554 0.024107741148327477 0.050771044572684332 0.033683701752124762 0.015932429589156527 0.020432164664271113 0.030262118569226004 0.023853285907534882 0.024680981518031331 0.018532131096435478 0.027215026319026947 0.024271779344871902 0.0133739800658077 0.017200487718582735 0.015429114462676807 0.010011933522946492 0.030945501881433302 0.0073122980606967749 0.0086104754718689946
leaf_count=23 35 11 31 12 22 32 18 16 13 33 20 27 26 17 26 13 32 27 8 36 9 36
internal_value=0.000100675 -0.00126986 0.000743643 -0.000926276 -0.00849759 0.000229553 0.0118377 -0.0313739 0.00851279 -0.000546344 -0.0113716 -0.000260405 0.014164 0.0259003 -0.00352234 0.00841145 -0.0295927 0.0290941 0.0445047 -0.0453257 0.050089 0.0500448
internal_weight=0.475227 0.451892 0.421899 0.402416 0.223301 0.161637 0.110866 0.0616636 0.179116 0.117761 0.0874986 0.0636453 0.0432131 0.0613548 0.0771826 0.0529108 0.0299932 0.0288031 0.0341398 0.0457312 0.0259347 0.0159228
internal_count=523 488 445 414 213 138 106 75 201 119 86 66 53 82 88 62 43 40 65 59 53 45
is_linear=0
shrinkage=0.05


Tree=286
num_leaves=24
num_cat=0
split_feature=32 127 71 24 28 24 83 55 112 67 71 53 92 89 87 4 76 25 88 21 123 33 64
split_gain=0.00685225 0.0300742 0.0255272 0.0164497 0.00945902 0.00864026 0.0168861 0.0138652 0.0139375 0.0121242 0.0111576 0.0125761 0.0105842 0.00712425 0.00674367 0.00607075 0.00586643 0.0043662 0.00360416 0.00261017 1.26607e-08 5.30707e-10 6.41392e-11
threshold=9.0620240011984752 1.0000000180025095e-35 5.2650868498305998 5.6964922758448902 541.65954369220174 5.5117093672116146 41.530000000000008 5.1000446670203816 1.0000000180025095e-35 45.906483179288543 5.0032185628455927 4.9881916267914397 30.397073593883785 37.748396038094889 12.643359635255935 0.62232899232807404 8.9790308050281293 -0.1467720630121466 27.103131549613561 -2.4805478913791714 1.0000000180025095e-35 7.5302069020486639 4.9419441258988437
decision_type=2 2 2 8 2 10 2 2 2 2 2 2 2 2 2 2 2 10 2 10 2 2 2
left_child=1 2 -1 -4 16 -6 19 9 -9 10 11 -8 13 18 -14 -15 -2 -5 -12 -7 21 -21 -23
right_child=4 -3 3 17 5 6 7 8 -10 -11 12 -13 14 15 -16 -17 -18 -19 -20 20 -22 22 -24
leaf_value=0.040006618653397441 0.050083804075302885 -0.050738033185670529 0.02602584339104896 -0.013462276182103701 -0.020306358154048385 0.0077391471499262164 0.033285343367201702 0.050110807570727958 -0.0049757359012712115 0.0331122434769308 -0.048134756092296525 -0.014147581474237329 0.027383631306235692 -0.027799774832309405 -0.015918843612249 0.015535923002447201 0.0088657587405460217 -0.050094665065300276 -0.022881390152000091 0.05003791973143018 0.050097906854530985 0.050008693913843195 0.050017276179009321
leaf_weight=0.032717865949962288 0.016408639712608419 0.033071931033191504 0.015455579234185279 0.01318217974039726 0.041789811435592128 0.0044016468564223024 0.027418343928729882 0.02498003999426146 0.021250519997920492 0.018388157846857212 0.033194496485521086 0.028499224979896098 0.017566691647516564 0.017829247104600654 0.018417654902805225 0.014781489242977841 0.018215859614429064 0.021241242033283925 0.024599090080300812 0.0030418352071137642 0.009139302492258139 0.0036853861465715454 0.0053190306221040373
leaf_count=15 24 9 11 11 34 5 25 24 35 32 27 19 24 15 18 26 19 35 29 7 8 38 33
internal_value=9.97321e-05 -0.0104468 0.00568594 -0.0168265 0.00359588 0.000863484 0.00410988 0.000103338 0.0247895 -0.0055832 -0.00948618 0.00911044 -0.0177138 -0.0268425 0.00522038 -0.00815698 0.0283991 -0.0360666 -0.037386 0.0427744 0.0500535 0.0500199 0.0500138
internal_weight=0.464595 0.115669 0.0825969 0.049879 0.348926 0.314302 0.272512 0.246925 0.0462306 0.200694 0.182306 0.0559176 0.126389 0.0904043 0.0359843 0.0326107 0.0346245 0.0344234 0.0577936 0.0255872 0.0211856 0.0120463 0.00900442
internal_count=523 81 72 57 442 399 365 274 59 215 183 44 139 97 42 41 43 46 56 91 86 78 71
is_linear=0
shrinkage=0.05


Tree=287
num_leaves=23
num_cat=0
split_feature=162 39 20 3 355 94 16 24 53 127 4 99 105 95 50 68 12 100 91 66 48 89
split_gain=0.00646863 0.0126067 0.0106533 0.00896491 0.00774748 0.0185622 0.0149476 0.0160656 0.0131342 0.0120992 0.0218767 0.0142615 0.0111738 0.0100662 0.0141027 0.0088614 0.00335926 1.32349e-08 1.30797e-08 8.7095e-09 1.18272e-09 9.3376e-11
threshold=1.5000000000000002 1.6774422705885661 2.1397620483287669 -1.5857253086419754 1.0000000180025095e-35 16.589131517023958 1.8937969924812033 5.3671081051008072 9.5380682144754676 1.0000000180025095e-35 0.82475194873156477 1.127913979312902 0.36181818181818187 6.9935984238930082 4.963751126205433 64.891547071673912 -0.49676821553529121 -0.17863500175009248 6.9857045911839082 56.805766121500795 5.8002328937054175 22.14181694113152
decision_type=2 2 8 2 2 2 2 10 2 2 2 2 2 2 2 2 10 2 2 2 2 2
left_child=1 3 -3 -1 8 6 7 -6 9 10 11 -4 15 -8 -15 -9 -14 -7 -5 20 -18 -19
right_child=-2 2 4 18 5 17 13 12 -10 -11 -12 -13 16 14 -16 -17 19 21 -20 -21 -22 -23
leaf_value=0.007365041810186013 0.025031026645992622 0.024723691405862384 0.019087759849901079 -0.05002183037907907 -0.034791307945563885 0.050098093178103348 -0.033971252980828731 -0.039535142143081868 -0.033216912281957618 -0.020674229087404135 0.041283930210497095 -0.030985657487113783 0.014491445346182139 0.029087534987508813 -0.031610453272105675 0.029281810998063484 0.050044308906377344 0.050024155703643582 -0.050102958870415985 0.050089505528901901 0.050018521232405272 0.050012865640330306
leaf_weight=0.0099498293348005973 0.024602574068921967 0.04252917710255133 0.025089515474974178 0.0078344587927858811 0.012640524957532762 0.012746287393383682 0.037682616712118033 0.0091704403384937905 0.042442448633664753 0.052708181407069787 0.03389658969535958 0.032821544158650795 0.0084427794208750129 0.021690036022846471 0.017125179379945621 0.0095488304236823751 0.012308183997902233 0.0027607621887000278 0.013579229947936255 0.011823172255390091 0.0069609231654794703 0.0054403314688897808
leaf_count=12 38 34 19 36 9 7 31 11 35 24 20 29 5 30 18 33 21 7 12 15 38 39
internal_value=9.75929e-05 -0.00133167 0.00107442 -0.0318514 -0.0017564 0.00602454 -0.000234639 0.0163054 -0.00876248 -0.00158053 0.00938146 -0.00929174 0.0273928 -0.0155632 0.00230773 -0.00443113 0.0424609 0.0500662 -0.0500733 0.0500557 0.050035 0.0500167
internal_weight=0.453794 0.429191 0.397828 0.0313635 0.355298 0.16834 0.147393 0.0708949 0.186958 0.144516 0.0918076 0.0579111 0.0582543 0.0764978 0.0388152 0.0187193 0.0395351 0.0209474 0.0214137 0.0310923 0.0192691 0.00820109
internal_count=523 485 425 60 391 264 211 132 127 92 68 48 123 79 48 44 79 53 48 74 59 46
is_linear=0
shrinkage=0.05


Tree=288
num_leaves=26
num_cat=0
split_feature=32 127 20 88 127 3 23 18 32 44 48 12 346 103 44 47 90 45 130 3 59 102 116 76 101
split_gain=0.00651091 0.0277666 0.0233706 0.0147471 0.00962922 0.013162 0.0101172 0.00900533 0.0131897 0.0129586 0.01614 0.00822821 0.009907 0.00959775 0.00688786 0.00642986 0.00630292 0.00489206 0.00174359 0.0004412 1.39516e-08 1.11244e-08 3.13544e-09 1.1114e-09 6.42165e-11
threshold=9.0620240011984752 1.0000000180025095e-35 2.28212851305917 11.141382540952401 1.0000000180025095e-35 -1.001726414705945 -3.1142399196875856 16.696790310735842 10.007059438093574 6.2901637203134628 5.7543383524700413 -0.4688735437827129 1.0000000180025095e-35 2.6727608194692016 5.5972452430956343 14.848430684074048 25.747436651952256 5.9958301225166837 1.4085000000000003 -0.34299281257432929 13.906011735572418 5.9560780445922097 3.5000000000000004 17.607343314787958 13.343009287344143
decision_type=2 2 10 2 2 2 10 10 2 2 2 10 2 2 2 2 2 2 2 2 2 2 2 2 2
left_child=1 2 3 -1 6 -6 16 8 -8 -10 19 13 -13 -9 -7 -12 17 -2 -14 -11 -16 23 -22 24 -20
right_child=4 -3 -4 -5 5 14 7 11 9 10 15 12 18 -15 20 -17 -18 -19 21 -21 22 -23 -24 -25 -26
leaf_value=-0.050092697153318037 0.011733002063748206 -0.050687460448361726 0.039402378585337634 0.0065417068234995164 -0.016480366998924266 0.007073538889115015 0.029275051713901896 0.031566033657119776 -0.042194301805298526 0.033241942355437967 0.0069428109804657318 -0.016485171428515657 0.021547828886477403 -0.012349067292691057 0.050120698495478067 -0.029789428567055999 -0.038899217424965771 -0.023019310869647442 0.050013479722280464 0.050033567943542551 0.050026964314067328 0.050098261681237259 0.050066499947477298 0.050041828798723965 0.050022288273713869
leaf_weight=0.019436602644418599 0.019774509524722816 0.030845291335936054 0.030622276572103146 0.028129859238106292 0.016239198273979127 0.013670213927980512 0.023047928731102729 0.019280099615571089 0.026939449784549652 0.0068932784051867193 0.019884109031409025 0.0082739217796188314 0.0066646445193327955 0.035078410818641714 0.0091627692308975384 0.029721557999437209 0.02285704299902136 0.020755710262164939 0.0048768154465506086 0.0090448720138738281 0.010286580973115633 0.00902873430368345 0.0097854485939024016 0.010004235462474753 0.0035938310322762845
leaf_count=32 26 9 15 25 12 11 24 27 24 15 27 18 4 33 7 21 22 14 30 27 35 12 11 22 20
internal_value=9.7116e-05 -0.010515 0.00533294 -0.0166002 0.0035525 0.0218592 -0.000374438 0.00485866 -0.00456678 -0.0130006 -0.00100152 0.0161079 0.0326054 0.00322692 0.0363704 -0.0150655 -0.0179041 -0.00606382 0.0444928 0.0427712 0.0500696 0.0500528 0.0500462 0.0500305 0.0500172
internal_weight=0.443897 0.109034 0.0781887 0.0475665 0.334863 0.0591442 0.275719 0.212332 0.115531 0.0924833 0.0655438 0.0968007 0.0424422 0.0543585 0.042905 0.0496057 0.0633873 0.0405302 0.0341683 0.0159382 0.0292348 0.0275036 0.020072 0.0184749 0.00847065
internal_count=523 81 72 57 442 76 366 304 138 114 90 166 106 60 64 48 62 40 88 42 53 84 46 72 50
is_linear=0
shrinkage=0.05


Tree=289
num_leaves=20
num_cat=0
split_feature=48 118 6 76 66 97 2 13 30 3 66 67 124 60 41 48 31 60 103
split_gain=0.00622967 0.0173398 0.0115272 0.00928899 0.0114928 0.00975201 0.00906151 0.0102474 0.008978 0.0088301 0.0163701 0.0141269 0.00862089 0.00776464 0.00234977 1.23238e-08 1.78284e-09 9.52863e-10 6.7362e-11
threshold=1.0000000180025095e-35 2.5000000000000004 253.27600000000004 11.179893099346719 44.218852552226146 13.270363756613758 0.094829379602002786 0.46220626029475892 12.44424935728108 -0.40455318558156667 18.914546854300152 19.302805884467087 1.0000000180025095e-35 13.027545420331871 -1.1049999999999998 5.7543383524700413 11.565049539409429 30.546395270142337 1.7505833627451592
decision_type=2 2 2 2 2 2 2 10 2 2 2 2 2 2 2 2 2 2 2
left_child=3 2 -2 4 5 -1 7 13 -5 11 -11 -8 -9 -3 -13 -4 -17 18 -18
right_child=1 6 15 8 -6 -7 9 12 -10 10 -12 14 -14 -15 -16 16 17 -19 -20
leaf_value=-0.0028124123414465809 -0.0022064185023914101 0.0086628399348263312 0.05010143548487607 -0.017075363454463342 0.0021968318489831158 -0.046355687641338371 -0.048437962332729179 0.012034870247103147 0.033742721219168381 -0.02103366056058785 0.038544365336566834 0.0051588497560644125 -0.023257322349710514 0.050070093363497548 -0.015292192021347122 0.050060982106178577 0.050021594164876781 0.050044440865994869 0.050013290877078287
leaf_weight=0.01964645802445375 0.016059195479101618 0.024806692721995205 0.010972501928335987 0.014575653431165847 0.046528245700756088 0.037216860629996518 0.028398605385518749 0.0411468357888225 0.021528274571210204 0.024087435776891652 0.022115750944067258 0.02781188341032248 0.029861014711968892 0.020826882089750143 0.028375340159982443 0.005054718814790248 0.0049702175010679639 0.0049489955199533151 0.0048030964758254413
leaf_count=38 17 35 10 16 28 27 34 39 39 26 39 37 37 33 4 5 18 8 33
internal_value=9.52825e-05 0.0042212 0.0321277 -0.00860755 -0.016232 -0.0313113 -0.00105813 0.00907405 0.0132268 -0.0100943 0.00748413 -0.0196961 -0.0028066 0.0275609 -0.00516921 0.0500589 0.0500354 0.0500266 0.0500175
internal_weight=0.433735 0.294239 0.0468087 0.139495 0.103392 0.0568633 0.24743 0.116641 0.0361039 0.130789 0.0462032 0.0845858 0.0710079 0.0456336 0.0561872 0.0307495 0.019777 0.0147223 0.00977331
internal_count=523 375 91 148 93 65 284 144 55 140 65 75 76 68 41 74 64 59 51
is_linear=0
shrinkage=0.05


Tree=290
num_leaves=23
num_cat=0
split_feature=162 39 20 62 355 94 16 24 53 127 4 99 105 95 50 76 22 3 100 98 37 89
split_gain=0.00646887 0.0114463 0.00958341 0.00895099 0.0069386 0.0171746 0.0133034 0.0143939 0.0125958 0.0111223 0.0197578 0.0127924 0.0101422 0.00881193 0.0126607 0.00796932 0.00336188 1.0965e-08 1.01592e-08 7.67474e-09 3.47368e-10 8.08322e-11
threshold=1.5000000000000002 1.6774422705885661 2.1397620483287669 29.157840776254577 1.0000000180025095e-35 16.589131517023958 1.8937969924812033 5.3671081051008072 9.5380682144754676 1.0000000180025095e-35 0.82475194873156477 1.127913979312902 0.36181818181818187 6.9935984238930082 4.963751126205433 1.0000000180025095e-35 2.2377600231726631 -0.4396369520030235 -0.17863500175009248 4.9472974297221315 5.3000383647264 22.14181694113152
decision_type=2 2 8 2 2 2 2 10 2 2 2 2 2 2 2 2 10 2 2 2 2 2
left_child=1 3 -3 17 8 6 7 -6 9 10 11 -4 15 -8 -15 -9 -14 -1 -7 20 -18 -20
right_child=-2 2 4 -5 5 18 13 12 -10 -11 -12 -13 16 14 -16 -17 19 -19 21 -21 -22 -23
leaf_value=-0.050025652548081216 0.025614977227086767 0.023897632792382214 0.018435379977965988 0.0093926282507480717 -0.033787745675292628 0.050090005865588073 -0.033165598742675266 -0.041830220387517443 -0.033101788251224618 -0.020264075612640164 0.040893324555777877 -0.03029957147073082 0.013565264506987871 0.028331974830226914 -0.030780427614575813 0.026127444210929253 0.050041055313270161 -0.050100118786019165 0.050022892708547928 0.050083816058246834 0.050022571948199826 0.050012013623562383
leaf_weight=0.0086474569325218908 0.023462046331587771 0.040625509262099513 0.024151704696123488 0.0092196005280129611 0.011939799693209352 0.011638768715783954 0.035090912017039955 0.0078466594827659719 0.040508501391741447 0.049338169686961919 0.03170241649786476 0.030431171227974119 0.0081219936619163491 0.020251603391443496 0.016388343537983019 0.0095823646397548146 0.0042435363138793036 0.01154100817075232 0.0025865845309454008 0.017684764462501334 0.0063393128918960429 0.0050233668844157364
leaf_count=35 38 34 19 11 9 7 31 13 35 24 20 29 14 30 18 31 9 14 7 23 33 39
internal_value=9.32009e-05 -0.00139299 0.000971798 -0.0314269 -0.00182621 0.00582624 -0.000366646 0.0158774 -0.00863605 -0.00132854 0.00949886 -0.00873544 0.0268957 -0.0152582 0.00189213 -0.00446754 0.0419174 -0.0500682 0.0500606 0.0500637 0.05003 0.0500157
internal_weight=0.426366 0.402904 0.373495 0.0294081 0.33287 0.156738 0.137489 0.0657584 0.176132 0.135623 0.0862853 0.0545829 0.0538186 0.0717309 0.0366399 0.017429 0.0363896 0.0201885 0.0192487 0.0282676 0.0105828 0.00760995
internal_count=523 485 425 60 391 264 211 132 127 92 68 48 123 79 48 44 79 49 53 65 42 46
is_linear=0
shrinkage=0.05


Tree=291
num_leaves=22
num_cat=0
split_feature=2 55 38 3 88 100 37 78 16 61 28 97 130 28 39 84 59 40 317 101 44
split_gain=0.00611557 0.00772916 0.00788646 0.00742388 0.0153343 0.0138288 0.01369 0.0130019 0.0109146 0.0112141 0.0122174 0.0104954 0.00982185 0.00873811 0.00569156 0.00459833 0.00126194 0.000173491 1.77965e-08 4.98455e-09 4.58286e-10
threshold=0.4763595559427391 5.1000446670203816 5.519256431636383 -0.59740604031913414 22.861322135859655 -0.060543469702695633 4.1707506021257643 30.013657918476422 1.8702664796633943 4.9116103898340748 667.80009698611286 22.613176067482183 2.7671000000000014 642.40299353478952 2.4291921033908119 6.072903608448132 16.96528950675744 2.3495667825245166 1.0000000180025095e-35 7.6028538594330621 5.8496468502367955
decision_type=2 2 2 2 2 2 2 2 2 2 2 2 2 2 2 2 2 2 2 2 2
left_child=1 3 -3 6 5 -5 17 -8 9 -7 -11 15 -10 -6 -2 -9 -4 -1 -15 -16 -21
right_child=14 2 16 4 13 8 7 11 12 10 -12 -13 -14 18 19 -17 -18 -19 -20 20 -22
leaf_value=-0.041497852802098431 -0.0058458290964904357 0.0010458052427230055 0.025443784044212797 0.038416075664300831 -0.0020666797536754021 -0.012285302804210656 0.027374665037600856 -0.015157399327978868 -0.039590336127321706 0.048911160166968837 -0.013109588220779511 -0.03685393244635108 0.00031033395805902592 0.050122477747179185 0.050088412893182992 0.012240080621855632 0.05004080189733813 -0.050100480663946671 0.050034841970057101 0.050035854483712394 0.050009507606118109
leaf_weight=0.0096637532478780486 0.0075658525165636084 0.033673352900223108 0.0089196971093770117 0.017048663280547771 0.012297047549509443 0.049195421710464871 0.023756836306347395 0.031432625070010545 0.040512429550290108 0.020754798990310519 0.012860840987286792 0.032791634323075414 0.024904230006541184 0.01146552327554673 0.0047871288261376321 0.029867614766772022 0.012553209496218187 0.014892884573782794 0.011709469819834339 0.0030319446304929443 0.0036225082881173876
leaf_count=31 12 39 6 33 9 25 32 11 34 25 32 35 26 5 5 29 37 14 38 7 38
internal_value=9.26155e-05 -0.00122965 0.0161451 -0.00402183 0.00217227 -0.0042297 -0.0127536 -0.00567694 -0.00913467 0.00292425 0.0251829 -0.014022 -0.0244001 0.0320012 0.0278005 -0.00180839 0.0398234 -0.0467151 0.0500782 0.0500495 0.0500215
internal_weight=0.417307 0.3983 0.0551463 0.343154 0.200748 0.165276 0.142405 0.117849 0.148228 0.0828111 0.0336156 0.0940919 0.0654167 0.035472 0.0190074 0.0613002 0.0214729 0.0245566 0.023175 0.0114416 0.00665445
internal_count=523 461 82 379 227 175 152 107 142 82 57 75 60 52 62 40 43 45 43 50 45
is_linear=0
shrinkage=0.05


Tree=292
num_leaves=21
num_cat=0
split_feature=162 36 18 18 36 2 103 27 40 38 142 127 71 26 92 130 25 101 121 18
split_gain=0.00600237 0.0109139 0.00648347 0.00643842 0.00574139 0.01683 0.00905274 0.00796936 0.00807164 0.0075556 0.0105683 0.0121232 0.0261717 0.0156986 0.0121369 0.00665312 0.00614092 0.00459866 0.00457677 6.15049e-09
threshold=1.5000000000000002 3.9601827114627191 15.136457978854841 16.146537855952584 9.8274717882931153 0.073169301356201158 7.8446512405072779 1.3434886464128988 4.7316995925388667 5.519256431636383 1.5000000000000002 1.0000000180025095e-35 5.0032185628455927 2.6237958050984749 17.925926919107141 3.0763600000000024 -0.68738375523779338 6.198260961696433 2.5000000000000004 16.16194890853976
decision_type=2 2 8 10 2 2 2 2 2 2 2 2 2 2 2 2 10 2 2 10
left_child=1 19 -3 -4 6 -6 7 15 9 10 11 12 -9 -14 -15 -5 -11 -10 -7 -1
right_child=-2 2 3 4 5 18 -8 8 17 16 -12 -13 13 14 -16 -17 -18 -19 -20 -21
leaf_value=-0.050090707418850335 0.024996246262159915 0.040877792115916259 -0.032449407567500158 0.0027641193163034606 0.022711483649137533 -0.01539475123198757 0.035106450143863634 0.044575481105491296 -0.050061806123651659 0.050066934406922482 -0.033273030651413751 -0.020650883348058695 -0.032103391146740518 0.046094471088470812 -0.0074174291139716244 0.050076619144354198 0.00063085770118698735 -0.0099731876857325503 -0.048358557051946978 -0.050016129999193484
leaf_weight=0.004998205135052558 0.022847138192446437 0.0094881701184021949 0.015568084763799561 0.015594683739436732 0.021611927229969297 0.021472013530001277 0.020909268562718353 0.038357098314463656 0.012235064612468705 0.013454418297442317 0.023794458327756729 0.041670454629638698 0.032928860360698309 0.01735449790248822 0.027209264684643131 0.014192978076835061 0.011783482446389826 0.017224743602582748 0.020663132363551995 0.0061865152092650533
leaf_count=9 38 17 17 29 25 27 26 29 13 20 22 24 37 22 29 38 27 27 15 32
internal_value=9.33126e-05 -0.00137802 7.16677e-05 -0.000986118 0.000411554 -0.0131607 0.00342922 0.000937315 -0.00213846 0.00135361 -0.00221418 0.00247746 0.0107966 -0.0059232 0.0134217 0.0253072 0.0269854 -0.0266225 -0.0315602 -0.0500495
internal_weight=0.409544 0.386697 0.375513 0.366024 0.350456 0.0637471 0.286709 0.2658 0.236012 0.206553 0.181315 0.15752 0.11585 0.0774926 0.0445638 0.0297877 0.0252379 0.0294598 0.0421351 0.0111847
internal_count=523 485 444 427 410 67 343 317 250 210 163 141 117 88 51 67 47 40 42 41
is_linear=0
shrinkage=0.05


Tree=293
num_leaves=21
num_cat=0
split_feature=48 118 6 76 66 97 2 13 3 66 67 30 2 27 60 41 48 31 60 43
split_gain=0.00579468 0.0159408 0.0104155 0.00834141 0.0100365 0.00889824 0.00778648 0.00917889 0.0077973 0.0145604 0.0126656 0.00768471 0.00756889 0.0150747 0.00713659 0.00199754 1.08516e-08 1.11653e-09 7.06433e-10 5.15889e-11
threshold=1.0000000180025095e-35 2.5000000000000004 253.27600000000004 11.179893099346719 44.218852552226146 13.270363756613758 0.094829379602002786 0.46220626029475892 -0.40455318558156667 18.914546854300152 19.302805884467087 12.44424935728108 0.038458386670278795 1.724311965607469 13.027545420331871 -1.1049999999999998 5.7543383524700413 11.565049539409429 30.546395270142337 14.699818906407545
decision_type=2 2 2 2 2 2 2 10 2 2 2 2 2 2 2 2 2 2 2 2
left_child=3 2 -2 4 5 -1 7 14 10 -10 -8 -5 -9 -14 -3 -12 -4 -18 19 -19
right_child=1 6 16 11 -6 -7 8 12 9 -11 15 -13 13 -15 -16 -17 17 18 -20 -21
leaf_value=-0.0026754164516587914 -0.0017667048840128334 0.0084138179248049293 0.05009581447444568 -0.016168863984897325 0.0015395384328076723 -0.0460682831763016 -0.048273578198235724 -0.024041136368472365 -0.020542886027368194 0.03792121265422823 0.0046091030787155235 0.032755281916389226 -0.021254511964889075 0.039590125755444801 0.050063061082772357 -0.014857574751551486 0.050053027477943025 0.050020400137148958 0.05004033806921554 0.0500126737053085
leaf_weight=0.018126288180610572 0.014794938189879758 0.022831983986179694 0.010345570131903514 0.013496504063368775 0.0437086386300507 0.033927243926882511 0.025239593440346653 0.025689639835945854 0.022250768546655308 0.020425779969627911 0.026148172149987658 0.019803711978966021 0.019442501368757803 0.021368053687183419 0.018716774545282533 0.026567511726170778 0.0044730812660418442 0.0037586309990729205 0.0044763079786207536 0.0050808236355806002
leaf_count=38 17 35 10 16 28 27 34 29 26 39 37 39 24 23 33 4 5 12 8 39
internal_value=9.36181e-05 0.00423854 0.0321955 -0.00862932 -0.0161251 -0.0309578 -0.00100971 0.00873898 -0.00974154 0.00743911 -0.0191471 0.0129264 -0.00278022 0.0106032 0.0271759 -0.00520166 0.0500551 0.0500314 0.0500242 0.050016
internal_weight=0.400673 0.27161 0.0429294 0.129062 0.0957622 0.0520535 0.228681 0.108049 0.120632 0.0426765 0.0779553 0.0333002 0.0665002 0.0408106 0.0415488 0.0527157 0.0281344 0.0177888 0.0133158 0.00883945
internal_count=523 375 91 148 93 65 284 144 140 65 75 55 76 47 68 41 74 64 59 51
is_linear=0
shrinkage=0.05


Tree=294
num_leaves=23
num_cat=0
split_feature=162 39 20 62 11 12 21 75 90 98 53 50 102 130 96 15 128 35 3 103 21 36
split_gain=0.00582798 0.00955184 0.00883528 0.00823371 0.00641413 0.00937073 0.00668799 0.00705658 0.00799782 0.0187517 0.00992589 0.00857863 0.00677368 0.00593323 0.00463705 0.00769562 0.0010963 1.27235e-08 7.02923e-09 1.6828e-09 6.77061e-10 8.18735e-11
threshold=1.5000000000000002 1.6774422705885661 2.1397620483287669 29.157840776254577 0.38716154706065237 -0.54876849845274533 -2.1497711372449908 18.031456937723998 23.737912702154926 9.8939374411348098 5.1529674165391652 6.3687076904403321 3.1107174761634022 2.7117500000000012 6.0419093436172426 0.94556650246305429 3.59557044515492 9.1942955156639758 -0.4396369520030235 1.2836590045606548 -2.3141400258135159 7.1580274535345199
decision_type=2 2 8 2 10 10 10 2 2 2 2 2 2 2 2 2 2 2 2 2 10 2
left_child=1 3 -3 18 5 -4 7 -7 9 11 12 16 -11 -10 15 -15 -9 19 -1 -18 21 -21
right_child=-2 2 4 -5 -6 6 -8 8 13 10 -12 -13 -14 14 -16 -17 17 -19 -20 20 -22 -23
leaf_value=-0.050022637692029838 0.024917149628751079 0.023741693847624167 -0.042091097852001436 0.0092411324806373849 0.026862494342105817 -0.025657175968957266 -0.031029869538360313 0.029185120838574191 -0.034686376094702792 0.021507553485039521 -0.029032645523264525 -0.0046641032903437856 -0.0064684942499691235 -0.015308730742253649 -0.013619296132779492 0.050046558205916428 0.050062412943621099 0.050105021654322471 -0.050086401794037227 0.05002289906632891 0.050038379093154388 0.050012632219368913
leaf_weight=0.0075720863242167971 0.022302971398403315 0.037473814791155746 0.015129626146517694 0.0087602326093474403 0.018143780808713927 0.023570151281091967 0.018112893165380228 0.0079077825066633523 0.019374916464585112 0.039048508710948227 0.026277105484041385 0.010772041116069886 0.048523657549594645 0.0087921812882996164 0.031527172512141988 0.0092357076032385521 0.0047310845839092499 0.0099013418948743492 0.010070019405247876 0.0039691550036877717 0.0083568008903967001 0.0038017399067484803
leaf_count=35 38 34 15 11 32 30 17 14 29 37 27 24 32 24 10 22 5 11 14 13 21 28
internal_value=9.30933e-05 -0.00139902 0.000821369 -0.0303834 -0.00197479 -0.00378503 -0.00166911 0.000409981 0.00305579 0.0090846 -0.00208109 0.0347967 0.00600605 -0.011226 -0.00205347 0.0181729 0.0457897 0.0500583 -0.050059 0.0500362 0.0500285 0.0500179
internal_weight=0.393355 0.371052 0.344649 0.0264023 0.307176 0.289032 0.273902 0.255789 0.232219 0.163289 0.113849 0.0494399 0.0875722 0.06893 0.0495551 0.0180279 0.0386679 0.0307601 0.0176421 0.0208588 0.0161277 0.00777089
internal_count=523 485 425 60 391 359 344 327 297 212 96 116 69 85 56 46 92 78 49 67 62 41
is_linear=0
shrinkage=0.05


Tree=295
num_leaves=23
num_cat=0
split_feature=28 89 89 23 3 97 85 101 113 64 47 47 93 11 0 61 361 131 23 3 42 43
split_gain=0.00562724 0.0084279 0.00939373 0.00763886 0.00675698 0.0144266 0.012537 0.010063 0.00887536 0.00861441 0.0104384 0.0195988 0.0117005 0.00876293 0.00588529 0.00369953 0.002191 0.000149473 1.50165e-06 7.59602e-09 7.46237e-09 5.66714e-10
threshold=1197.5536924495539 67.45282990229579 48.846340640542216 -2.4436014117324834 -0.59740604031913414 12.279587899974805 9.6206904852784767 7.047245671108934 1.5000000000000002 16.141022602180488 19.395281380286939 9.2190809485870577 29.315204066519019 0.17397348550803379 11.795130785882803 19.371757373692311 1.0000000180025095e-35 77.079550000000054 -2.9135808819548275 -0.43141742486710039 57984908.104104318 13.626111049785646
decision_type=2 2 2 10 2 2 2 2 2 2 2 2 2 10 2 2 2 2 10 2 2 2
left_child=1 2 4 -2 5 7 9 -1 16 10 11 12 -6 17 -15 20 18 -13 -7 -19 -4 -21
right_child=3 -3 15 -5 6 8 -8 -9 -10 -11 -12 13 -14 14 -16 -17 -18 19 -20 21 -22 -23
leaf_value=0.029106358189876076 0.00010246091505781254 -0.037419041774984035 0.050017422785300775 0.050052061043248525 -0.048021613752720488 -0.049293723918021379 0.037287076281875997 -0.0094801483069594083 0.00061682958832439305 0.026066176232770785 -0.036361353870318067 0.040525517081711128 -0.0022189335931015147 -0.016405070980473148 0.027008513108983612 0.0039672999224761845 -0.026625402993603206 0.050099358566246623 -0.050063690214306761 0.050038264573342442 0.050094913111701167 0.050014608788743559
leaf_weight=0.026368438226199942 0.01898845626237744 0.015792004625836853 0.005891698679079127 0.012823429643503914 0.02214804113827995 0.010454915674927179 0.02468731140379532 0.047036614006174204 0.018428621748171281 0.024863940816430841 0.023354859940809547 0.0055979160097194827 0.037638156069078832 0.015215014856948983 0.016032409232138889 0.0066905195380968499 0.016668009136992623 0.0054388961589211257 0.016058903480370645 0.0049277763864665758 0.0065729876023397082 0.0052071254558541114
leaf_count=38 32 17 34 37 21 11 28 34 25 24 26 5 30 11 32 10 18 5 29 10 9 37
internal_value=9.1135e-05 -0.0017138 -5.18864e-05 0.0202372 -0.00208701 -0.0105927 0.00411683 0.00438083 -0.0284328 -0.000987671 -0.00594979 0.000380198 -0.0191867 0.0226971 0.00586954 0.0339597 -0.0408302 0.0475329 -0.0497601 0.0500517 0.0500583 0.0500261
internal_weight=0.386886 0.355074 0.339282 0.0318119 0.320127 0.135016 0.185111 0.0734051 0.0616105 0.160424 0.13556 0.112205 0.0597862 0.0524191 0.0312474 0.0191552 0.0431818 0.0211717 0.0265138 0.0155738 0.0124647 0.0101349
internal_count=523 454 437 69 384 155 229 72 83 201 177 151 51 100 43 53 58 57 40 52 43 47
is_linear=0
shrinkage=0.05


Tree=296
num_leaves=21
num_cat=0
split_feature=62 140 11 168 346 127 11 93 26 59 88 25 93 130 12 4 15 61 20 30
split_gain=0.00538353 0.00792864 0.00751428 0.00852792 0.0149513 0.0145418 0.0187682 0.0106421 0.00879268 0.00899479 0.00779285 0.00747131 0.00735083 0.00625002 0.00622538 0.00933696 0.005038 0.000757132 0.000671617 6.77919e-09
threshold=34.517964236045295 1.0000000180025095e-35 0.38716154706065237 1.0000000180025095e-35 1.0000000180025095e-35 1.0000000180025095e-35 0.11765381273755908 31.306650178683075 3.0340344342192536 21.844617518346173 6.4827890144192937 -0.054281772349858044 28.106193313709888 3.0763600000000024 -0.38841750729373153 0.4260529804266095 1.0615530303030305 5.2116579994235197 2.3075378365904196 12.117759501071857
decision_type=2 2 10 2 2 2 10 2 2 2 2 10 2 2 10 2 2 2 10 2
left_child=1 2 3 4 7 6 -6 18 9 10 -5 12 -10 -13 15 -8 -3 -11 19 -1
right_child=-2 16 -4 8 5 -7 14 -9 11 17 -12 13 -14 -15 -16 -17 -18 -19 -20 -21
leaf_value=-0.050048325810670861 0.02589246205224327 -0.0026932747570593716 0.034679937195322717 -0.014169363298391814 0.049927629495790438 -0.023804388656524376 -0.020785142014185187 0.0082738976483980025 0.0064665077850728087 0.031180410493859431 0.024300637863546241 -0.011441113766450644 -0.033891241508333288 0.05005930439329212 -0.021291272369787211 0.028975171991527417 -0.049377820709597162 0.050058235027093827 -0.035553809323166166 -0.050100731001227167
leaf_weight=0.012760163168422878 0.019190580008398683 0.010134607044165023 0.015499707873459556 0.022987129865668976 0.023878921157120203 0.041606326220971823 0.015060121702845208 0.012371037168122712 0.020089281679247506 0.0076876311404703293 0.030805774222244509 0.0074139806893072082 0.025739001477631973 0.0093295701356055361 0.025287277091592841 0.025203916305144958 0.013446492583170766 0.017183368939186039 0.011751436482882127 0.011951087624765933
leaf_count=33 35 11 31 24 14 32 14 16 26 23 29 11 21 31 39 39 32 36 19 7
internal_value=8.84272e-05 -0.0012864 0.000677082 -0.000964227 -0.0081846 0.000615611 0.0119767 -0.0317984 0.00823126 0.0193578 0.00786139 -0.00575677 -0.0162 0.0228272 -0.00184798 0.0103631 -0.0293139 0.0442231 -0.0453941 -0.0500737
internal_weight=0.379377 0.360187 0.336606 0.321106 0.17987 0.131037 0.0894302 0.0488337 0.141236 0.0786639 0.0537929 0.0625718 0.0458283 0.0167436 0.0655513 0.040264 0.0235811 0.024871 0.0364627 0.0247113
internal_count=523 488 445 414 213 138 106 75 201 112 53 89 47 42 92 53 43 59 59 40
is_linear=0
shrinkage=0.05


Tree=297
num_leaves=23
num_cat=0
split_feature=162 39 111 47 3 87 84 97 87 130 95 101 370 127 338 3 75 75 75 3 91 60
split_gain=0.00542137 0.00893634 0.00788999 0.0102593 0.00774465 0.00663399 0.010279 0.0123202 0.0100457 0.00869386 0.00902679 0.0092349 0.00852839 0.00532824 0.0269783 0.00530179 0.00439913 0.00771421 0.000642031 0.000296453 5.61134e-09 3.62914e-09
threshold=1.5000000000000002 1.6774422705885661 1.0000000180025095e-35 19.898349012255593 -1.5857253086419754 17.596197779267197 5.1691507591072261 25.941416100246578 12.540004628086864 0.7195900000000004 7.5372818907472796 6.0381281887755103 1.0000000180025095e-35 1.0000000180025095e-35 1.0000000180025095e-35 -0.58769745747119051 26.763162780018003 47.165198898322565 23.348127148384545 -1.0284041687662719 6.9857045911839082 31.580624622634712
decision_type=2 2 2 2 2 2 2 2 2 2 2 2 2 2 2 2 2 2 2 2 2 2
left_child=1 4 3 15 -1 8 -7 12 9 -4 13 -12 -8 14 -11 -3 -16 -18 -17 -13 -6 -21
right_child=-2 2 5 -5 20 6 7 -9 -10 10 11 19 -14 -15 16 18 17 -19 -20 21 -22 -23
leaf_value=0.0093754860754021521 0.024788063231020802 0.0056046567376636484 -0.038675830556867907 -0.015626121716166931 -0.050017778436924711 0.042437983622564922 -0.0049199090294355652 -0.03142021917545515 -0.045000081126292196 0.050400929262078599 -0.021170018988504638 0.035727031164962612 0.035161316415820008 -0.02315972906549247 -0.036178287371059346 0.034701324110588704 0.017317279999228715 -0.025647008390892092 0.050080121399300265 0.050019407488580941 -0.050078088986720649 0.050072735987290867
leaf_weight=0.0081987303201458417 0.020961859115232073 0.013916888296080288 0.016748967338571674 0.016694200712663587 0.0061242255542310877 0.017533128241211671 0.029862795461667702 0.022148393844872771 0.017077935852285009 0.020311779178882716 0.0071836962470115387 0.0050428956319592518 0.023887970443411177 0.03379254391984432 0.018849226848487888 0.01194254623260349 0.018330855694330239 0.024293660957482643 0.015719472976343241 0.0063331657506751089 0.010416615601570811 0.0064285391490557231
leaf_count=12 38 18 21 18 36 39 20 37 15 11 10 14 35 23 16 15 38 23 29 35 12 8
internal_value=8.74108e-05 -0.0013884 0.000809549 0.017483 -0.0303602 -0.00281824 0.00793273 -3.81709e-05 -0.00857814 -0.00462422 -0.000566857 0.0266831 0.012893 -0.00645837 0.000442384 0.0307765 -0.0160646 -0.00717003 0.0434406 0.0459906 -0.0500558 0.0500463
internal_weight=0.3718 0.350838 0.326099 0.0582731 0.0247396 0.267826 0.0934323 0.0758992 0.174393 0.157315 0.140566 0.0249883 0.0537508 0.115578 0.0817855 0.0415789 0.0614737 0.0426245 0.027662 0.0178046 0.0165408 0.0127617
internal_count=523 485 425 80 60 345 131 92 214 199 178 67 55 111 88 62 77 61 44 57 48 43
is_linear=0
shrinkage=0.05


Tree=298
num_leaves=28
num_cat=0
split_feature=2 55 43 130 35 131 22 12 25 127 39 58 26 131 101 39 317 22 0 89 101 89 58 44 68 58 50
split_gain=0.00539869 0.00646565 0.0066899 0.00769146 0.0064593 0.0143506 0.0138909 0.0155697 0.00908202 0.0149403 0.0176577 0.0116146 0.0123872 0.00654175 0.00537356 0.00480969 0.00477175 0.00945216 0.000898857 0.000483295 3.40222e-09 1.92657e-09 5.46543e-10 2.83953e-10 1.61787e-10 4.15872e-11 3.34673e-11
threshold=0.4763595559427391 5.1000446670203816 23.397118359098375 0.34985000000000416 6.0416144612067146 70.266650000000041 2.3436750001421003 -0.50767879912583036 -0.90427117930552459 1.0000000180025095e-35 3.7580656735947522 43.697723819385985 3.1500191140725877 60.14355000000004 4.5776715361411489 2.4291921033908119 1.0000000180025095e-35 2.2241221112062868 11.558759400183954 18.372272789678174 7.6028538594330621 24.954677662647729 24.962114263118419 5.8496468502367955 41.846536449500071 37.061647263480346 6.3687076904403321
decision_type=2 2 2 2 2 2 8 10 10 2 2 2 2 2 2 2 2 10 2 2 2 2 2 2 2 2 2
left_child=1 4 3 -3 5 13 7 -6 -8 10 -10 -12 -13 -1 -9 -2 -7 -18 -5 -16 -17 -21 -23 -22 -24 -26 -27
right_child=15 2 -4 18 6 16 8 14 9 -11 11 12 -14 -15 19 20 17 -19 -20 21 23 22 24 -25 25 26 -28
leaf_value=-0.010762656202538905 -0.0049342245659556513 -0.0076867225466076428 -0.012840527194233174 0.028667404156720235 -0.026035962460871406 -0.048082410769751838 -0.031972754890539544 -0.007909497795802382 0.040463640785372831 -0.026743369451426836 -0.046965241981103148 -0.018686739114315381 0.034456254684923047 0.036037373530126399 0.033752471146388505 0.050077621732538248 -0.044375983304319105 0.0026915864822673759 0.050038552997545761 0.050051170365029096 0.050030735190148889 0.050037398362174051 0.050026349660353776 0.050008298373542641 0.050018327405209277 0.050007657570161436 0.050015506347880795
leaf_weight=0.014301720058028877 0.0066446023483877062 0.010559534865024034 0.014438400103244931 0.0070059487843536763 0.011798984502092935 0.020628120641049463 0.028307969718298409 0.0051016826764680437 0.031779803968674969 0.038381302205380052 0.013292920690219034 0.023260257160472975 0.020744850748997123 0.015624440908140969 0.0054836530416650922 0.0042129966313950717 0.019650937319966033 0.023330618125328328 0.016525742478734173 0.0094493550350307487 0.002558328997110948 0.0048774397255328941 0.0037946748052490884 0.0031420213581441203 0.0034368432980045327 0.0029214703381512663 0.0025381494406246929
leaf_count=36 12 12 23 9 11 19 22 8 26 12 20 33 27 13 13 5 13 30 38 14 7 11 9 38 17 32 13
internal_value=8.829e-05 -0.00124179 0.0156853 0.0277666 -0.00399188 -0.0148814 0.000972602 0.0240743 -0.00635421 -0.000664468 0.0105722 -0.00600673 0.00636589 0.0136716 0.0397977 0.0279813 -0.0283146 -0.0188275 0.0436758 0.0472861 0.0500435 0.050033 0.0500232 0.0500184 0.0500177 0.050014 0.0500113
internal_weight=0.363793 0.347235 0.0485296 0.0340912 0.298705 0.0935358 0.205169 0.0494023 0.155767 0.127459 0.0890778 0.057298 0.0440051 0.0299262 0.0376033 0.0165579 0.0636097 0.0429816 0.0235317 0.0325016 0.00991335 0.0270179 0.0175686 0.00570035 0.0126911 0.00889646 0.00545962
internal_count=523 461 82 59 379 111 268 128 140 118 106 80 60 49 117 62 62 43 47 109 50 96 82 45 71 62 45
is_linear=0
shrinkage=0.05


Tree=299
num_leaves=20
num_cat=0
split_feature=28 48 140 23 115 25 8 57 4 99 35 22 11 24 62 6 3 19 45
split_gain=0.00518808 0.00684018 0.00823835 0.00752759 0.0108274 0.00872457 0.00735816 0.0129808 0.00856139 0.00688453 0.0078904 0.0109269 0.00853167 0.00583349 0.00553543 0.00520894 0.00419186 0.00207122 0.00137414
threshold=1211.550602076527 29.084189425067446 1.0000000180025095e-35 -2.34634710865422 2.5000000000000004 0.049405213977426622 474.12414144804501 44.090639895576153 0.47293169013999709 4.8292947131642485 5.6186065426416603 2.3501793070378767 0.16525157444268251 5.9164563895151909 17.088375571743082 411.9675000000002 -0.37161300049557616 9.8982809901487787 3.8455608608933516
decision_type=2 2 2 10 2 10 2 2 2 2 2 10 10 10 2 2 2 8 2
left_child=1 2 3 5 13 6 7 8 -1 10 -10 15 -13 -5 -2 -12 -7 -4 -9
right_child=14 -3 17 4 -6 16 -8 18 9 -11 11 12 -14 -15 -16 -17 -18 -19 -20
leaf_value=0.03315176628749137 0.050043668528549225 0.033359260468223149 -0.016658335277876097 -0.0045926541498239343 0.019056639654721999 0.0074569357415424729 -0.025496471987167368 0.021601924536381305 -0.034409944286168795 0.021080648707003241 0.050030173504516842 0.00086796517971072748 -0.031238830677510234 -0.04403017694588799 0.0017626262922481933 0.00032392895037086595 0.050082094395149948 -0.050041057220481369 0.050058485024279502
leaf_weight=0.01629890446747595 0.010373291755968239 0.013465621595969424 0.0083977161630173214 0.014258351203807251 0.014966123188514757 0.010116951878444524 0.025551761906172032 0.0061303016391320844 0.025138549513940234 0.021903396090237948 0.012233950545123662 0.055355115116981324 0.033041310424550829 0.027387399831695802 0.013880214429264015 0.0092602399854513351 0.013417319734799094 0.010401832629213459 0.013775034872196557
leaf_count=19 24 24 11 28 20 16 27 16 31 28 32 27 31 37 36 15 35 29 37
internal_value=9.0436e-05 -0.00154469 -0.00302439 -0.0010047 -0.0174195 0.00283174 -0.000281204 0.00305474 -0.00133925 -0.00492146 -0.00913932 -0.00335842 -0.0111331 -0.0305279 0.0224126 0.0286155 0.0317583 -0.0351291 0.0412946
internal_weight=0.355353 0.3311 0.317634 0.298835 0.0566119 0.242223 0.218689 0.193137 0.173231 0.156933 0.135029 0.109891 0.0883964 0.0416458 0.0242535 0.0214942 0.0235343 0.0187995 0.0199053
internal_count=523 463 439 399 85 314 263 236 183 164 136 105 58 65 60 47 51 40 53
is_linear=0
shrinkage=0.05


end of trees

feature_importances:
MinEStateIndex=173
MolLogP=164
Chi4n=131
NumUnspecifiedAtomStereoCenters=124
BCUT2D_CHGHI=121
qed=119
MinAbsEStateIndex=116
VSA_EState6=116
BCUT2D_LOGPLOW=109
VSA_EState3=109
VSA_EState5=109
BCUT2D_LOGPHI=102
VSA_EState8=101
MinPartialCharge=100
FpDensityMorgan2=99
MaxPartialCharge=93
TPSA=93
PEOE_VSA8=91
VSA_EState2=87
SMR_VSA7=86
VSA_EState7=84
EState_VSA4=83
EState_VSA8=83
FpDensityMorgan3=82
BCUT2D_CHGLO=82
BCUT2D_MRLOW=82
VSA_EState4=81
BertzCT=79
PEOE_VSA1=78
BCUT2D_MRHI=75
FpDensityMorgan1=72
AvgIpc=72
VSA_EState1=72
MaxAbsEStateIndex=71
EState_VSA3=70
maccs_138=69
SlogP_VSA2=67
EState_VSA5=65
PEOE_VSA9=64
SMR_VSA6=64
EState_VSA10=61
fr_aryl_methyl=61
BCUT2D_MWHI=59
Chi2v=58
BalabanJ=57
EState_VSA2=56
Chi2n=55
SMR_VSA5=55
EState_VSA6=55
PEOE_VSA2=54
PEOE_VSA7=54
EState_VSA9=52
SPS=51
Kappa2=51
PEOE_VSA12=49
Chi3n=48
PEOE_VSA10=48
Chi0v=47
MolMR=47
MaxAbsPartialCharge=46
BCUT2D_MWLOW=46
PEOE_VSA6=46
Chi1=45
SlogP_VSA3=45
SMR_VSA10=44
HallKierAlpha=43
EState_VSA1=43
Kappa3=41
SlogP_VSA1=40
PEOE_VSA4=38
SlogP_VSA5=37
fr_halogen=37
Chi1v=36
Chi4v=36
Kappa1=35
VSA_EState9=35
Chi0n=34
Chi1n=34
SMR_VSA1=34
FractionCSP3=34
SMR_VSA3=33
SlogP_VSA6=32
EState_VSA7=32
fr_bicyclic=29
Chi3v=28
fr_COO=28
maccs_108=28
fr_Ndealkylation1=27
SlogP_VSA10=25
Phi=23
Ipc=21
SlogP_VSA4=21
fr_allylic_oxid=21
MolWt=18
NumValenceElectrons=17
NOCount=17
fr_C_O=17
Chi0=16
PEOE_VSA3=16
maccs_100=16
VSA_EState10=15
NumHAcceptors=15
maccs_129=15
LabuteASA=14
PEOE_VSA11=14
NumAliphaticRings=14
NumHDonors=14
NumRotatableBonds=14
NumSaturatedCarbocycles=14
maccs_115=14
SMR_VSA4=13
SMR_VSA9=13
maccs_81=13
NHOHCount=12
MinAbsPartialCharge=11
maccs_86=11
ExactMolWt=10
SlogP_VSA8=10
maccs_132=10
maccs_149=9
maccs_153=9
maccs_155=9
maccs_80=8
PEOE_VSA13=7
SlogP_VSA12=7
NumAromaticCarbocycles=7
maccs_52=7
maccs_150=7
HeavyAtomMolWt=6
NumHeterocycles=6
RingCount=6
fr_NH1=6
maccs_38=6
maccs_96=6
maccs_123=6
maccs_147=6
NumSaturatedRings=5
fr_ether=5
maccs_62=5
maccs_74=5
maccs_93=5
maccs_94=5
maccs_97=5
maccs_113=5
NumAliphaticCarbocycles=4
NumHeteroatoms=4
NumSaturatedHeterocycles=4
fr_NH0=4
fr_methoxy=4
maccs_83=4
maccs_85=4
maccs_91=4
maccs_118=4
maccs_142=4
maccs_148=4
maccs_160=4
NumAromaticRings=3
NumAtomStereoCenters=3
fr_Al_OH=3
maccs_77=3
maccs_95=3
maccs_101=3
maccs_112=3
maccs_124=3
maccs_126=3
maccs_128=3
maccs_136=3
maccs_141=3
PEOE_VSA14=2
SlogP_VSA11=2
NumAliphaticHeterocycles=2
NumAmideBonds=2
NumAromaticHeterocycles=2
fr_Ar_N=2
fr_imidazole=2
maccs_49=2
maccs_54=2
maccs_82=2
maccs_88=2
maccs_89=2
maccs_98=2
maccs_104=2
maccs_105=2
maccs_109=2
maccs_116=2
maccs_125=2
maccs_139=2
maccs_144=2
maccs_146=2
maccs_159=2
PEOE_VSA5=1
fr_C_O_noCOO=1
fr_NH2=1
fr_para_hydroxylation=1
fr_pyridine=1
maccs_57=1
maccs_66=1
maccs_75=1
maccs_79=1
maccs_87=1
maccs_90=1
maccs_92=1
maccs_99=1
maccs_106=1
maccs_114=1
maccs_117=1
maccs_119=1
maccs_120=1
maccs_121=1
maccs_122=1
maccs_127=1
maccs_133=1
maccs_145=1
maccs_151=1
maccs_157=1

parameters:
[boosting: gbdt]
[objective: binary]
[metric: binary_logloss]
[tree_learner: serial]
[device_type: cpu]
[data_sample_strategy: bagging]
[data: ]
[valid: ]
[num_iterations: 300]
[learning_rate: 0.05]
[num_leaves: 31]
[num_threads: 0]
[seed: 0]
[deterministic: 0]
[force_col_wise: 0]
[force_row_wise: 0]
[histogram_pool_size: -1]
[max_depth: -1]
[min_data_in_leaf: 20]
[min_sum_hessian_in_leaf: 0.001]
[bagging_fraction: 1]
[pos_bagging_fraction: 1]
[neg_bagging_fraction: 1]
[bagging_freq: 0]
[bagging_seed: 7719]
[bagging_by_query: 0]
[feature_fraction: 1]
[feature_fraction_bynode: 1]
[feature_fraction_seed: 2437]
[extra_trees: 0]
[extra_seed: 11797]
[early_stopping_round: 0]
[early_stopping_min_delta: 0]
[first_metric_only: 0]
[max_delta_step: 0]
[lambda_l1: 0]
[lambda_l2: 0]
[linear_lambda: 0]
[min_gain_to_split: 0]
[drop_rate: 0.1]
[max_drop: 50]
[skip_drop: 0.5]
[xgboost_dart_mode: 0]
[uniform_drop: 0]
[drop_seed: 21238]
[top_rate: 0.2]
[other_rate: 0.1]
[min_data_per_group: 100]
[max_cat_threshold: 32]
[cat_l2: 10]
[cat_smooth: 10]
[max_cat_to_onehot: 4]
[top_k: 20]
[monotone_constraints: ]
[monotone_constraints_method: basic]
[monotone_penalty: 0]
[feature_contri: ]
[forcedsplits_filename: ]
[refit_decay_rate: 0.9]
[cegb_tradeoff: 1]
[cegb_penalty_split: 0]
[cegb_penalty_feature_lazy: ]
[cegb_penalty_feature_coupled: ]
[path_smooth: 0]
[interaction_constraints: ]
[verbosity: -1]
[saved_feature_importance_type: 0]
[use_quantized_grad: 0]
[num_grad_quant_bins: 4]
[quant_train_renew_leaf: 0]
[stochastic_rounding: 1]
[linear_tree: 0]
[max_bin: 255]
[max_bin_by_feature: ]
[min_data_in_bin: 3]
[bin_construct_sample_cnt: 200000]
[data_random_seed: 38]
[is_enable_sparse: 1]
[enable_bundle: 1]
[use_missing: 1]
[zero_as_missing: 0]
[feature_pre_filter: 1]
[pre_partition: 0]
[two_round: 0]
[header: 0]
[label_column: ]
[weight_column: ]
[group_column: ]
[ignore_column: ]
[categorical_feature: ]
[forcedbins_filename: ]
[precise_float_parser: 0]
[parser_config_file: ]
[objective_seed: 8855]
[num_class: 1]
[is_unbalance: 0]
[scale_pos_weight: 1]
[sigmoid: 1]
[boost_from_average: 1]
[reg_sqrt: 0]
[alpha: 0.9]
[fair_c: 1]
[poisson_max_delta_step: 0.7]
[tweedie_variance_power: 1.5]
[lambdarank_truncation_level: 30]
[lambdarank_norm: 1]
[label_gain: ]
[lambdarank_position_bias_regularization: 0]
[eval_at: ]
[multi_error_top_k: 1]
[auc_mu_weights: ]
[num_machines: 1]
[local_listen_port: 12400]
[time_out: 120]
[machine_list_filename: ]
[machines: ]
[gpu_platform_id: -1]
[gpu_device_id: -1]
[gpu_device_id_list: ]
[gpu_use_dp: 0]
[num_gpu: 1]

end of parameters

pandas_categorical:[]
