tree
version=v4
num_class=1
num_tree_per_iteration=1
label_index=0
max_feature_idx=383
objective=regression
feature_names=MaxAbsEStateIndex MaxEStateIndex MinAbsEStateIndex MinEStateIndex qed SPS MolWt HeavyAtomMolWt ExactMolWt NumValenceElectrons NumRadicalElectrons MaxPartialCharge MinPartialCharge MaxAbsPartialCharge MinAbsPartialCharge FpDensityMorgan1 FpDensityMorgan2 FpDensityMorgan3 BCUT2D_MWHI BCUT2D_MWLOW BCUT2D_CHGHI BCUT2D_CHGLO BCUT2D_LOGPHI BCUT2D_LOGPLOW BCUT2D_MRHI BCUT2D_MRLOW AvgIpc BalabanJ BertzCT Chi0 Chi0n Chi0v Chi1 Chi1n Chi1v Chi2n Chi2v Chi3n Chi3v Chi4n Chi4v HallKierAlpha Ipc Kappa1 Kappa2 Kappa3 LabuteASA PEOE_VSA1 PEOE_VSA10 PEOE_VSA11 PEOE_VSA12 PEOE_VSA13 PEOE_VSA14 PEOE_VSA2 PEOE_VSA3 PEOE_VSA4 PEOE_VSA5 PEOE_VSA6 PEOE_VSA7 PEOE_VSA8 PEOE_VSA9 SMR_VSA1 SMR_VSA10 SMR_VSA2 SMR_VSA3 SMR_VSA4 SMR_VSA5 SMR_VSA6 SMR_VSA7 SMR_VSA8 SMR_VSA9 SlogP_VSA1 SlogP_VSA10 SlogP_VSA11 SlogP_VSA12 SlogP_VSA2 SlogP_VSA3 SlogP_VSA4 SlogP_VSA5 SlogP_VSA6 SlogP_VSA7 SlogP_VSA8 SlogP_VSA9 TPSA EState_VSA1 EState_VSA10 EState_VSA11 EState_VSA2 EState_VSA3 EState_VSA4 EState_VSA5 EState_VSA6 EState_VSA7 EState_VSA8 EState_VSA9 VSA_EState1 VSA_EState10 VSA_EState2 VSA_EState3 VSA_EState4 VSA_EState5 VSA_EState6 VSA_EState7 VSA_EState8 VSA_EState9 FractionCSP3 HeavyAtomCount NHOHCount NOCount NumAliphaticCarbocycles NumAliphaticHeterocycles NumAliphaticRings NumAmideBonds NumAromaticCarbocycles NumAromaticHeterocycles NumAromaticRings NumAtomStereoCenters NumBridgeheadAtoms NumHAcceptors NumHDonors NumHeteroatoms NumHeterocycles NumRotatableBonds NumSaturatedCarbocycles NumSaturatedHeterocycles NumSaturatedRings NumSpiroAtoms NumUnspecifiedAtomStereoCenters Phi RingCount MolLogP MolMR fr_Al_COO fr_Al_OH fr_Al_OH_noTert fr_ArN fr_Ar_COO fr_Ar_N fr_Ar_NH fr_Ar_OH fr_COO fr_COO2 fr_C_O fr_C_O_noCOO fr_C_S fr_HOCCN fr_Imine fr_NH0 fr_NH1 fr_NH2 fr_N_O fr_Ndealkylation1 fr_Ndealkylation2 fr_Nhpyrrole fr_SH fr_aldehyde fr_alkyl_carbamate fr_alkyl_halide fr_allylic_oxid fr_amide fr_amidine fr_aniline fr_aryl_methyl fr_azide fr_azo fr_barbitur fr_benzene fr_benzodiazepine fr_bicyclic fr_diazo fr_dihydropyridine fr_epoxide fr_ester fr_ether fr_furan fr_guanido fr_halogen fr_hdrzine fr_hdrzone fr_imidazole fr_imide fr_isocyan fr_isothiocyan fr_ketone fr_ketone_Topliss fr_lactam fr_lactone fr_methoxy fr_morpholine fr_nitrile fr_nitro fr_nitro_arom fr_nitro_arom_nonortho fr_nitroso fr_oxazole fr_oxime fr_para_hydroxylation fr_phenol fr_phenol_noOrthoHbond fr_phos_acid fr_phos_ester fr_piperdine fr_piperzine fr_priamide fr_prisulfonamd fr_pyridine fr_quatN fr_sulfide fr_sulfonamd fr_sulfone fr_term_acetylene fr_tetrazole fr_thiazole fr_thiocyan fr_thiophene fr_unbrch_alkane fr_urea maccs_0 maccs_1 maccs_2 maccs_3 maccs_4 maccs_5 maccs_6 maccs_7 maccs_8 maccs_9 maccs_10 maccs_11 maccs_12 maccs_13 maccs_14 maccs_15 maccs_16 maccs_17 maccs_18 maccs_19 maccs_20 maccs_21 maccs_22 maccs_23 maccs_24 maccs_25 maccs_26 maccs_27 maccs_28 maccs_29 maccs_30 maccs_31 maccs_32 maccs_33 maccs_34 maccs_35 maccs_36 maccs_37 maccs_38 maccs_39 maccs_40 maccs_41 maccs_42 maccs_43 maccs_44 maccs_45 maccs_46 maccs_47 maccs_48 maccs_49 maccs_50 maccs_51 maccs_52 maccs_53 maccs_54 maccs_55 maccs_56 maccs_57 maccs_58 maccs_59 maccs_60 maccs_61 maccs_62 maccs_63 maccs_64 maccs_65 maccs_66 maccs_67 maccs_68 maccs_69 maccs_70 maccs_71 maccs_72 maccs_73 maccs_74 maccs_75 maccs_76 maccs_77 maccs_78 maccs_79 maccs_80 maccs_81 maccs_82 maccs_83 maccs_84 maccs_85 maccs_86 maccs_87 maccs_88 maccs_89 maccs_90 maccs_91 maccs_92 maccs_93 maccs_94 maccs_95 maccs_96 maccs_97 maccs_98 maccs_99 maccs_100 maccs_101 maccs_102 maccs_103 maccs_104 maccs_105 maccs_106 maccs_107 maccs_108 maccs_109 maccs_110 maccs_111 maccs_112 maccs_113 maccs_114 maccs_115 maccs_116 maccs_117 maccs_118 maccs_119 maccs_120 maccs_121 maccs_122 maccs_123 maccs_124 maccs_125 maccs_126 maccs_127 maccs_128 maccs_129 maccs_130 maccs_131 maccs_132 maccs_133 maccs_134 maccs_135 maccs_136 maccs_137 maccs_138 maccs_139 maccs_140 maccs_141 maccs_142 maccs_143 maccs_144 maccs_145 maccs_146 maccs_147 maccs_148 maccs_149 maccs_150 maccs_151 maccs_152 maccs_153 maccs_154 maccs_155 maccs_156 maccs_157 maccs_158 maccs_159 maccs_160 maccs_161 maccs_162 maccs_163 maccs_164 maccs_165 maccs_166
feature_infos=[0:16.783234678130512] [0:16.783234678130512] [0:9.8472222222222214] [-10.657407407407408:7] [0.0089754651414757549:0.94345112569167611] [0:144] [9.0120000000000005:2967.980999999997] [9.0120000000000005:2967.980999999997] [9.0121821999999998:2969.15146026] [0:1076] [0:20] [-1:inf] [-2:2] [0:inf] [0:2] [0.081081081081081086:2] [0.081081081081081086:2.7142857142857144] [0.081081081081081086:3.2727272727272729] [10.811999999999999:127.904] [9.3539328785404621:125.904] [-1:3.5230341659603446] [-3.4315073290608291:0] [-2.996:3.1256981975071207] [-3.8114952861337628:0.86119999999999997] [0:15.019999999999998] [-1.9985006832199728:13.020000000000001] [0:4.3080002063585559] [-4.2049948804189878e-06:7.5173096568196209] [0:7305.156878506541] [0:132.45455775611424] [0:128.77400555747826] [0:128.77400555747826] [0:91.603806212617684] [0:86.658760635391602] [0:86.658760635391602] [0:62.86685097274443] [0:62.86685097274443] [0:43.300373442355514] [0:47.06018531613482] [0:31.174906232972891] [0:86.688826176256654] [-15.780000000000024:7.993376623376629] [0:9.9238347398194315e+60] [0:4869.9980459630269] [-27.040000000000028:4513.3333657781832] [-104.04000000000011:2635924.8999748472] [7.5042281238503303:1165.8254829179602] [0:198.34646473697762] [-0.061901615733403276:195.32692440794565] [0:50.783762952438629] [0:71.380071371837928] [0:40.472507436134215] [0:517.0733062040307] [0:60.685909612593434] [0:69.625790666827655] [0:333.67154362328637] [0:92.807519121860111] [0:1041.9618788216128] [0:444.8823284475933] [0:228.58412035409319] [0:104.92464389538779] [0:517.0733062040307] [0:292.34853902115759] [0:31.571349328430919] [0:99.007020098170329] [0:71.014872553936712] [-0.061901615733403276:975.0761364062397] [0:207.64064006071109] [0:339.25467344274398] none [0:67.877779949885408] [0:248.77988870916238] [0:333.67154362328637] [0:51.745606499555144] [0:159.29943897949349] [-0.061901615733403276:421.05885143490787] [0:317.17029760936481] [0:247.75078035791867] [0:971.49819485902344] [0:334.35751958832515] [0:91.658158951535214] [0:108.24639030190174] none [0:966] [0:298.50219395873069] [0:352.84969235957368] none [0:357.75283081026021] [0:112.41479028993564] [-0.061901615733403276:305.41105742882479] [0:948.27718152598698] [0:272.98651808077233] [0:128.18630241906433] [0:432.16281621236357] [0:139.21127868279015] [-5.5447530864197514:1008.5559638667288] [-57.000000000000007:79.994907407407382] [-14.32262345679012:168.51764163733191] [-9.3163580246913575:264.8759352759663] [-17.285:27.895] [-277.05886772557528:11.510165973936829] [-26.911874999999995:96.977685185185209] [-81.960519630876263:207.6248342787454] [-8.6404014069088095:107.19491750442458] [-37.660706246388401:18.751559586521218] [0:1] [1:185] [0:66] [0:44] [0:8] [0:30] [0:30] [0:11] [0:12] [0:4] [0:12] [0:40] [0:16] [0:40] [0:24] [0:84] [0:30] [0:141] [0:6] [0:30] [0:30] [0:3] [0:40] [-25.958400000000072:594052.0181653914] [0:30] [-40.87319999999999:68.541139999999658] [0:850.64700000000471] [0:7] [0:24] [0:24] [0:4] [0:4] [0:12] [0:4] [0:8] [0:7] [0:7] [0:12] [0:12] [0:2] [0:1] [0:4] [0:30] [0:9] [0:6] [0:6] [0:7] [0:8] [0:4] [0:6] [0:4] [0:2] [0:76] [0:28] [0:11] [0:2] [0:13] [0:10] none [0:6] [0:2] [0:12] none [0:17] none none [0:4] [0:8] [0:16] [0:2] [0:4] [0:76] [0:4] [0:2] [0:2] [0:4] none [0:2] [0:6] [0:6] none [0:2] [0:6] [0:2] [0:4] [0:6] [0:3] [0:3] [0:3] none [0:3] [0:4] [0:8] [0:8] [0:6] [0:2] [0:8] [0:3] [0:2] [0:2] [0:2] [0:4] [0:3] [0:2] [0:3] [0:2] none [0:2] none [0:1] [0:122] [0:4] none none none [0:1] none [0:1] [0:1] [0:1] [0:1] [0:1] [0:1] [0:1] [0:1] [0:1] [0:1] [0:1] [0:1] [0:1] [0:1] [0:1] [0:1] [0:1] [0:1] [0:1] [0:1] [0:1] [0:1] [0:1] [0:1] [0:1] [0:1] [0:1] [0:1] [0:1] [0:1] [0:1] [0:1] [0:1] [0:1] [0:1] [0:1] [0:1] [0:1] [0:1] [0:1] [0:1] [0:1] [0:1] [0:1] [0:1] [0:1] [0:1] [0:1] [0:1] [0:1] [0:1] [0:1] [0:1] [0:1] [0:1] [0:1] [0:1] [0:1] [0:1] [0:1] [0:1] [0:1] [0:1] [0:1] [0:1] [0:1] [0:1] [0:1] [0:1] [0:1] [0:1] [0:1] [0:1] [0:1] [0:1] [0:1] [0:1] [0:1] [0:1] [0:1] [0:1] [0:1] [0:1] [0:1] [0:1] [0:1] [0:1] [0:1] [0:1] [0:1] [0:1] [0:1] [0:1] [0:1] [0:1] [0:1] [0:1] [0:1] [0:1] [0:1] [0:1] [0:1] [0:1] [0:1] [0:1] [0:1] [0:1] [0:1] [0:1] [0:1] [0:1] [0:1] [0:1] [0:1] [0:1] [0:1] [0:1] [0:1] [0:1] [0:1] [0:1] [0:1] [0:1] [0:1] [0:1] [0:1] [0:1] [0:1] [0:1] [0:1] [0:1] [0:1] [0:1] [0:1] [0:1] [0:1] [0:1] [0:1] [0:1] [0:1] [0:1] [0:1] [0:1] [0:1] [0:1] [0:1] [0:1] [0:1] [0:1] [0:1] [0:1] [0:1] [0:1] [0:1] [0:1] [0:1] [0:1] [0:1] [0:1] [0:1] [0:1] [0:1]
tree_sizes=2772 2840 2830 2852 2851 2868 2840 2868 2838 2855 2875 2860 2870 2855 2871 2874 2877 2891 2887 2880 2869 2883 2902 2906 2880 2901 2906 2873 2876 2888 2877 2875 2876 2888 2892 2890 2903 2886 2918 2885 2901 2908 2903 2891 2911 2907 2938 2905 2904 2889 2917 2904 2896 2898 2888 2904 2871 2895 2915 2891 2895 2915 2904 2898 2908 2913 2896 2896 2861 2889 2906 2892 2902 2893 2910 2898 2912 2886 2880 2901 2912 2936 2900 2889 2909 2885 2888 2887 2888 2912 2920 2907 2913 2862 2888 2889 2892 2868 2903 2904 2884 2901 2889 2876 2910 2895 2854 2916 2898 2906 2907 2891 2871 2859 2904 2923 2902 2907 2900 2869 2868 2879 2854 2848 2877 2905 2876 2873 2859 2854 2855 2863 2875 2847 2859 2894 2876 2871 2848 2872 2867 2869 2880 2893 2844 2851 2831 2865 2886 2848 2856 2854 2880 2896 2853 2868 2850 2852 2835 2888 2878 2829 2853 2863 2842 2889 2842 2857 2883 2847 2823 2877 2857 2812 2882 2862 2904 2846 2869 2849 2805 2865 2851 2857 2831 2849 2830 2870 2835 2851 2838 2873 2870 2829 2854 2881 2863 2863 2873 2867 2897 2840 2867 2833 2832 2802 2824 2852 2852 2866 2877 2866 2841 2856 2853 2837 2844 2841 2866 2845 2871 2858 2849 2861 2859 2884 2868 2864 2844 2869 2858 2845 2854 2836 2882 2824 2856 2861 2848 2869 2834 2871 2890 2848 2842 2857 2851 2857 2831 2835 2848 2889 2848 2863 2860 2847 2847 2850 2876 2832 2856 2861 2870 2839 2847 2861 2862 2862 2866 2813 2858 2844 2840 2818 2880 2884 2843 2838 2877 2882 2868 2852 2824 2851 2837 2843 2872 2858 2879 2864 2864 2861 2841 2856 2875 2817 2836 2866 2918 2855

Tree=0
num_leaves=31
num_cat=0
split_feature=130 130 130 105 14 130 28 42 30 7 96 27 130 130 41 53 78 252 52 328 28 130 215 104 11 104 130 97 353 319
split_gain=19808.7 3500.92 1978.16 1447.63 1012.7 540.242 488.661 461.247 410.909 496.034 373.771 210.053 190.308 172.902 172.37 134.172 122.907 110.684 139.693 104.161 99.2983 98.9951 92.6482 91.1569 87.7846 86.7827 86.6883 85.5643 79.2261 78.9116
threshold=2.7709500000000018 5.128900000000006 1.4700500000000003 0.47493734335839605 1.5000000000000002 3.5438000000000023 480.70719112229261 415.1938434344998 0.69329129938676926 130.08400000000003 25.217761937236183 6.9699847774111806e-06 2.2047000000000003 0.59859000000000018 -1.9299999999999988 14.767786340419407 24.843444538854168 1.0000000180025095e-35 53.002060280628747 1.0000000180025095e-35 516.41209428233094 4.2829400000000044 9.5000000000000018 -9.5148858085684136 1.0499536332980961 -1.0000000180025095e-35 6.8489000000000049 2.8945833333333337 1.0000000180025095e-35 1.0000000180025095e-35
decision_type=2 2 2 2 8 2 2 2 2 2 2 2 2 2 2 2 2 2 2 2 2 2 2 2 10 2 2 2 2 2
left_child=2 5 3 4 8 20 12 13 -1 24 11 22 -4 28 23 19 -9 18 -16 21 -2 -7 -3 -11 -10 -23 -12 -8 -5 -13
right_child=1 10 6 7 -6 15 27 16 9 14 26 29 -14 -15 17 -17 -18 -19 -20 -21 -22 25 -24 -25 -26 -27 -28 -29 -30 -31
leaf_value=-2.8859864238529842 -2.794474209700764 -2.8225811046762899 -2.7187619042184825 -2.6005376928244641 -2.8733100544604766 -2.8498546052106217 -2.7302941889174499 -2.6652896419037559 -2.64091713847065 -2.6784806637099297 -2.9820955950990382 -2.9634319968912908 -2.7540887521945829 -2.655072390327593 -2.7054337444979879 -2.9331827594439543 -2.7134499616817624 -2.6550852065321471 -2.8393889637940761 -2.8177439596170597 -2.8328532984192449 -2.8052011408708832 -2.9301962911241883 -2.7467381792645456 -2.7442560131752129 -2.8964450896438514 -3.0645844784921898 -2.8003252102797616 -2.6378431536923923 -2.9100484809556244
leaf_weight=31 566 45 924 421 95 468 49 302 312 55 49 514 649 401 724 61 236 109 20 145 240 29 36 442 22 257 91 397 215 80
leaf_count=31 566 45 924 421 95 468 49 302 312 55 49 514 649 401 724 61 236 109 20 145 240 29 36 442 22 257 91 397 215 80
internal_value=-2.76169 -2.87564 -2.70727 -2.6839 -2.7144 -2.83608 -2.74644 -2.64885 -2.7056 -2.70228 -2.96136 -2.94594 -2.73334 -2.62936 -2.71578 -2.86142 -2.68642 -2.70214 -2.70903 -2.85655 -2.8059 -2.86402 -2.87041 -2.73918 -2.64772 -2.88719 -3.03571 -2.79263 -2.61315 -2.95624
internal_weight=7985 2581 5404 3385 1810 1766 2019 1575 1715 1684 815 675 1573 1037 1350 960 538 853 744 899 806 754 81 497 334 286 140 446 636 594
internal_count=7985 2581 5404 3385 1810 1766 2019 1575 1715 1684 815 675 1573 1037 1350 960 538 853 744 899 806 754 81 497 334 286 140 446 636 594
is_linear=0
shrinkage=1


Tree=1
num_leaves=31
num_cat=0
split_feature=130 130 130 105 14 130 131 28 30 28 80 13 319 130 256 130 28 28 6 41 94 97 78 41 53 365 128 27 97 27
split_gain=17877.4 3159.58 1790.93 1314.43 904.451 490.069 450.396 417.983 365.898 463.651 339.433 198.36 181.764 157.986 145.905 143.77 136.177 133.093 117.608 102.005 98.9472 95.4781 86.7456 86.3959 83.4992 86.0516 93.1849 79.5571 78.8695 87.8048
threshold=2.7709500000000018 5.128900000000006 1.5676500000000002 0.47493734335839605 1.5000000000000002 3.8819900000000036 45.080100000000009 480.70719112229261 0.69329129938676926 274.51130826601116 18.694002091210937 1.0499536332980961 1.0000000180025095e-35 0.59859000000000018 1.0000000180025095e-35 2.2047000000000003 524.84952460524471 634.89108065952757 111.11150000000002 -1.2549999999999997 72.902323706576325 2.2126476284958434 25.545796891019659 -2.4049999999999985 14.814318663777145 1.0000000180025095e-35 8.5272715875279008 6.9699847774111806e-06 24.91458695587448 -3.7142856257780645e-08
decision_type=2 2 2 2 8 2 2 2 2 2 2 10 2 2 2 2 2 2 2 2 2 2 2 2 2 2 2 2 2 2
left_child=2 5 3 4 8 16 13 15 -1 11 12 18 -3 19 17 -4 -2 -11 -10 -5 -12 -8 -23 -9 25 -7 -27 -14 29 -13
right_child=1 10 7 6 -6 24 21 23 9 14 20 28 27 -15 -16 -17 -18 -19 -20 -21 -22 22 -24 -25 -26 26 -28 -29 -30 -31
leaf_value=-0.11808138331097942 -0.037801590090752915 -0.184170904584952 0.038964634172791397 0.077094565778970725 -0.10603882989405018 -0.11115467616229815 0.11453958087541322 -0.059232605251381333 0.13299349351052911 0.037165901008828481 -0.22818633444718461 0.14281796756244841 -0.033809926257003096 0.10010724486517056 0.07442828199369976 0.0072214036835723475 -0.075890152305418915 -0.0087225067500928833 0.084178177512206742 0.14544462555388282 -0.31250229439836869 0.07986618197287329 0.036286108818094027 -0.013001218792664294 -0.16900600726189821 -0.089464569511848877 -0.0041554836669891347 -0.13646823740624764 -0.042921973126275201 0.02714696482568979
leaf_weight=31 743 532 792 60 95 447 94 173 188 713 134 21 25 420 197 649 343 203 359 605 47 241 217 243 46 146 41 77 28 75
leaf_count=31 743 532 792 60 95 447 94 173 188 713 134 21 25 420 197 649 343 203 359 605 47 241 217 243 46 146 41 77 28 75
internal_value=-1.9327e-10 -0.108255 0.0517036 0.0725306 0.0443523 -0.0706736 0.105408 0.0119225 0.052224 0.0551834 -0.189689 0.0880121 -0.172448 0.124115 0.0353917 0.0246681 -0.0498314 0.0269963 0.100956 0.139278 -0.250081 0.0686387 0.059218 -0.0322273 -0.10396 -0.0992403 -0.0707604 -0.111307 0.0309144 0.05245
internal_weight=7985 2581 5404 3547 1910 1766 1637 1857 1815 1784 815 671 634 1085 1113 1441 1086 916 547 665 181 552 458 416 680 634 187 102 124 96
internal_count=7985 2581 5404 3547 1910 1766 1637 1857 1815 1784 815 671 634 1085 1113 1441 1086 916 547 665 181 552 458 416 680 634 187 102 124 96
is_linear=0
shrinkage=0.05


Tree=2
num_leaves=31
num_cat=0
split_feature=130 130 130 105 14 42 28 20 43 96 130 41 130 130 252 27 52 353 130 97 104 97 128 43 131 28 71 53 13 130
split_gain=16145.4 2382.45 2141.22 1175.58 808.257 404.506 398.838 332.688 335.397 308.783 242.357 240.739 219.886 210.693 186.123 179.344 124.205 107.852 104.122 91.5544 85.0902 83.1086 81.046 74.4093 73.5059 95.8933 78.1791 73.3402 76.9208 73.1718
threshold=3.1249500000000019 1.6733500000000001 5.128900000000006 0.47493734335839605 1.5000000000000002 914.56781808209962 485.83252928036643 1.9049875622555861 2.8184415584415583 25.217761937236183 3.9094000000000033 -1.8949999999999994 2.426400000000001 0.57830000000000004 1.0000000180025095e-35 6.9699847774111806e-06 53.002060280628747 1.0000000180025095e-35 -1.4168299999999976 32.164589635784729 -8.0971326920851148 8.9864994331065784 39.894095108156172 20.366867744327461 13.268050000000004 253.79101943130249 23.971885365688696 14.814318663777145 0.19467048092161829 6.8489000000000049
decision_type=2 2 2 2 8 2 2 8 2 2 2 2 2 2 2 2 2 2 2 2 2 2 2 2 2 2 2 2 8 2
left_child=1 3 10 4 7 13 12 -1 -9 15 19 20 -3 17 16 22 24 -5 -7 -2 -10 -8 -4 -16 26 -26 -13 28 -12 -11
right_child=2 6 9 5 -6 18 21 8 11 29 27 14 -14 -15 23 -17 -18 -19 -20 -21 -22 -23 -24 -25 25 -27 -28 -29 -30 -31
leaf_value=0.10360082212943754 -0.053714375676951004 0.029093783877967863 -0.065855016894796392 0.14565176727250218 -0.10073689124252844 0.10297187175307619 0.0042634010199726242 -0.12493266671895982 0.069767358442565999 -0.19852226878307305 -0.14579892247470458 -0.036819705963981424 -0.0085924132318186495 0.08923240183105878 0.13497871951181062 -0.17570588242384899 -0.073972391113638888 0.10582477335619744 0.04381986556190498 -0.13899062931198966 0.010563882767908379 -0.047154865656632954 -0.1783002300865271 0.063133337404252143 0.084208552303357373 0.045638110883487001 0.082404367588460453 -0.16145015438397725 -0.088980924671403533 -0.27430793243450124
leaf_weight=241 681 928 59 440 95 95 97 30 69 49 67 44 664 555 98 594 20 277 343 33 504 414 22 57 221 595 20 45 537 91
leaf_count=241 681 928 59 440 95 95 97 30 69 49 67 44 664 555 98 594 20 277 343 33 504 414 22 57 221 595 20 45 537 91
internal_value=4.03062e-11 0.0435422 -0.116093 0.067674 0.0415887 0.0980917 0.00103904 0.0487087 0.0407298 -0.180205 -0.0777569 0.0437826 0.0133754 0.112362 0.0579525 -0.166189 0.049237 0.130265 0.0566496 -0.0576557 0.0176931 -0.0373945 -0.0963957 0.108558 0.0520373 0.0560843 0.000437817 -0.0998714 -0.0952836 -0.247783
internal_weight=7985 5807 2178 3704 1994 1710 2103 1899 1658 815 1363 1628 1592 1272 1055 675 900 717 438 714 573 511 81 155 880 816 64 649 604 140
internal_count=7985 5807 2178 3704 1994 1710 2103 1899 1658 815 1363 1628 1592 1272 1055 675 900 717 438 714 573 511 81 155 880 816 64 649 604 140
is_linear=0
shrinkage=0.05


Tree=3
num_leaves=31
num_cat=0
split_feature=130 130 22 130 14 41 30 130 80 130 41 41 104 62 18 36 130 11 28 51 365 94 130 41 13 28 130 20 303 98
split_gain=14598.7 2617.65 1439.93 653.365 708.892 502.06 486.436 417.845 348.997 335.81 244.421 212.697 206.341 206 133.421 119.671 109.581 125.258 104.719 98.8624 89.9006 83.3318 82.9545 81.9386 81.9075 78.3594 75.6089 97.4381 74.2068 71.0743
threshold=2.7506500000000016 4.756400000000002 1.9768451529338948 1.8432500000000001 1.5000000000000002 -1.3649999999999995 1.061196498345389 1.2404000000000002 18.694002091210937 3.5128000000000021 -2.4049999999999985 -1.2549999999999997 -3.5237847222222221 22.061770152701154 16.630475511686665 2.1213025581228453 1.4700500000000003 2.5000000000000004 670.60891784968589 5.5490960737176769 1.0000000180025095e-35 72.902323706576325 0.7945000000000001 -2.1583116883116871 0.4740074196015594 288.16809650042541 -0.018500000000000513 2.746126853297659 1.0000000180025095e-35 3.4220617205215427
decision_type=2 2 8 2 8 2 2 2 2 2 2 2 2 2 10 2 2 10 2 2 2 2 2 2 10 2 2 8 2 2
left_child=2 9 7 4 5 14 -7 11 12 23 -5 -1 -3 16 -4 -6 17 26 20 28 29 -10 -13 -2 -25 -12 -8 -28 -11 -14
right_child=1 8 3 10 15 6 13 -9 21 19 25 22 18 -15 -16 -17 -18 -19 -20 -21 -22 -23 -24 24 -26 -27 27 -29 -30 -31
leaf_value=0.059350220792877828 -0.070512213369187934 -0.032078159383187692 0.039005348355740502 -0.060101217604085891 -0.11160041315929047 -0.10746296286784314 0.11454942835870402 0.043003692480111266 -0.20600482945323645 -0.081336694184200253 0.02368672905882873 0.13294394208301058 -0.16570646182591234 0.042226083411734769 0.0038144097013241909 0.012067845504945862 0.054746498913033105 0.00048070361509042631 -0.17713647742342475 -0.12452101486555317 -0.093887102109997456 -0.28316176749290306 0.091455016775350825 -0.039315169136020907 0.00078982955364640382 -0.0024351469447464942 0.089488245464283342 -0.02338225103914738 -0.038328036698786649 -0.11426428593303029
leaf_weight=152 144 36 976 134 79 37 389 279 137 638 603 581 229 341 372 26 215 34 302 114 89 47 152 490 172 548 435 20 119 95
leaf_count=152 144 36 976 134 79 37 389 279 137 638 603 581 229 341 372 26 215 34 302 114 89 47 152 490 172 548 435 20 119 95
internal_value=2.95296e-11 -0.0969643 0.0471377 0.0335257 0.0465851 0.0513365 0.0715359 0.0963581 -0.163999 -0.0595895 0.0038094 0.113178 -0.148879 0.0761544 0.0292939 -0.0809778 0.0867395 0.0945738 -0.15476 -0.0811128 -0.138397 -0.225713 0.124341 -0.0363304 -0.0288951 0.0112499 0.0983643 0.0845269 -0.0745758 -0.150623
internal_weight=7985 2612 5373 4209 2924 2819 1471 1164 935 1677 1285 885 751 1434 1348 105 1093 878 715 871 413 184 733 806 662 1151 844 455 757 324
internal_count=7985 2612 5373 4209 2924 2819 1471 1164 935 1677 1285 885 751 1434 1348 105 1093 878 715 871 413 184 733 806 662 1151 844 455 757 324
is_linear=0
shrinkage=0.05


Tree=4
num_leaves=31
num_cat=0
split_feature=130 130 130 105 14 130 28 28 30 7 18 27 130 130 41 53 130 328 11 71 215 130 46 41 13 24 97 130 28 104
split_gain=13175.3 2369.85 1299.94 964.227 681.689 380.994 358.837 335.174 289.226 336.224 256.444 145.388 131.247 114.006 113.701 106.793 102.508 85.4684 83.2627 84.9348 80.1656 79.7565 77.4876 73.9496 75.945 72.1768 70.432 69.3394 67.5853 67.4295
threshold=2.7506500000000016 5.128900000000006 1.4146500000000002 0.47493734335839605 1.5000000000000002 3.5128000000000021 480.70719112229261 137.42943078911654 0.69329129938676926 130.08400000000003 35.499941875023623 6.9699847774111806e-06 2.2047000000000003 0.62779000000000029 -1.9799999999999993 14.767786340419407 -1.1661499999999998 1.0000000180025095e-35 2.5000000000000004 20.46037769471776 9.5000000000000018 4.2829400000000044 79.798406340837928 -2.1583116883116871 0.50740122707597679 7.0965131418163709 2.8945833333333337 6.8489000000000049 217.05577263826575 -9.5148858085684136
decision_type=2 2 2 2 8 2 2 2 2 2 10 2 2 2 2 2 2 2 10 2 2 2 2 2 10 8 2 2 2 2
left_child=2 5 3 4 8 23 12 13 -1 -10 11 20 28 -5 29 17 -9 21 19 -16 -3 -7 -18 -2 -25 -23 -8 -12 -4 -11
right_child=1 10 6 7 -6 15 26 16 9 14 27 -13 -14 -15 18 -17 22 -19 -20 -21 -22 25 -24 24 -26 -27 -28 -29 -30 -31
leaf_value=-0.10474891967831119 -0.066986602276705928 -0.038564092291265055 0.048988435460153121 0.12889140360287968 -0.091161441771362567 -0.071015013096245735 0.032773802029167083 0.098354763090132913 0.094500459583306856 0.069953022563660691 -0.18187681496143343 -0.15613270378802882 0.0068949819408048937 0.090766881972539459 0.044759905078382546 -0.14434069798838708 0.081664525761233023 -0.041585742683485659 -0.01886755532563426 0.086607853108829513 -0.13917185957026151 -0.11751944947245974 0.040636421029921627 -0.031969177455291049 0.036018148718655787 -0.056911571377090048 -0.031838905254612311 -0.24032748179528318 0.023016387851215479 0.010951272952744026
leaf_weight=31 144 44 505 525 95 496 47 195 330 55 100 532 624 313 651 62 181 147 43 149 36 223 316 618 44 63 411 103 497 405
leaf_count=31 144 44 505 525 95 496 47 195 330 55 100 532 624 313 651 62 181 147 43 149 36 223 316 618 44 63 411 103 497 405
internal_value=2.30357e-10 -0.0921161 0.0447808 0.0643575 0.0391087 -0.0600424 0.0138845 0.0933854 0.046546 0.0494181 -0.162836 -0.146682 0.0248959 0.114652 0.0380005 -0.0808052 0.0676323 -0.0765649 0.048911 0.0525541 -0.0838376 -0.0831403 0.0555782 -0.0345139 -0.0274504 -0.104169 -0.0252083 -0.211534 0.0361061 0.0180058
internal_weight=7985 2612 5373 3289 1759 1797 2084 1530 1664 1633 815 612 1626 838 1303 991 692 929 843 800 80 782 497 806 662 286 458 203 1002 460
internal_count=7985 2612 5373 3289 1759 1797 2084 1530 1664 1633 815 612 1626 838 1303 991 692 929 843 800 80 782 497 806 662 286 458 203 1002 460
is_linear=0
shrinkage=0.05


Tree=5
num_leaves=31
num_cat=0
split_feature=130 130 130 105 14 42 41 20 43 80 130 252 130 28 130 319 7 43 130 53 22 328 26 104 14 25 140 28 20 85
split_gain=11897 1766.89 1578.04 885.551 594.867 309.966 309.21 254.078 257.168 233.229 193.051 190.089 186.37 173.935 150.26 142.37 105.467 96.6682 95.6186 89.8924 71.3447 69.9336 74.2197 68.4139 66.4667 65.1507 64.4133 60.8724 59.9357 58.8572
threshold=3.1249500000000019 1.6733500000000001 5.128900000000006 0.46862745098039221 1.5000000000000002 415.1938434344998 -2.1749999999999985 1.9049875622555861 2.8184415584415583 18.694002091210937 2.426400000000001 1.0000000180025095e-35 4.1061600000000036 485.83252928036643 0.62779000000000029 1.0000000180025095e-35 367.68500000000023 20.366867744327461 -1.1661499999999998 19.701896396565513 2.4887299390747848 1.0000000180025095e-35 2.3933602308375224 -1.0000000180025095e-35 0.15799904864103539 -0.47727924437698427 1.0000000180025095e-35 552.36151235634941 2.4034876734233985 9.7578664580183361
decision_type=2 2 2 2 8 2 2 8 2 2 2 2 2 2 2 2 2 2 2 2 10 2 2 2 8 10 2 2 10 2
left_child=1 3 12 4 7 14 -3 -1 -9 15 29 13 19 16 24 27 -10 -13 -7 21 -11 22 23 -2 -5 -16 -14 -4 -12 -8
right_child=2 6 9 5 -6 18 10 8 11 20 28 17 26 -15 25 -17 -18 -19 -20 -21 -22 -23 -24 -25 -26 -27 -28 -29 -30 -31
leaf_value=0.089575670351162248 0.033585756927452706 -0.047259587542537382 -0.13154440168331474 0.13968779645634419 -0.086603370387303202 0.091205442184252097 0.027868485981844011 -0.11043188517292342 0.043935472359475966 -0.19132439435210102 -0.006310558424229902 0.11526313182150966 -0.096676253081786623 0.0019789875343177222 -0.0036766753248546435 -0.086290795936742257 -0.060091682717204102 0.0517273545651665 0.044031281669561169 -0.1462662314325571 -0.27813352218696047 -0.016328469525055532 -0.076693508195462251 -0.048552889000534658 0.10497135572045189 0.082622872617362564 -0.030484745773719624 -0.16565044530729456 -0.056144617876094399 -0.0034201677771017167
leaf_weight=241 27 289 232 198 95 141 863 30 959 153 703 101 453 394 23 102 25 147 451 25 28 130 273 415 454 445 40 300 66 182
leaf_count=241 27 289 232 198 95 141 863 30 959 153 703 101 453 394 23 102 25 147 451 25 28 130 273 415 454 445 40 300 66 182
internal_value=1.09298e-10 0.037377 -0.099655 0.0581588 0.0354942 0.0845303 0.000774201 0.0416088 0.0346281 -0.154694 0.00842677 0.0373045 -0.0667447 0.0300519 0.099998 -0.140402 0.0412925 0.0776028 0.055267 -0.0528268 -0.204753 -0.0500623 -0.0561957 -0.0435354 0.115514 0.0783817 -0.0913057 -0.150777 -0.0105876 0.0224192
internal_weight=7985 5807 2178 3704 1992 1712 2103 1897 1656 815 1814 1626 1363 1378 1120 634 984 248 592 870 181 845 715 442 652 468 493 532 769 1045
internal_count=7985 5807 2178 3704 1992 1712 2103 1897 1656 815 1814 1626 1363 1378 1120 634 984 248 592 870 181 845 715 442 652 468 493 532 769 1045
is_linear=0
shrinkage=0.05


Tree=6
num_leaves=31
num_cat=0
split_feature=130 130 22 130 14 41 30 130 80 130 97 62 104 41 18 11 55 5 130 13 28 41 365 131 130 94 13 265 118 98
split_gain=10751.2 1929.68 1076.65 481.052 522.057 385.064 377.658 327.785 261.362 246.648 193.981 174.614 172.616 166.013 112.447 111.697 103.924 102.513 88.0293 89.8645 84.7525 84.3755 74.3681 67.2539 66.7339 66.2314 64.4365 63.8443 84.0667 62.5993
threshold=2.7506500000000016 4.756400000000002 1.9768451529338948 1.8432500000000001 1.5000000000000002 -1.3649999999999995 1.061196498345389 1.2404000000000002 18.694002091210937 3.5128000000000021 23.16012335800086 18.262019149462862 -3.5237847222222221 -1.2549999999999997 16.562858742119378 2.5000000000000004 5.1000446670203816 8.1742424242424256 0.86509999999999965 1.0499536332980961 670.60891784968589 -3.949999999999998 1.0000000180025095e-35 10.427800000000003 0.48995000000000005 72.902323706576325 0.082614134587895641 1.0000000180025095e-35 2.5000000000000004 3.4220617205215427
decision_type=2 2 8 2 8 2 2 2 2 2 2 2 2 2 10 10 2 2 2 10 2 2 2 2 2 2 8 2 2 2
left_child=2 9 7 4 5 14 -7 13 12 -2 27 18 -3 -1 -4 -13 -12 -6 19 -8 22 -11 29 -21 -15 -10 -23 28 -5 -14
right_child=1 8 3 10 17 6 11 -9 25 21 16 15 20 24 -16 -17 -18 -19 -20 23 -22 26 -24 -25 -26 -27 -28 -29 -30 -31
leaf_value=0.050355163415109642 -0.031188125954457052 -0.020851811655383145 0.03560886324646171 0.01839525417324055 -0.093546828040305313 -0.096065214890483266 0.097949774815506374 0.035756722574646328 -0.1766031219100539 -0.14451577216386796 -0.032136423955058779 0.045101186776580877 -0.14361572991487243 0.11909087325619071 0.00561247256250718 -0.063878787755966185 -0.15337918758392335 0.032267429139465093 0.059956728302359846 -0.0037628405523009419 -0.15319149281385522 -0.12669010431993574 -0.077857680166705273 0.084764970555487609 0.087663577831335715 -0.24538938009992559 -0.063139727340044943 0.06785135285809954 -0.011234610570792223 -0.09533792266033983
leaf_weight=152 806 36 856 703 85 37 493 279 137 36 152 395 229 469 492 25 20 20 435 41 302 42 89 45 264 47 793 47 363 95
leaf_count=152 806 36 856 703 85 37 493 279 137 36 152 395 229 469 492 25 20 20 435 41 302 42 89 45 264 47 793 47 363 95
internal_value=4.08173e-11 -0.0832113 0.0404519 0.0286816 0.0398873 0.0439648 0.0616548 0.0830128 -0.140767 -0.0511216 0.00318319 0.0657242 -0.127682 0.0979105 0.0246606 0.0386143 -0.0462344 -0.0695822 0.0769532 0.0897226 -0.133061 -0.0695676 -0.11834 0.0425599 0.107772 -0.194174 -0.0663363 0.01082 0.00830553 -0.12946
internal_weight=7985 2612 5373 4209 2924 2819 1471 1164 935 1677 1285 1434 751 885 1348 420 172 105 1014 579 715 871 413 86 733 184 835 1113 1066 324
internal_count=7985 2612 5373 4209 2924 2819 1471 1164 935 1677 1285 1434 751 885 1348 420 172 105 1014 579 715 871 413 86 733 184 835 1113 1066 324
is_linear=0
shrinkage=0.05


Tree=7
num_leaves=31
num_cat=0
split_feature=130 130 130 105 14 130 41 28 30 62 18 130 27 28 130 6 78 257 7 11 172 109 215 28 104 113 89 28 53 105
split_gain=9702.93 1747.64 978.591 721.264 504.194 283.919 275.613 261.118 223.359 265.555 199.013 124.262 122.593 94.0088 88.5388 87.8357 85.4607 79.4454 141.601 72.1062 72.239 71.2231 70.4507 69.4505 63.8813 71.3145 65.1746 61.9529 59.4833 57.984
threshold=2.7506500000000016 5.128900000000006 1.4146500000000002 0.47493734335839605 1.5000000000000002 3.8819900000000036 -2.1149999999999989 132.40637195656674 0.69329129938676926 10.851246987492685 35.499941875023623 2.2047000000000003 6.9699847774111806e-06 524.84952460524471 0.43254499999999979 111.11150000000002 24.843444538854168 1.0000000180025095e-35 375.78150000000022 0.027341796649473647 1.0000000180025095e-35 1.0000000180025095e-35 9.5000000000000018 458.58742135383255 -1.0000000180025095e-35 2.5000000000000004 15.604170309203029 217.05577263826575 19.701896396565513 0.09232954545454547
decision_type=2 2 2 2 8 2 2 2 2 2 10 2 2 2 2 2 2 2 2 10 2 2 2 2 2 2 2 2 2 2
left_child=2 5 3 4 8 13 21 14 -1 15 12 27 22 19 -5 -10 -9 18 23 -2 -21 -4 -3 -11 26 -26 -7 -8 -15 -25
right_child=1 10 6 7 -6 24 11 16 9 17 -12 -13 -14 28 -16 -17 -18 -19 -20 20 -22 -23 -24 29 25 -27 -28 -29 -30 -31
leaf_value=-0.092981984616527638 -0.063300709506230693 -0.025401145075871184 -0.01954525475423799 0.11563241044618407 -0.078456692266228964 -0.089149522446095947 0.042533853955654483 0.07143149646043849 0.10526412994074984 0.038891418618141847 -0.18268119413864436 0.0027100530819235639 -0.13422891562436953 -0.051188186359180134 0.082419649479461135 0.059303660685012888 0.035499651652116881 0.058462828557197179 -0.045857259060215691 -0.012081385733996773 -0.055138732055436915 -0.077958110680998269 -0.11971596247620053 -0.030286980538406005 -0.075478244184567209 -0.13076614112808155 0.029936665682880965 0.018542381914469136 -0.12482996165752412 0.021325380471634958
leaf_weight=31 112 44 236 429 95 20 505 468 147 567 203 700 532 319 377 355 256 191 69 537 119 67 36 71 568 65 27 576 30 233
leaf_count=31 112 44 236 429 95 20 505 468 147 567 203 700 532 319 377 355 256 191 69 537 119 67 36 71 568 65 27 576 30 233
internal_value=1.97811e-11 -0.0790507 0.0384293 0.0554148 0.0335776 -0.0515075 0.0116224 0.0805205 0.0399737 0.0424977 -0.139781 0.0191224 -0.125551 -0.0360007 0.100097 0.0727622 0.0587263 0.0290647 0.0230912 -0.0262225 -0.0198921 -0.0324616 -0.0678428 0.0285532 -0.0769796 -0.0811555 -0.0207383 0.0297502 -0.0575184 0.00927118
internal_weight=7985 2612 5373 3289 1759 1797 2084 1530 1664 1633 815 1781 612 1117 806 502 724 1131 940 768 656 303 80 871 680 633 47 1081 349 304
internal_count=7985 2612 5373 3289 1759 1797 2084 1530 1664 1633 815 1781 612 1117 806 502 724 1131 940 768 656 303 80 871 680 633 47 1081 349 304
is_linear=0
shrinkage=0.05


Tree=8
num_leaves=31
num_cat=0
split_feature=130 130 130 105 14 7 41 8 96 30 130 130 130 27 41 256 130 7 76 97 104 362 30 26 62 19 66 13 130 24
split_gain=8778.02 1309.68 1160.11 662.968 439.272 245.889 239.154 197.401 180.008 174.558 143.7 141.673 119.313 117.156 115.874 110.341 104.746 101.316 85.4712 75.4715 72.1644 65.5869 67.3009 64.1986 63.0989 62.5473 60.1181 59.7291 58.5454 57.1058
threshold=3.1249500000000019 1.6733500000000001 5.128900000000006 0.46862745098039221 1.5000000000000002 179.5635 -2.1749999999999985 178.52307391004504 25.217761937236183 0.69329129938676926 2.2985000000000007 4.1876500000000041 0.81290000000000173 6.9699847774111806e-06 -1.2249999999999992 1.0000000180025095e-35 -0.99924999999999997 375.78150000000022 16.547633138039981 32.164589635784729 -1.147545727846573 1.0000000180025095e-35 2.432331903865792 2.9168463298257472 15.659133584219559 10.365347422074239 37.476310040867354 0.54938400275239718 0.43254499999999979 5.6863410819338016
decision_type=2 2 2 2 8 2 2 2 2 2 2 2 2 2 2 2 2 2 2 2 2 2 2 2 2 8 2 10 2 8
left_child=1 3 11 4 7 12 -3 9 13 -1 -8 19 29 23 -11 17 -7 21 24 27 -13 22 -9 -4 -16 -15 -21 -2 -24 -5
right_child=2 6 8 5 -6 16 10 15 -10 14 -12 20 -14 25 18 -17 -18 -19 -20 26 -22 -23 28 -25 -26 -27 -28 -29 -30 -31
leaf_value=-0.078092517082890348 -0.045222094137042396 -0.041650879507135946 -0.019487179147127349 0.11599822655049685 -0.074533859573696792 0.077792286834213895 0.021852785605216411 -0.06312649320811034 -0.18438903015106917 0.037949639210134771 -0.0063071369797212248 -0.0075953973141769243 0.065198738474223042 -0.13288858089659827 0.094526998285554206 0.055191907358989822 0.033961196354194333 -0.039994114117983447 0.0054506887926867136 -0.17436354503035545 -0.086783385946648195 -0.0068589888451682348 0.048823819320693795 -0.10857501350165832 0.043488038223739228 -0.045030721241519571 -0.056987821807463972 0.042174506708979612 0.017498814659376652 0.087047006974264915
leaf_weight=24 868 289 39 303 95 200 878 20 140 356 936 31 392 573 298 204 428 78 38 20 400 182 249 42 76 21 24 20 372 389
leaf_count=24 868 289 39 303 95 200 878 20 140 356 936 31 392 573 298 204 428 78 38 20 400 182 249 42 76 21 24 20 372 389
internal_value=-7.0919e-11 0.0321058 -0.0856008 0.0499979 0.0303875 0.0728157 0.000592564 0.0356418 -0.132792 0.0546933 0.00732264 -0.057383 0.0872386 -0.12209 0.0588429 0.0219868 0.0479201 0.0144687 0.0768963 -0.0464209 -0.0810877 0.0196304 0.0271516 -0.0656809 0.0841554 -0.129782 -0.11034 -0.0432537 0.0300591 0.0997236
internal_weight=7985 5807 2178 3704 1992 1712 2103 1897 815 792 1814 1363 1084 675 768 1105 628 901 412 932 431 823 641 81 374 594 44 888 621 692
internal_count=7985 5807 2178 3704 1992 1712 2103 1897 815 792 1814 1363 1084 675 768 1105 628 901 412 932 431 823 641 81 374 594 44 888 621 692
is_linear=0
shrinkage=0.05


Tree=9
num_leaves=31
num_cat=0
split_feature=130 130 22 130 14 41 30 130 130 80 11 104 97 41 62 130 18 5 20 41 13 51 24 28 13 365 22 97 356 108
split_gain=7924.92 1476.84 775.877 317.623 384.544 298.226 297.978 255.604 201.301 201.076 147.051 145.15 140.142 127.027 119.025 102.487 92.9828 85.7731 80.5701 74.0452 76.2682 73.1162 72.4214 72.0955 62.2558 60.5616 59.6234 58.2628 58.2125 55.5026
threshold=2.7113500000000008 4.756400000000002 1.9768451529338948 1.8432500000000001 1.5000000000000002 -1.3649999999999995 1.061196498345389 1.2404000000000002 3.5128000000000021 18.694002091210937 2.5000000000000004 -3.5237847222222221 24.045372217448225 -1.2549999999999997 22.061770152701154 0.034000000000000065 16.562858742119378 8.1742424242424256 2.6720107956451855 -2.1583116883116871 0.50796664232944888 5.5490960737176769 6.0922043281753 670.60891784968589 0.224047874831136 1.0000000180025095e-35 2.4887299390747848 0.089525747862914576 1.0000000180025095e-35 1.0000000180025095e-35
decision_type=2 2 8 2 8 2 2 2 2 2 10 2 2 2 2 2 10 2 8 2 10 2 8 2 8 2 10 2 2 2
left_child=2 8 7 4 5 16 -7 13 19 11 14 -3 27 -1 15 -8 -4 -6 -17 -2 28 24 -14 25 -10 -13 -11 -5 -21 -15
right_child=1 9 3 12 17 6 10 -9 21 26 -12 23 22 29 -16 18 -18 -19 -20 20 -22 -23 -24 -25 -26 -27 -28 -29 -30 -31
leaf_value=0.042982508031050921 -0.056295535596376116 -0.011421273483170404 0.030640716747099003 0.026128910868554501 -0.081698948224075141 -0.086855619380602975 0.088213640391459749 0.02969553315852215 -0.091714276760317306 -0.15564694816294389 -0.024874806558748463 -0.11077452937865423 -0.012733172626115469 0.027734064575164547 0.033372786293248795 0.059657333191826867 0.0033637042571194246 0.033385274745523934 -0.028529409457136085 -0.031178051287362216 0.074951255144107914 -0.097264212905837782 -0.084307113968534408 -0.13288346576529081 -0.04881498824088891 -0.064207743103956036 -0.23488720953464509 0.001634405587193696 0.00083320649399101245 0.096098341466842402
leaf_weight=152 163 36 856 370 85 37 396 279 97 156 53 324 86 31 322 636 492 20 27 484 21 114 60 302 660 89 28 706 201 702
leaf_count=152 163 36 856 370 85 37 396 279 97 156 53 324 86 31 322 636 492 20 27 484 21 114 60 302 660 89 28 706 201 702
internal_value=8.8033e-11 -0.0701803 0.0353545 0.0252275 0.0341741 0.0376736 0.0532416 0.0714254 -0.0429467 -0.120861 0.0568564 -0.109384 0.00382006 0.0845809 0.0599931 0.0680872 0.020685 -0.0597781 0.056066 -0.0259205 -0.0189075 -0.0599338 -0.0421471 -0.114316 -0.054312 -0.10074 -0.167705 0.0100572 -0.021785 0.0932071
internal_weight=7985 2675 5310 4146 2924 2819 1471 1164 1740 935 1434 751 1222 885 1381 1059 1348 105 663 869 706 871 146 715 757 413 184 1076 685 733
internal_count=7985 2675 5310 4146 2924 2819 1471 1164 1740 935 1434 751 1222 885 1381 1059 1348 105 663 869 706 871 146 715 757 413 184 1076 685 733
is_linear=0
shrinkage=0.05


Tree=10
num_leaves=31
num_cat=0
split_feature=130 130 130 22 14 252 41 106 28 41 319 130 130 74 52 130 37 105 128 27 38 24 97 265 41 28 131 26 140 328
split_gain=7159.95 1074.78 952.313 553.261 329.867 221.427 216.162 214.934 203.974 183.373 158.781 141.309 130.572 124.194 115.882 101.628 95.2858 82.7598 82.4802 74.0489 72.7619 67.7134 65.7702 60.9799 56.8797 56.8495 56.6834 62.7235 56.3061 55.8499
threshold=3.1249500000000019 1.6733500000000001 5.3003300000000051 2.0565294135375587 1.5000000000000002 1.0000000180025095e-35 -1.2549999999999997 2.5000000000000004 485.83252928036643 -1.9549999999999994 1.0000000180025095e-35 4.1876500000000041 0.83549999999999991 68.234863237970259 55.960015006702342 2.4932000000000007 2.6847661850980606 0.82085561497326209 10.8313764581059 1.0392588015982875 2.8776432137878625 5.7011361867403485 32.164589635784729 1.0000000180025095e-35 -3.949999999999998 520.70410361728318 13.268050000000004 0.72206074145469235 1.0000000180025095e-35 1.0000000180025095e-35
decision_type=2 2 2 8 8 2 2 2 2 2 2 2 2 2 2 2 2 2 2 2 2 10 2 2 2 2 2 2 2 2
left_child=1 3 11 6 5 7 -1 -5 15 28 13 22 21 25 17 -3 -7 20 -6 -13 26 -8 29 -17 -21 -4 27 -11 -9 -2
right_child=2 8 10 4 18 16 12 9 -10 14 -12 19 -14 -15 -16 23 -18 -19 -20 24 -22 -23 -24 -25 -26 -27 -28 -29 -30 -31
leaf_value=0.03640273963743066 -0.044275997867754831 0.018977777771493579 -0.10199610010144256 -0.094108363240957268 -0.018411367915881178 0.093366754897965157 0.10831336159248761 -0.011560937306247271 -0.027036592811109122 0.03187777497447454 -0.063381996822106296 0.0071907521010591436 0.056153482864319815 -0.18384033552150136 -0.075376605767418045 -0.010684298045040215 0.041364635223872029 0.068087504067011348 -0.10795972837135195 -0.14994974807422196 0.012417434483427893 0.077537852119770184 -0.10147788744758478 0.066235061252006774 -0.075179718723064531 -0.13492043855624078 0.04584449176912482 -0.077031211331486715 0.027487456386356995 -0.009866918101241547
leaf_weight=370 748 1001 210 36 60 196 361 292 511 39 98 26 360 97 22 564 160 223 45 27 275 354 44 27 439 349 756 20 135 140
leaf_count=370 748 1001 210 36 60 196 361 292 511 39 98 26 360 97 22 564 160 223 45 27 275 354 44 27 439 349 756 20 135 140
internal_value=4.06012e-11 0.0289962 -0.0773098 0.0452045 0.0297492 0.0339677 0.0693659 0.0268344 0.000448625 0.0293054 -0.122746 -0.0532517 0.0807114 -0.131614 0.0384278 0.00927083 0.069995 0.0403346 -0.0567892 -0.07493 0.0346567 0.0930763 -0.0418078 -0.00717022 -0.0795119 -0.122552 0.0421608 -0.00504053 0.000784574 -0.0388511
internal_weight=7985 5807 2178 3704 2259 2154 1445 1798 2103 1762 754 1424 1075 656 1335 1592 356 1313 105 492 1090 715 932 591 466 559 815 59 427 888
internal_count=7985 5807 2178 3704 2259 2154 1445 1798 2103 1762 754 1424 1075 656 1335 1592 356 1313 105 492 1090 715 932 591 466 559 815 59 427 888
is_linear=0
shrinkage=0.05


Tree=11
num_leaves=31
num_cat=0
split_feature=130 130 28 11 130 30 130 130 104 290 28 7 41 18 74 41 13 3 62 98 41 61 130 4 130 25 76 53 4 84
split_gain=6468.32 1209.37 640.198 487.655 492.39 342.598 214.985 212.901 135.559 133.751 129.366 124.832 109.084 102.19 94.2531 86.9746 76.853 94.9529 68.6416 66.9908 62.3091 64.7811 61.6655 60.9017 59.4032 79.1511 58.6663 56.9729 55.5278 53.6777
threshold=2.7113500000000008 4.4505500000000042 288.16809650042541 2.5000000000000004 1.2829500000000003 1.061196498345389 5.9634000000000071 0.76129999999999998 -1.0000000180025095e-35 1.0000000180025095e-35 620.63000359725459 108.06500000000001 -2.4049999999999985 14.207531843402174 68.234863237970259 0.45123376623376654 0.4740074196015594 -2.5656413572373387 32.320416890098052 21.191936448406196 -2.9699999999999989 19.388233644990109 2.1474500000000005 0.1559296300482049 -0.37127999999999944 -0.66852599456689532 36.77617358985669 19.701896396565513 0.51656328156891218 22.666451222717168
decision_type=2 2 2 8 2 2 2 2 2 2 2 2 2 10 2 2 10 2 2 2 2 2 2 2 2 10 2 2 2 2
left_child=2 10 3 4 5 -1 8 20 -3 14 16 -7 19 -6 -8 -5 29 -18 24 -9 23 -22 -14 -4 -13 -26 -17 -12 -10 -2
right_child=1 6 7 15 13 11 9 12 28 -11 27 18 22 -15 -16 26 17 -19 -20 -21 21 -23 -24 -25 25 -27 -28 -29 -30 -31
leaf_value=-0.057556346677384289 -0.032869413059555971 0.0053512739391797896 0.031323518507364811 0.0065730026423592471 -0.027450090346027568 0.090418019061610067 -0.1208363347690255 -0.042905249312465005 -0.10356526654607555 -0.0097372034098953016 -0.054505616941003254 0.079474715704512269 0.014403939548592716 0.030073729810794599 -0.17588504895250848 -0.048892093559896405 0.083142465353012091 -0.014819870308649299 0.023389166118133638 0.010530658673903929 0.021153285166915517 0.051658546261562993 -0.011074795384543116 -0.053034231900237511 -0.0091789200436323878 0.060556184726120822 -0.14017886609459917 -0.1190305911494713 -0.069307246863592784 -0.10203967464381253
leaf_weight=53 854 42 46 55 83 579 450 206 266 24 343 450 793 1106 94 66 27 295 105 82 331 367 339 40 44 541 24 38 213 29
leaf_count=53 854 42 46 55 83 579 450 206 266 24 343 450 793 1106 94 66 27 295 105 82 331 367 339 40 44 541 24 38 213 29
internal_value=1.66649e-10 -0.0634036 0.0319406 0.0465652 0.0509494 0.0676513 -0.103975 0.0113307 -0.0807794 -0.125252 -0.0355455 0.0715117 -0.000216196 0.0260582 -0.130348 -0.0429631 -0.0275159 -0.00660564 0.0619092 -0.0276909 0.0322448 0.0371926 0.00677382 -0.00791264 0.065817 0.0553112 -0.0732352 -0.0609412 -0.0883315 -0.0351411
internal_weight=7985 2675 5310 3106 2961 1772 1089 2204 521 568 1586 1719 1420 1189 544 145 1205 322 1140 288 784 698 1132 86 1035 585 90 381 479 883
internal_count=7985 2675 5310 3106 2961 1772 1089 2204 521 568 1586 1719 1420 1189 544 145 1205 322 1140 288 784 698 1132 86 1035 585 90 381 479 883
is_linear=0
shrinkage=0.05


Tree=12
num_leaves=31
num_cat=0
split_feature=130 130 130 105 11 42 28 41 30 319 130 74 130 6 4 130 27 25 41 130 104 356 246 28 64 72 353 18 71 131
split_gain=5860.63 878.649 772.589 475.723 304.818 188.691 188.331 159.04 176.291 131.454 115.852 100.701 95.4326 92.7306 76.0155 73.1109 64.6177 61.8362 61.1068 59.5645 59.3523 52.3957 58.2338 52.1066 51.9957 51.6723 51.2074 51.1409 50.9 106.012
threshold=3.1249500000000019 1.5676500000000002 5.3003300000000051 0.42481203007518803 2.5000000000000004 914.56781808209962 485.83252928036643 -1.7549999999999992 0.69329129938676926 1.0000000180025095e-35 4.1061600000000036 68.234863237970259 2.426400000000001 111.11150000000002 0.45255930567438468 0.43254499999999979 1.0392588015982875 -0.47727924437698427 -3.1249999999999991 -2.451849999999999 -0.32997236589768913 1.0000000180025095e-35 1.0000000180025095e-35 378.53979745484236 4.8678787182079111 7.2898285340894899 1.0000000180025095e-35 126.90835166528886 20.46037769471776 13.268050000000004
decision_type=2 2 2 2 8 2 2 2 2 2 2 2 2 2 2 2 2 10 2 2 2 2 2 2 2 2 2 8 2 2
left_child=1 3 10 4 7 15 12 -1 -9 11 18 23 27 -10 -6 26 -12 -17 -2 -7 -20 22 24 -4 -18 -8 -5 -3 29 -15
right_child=2 6 9 5 14 19 25 8 13 -11 16 -13 -14 28 -16 17 21 -19 20 -21 -22 -23 -24 -25 -26 -27 -28 -29 -30 -31
leaf_value=0.011319018325414557 -0.092344896888677433 0.021363338794684439 -0.081579587285717334 0.09392017903878834 -0.026622526453273305 0.077033426848185427 -0.014419527804200086 -0.074994715014773033 0.076528098047914689 -0.056854417306675148 0.009295474634402329 -0.16596590716814258 -0.0049348995932270929 -0.056471579824574292 -0.11436267429962754 -0.014281328084013827 -0.096609468395530265 0.061900705451033405 0.023460001229893331 0.02638796342581929 -0.036880279509529761 -0.041132839913826345 -0.018817897371293323 -0.11875874927121051 -0.055245305686671221 -0.049131598704765127 0.065260017107345955 -0.03771082342504279 0.063995574566589039 0.036883728208621049
leaf_weight=682 47 1021 120 396 108 68 389 31 200 98 27 97 664 32 32 28 262 547 43 397 780 121 37 439 107 148 257 38 157 612
leaf_count=682 47 1021 120 396 108 68 389 31 200 98 27 97 664 32 32 28 262 547 43 397 780 121 37 439 107 148 257 38 157 612
internal_value=-2.17075e-11 0.0262336 -0.0699442 0.0417584 0.0242603 0.0609204 0.00186793 0.0300545 0.0424359 -0.110869 -0.0482748 -0.118938 0.00992582 0.0460726 -0.0466774 0.0711922 -0.0661467 0.058191 -0.0368943 0.0337942 -0.0337276 -0.0700119 -0.0786187 -0.110778 -0.084615 -0.0239864 0.0826405 0.0192436 0.0384682 0.032245
internal_weight=7985 5807 2178 3547 1854 1693 2260 1714 1032 754 1424 656 1723 1001 140 1228 554 575 870 465 823 527 406 559 369 537 653 1059 801 644
internal_count=7985 5807 2178 3547 1854 1693 2260 1714 1032 754 1424 656 1723 1001 140 1228 554 575 870 465 823 527 406 559 369 537 653 1059 801 644
is_linear=0
shrinkage=0.05


Tree=13
num_leaves=31
num_cat=0
split_feature=130 130 130 105 11 41 28 130 30 28 75 130 42 76 84 68 265 28 53 22 290 28 78 4 328 27 62 108 22 128
split_gain=5290.26 787.045 704.828 403.958 296.505 220.622 165.449 141.926 134.57 154.631 120.978 118.172 89.5991 77.7193 86.5737 75.0717 70.8295 70.8827 70.8215 66.9834 64.4681 59.0906 58.471 57.3573 55.0014 54.7554 53.0622 51.8176 51.6247 50.1046
threshold=2.9841500000000019 5.128900000000006 1.2829500000000003 0.46862745098039221 2.5000000000000004 -2.1749999999999985 132.40637195656674 2.2047000000000003 0.69329129938676926 288.16809650042541 4.9862403113427005 3.8819900000000036 1231428.5362901937 21.027916954307294 7.7502706615087202 6.4497284821607161 1.0000000180025095e-35 753.70803494430379 19.701896396565513 2.469961956211034 1.0000000180025095e-35 217.05577263826575 24.843444538854168 0.45255930567438468 1.0000000180025095e-35 1.8215912410714483 1.0000000180025095e-35 1.0000000180025095e-35 2.1283107098122289 7.6986563829914516
decision_type=2 2 2 2 8 2 2 2 2 2 2 2 2 2 2 2 2 2 2 10 2 2 2 2 2 2 2 2 10 2
left_child=2 11 3 4 8 29 27 21 -1 13 19 18 -12 26 -15 23 17 -11 24 25 -14 -7 -8 -6 -2 -3 -10 -5 -19 -4
right_child=1 10 5 6 15 7 22 -9 9 16 12 -13 20 14 -16 -17 -18 28 -20 -21 -22 -23 -24 -25 -26 -27 -28 -29 -30 -31
leaf_value=-0.071244979024894781 -0.032282551855899948 -0.047781934976577761 -0.037506010150652927 0.0025257153944535692 -0.040783471227800683 0.034738852292807966 0.054564633429170166 -0.002123928904640695 0.086688137367675958 0.020044235929353147 -0.065616732827339583 -0.057552827761357873 -0.11346290396079156 -0.070922291383147248 0.050902165823749138 0.045106574948877098 0.047857779201376377 -0.097060677066911016 -0.11239005297422409 -0.1795360408447407 -0.0245607861910354 0.013391266996316528 0.023940033513373871 -0.12366578689327948 0.0047688557459917083 -0.12620302089329424 0.050610143728846813 0.080424926340864566 -0.0075729444766058085 0.0227267706910005
leaf_weight=31 696 25 301 22 92 606 459 946 139 583 232 680 279 25 35 20 189 20 25 54 22 697 236 27 117 203 382 720 83 39
leaf_count=31 696 25 301 22 92 606 459 946 139 583 232 680 279 25 35 20 189 20 25 54 22 697 236 27 117 203 382 720 83 39
internal_value=-4.48669e-11 -0.0633453 0.0261473 0.0423805 0.0253105 0.00694216 0.0616956 0.0126173 0.0318385 0.0340332 -0.102979 -0.0420661 -0.0889673 0.0540297 0.000141975 -0.0445246 0.0207556 0.0132887 -0.0294993 -0.129464 -0.106965 0.0233196 0.0441655 -0.0595887 -0.0269504 -0.117604 0.0602356 0.0781152 -0.0249492 -0.030597
internal_weight=7985 2333 5652 3063 1626 2589 1437 2249 1487 1456 815 1518 533 581 60 139 875 686 838 282 301 1303 695 119 813 228 521 742 103 340
internal_count=7985 2333 5652 3063 1626 2589 1437 2249 1487 1456 815 1518 533 581 60 139 875 686 838 282 301 1303 695 119 813 228 521 742 103 340
is_linear=0
shrinkage=0.05


Tree=14
num_leaves=31
num_cat=0
split_feature=130 130 130 7 30 14 41 130 97 319 130 11 130 55 74 372 28 75 130 97 27 36 76 332 97 41 77 265 328 246
split_gain=4780.02 721.054 628.801 399.639 227.841 190.205 171.974 148.033 130.774 112.205 100.747 122.51 96.2504 90.7006 85.0014 69.9212 69.1156 68.9353 68.0932 62.7759 59.8214 57.7522 54.2082 52.0941 52.9723 52.0776 51.2329 61.7948 50.2311 48.067
threshold=3.1249500000000019 1.8432500000000001 5.3003300000000051 168.19050000000001 1.3208373247184559 1.5000000000000002 -1.2149999999999996 -0.065949999999999995 22.010258841962713 1.0000000180025095e-35 0.96999000000000002 1.0499536332980961 4.1876500000000041 5.1000446670203816 68.234863237970259 1.0000000180025095e-35 620.63000359725459 7.1436520451585288 2.4932000000000007 33.202512050425639 1.0392588015982875 2.4003974641838068 16.830733969694943 1.0000000180025095e-35 10.842939814814816 -2.3649999999999984 5.4121370375941522 1.0000000180025095e-35 1.0000000180025095e-35 1.0000000180025095e-35
decision_type=2 2 2 2 2 8 2 2 2 2 2 10 2 2 2 2 2 2 2 2 2 2 2 2 2 2 2 2 2 2
left_child=1 3 12 4 22 7 -6 15 18 14 11 -8 26 -10 -4 19 17 -9 -3 -5 -14 -7 -1 -22 -25 -17 27 28 -2 -20
right_child=2 8 9 5 6 21 10 16 13 -11 -12 -13 20 -15 -16 25 -18 -19 29 -21 23 -23 -24 24 -26 -27 -28 -29 -30 -31
leaf_value=0.003994476407462237 -0.035721057134714476 0.012804999614712135 -0.10004569583577445 0.034780796311586745 0.027496635937662307 -0.10563696040526818 0.077247336157022714 -0.065597529150545605 -0.024352203840192078 -0.050184769818217172 0.045701261332860683 -0.0031841885000467303 0.012301455250081535 -0.12065219309318949 -0.15074979656750395 0.012289841196810206 -0.010787145169678561 0.020248396703614478 -0.011267560743981449 -0.017509509778271117 -0.080123812792020951 -0.00066786935552954675 -0.078173740684766985 -0.018747028947797836 -0.070338296298390238 0.063051611415003206 -0.048524836497880697 0.04072748606148012 0.0058737822647752435 0.053466180901353556
leaf_weight=49 438 852 559 283 439 38 891 24 259 98 529 50 26 27 97 60 267 913 650 72 266 20 34 93 107 320 373 34 87 30
leaf_count=49 438 852 559 283 439 38 891 24 259 98 529 50 26 27 97 60 267 913 650 72 266 20 34 93 107 320 373 34 87 30
internal_value=7.29373e-13 0.0236919 -0.0631676 0.0355863 0.0514322 0.0197801 0.0549582 0.0224489 -0.00240644 -0.100088 0.0631593 0.0729736 -0.0436184 -0.0334435 -0.107543 0.0401309 0.0116547 0.0180496 0.00338768 0.0241754 -0.0615097 -0.0694407 -0.0296648 -0.0656279 -0.0463484 0.0550366 -0.0341736 -0.0245976 -0.0288282 -0.00841166
internal_weight=7985 5807 2178 3989 1992 1997 1909 1939 1818 754 1470 941 1424 286 656 735 1204 937 1532 355 492 58 83 466 200 380 932 559 525 680
internal_count=7985 5807 2178 3989 1992 1997 1909 1939 1818 754 1470 941 1424 286 656 735 1204 937 1532 355 492 58 83 466 200 380 932 559 525 680
is_linear=0
shrinkage=0.05


Tree=15
num_leaves=31
num_cat=0
split_feature=130 130 130 7 30 14 28 97 130 27 68 269 130 4 11 130 172 314 20 3 41 11 3 84 265 75 23 0 328 37
split_gain=4321.87 814.131 436.874 360.675 205.626 171.66 155.479 134.948 133.6 111.434 102.368 96.1304 89.9856 83.127 82.8399 108.525 68.917 64.9856 82.7984 100.616 64.0243 79.8932 62.3655 61.6421 69.0947 60.9423 58.2711 55.8608 75.8655 57.4793
threshold=3.3900000000000028 1.8432500000000001 5.9634000000000071 168.19050000000001 1.3208373247184559 1.5000000000000002 202.26735456096847 23.516208347897045 -0.065949999999999995 6.9699847774111806e-06 54.606798834075121 1.0000000180025095e-35 2.4932000000000007 0.53828888941748487 1.0499536332980961 0.81290000000000173 1.0000000180025095e-35 1.0000000180025095e-35 2.6720107956451855 -0.93055555555555536 -2.0349999999999997 2.5000000000000004 -1.7626123039211858 31.408225792399715 1.0000000180025095e-35 5.7680492765558649 -2.3824180083451894 8.3340509259259274 1.0000000180025095e-35 2.3752168576725756
decision_type=2 2 2 2 2 8 2 2 2 2 2 2 2 2 10 2 2 2 8 2 2 10 2 2 2 2 10 2 2 2
left_child=1 3 10 4 -1 8 14 12 20 -4 16 -9 -3 26 15 -6 27 18 -10 -20 -5 -22 -23 24 -14 -11 -12 28 -2 -29
right_child=2 7 9 5 6 -7 -8 11 17 25 13 -13 23 -15 -16 -17 -18 -19 19 -21 21 22 -24 -25 -26 -27 -28 29 -30 -31
leaf_value=-0.028181553134941553 -0.065952456688903496 0.011607521822375335 -0.042003886512855991 0.013042205226964951 0.073849569935021772 -0.065968685982556174 0.026775484144253583 -0.028008059228364475 0.024949286928803494 -0.13161723246661627 -0.017659000555674233 -0.12764736989306077 -0.011939040559312438 -0.051267354002160849 -0.0030249782875180244 0.045463724809799641 -0.06687055668855077 -0.003343778388881231 0.030781713066001734 -0.11254442331194879 0.05246902911578754 -0.08300549149513245 0.036544077843427662 -0.093270086022940554 0.046848071644188104 -0.096150158989916537 -0.10621327900382696 0.0064180302515160301 0.0087726369023141335 -0.033667899036066588
leaf_weight=83 198 883 67 189 840 58 457 234 681 205 21 27 878 242 50 562 197 474 24 25 502 20 24 22 53 296 161 120 41 351
leaf_count=83 198 883 67 189 840 58 457 234 681 205 21 27 878 242 50 562 197 474 24 25 502 20 24 22 53 296 161 120 41 351
internal_value=-3.26844e-11 0.0205478 -0.0658524 0.033807 0.0488606 0.0187911 0.0522103 -0.00467448 0.0213265 -0.102564 -0.050186 -0.0383156 0.000107827 -0.0704667 0.0602156 0.0624709 -0.0407053 0.011072 0.0204323 -0.0423439 0.0381243 0.0468066 -0.0177966 -0.0105472 -0.00859241 -0.110663 -0.0959955 -0.0334453 -0.0531335 -0.0234549
internal_weight=7985 6086 1899 3989 1992 1997 1909 2097 1939 568 1331 261 1836 424 1452 1402 907 1204 730 49 735 546 44 953 931 501 182 710 239 471
internal_count=7985 6086 1899 3989 1992 1997 1909 2097 1939 568 1331 261 1836 424 1452 1402 907 1204 730 49 735 546 44 953 931 501 182 710 239 471
is_linear=0
shrinkage=0.05


Tree=16
num_leaves=31
num_cat=0
split_feature=130 130 28 12 76 130 11 75 265 143 41 28 30 28 272 42 130 52 12 3 11 128 318 75 27 29 87 47 254 4
split_gain=3903.98 735.556 415.908 319.214 293.105 192.937 168.23 150.003 142.277 110.668 105.387 91.8936 91.462 89.8028 86.5527 91.8362 79.3019 77.0076 66.791 80.0259 66.867 64.9661 62.5699 62.0618 58.2236 56.711 54.4819 48.172 45.8636 45.1157
threshold=2.7113500000000008 4.3798700000000048 288.16809650042541 -0.24700368076862625 34.070943295197267 1.1987500000000002 1.0499536332980961 4.9862403113427005 1.0000000180025095e-35 1.0000000180025095e-35 -2.4049999999999985 90.329212159312561 1.3208373247184559 563.21539244471944 1.0000000180025095e-35 1443372.0728405195 2.1474500000000005 69.758822969071943 -0.24700368076862625 -2.9685340643459028 0.25517770365799142 9.2227936059324929 1.0000000180025095e-35 32.637537510562986 1.435832385619545 7.0908991379373569 31.499958678540008 14.289416729444346 1.0000000180025095e-35 0.47103819113779521
decision_type=2 2 2 8 2 2 10 2 2 2 2 2 2 2 2 2 2 2 8 2 10 2 2 2 2 2 2 2 2 2
left_child=2 13 3 4 5 6 11 24 10 14 22 -1 -5 18 15 -9 23 21 19 -2 -21 -8 -4 -12 -3 -7 -26 -23 -24 -11
right_child=1 7 8 12 -6 25 17 9 -10 29 16 -13 -14 -15 -16 -17 -18 -19 -20 20 -22 27 28 -25 26 -27 -28 -29 -30 -31
leaf_value=0.075901270837249846 0.050897044579478662 -0.027472781993093942 -0.0031341034468121039 -0.04959764780033743 -0.092746299041960495 0.045432303313441412 -0.038493781723082071 -0.039027921613397118 0.041571589814262018 -0.094504505769568092 0.0077460612409603535 0.050545133224187161 0.0086142051761195059 -0.044833429409767089 0.0508716303677786 -0.10014098177629489 -0.013079546155590241 -0.077437318926272189 -0.043374506934578595 -0.0032464698926203007 -0.032303342664505061 -0.017628026954256571 -0.034510234179350535 0.032606106120361286 -0.10762212055110157 0.01957817768686447 -0.18754960350368335 0.061086355865775765 -0.11568053252995014 -0.056654451984482317
leaf_weight=617 47 21 211 82 39 311 34 255 279 324 888 849 381 485 21 81 322 23 221 443 358 26 134 350 292 667 23 77 20 104
leaf_count=617 47 21 211 82 39 311 34 255 279 324 888 849 381 485 21 81 322 23 221 443 358 26 134 350 292 667 23 77 20 104
internal_value=-1.4204e-11 -0.0492574 0.0248142 0.0366019 0.0433108 0.0453485 0.0559037 -0.0801276 0.00820246 -0.0681615 0.0033661 0.0612169 -0.00169545 -0.0269888 -0.0476057 -0.0537605 0.00902502 0.00722171 -0.0188928 -0.0125125 -0.0162332 0.0214345 -0.0208199 0.0147743 -0.108084 0.0277997 -0.113458 0.0412167 -0.0450518 -0.0853073
internal_weight=7985 2675 5310 3106 2643 2604 1626 1121 2204 785 1925 1466 463 1554 357 336 1560 160 1069 848 801 137 365 1238 336 978 315 103 154 428
internal_count=7985 2675 5310 3106 2643 2604 1626 1121 2204 785 1925 1466 463 1554 357 336 1560 160 1069 848 801 137 365 1238 336 978 315 103 154 428
is_linear=0
shrinkage=0.05


Tree=17
num_leaves=31
num_cat=0
split_feature=130 130 130 105 11 57 41 97 30 27 68 269 40 6 18 172 4 41 172 12 97 27 75 68 71 29 0 328 104 28
split_gain=3542.09 665.015 358.917 303.36 186.642 122.721 122.296 114.265 107.367 95.6044 85.1488 84.1694 83.0887 81.3374 73.0927 87.4791 72.3976 59.6363 56.9315 54.8636 53.164 51.5275 49.8137 49.2385 49.047 76.3664 48.663 67.1123 54.3679 47.0465
threshold=3.3900000000000028 1.8432500000000001 5.9634000000000071 0.42481203007518803 2.5000000000000004 7.1751949880729322 -1.8949999999999994 23.516208347897045 0.69329129938676926 6.9699847774111806e-06 54.606798834075121 1.0000000180025095e-35 2.1136332339218655 111.11150000000002 14.207531843402174 1.0000000180025095e-35 0.53828888941748487 0.29175324675324682 1.0000000180025095e-35 -0.27682287878978112 0.089525747862914576 1.3282493379421834 5.7680492765558649 53.153659149229348 20.46037769471776 4.4528886969679089 8.3340509259259274 1.0000000180025095e-35 -0.32997236589768913 388.31595585191997
decision_type=2 2 2 2 8 2 2 2 2 2 2 2 2 2 10 2 2 2 2 10 2 2 2 2 2 2 2 2 2 2
left_child=1 3 10 4 6 12 -1 14 -8 -4 18 -9 -5 -10 -3 29 21 -6 26 20 -7 -12 23 -11 25 -15 27 -2 -28 -16
right_child=2 7 9 5 17 19 8 11 13 22 16 -13 -14 24 15 -17 -18 -19 -20 -21 -22 -23 -24 -25 -26 -27 28 -29 -30 -31
leaf_value=0.0022026430613899194 -0.060603984081271024 -0.036389640327836349 -0.036797550248343552 0.060268116562695706 0.015442954925330064 0.058297457267146781 -0.062393356433078168 -0.02550465658225734 0.059832026167013858 -0.16554417558842238 -0.014072949057888418 -0.11873933090655893 0.020969396098291564 -0.056492947594573101 0.013382162860266328 -0.022849783607597457 -0.045995439003675809 -0.057843651879325657 -0.060551158783290787 -0.0051010010762861475 0.025496976147817891 -0.097345666548017393 -0.087272423659640094 -0.10634263301268221 0.051609765728701351 0.024554656545158714 0.026860289345934707 0.0096782205501435015 -0.02689556160065263 -0.0070561835193377626
leaf_weight=579 198 127 67 1017 38 170 31 234 216 45 21 27 155 30 1048 276 242 103 197 102 452 161 296 160 164 932 53 41 418 385
leaf_count=579 198 127 67 1017 38 170 31 234 216 45 21 27 155 30 1048 276 242 103 197 102 452 161 296 160 164 932 53 41 418 385
internal_value=4.11679e-11 0.018602 -0.0596164 0.0305856 0.017462 0.0450727 0.0214749 -0.00419371 0.0296021 -0.0928915 -0.0454164 -0.0351496 0.0550708 0.0317272 0.000206891 0.00292647 -0.0639129 -0.0380927 -0.0367697 0.028888 0.0344617 -0.0877373 -0.100393 -0.119338 0.0263358 0.0220272 -0.0301712 -0.0485472 -0.0208466 0.00789105
internal_weight=7985 6086 1899 3989 2093 1896 1952 2097 1373 568 1331 261 1172 1342 1836 1709 424 141 907 724 622 182 501 205 1126 962 710 239 471 1433
internal_count=7985 6086 1899 3989 2093 1896 1952 2097 1373 568 1331 261 1172 1342 1836 1709 424 141 907 724 622 182 501 205 1126 962 710 239 471 1433
is_linear=0
shrinkage=0.05


Tree=18
num_leaves=31
num_cat=0
split_feature=130 130 130 22 11 41 41 30 130 130 28 365 41 41 13 176 101 104 61 109 84 120 172 24 138 76 71 85 71 33
split_gain=3198.01 553.734 368.139 256.266 167.997 166.709 127.889 125.907 117.57 109.181 98.5663 85.4132 76.1625 69.9355 69.6534 57.5101 54.5577 49.8946 48.3818 48.3341 47.1013 48.6379 48.745 46.3228 46.1529 44.6585 44.6402 44.0943 42.5993 56.8806
threshold=3.2827400000000027 1.2829500000000003 5.3003300000000051 2.0645828019839079 2.5000000000000004 -2.1583116883116871 -1.2549999999999997 1.061196498345389 2.2047000000000003 -3.6612099999999979 578.58056235104743 1.0000000180025095e-35 0.29175324675324682 -4.1767532467532442 0.4740074196015594 4.5000000000000009 23.560688409752185 -2.5749999999999997 34.844435703213271 1.0000000180025095e-35 31.408225792399715 1.0000000180025095e-35 1.0000000180025095e-35 4.9961886689096877 1.0000000180025095e-35 28.709548874159157 22.580327415395018 9.7578664580183361 28.794373206259689 0.61479291777208123
decision_type=2 2 2 8 8 2 2 2 2 2 2 2 2 2 10 2 2 2 2 2 2 2 2 10 2 2 2 2 2 2
left_child=1 3 13 6 7 19 24 -5 27 -9 28 15 -6 -2 -15 -4 18 -16 -13 26 21 -10 -23 -8 -1 -14 -3 -7 29 -11
right_child=2 5 11 4 12 8 23 9 20 10 -12 16 25 14 17 -17 -18 -19 -20 -21 -22 22 -24 -25 -26 -27 -28 -29 -30 -31
leaf_value=0.033257648839403922 -0.10294315435923636 -0.022996946173990448 -0.081291478271210693 -0.060606401861168259 0.021468193532090705 0.022538029088076048 0.075840476117195035 0.059138713474288833 -0.039529328323601759 -0.040853233871360625 -0.0024055414442469168 -0.047652621815601988 -0.028503337415905907 -0.04381720858132649 0.050138608470559121 -0.11655166238928452 -0.11000695254268318 -0.022902439477061144 0.037397684901952742 -0.061309070264299714 -0.068952361839237045 0.0054189295228996614 -0.022819317694318119 0.052166385047798705 -0.013774290808214573 -0.09625247412336034 0.05233105422840232 -0.0010973488437701706 0.064040633905235497 0.029091736114356066
leaf_weight=282 40 310 447 41 53 1050 313 241 81 30 305 102 71 843 25 156 29 361 20 81 27 902 184 608 64 37 21 243 84 934
leaf_count=282 40 310 447 41 53 1050 313 241 81 30 305 102 71 843 25 156 29 361 20 81 27 902 184 608 64 37 21 243 84 934
internal_value=-6.98346e-12 0.0184321 -0.0543214 0.0332564 0.0211092 0.00276912 0.0504754 0.0259079 0.0076493 0.0281331 0.0226104 -0.0819923 -0.0276228 -0.0378802 -0.0357626 -0.0904135 -0.048363 -0.0181718 -0.0337099 -0.0266897 -0.00366371 -0.00215318 0.000634549 0.060212 0.0245581 -0.0517137 -0.0182178 0.0180961 0.0298907 0.026915
internal_weight=7985 5962 2023 3063 1796 2899 1267 1635 2487 1594 1353 754 161 1269 1229 603 151 386 122 412 1194 1167 1086 921 346 108 331 1293 1048 964
internal_count=7985 5962 2023 3063 1796 2899 1267 1635 2487 1594 1353 754 161 1269 1229 603 151 386 122 412 1194 1167 1086 921 346 108 331 1293 1048 964
is_linear=0
shrinkage=0.05


Tree=19
num_leaves=31
num_cat=0
split_feature=130 130 7 13 130 130 14 75 143 24 272 42 41 168 128 41 13 265 30 25 274 97 76 41 25 4 328 11 27 10
split_gain=2896.02 551.137 326.187 195.25 161.447 138.91 163.9 113.793 90.6226 82.3726 73.9885 77.0877 73.8576 66.3772 54.3148 59.0779 53.7349 63.5684 51.6188 51.3933 50.1114 48.6758 48.6466 51.9982 46.3963 46.2477 45.6152 45.5232 42.8952 41.5483
threshold=2.7113500000000008 4.3798700000000048 170.1285 0.19830007322068177 1.0762000000000003 0.70934999999999993 1.5000000000000002 4.9862403113427005 1.0000000180025095e-35 4.9961886689096877 1.0000000180025095e-35 1443372.0728405195 -3.1249999999999991 1.0000000180025095e-35 1.5794504442389996 -2.9699999999999989 0.46899542832488272 1.0000000180025095e-35 1.061196498345389 -0.15388357753456083 1.0000000180025095e-35 23.836746072211618 21.688851963629535 -1.0717532467532465 -0.12779610717567161 0.12078041023703788 1.0000000180025095e-35 0.22627447407576143 1.435832385619545 1.5000000000000002
decision_type=2 2 2 10 2 2 8 2 2 8 2 2 2 2 2 2 10 2 2 10 2 2 2 2 10 2 2 10 2 2
left_child=2 12 3 18 9 6 14 20 10 -5 11 -9 26 19 -4 25 -14 -18 -1 -7 28 -15 23 -11 -23 -16 -2 -6 -3 -17
right_child=1 7 5 4 27 13 -8 8 -10 22 -12 -13 16 21 15 29 17 -19 -20 -21 -22 24 -24 -25 -26 -27 -28 -29 -30 -31
leaf_value=-0.054997956820509654 -0.091113934970851393 -0.019592805987312681 -0.047315715160220866 0.07421428472544922 0.032767565234524947 -0.014588137960062551 -0.061418919539587072 -0.0323154854787258 -0.074239464978320679 0.028886719307718946 0.050926856696605682 -0.088306670629039963 -0.026652529189542001 -0.0037370653489409988 0.031227293524991824 0.033951014552658462 -0.011069236897101563 0.062140376947354525 0.0040106844305224281 0.010349445598846613 -0.17024889498949053 -0.0099737776417492176 -0.016643556184135377 0.054206862188099572 -0.067500808486078354 -0.042829559183779307 -0.016830902774968456 0.011235620809869036 -0.093552874864663113 -0.031353122025728229
leaf_weight=44 62 21 24 294 628 260 55 255 428 299 21 81 1025 201 37 946 404 32 235 1006 20 63 32 630 79 49 31 403 295 25
leaf_count=44 62 21 24 294 628 260 55 255 428 299 21 81 1025 201 37 946 404 32 235 1006 20 63 32 630 79 49 31 403 295 25
internal_value=-2.06357e-11 -0.0424247 0.0213721 0.034192 0.0390113 0.00939291 0.022779 -0.0691462 -0.058724 0.0510549 -0.0401228 -0.0458134 -0.0231487 -5.80706e-05 0.0270629 0.0287517 -0.0203986 -0.00569605 -0.00529534 0.00522798 -0.0934956 -0.0195687 0.0439697 0.0460575 -0.0419783 -0.0109679 -0.0663529 0.0243511 -0.0886378 0.0322697
internal_weight=7985 2675 5310 2565 2286 2745 1136 1121 785 1255 357 336 1554 1609 1081 1057 1461 436 279 1266 336 343 961 929 142 86 93 1031 316 971
internal_count=7985 2675 5310 2565 2286 2745 1136 1121 785 1255 357 336 1554 1609 1081 1057 1461 436 279 1266 336 343 961 929 142 86 93 1031 316 971
is_linear=0
shrinkage=0.05


Tree=20
num_leaves=31
num_cat=0
split_feature=130 130 130 105 11 97 42 41 30 12 130 55 68 62 4 130 25 59 71 84 265 22 34 68 328 58 130 23 2 104
split_gain=2624.38 497.067 271.262 227.729 149.226 100.433 93.3218 93.2886 89.1021 80.8915 74.0806 72.6371 69.262 61.5202 59.7832 54.4525 54.0306 52.9594 51.1804 50.5835 54.7484 50.2356 77.9935 49.7623 49.6898 46.4648 45.2163 44.037 43.9091 56.175
threshold=3.3900000000000028 1.7039800000000003 5.9634000000000071 0.42481203007518803 2.5000000000000004 23.689335155760347 1080.0463472060776 -1.7549999999999992 0.69329129938676926 -0.64258226201505397 2.4932000000000007 5.0809497666331938 54.606798834075121 22.972525496500918 0.53828888941748487 0.28224999999999995 -0.53670961584730315 37.808844183808915 16.871132643070403 31.408225792399715 1.0000000180025095e-35 2.3943223417442812 1.0884008548723463 6.4497284821607161 1.0000000180025095e-35 6.3382954032187078 -3.0892099999999973 -2.3824180083451894 1.2003861961451252 -0.74409871819098006
decision_type=2 2 2 2 8 2 2 2 2 10 2 2 2 2 2 2 10 2 2 2 2 8 2 2 2 2 2 10 2 2
left_child=1 3 12 4 7 10 15 -1 -9 -4 -3 -7 24 18 27 -5 -17 25 21 20 -12 -10 -23 -6 28 -11 -8 -14 29 -2
right_child=2 5 9 6 23 11 26 8 13 17 19 -13 14 -15 -16 16 -18 -19 -20 -21 -22 22 -24 -25 -26 -27 -28 -29 -30 -31
leaf_value=0.0053028288398994086 0.015189039969333896 0.010568766013144297 0.0011036628793025839 0.058265756352194643 -0.046356595341737077 -0.020866032781081321 0.065630532655061455 -0.055043466437247494 0.034805672457742229 -0.15146314012152809 -0.0095798199118840542 -0.099904267391133506 -0.0092023980049859913 0.0048953177190739364 -0.039370895039351768 -0.031571903410885074 0.040533328890439389 -0.026890741852489682 0.062968805741321368 -0.08332869694991546 0.04273442879038037 -0.06956431029985348 0.047572670532045544 0.038831486850976947 -0.0049861035938837282 -0.0851780807198603 0.015774446792756431 -0.08618492032083111 -0.093719257041811943 -0.037823237732483715
leaf_weight=713 54 1111 29 597 120 244 51 31 674 28 887 33 21 187 242 27 688 37 151 22 53 30 27 20 151 474 420 161 32 670
leaf_count=713 54 1111 29 597 120 244 51 31 674 28 887 33 21 187 242 27 688 37 151 22 53 30 27 20 151 474 420 161 32 670
internal_value=-2.92533e-12 0.0160119 -0.0513156 0.0273448 0.0155498 -0.00200505 0.0402645 0.0193904 0.0285217 -0.0802435 0.00177342 -0.0302821 -0.0389707 0.0309451 -0.0556528 0.0471183 0.0378105 -0.0846203 0.0364681 -0.00838421 -0.00663019 0.0309939 -0.0140784 -0.0341869 -0.0311723 -0.0888753 0.0211729 -0.0773023 -0.0364026 -0.0338693
internal_weight=7985 6086 1899 3736 1953 2350 1783 1813 1100 568 2073 277 1331 1069 424 1312 715 539 882 962 940 731 57 140 907 502 471 182 756 724
internal_count=7985 6086 1899 3736 1953 2350 1783 1813 1100 568 2073 277 1331 1069 424 1312 715 539 882 962 940 731 57 140 907 502 471 182 756 724
is_linear=0
shrinkage=0.05


Tree=21
num_leaves=31
num_cat=0
split_feature=130 130 130 105 11 28 41 18 41 30 68 27 172 62 45 41 64 78 172 4 27 4 17 43 130 27 246 122 75 43
split_gain=2368.51 451.566 245.162 209.14 137.303 102.708 94.2256 84.5514 76.5876 81.6224 76.1811 76.1203 69.039 58.5959 51.559 72.5378 50.8018 49.9449 49.8219 49.4056 62.4002 48.9454 45.7941 49.3486 45.5959 50.9177 45.3112 39.3182 37.9501 43.8139
threshold=3.3900000000000028 1.5676500000000002 6.1749900000000064 0.42481203007518803 2.5000000000000004 485.83252928036643 -0.68525974025974001 14.207531843402174 -1.7549999999999992 0.69329129938676926 54.606798834075121 6.9699847774111806e-06 1.0000000180025095e-35 11.36804451875177 8.1185396974751836 -3.4699999999999993 4.8678787182079111 25.545796891019659 1.0000000180025095e-35 0.53828888941748487 1.2582032200048605 0.45255930567438468 1.1026315789473686 21.985054721390878 0.43254499999999979 6.9699847774111806e-06 1.0000000180025095e-35 29.500000000000004 5.9888424120482382 20.858374397334824
decision_type=2 2 2 2 8 2 2 10 2 2 2 2 2 2 2 2 2 2 2 2 2 2 2 2 2 2 2 2 2 2
left_child=1 3 10 4 8 7 17 -3 -1 -10 18 27 26 -11 15 -7 -17 -5 22 20 -12 -6 -2 -24 -8 -26 -9 -4 -13 -30
right_child=2 5 11 6 21 14 24 12 9 13 19 28 -14 -15 -16 16 -18 -19 -20 -21 -22 -23 23 -25 25 -27 -28 -29 29 -31
leaf_value=0.0060196730262146517 -0.063486415117692485 -0.033274880847634955 0.002628239430487156 0.03445780841418003 -0.016384968691057079 -0.088346959763255573 0.059474617845234584 0.01031774985296724 -0.052291293105771464 0.042005032572714707 0.0098636868223547936 -0.10380025851493442 -0.014274307705282636 0.017807810858983458 0.049142537486773955 -0.032271126921852189 -0.0022006581281800264 0.0056853429726177488 -0.051489306892282129 -0.040751197004479101 -0.083419528599247075 -0.086789906583726414 -0.023207172046315075 0.031043859527756776 -0.040014479905366898 0.041503007215907231 0.053328350434458119 -0.076352676290732169 -0.021851549169846943 -0.081970051636062247
leaf_weight=682 65 135 40 475 108 38 523 1417 31 508 20 179 296 493 27 276 286 221 203 275 173 32 612 45 20 454 64 26 35 226
leaf_count=682 65 135 40 475 108 38 523 1417 31 508 20 179 296 493 27 276 286 221 203 275 173 32 612 45 20 454 64 26 35 226
internal_value=-4.59246e-14 0.0152113 -0.0487499 0.0267343 0.0151323 -0.000886409 0.0394396 0.00487237 0.0190211 0.0276132 -0.0379222 -0.0785579 0.00777044 0.0300877 -0.0184475 -0.021489 -0.0169684 0.0253217 -0.0296051 -0.0543609 -0.0737529 -0.0324775 -0.0234521 -0.0194913 0.0492952 0.0380635 0.0121764 -0.0284855 -0.0860688 -0.0739082
internal_weight=7985 6086 1899 3547 1854 2539 1693 1912 1714 1032 1393 506 1777 1001 627 600 562 696 925 468 193 140 722 657 997 474 1481 66 440 261
internal_count=7985 6086 1899 3547 1854 2539 1693 1912 1714 1032 1393 506 1777 1001 627 600 562 696 925 468 193 140 722 657 997 474 1481 66 440 261
is_linear=0
shrinkage=0.05


Tree=22
num_leaves=31
num_cat=0
split_feature=130 130 28 76 12 265 6 365 132 24 130 7 41 130 24 30 306 356 66 87 246 133 29 19 41 302 246 290 62 24
split_gain=2148.58 398.126 264.308 213.025 210.396 123.946 121.464 89.8908 83.3752 89.6138 63.8548 81.5257 60.8518 57.7579 57.5293 55.6598 54.6543 56.6485 53.361 51.8193 48.7743 45.3747 44.0469 44.0254 43.6998 51.946 42.0006 50.7021 41.8067 41.4268
threshold=2.7506500000000016 4.3798700000000048 288.16809650042541 34.070943295197267 -0.24700368076862625 1.0000000180025095e-35 102.11300000000001 1.0000000180025095e-35 1.0000000180025095e-35 6.0922043281753 0.83549999999999991 367.68500000000023 -3.5449999999999986 6.1749900000000064 7.4660760208004735 1.3208373247184559 1.0000000180025095e-35 1.0000000180025095e-35 31.408272085674295 31.757192524200722 1.0000000180025095e-35 1.0000000180025095e-35 7.0908991379373569 10.320333083759886 -2.3749999999999987 1.0000000180025095e-35 1.0000000180025095e-35 1.0000000180025095e-35 27.973659763709545 7.8547584454942143
decision_type=2 2 2 2 8 2 2 2 2 8 2 2 2 2 8 2 2 2 2 2 2 2 2 8 2 2 2 2 2 8
left_child=2 16 3 4 6 8 -1 13 9 24 11 21 -11 -3 -9 -6 17 26 -16 -14 22 -8 -12 -17 -4 -26 -2 -28 -18 -7
right_child=1 7 5 -5 15 29 10 14 -10 12 20 -13 19 -15 18 23 28 -19 -20 -21 -22 -23 -24 -25 25 -27 27 -29 -30 -31
leaf_value=0.059506623304078299 -0.026129573172735912 -0.054985918308096959 -0.013205741757551079 -0.07595819198545449 -0.039751512180139996 0.073196328511082778 0.034898511645843705 -0.059692205396312918 0.028067159166881291 -0.099218634389002219 0.035340246796997182 -0.060986795797944075 -0.011322603821239542 -0.081002375218478681 -0.047224009849014696 -0.019381837450437471 -0.030524718415379667 0.00041293084175385108 0.01386084827238027 -0.073016796079981669 0.078446894380691898 0.059397938800048067 0.013752941230917002 0.01746509956500698 0.0032038166899722672 0.031029823011554342 0.058040633490856954 -0.025495203444734216 -0.080679893699873773 0.026103572929735364
leaf_weight=412 839 439 232 49 81 59 765 122 241 22 335 20 624 415 64 118 161 362 81 36 37 251 802 259 568 238 34 39 56 224
leaf_count=412 839 439 232 49 81 59 765 122 241 22 335 20 624 415 64 118 161 362 81 36 37 251 802 259 568 238 34 39 56 224
internal_value=1.55225e-11 -0.0371989 0.0180837 0.027475 0.0291205 0.00498858 0.0345822 -0.0597117 0.000524528 -0.00333464 0.0299357 0.0389831 -0.0174145 -0.0676286 -0.0343897 -0.00214731 -0.0202728 -0.0163219 -0.0131007 -0.0146877 0.0219518 0.040951 0.0201133 0.00593211 0.00591631 0.0114204 -0.0229645 0.0134119 -0.043468 0.0359215
internal_weight=7985 2612 5373 3129 3080 2244 2622 1121 1961 1720 2210 1036 682 854 267 458 1491 1274 145 660 1174 1016 1137 377 1038 806 912 73 217 283
internal_count=7985 2612 5373 3129 3080 2244 2622 1121 1961 1720 2210 1036 682 854 267 458 1491 1274 145 660 1174 1016 1137 377 1038 806 912 73 217 283
is_linear=0
shrinkage=0.05


Tree=23
num_leaves=31
num_cat=0
split_feature=130 130 7 13 28 257 105 130 75 28 317 143 43 318 272 42 25 84 11 172 16 7 130 70 85 97 274 30 314 75
split_gain=1948.25 441.137 227.364 122.129 107.6 90.5079 106.329 87.627 84.0992 83.3363 71.2243 69.6036 59.8533 63.1768 59.61 61.9301 53.6626 53.3483 56.306 59.0927 53.2797 52.6409 49.5944 47.9155 43.7791 43.6095 43.0948 40.9476 40.4704 39.87
threshold=2.4932000000000007 4.3798700000000048 168.10900000000001 0.19830007322068177 202.26735456096847 1.0000000180025095e-35 0.26969696969696971 0.35315000000000007 4.9862403113427005 494.89185627703239 1.0000000180025095e-35 1.0000000180025095e-35 26.782621440399016 1.0000000180025095e-35 1.0000000180025095e-35 1443372.0728405195 -0.92929830116007073 23.230996053839409 0.027341796649473647 1.0000000180025095e-35 0.91833333333333345 84.091499999999996 -3.6612099999999979 11.508678079708099 9.951427393880822 23.689335155760347 1.0000000180025095e-35 1.061196498345389 1.0000000180025095e-35 14.665585865709806
decision_type=2 2 2 10 2 2 2 2 2 2 2 2 2 2 2 2 10 2 10 2 2 2 2 2 2 2 2 2 2 2
left_child=2 9 3 27 21 6 12 23 26 10 17 14 13 20 15 -10 -9 18 -2 -20 -4 -5 -14 -8 -18 -15 -3 -1 -11 -23
right_child=1 8 5 4 -6 -7 7 16 11 28 -12 -13 22 25 -16 -17 24 -19 19 -21 -22 29 -24 -25 -26 -27 -28 -29 -30 -31
leaf_value=-0.046877035515552223 -0.040190519333804312 -0.073154106093688484 0.061404348008737376 0.059522690808442982 0.016059877615487966 0.035979427485028283 0.034850446335546188 -0.052930711072526483 -0.024473986169672859 -0.022642748762326539 0.027999111540727963 -0.061363989784965448 -0.012312974400507909 -0.0072962344756727169 0.05026065930724144 -0.074659441448288205 0.016257200893499222 -0.078961266527573279 -0.00061692662437917722 -0.032987665025859904 -0.00037117554614375772 0.026980052134140505 -0.087193497679219023 -0.042380606329866816 -0.0063319454158899252 -0.06129246510493136 -0.14883626967668534 0.0063521523290258454 -0.04897777881017254 0.044906256083414725
leaf_weight=44 146 316 37 307 601 275 460 38 255 441 116 428 48 79 21 81 567 30 743 174 616 590 41 21 345 71 20 202 218 654
leaf_count=44 146 316 37 307 601 275 460 38 255 441 116 428 48 79 21 81 567 30 743 174 616 590 41 21 345 71 20 202 218 654
internal_value=-1.85008e-11 -0.0319303 0.0191032 0.0302056 0.0340206 0.00885554 0.00564458 0.0140903 -0.0567262 -0.0170501 -0.00925309 -0.0477664 -0.00790449 -0.00359259 -0.0314644 -0.0365723 0.00528626 -0.0132067 -0.0113509 -0.00675925 0.00312912 0.0409803 -0.0468085 0.0314786 0.00771196 -0.0328545 -0.077659 -0.00316852 -0.0313545 0.0364043
internal_weight=7985 2989 4996 2398 2152 2598 2323 1431 1121 1868 1209 785 892 803 357 336 950 1093 1063 917 653 1551 89 481 912 150 336 246 659 1244
internal_count=7985 2989 4996 2398 2152 2598 2323 1431 1121 1868 1209 785 892 803 357 336 950 1093 1063 917 653 1551 89 481 912 150 336 246 659 1244
is_linear=0
shrinkage=0.05


Tree=24
num_leaves=31
num_cat=0
split_feature=130 130 130 22 97 46 14 130 41 252 71 27 55 68 131 52 143 47 328 84 2 104 4 58 265 95 109 40 131 25
split_gain=1764.97 346.59 184.042 155.311 107.538 103.189 97.5332 78.7215 78.6074 74.7276 74.4077 64.3807 61.5535 59.7809 55.9518 54.4395 43.2625 50.0515 42.3092 42.1929 41.962 50.6176 44.9447 41.6348 41.3711 44.1806 39.9324 38.4179 38.1241 42.1754
threshold=3.3900000000000028 1.2829500000000003 6.1749900000000064 2.0645828019839079 24.206143635797094 31.055548159419345 1.5000000000000002 2.426400000000001 -1.2549999999999997 1.0000000180025095e-35 5.3712900005583588 6.9699847774111806e-06 5.0809497666331938 54.606798834075121 10.427800000000003 61.747520860020515 1.5000000000000002 4.8966606668014778 1.0000000180025095e-35 31.408225792399715 1.2003861961451252 -0.74409871819098006 0.44740138019158621 23.767379216267965 1.0000000180025095e-35 20.760351920089025 1.0000000180025095e-35 1.9867017518665755 38.132550000000016 -0.4035362323934466
decision_type=2 2 2 8 2 2 10 2 2 2 2 2 2 2 2 2 2 2 2 2 2 2 2 2 2 2 2 2 2 10
left_child=1 3 13 8 7 -5 9 -3 -1 10 14 -4 26 18 -7 27 17 -15 20 24 21 -2 -23 -11 -9 -26 -6 -12 -16 -30
right_child=2 4 11 5 12 6 -8 19 -10 23 15 -13 -14 16 28 -17 -18 -19 -20 -21 -22 22 -24 -25 25 -27 -28 -29 29 -31
leaf_value=0.018070520627683478 0.018480488365008072 0.011299977473095087 -0.021859643488388623 -0.04733011299478157 -0.0046786967109558953 -0.042484565504959659 -0.057451811166746282 -0.0071720602713692795 0.046023120817674748 0.054682544961083428 0.013683721864717486 -0.074816812251260259 -0.084839899713794395 -0.058849631296216301 0.049839057713986668 -0.078242444172501577 -0.079076622191538243 -0.022576691070101178 -0.0014998556355074529 -0.074717003174803481 -0.085292253965003936 -0.052578242873274242 -0.023609754647583681 0.019566193188858542 -0.023863807492889466 0.067946785668793475 -0.043904147805332458 -0.01168131087622205 -0.034201753331768898 0.026277878219695142
leaf_weight=346 55 1634 66 63 192 28 42 980 921 206 460 440 39 183 171 20 87 198 155 22 33 183 499 143 20 38 98 221 31 411
leaf_count=346 55 1634 66 63 192 28 42 980 921 206 460 440 39 183 171 20 87 198 155 22 33 183 499 143 20 38 98 221 31 411
internal_value=1.50264e-11 0.013131 -0.0420828 0.0249848 0.00112034 0.0155283 0.0178134 0.00441591 0.0383897 0.0196827 0.0143226 -0.0679094 -0.0258653 -0.0327014 0.0266347 0.00306433 -0.0472635 -0.0399991 -0.0253338 -0.00619594 -0.0301316 -0.0276617 -0.0313828 0.0402939 -0.00474366 0.036288 -0.0179342 0.00545219 0.0297919 0.0220361
internal_weight=7985 6086 1899 3063 3023 1796 1733 2694 1267 1691 1342 506 329 1393 641 701 468 381 925 1060 770 737 682 349 1038 58 290 681 613 442
internal_count=7985 6086 1899 3063 3023 1796 1733 2694 1267 1691 1342 506 329 1393 641 701 468 381 925 1060 770 737 682 349 1038 58 290 681 613 442
is_linear=0
shrinkage=0.05


Tree=25
num_leaves=31
num_cat=0
split_feature=130 130 7 130 13 41 14 130 143 105 104 27 64 7 4 5 76 113 297 120 130 105 97 62 172 336 265 356 31 22
split_gain=1595.53 334.256 166.1 150.984 80.9484 90.4818 76.2139 73.0332 61.7611 84.0835 59.1589 58.1036 53.313 53.9829 52.7207 48.7221 47.9422 46.0702 45.4394 45.1078 45.0187 44.258 50.3902 43.3388 41.6852 44.5539 47.42 40.5303 40.1674 39.527
threshold=3.5128000000000021 2.0219200000000002 168.19050000000001 6.1749900000000064 0.12149339421060996 -1.2249999999999992 1.5000000000000002 -0.39374999999999999 1.5000000000000002 0.23669467787114848 -0.74409871819098006 6.9699847774111806e-06 4.8678787182079111 363.17750000000007 0.45684050121003661 7.4142857142857155 21.027916954307294 2.5000000000000004 1.0000000180025095e-35 1.0000000180025095e-35 0.43254499999999979 0.053342816500711245 30.887517448522036 6.1223697471357585 1.0000000180025095e-35 1.0000000180025095e-35 1.0000000180025095e-35 1.0000000180025095e-35 2.6573629245364052 2.337029943890649
decision_type=2 2 2 2 10 2 10 2 2 2 2 2 2 2 2 2 2 2 2 2 2 2 2 2 2 2 2 2 2 8
left_child=1 2 4 10 28 -6 7 21 19 14 29 -5 13 27 -10 -9 20 -14 -17 -3 23 22 -4 -7 25 26 -21 -12 -1 -2
right_child=3 8 6 11 5 16 -8 15 9 -11 12 -13 17 -15 -16 18 -18 -19 -20 24 -22 -23 -24 -25 -26 -27 -28 -29 -30 -31
leaf_value=-0.050998765311371055 -0.048543102497404275 -0.03271540878571335 0.018379660740920147 -0.02076666122584632 0.012994250371365168 0.060927473899709719 -0.062084608390513399 -0.070527392182321777 -0.1454502137005329 -0.01116448536232513 -0.04288022456124245 -0.071075971842722283 -0.0087594045118506384 -0.071060344890048296 -0.047544265250590717 0.011645660663402443 -0.020564250889069893 -0.084358006106181591 -0.0082406991767469424 0.0046322540573667716 0.031888228765947955 0.033990331033939065 -0.043670299258537409 0.034870500404752425 -0.019628888375539749 -0.02084735943507289 0.048901066591497511 -0.018355364848876947 0.0097515263315290229 0.029806564697258488
leaf_weight=39 22 111 162 66 467 361 36 21 20 175 595 440 240 126 44 1046 34 22 396 1104 846 448 41 286 225 163 64 235 90 60
leaf_count=39 22 111 162 66 467 361 36 21 20 175 595 440 240 126 44 1046 34 22 396 1104 846 448 41 286 225 163 64 235 90 60
internal_value=1.49867e-11 0.0120833 0.0198501 -0.0413414 0.0297706 0.0322539 0.0100542 0.0112827 -0.00532901 -0.0290993 -0.032322 -0.0645139 -0.0350895 -0.0405657 -0.0781399 0.00508337 0.0381441 -0.0151074 0.0061845 -0.00192103 0.0394811 0.0252146 0.0058474 0.0494092 0.000275744 0.00364054 0.00705794 -0.0359364 -0.00861484 0.00878592
internal_weight=7985 6179 4273 1806 2123 1994 2150 2114 1906 239 1300 506 1218 956 64 1463 1527 262 1442 1667 1493 651 203 647 1556 1331 1168 830 129 82
internal_count=7985 6179 4273 1806 2123 1994 2150 2114 1906 239 1300 506 1218 956 64 1463 1527 262 1442 1667 1493 651 203 647 1556 1331 1168 830 129 82
is_linear=0
shrinkage=0.05


Tree=26
num_leaves=31
num_cat=0
split_feature=130 130 7 13 28 257 105 75 28 130 317 130 104 356 70 20 84 13 172 6 76 7 274 350 27 303 131 140 95 79
split_gain=1443.69 329.464 172.849 95.6662 93.3127 73.1947 88.8543 69.9101 68.7419 68.6431 61.1797 56.9278 63.7403 51.2648 48.1332 47.3292 45.0517 47.0902 45.0347 44.7463 42.7802 42.0759 39.8682 38.9924 37.647 36.9447 36.5811 36.4071 35.7861 34.9818
threshold=2.4932000000000007 4.3798700000000048 174.00649999999999 0.19830007322068177 202.26735456096847 1.0000000180025095e-35 0.26969696969696971 6.3345397724322554 494.89185627703239 0.35315000000000007 1.0000000180025095e-35 7.7225000000000019 -1.4119025026420038 1.0000000180025095e-35 11.508678079708099 2.6720107956451855 23.230996053839409 0.082614134587895641 1.0000000180025095e-35 451.58600000000041 9.4166556883016259 84.091499999999996 1.0000000180025095e-35 1.0000000180025095e-35 -3.7142856257780645e-08 1.0000000180025095e-35 7.1165000000000012 1.0000000180025095e-35 31.682322584221939 75.427150973153644
decision_type=2 2 2 10 2 2 2 2 2 2 2 2 2 2 2 8 2 10 2 2 2 2 2 2 2 2 2 2 2 2
left_child=2 8 3 26 21 6 13 22 10 14 16 12 28 19 -8 23 17 -2 -19 24 -14 -5 -3 25 -4 -11 -1 -10 -9 -22
right_child=1 7 5 4 -6 -7 9 11 27 15 -12 -13 20 -15 -16 -17 -18 18 -20 -21 29 -23 -24 -25 -26 -27 -28 -29 -30 -31
leaf_value=-0.041586848888911454 -0.043693079404613894 -0.062558544420995191 0.0429636599978915 0.05212058857104556 0.013409813516296729 0.031511414542140251 0.031202775501102831 -0.021964875049889088 -0.03166989265174798 0.005388595808376701 0.026980246417224407 -0.064109063445610681 -0.02168050850328954 0.0072208633164184237 -0.048127444554120304 -0.039765271856971408 -0.071635281996180619 -0.001233639755267872 -0.029310561626501936 -0.071455307711368876 -0.045416557394335443 0.031518805900820013 -0.13509234979748727 -0.011745779509810617 -0.017796357306249285 0.031812674678318824 0.0059254219377328299 0.0064717110113373822 0.064455010652542111 -0.111170885915106
leaf_weight=51 92 359 27 307 684 272 435 23 589 458 116 184 237 310 20 58 30 797 174 37 251 1286 20 211 457 186 197 70 25 22
leaf_count=51 92 359 27 307 684 272 435 23 589 458 116 184 237 310 20 58 30 797 174 37 251 1286 20 211 457 186 197 70 25 22
internal_value=-2.72391e-11 -0.0274864 0.0164445 0.0256447 0.0288566 0.00704324 0.00401671 -0.0489151 -0.0146268 0.0118502 -0.00754538 -0.0399912 -0.0320384 -0.00887881 0.0277157 0.00394347 -0.0112096 -0.00950424 -0.00626493 -0.0184583 -0.0372227 0.0354891 -0.0663862 0.00690851 -0.0144069 0.0130204 -0.00384525 -0.0276184 0.0230455 -0.0507154
internal_weight=7985 2989 4996 2525 2277 2471 2199 1121 1868 1368 1209 742 558 831 455 913 1093 1063 971 521 510 1593 379 855 484 644 248 659 48 273
internal_count=7985 2989 4996 2525 2277 2471 2199 1121 1868 1368 1209 742 558 831 455 913 1093 1063 971 521 510 1593 379 855 484 644 248 659 48 273
is_linear=0
shrinkage=0.05


Tree=27
num_leaves=31
num_cat=0
split_feature=130 130 130 11 41 30 41 40 132 83 41 359 130 140 97 23 12 52 45 128 41 27 22 3 24 246 290 130 34 7
split_gain=1308.77 245.338 153.623 124.559 137.497 100.308 83.3762 61.415 52.7091 50.5457 55.2383 48.3434 47.5257 45.7546 51.0106 53.2363 43.078 43.0641 44.0976 40.5141 39.9775 35.2655 34.8811 33.7767 38.6013 33.4789 47.2867 33.123 33.2907 38.4971
threshold=3.2827400000000027 1.2829500000000003 5.3494900000000047 1.0499536332980961 -1.2549999999999997 0.69329129938676926 -2.1583116883116871 1.6320826289078487 1.0000000180025095e-35 18.485000000000003 -0.45500000000000002 1.0000000180025095e-35 2.2047000000000003 1.0000000180025095e-35 19.930454774502397 -2.3688407310558075 -0.067093591138464484 52.393743442720655 274.58676742449973 7.6986563829914516 -3.5449999999999986 1.2582032200048605 2.4559560612312099 -1.2014808253548328 5.9818249026290511 1.0000000180025095e-35 1.0000000180025095e-35 -4.4221999999999957 1.4969194326249122 150.12700000000001
decision_type=2 2 2 8 2 2 2 2 2 2 2 2 2 2 2 10 10 2 2 2 2 2 10 2 8 2 2 2 2 2
left_child=1 3 13 4 8 -6 19 -7 -1 22 -11 17 -8 14 16 -16 21 18 27 20 -3 -2 -4 -9 -25 -23 -27 -5 -29 -30
right_child=2 6 9 11 5 7 12 23 -10 10 -12 -13 -14 -15 15 -17 -18 -19 -20 -21 -22 25 -24 24 -26 26 -28 28 29 -31
leaf_value=0.007192658852628233 0.039575003399280835 -0.081418972963403016 -0.058949932309476684 0.024942436022683978 -0.050621868319371169 0.040378020831330963 0.011458976670670321 0.026998034952538871 0.036289215697655204 -0.050841150326975199 -0.004636486996955509 0.040415877512678867 -0.0023757528700370798 0.0066979148380697656 -0.015996883597664453 -0.063976176375184546 -0.060848643859340391 -0.054644543996660924 0.038153144132432551 0.024226531012855629 -0.020232454050546085 -0.023783023642693454 -0.098266442332948956 0.039084139580910025 -0.033673522312988029 0.05038595305951802 -0.029024492868700541 -0.065203619549941763 0.042240510929537858 -0.039320708488902227
leaf_weight=981 25 29 211 32 34 1336 1293 155 185 357 79 41 1194 108 89 165 66 61 43 47 336 771 77 26 61 38 37 46 23 39
leaf_count=981 25 29 211 32 34 1336 1293 155 185 357 79 41 1194 108 89 165 66 61 43 47 336 771 77 26 61 38 37 46 23 39
internal_value=-1.59676e-11 0.0117914 -0.0347506 0.0216589 0.0248885 0.0343491 0.00136571 0.0361799 0.0118092 -0.0532065 -0.0424692 -0.00982058 0.00481697 -0.0244642 -0.02729 -0.0471645 -0.0219024 -0.018262 -0.00613442 -0.0194675 -0.0250938 -0.0189513 -0.0694616 0.0130033 -0.0119299 -0.0206808 0.0112101 -0.019737 -0.0329754 -0.00906413
internal_weight=7985 5962 2023 3063 2778 1612 2899 1578 1166 724 436 285 2487 1299 1191 254 937 244 183 412 365 871 288 242 87 846 75 140 108 62
internal_count=7985 5962 2023 3063 2778 1612 2899 1578 1166 724 436 285 2487 1299 1191 254 937 244 183 412 365 871 288 242 87 846 75 140 108 62
is_linear=0
shrinkage=0.05


Tree=28
num_leaves=31
num_cat=0
split_feature=130 130 11 41 130 30 97 27 0 62 130 24 75 97 21 4 55 132 78 359 7 4 84 13 97 53 0 99 110 130
split_gain=1185.04 255.398 112.415 124.091 109.77 90.5284 86.6518 70.8104 59.1548 56.9438 56.8155 55.7883 55.7283 56.08 50.4128 50.3589 49.2903 47.5699 44.1338 43.6299 39.4472 40.1772 36.9903 36.5349 41.1907 34.8653 34.3593 33.8017 34.1873 33.6681
threshold=3.5438000000000023 1.2829500000000003 1.0499536332980961 -1.2549999999999997 6.8489000000000049 0.69329129938676926 24.206143635797094 1.0392588015982875 10.634498850466114 18.620383575299602 2.426400000000001 6.0922043281753 4.9862403113427005 10.842939814814816 -2.3329761765069237 0.47103819113779521 5.1000446670203816 1.0000000180025095e-35 31.796266947548641 1.0000000180025095e-35 464.82250000000039 0.27678625850601096 24.366102734644986 0.1082552762542693 2.4315821050642485 4.1959919624070894 10.571024187452762 6.3319148400100795 1.0000000180025095e-35 0.43254499999999979
decision_type=2 2 8 2 2 2 2 2 2 2 2 10 2 2 8 2 2 2 2 2 2 2 2 10 2 2 2 2 2 2
left_child=1 2 3 17 7 -5 10 8 -2 29 -3 -8 -9 14 -14 -15 -13 -1 -6 20 21 -4 23 -12 25 -25 -16 28 -11 -7
right_child=4 6 19 5 18 9 11 12 -10 27 22 16 13 15 26 -17 -18 -19 -20 -21 -22 -23 -24 24 -26 -27 -28 -29 -30 -31
leaf_value=0.006833025908999992 -0.020309925537842971 0.0092089672555526868 0.047381528642458412 -0.048090775365776883 -0.087398690025914799 0.045131443980344146 -0.0059746203734059389 -0.050966194151728331 0.073984924180368936 0.026810154851880815 -0.028786608341326864 -0.034006160896149329 -0.050533035546541219 -0.053333151945127888 -0.014532028711142226 -0.024282740855198687 -0.11239274814724923 0.034474754908650714 -0.049102076240022816 0.038395083438968518 -0.081211699113588443 -0.018767259589025791 -0.058232957182917745 0.0073325621398081164 -0.0078993100335091274 0.054913893888640979 0.020706835212886975 -0.047378884601805893 -0.023105603383808602 0.028676012641814193
leaf_weight=981 39 1634 26 34 110 796 194 311 29 210 129 122 75 260 270 350 24 185 238 41 22 196 32 308 660 44 93 21 41 510
leaf_count=981 39 1634 26 34 110 796 194 311 29 210 129 122 75 260 270 350 24 185 238 41 22 196 32 308 660 44 93 21 41 510
internal_value=-3.68675e-11 0.010298 0.020576 0.0236441 -0.0360285 0.0326316 0.000294365 -0.0298882 0.0199041 0.0343709 0.00318191 -0.0235449 -0.0323797 -0.026864 -0.0132144 -0.0366649 -0.0468916 0.0112187 -0.0612073 -0.00932955 -0.0173489 -0.0110201 -0.00521384 -0.00372689 -0.000532514 0.0132802 -0.00550389 0.0135583 0.0186566 0.0387055
internal_weight=7985 6210 3063 2778 1775 1612 3147 1427 68 1578 2807 340 1359 1048 438 610 146 1166 348 285 244 222 1173 1141 1012 352 363 272 251 1306
internal_count=7985 6210 3063 2778 1775 1612 3147 1427 68 1578 2807 340 1359 1048 438 610 146 1166 348 285 244 222 1173 1141 1012 352 363 272 251 1306
is_linear=0
shrinkage=0.05


Tree=29
num_leaves=31
num_cat=0
split_feature=130 130 11 41 130 28 30 62 18 172 290 41 356 45 62 27 16 51 13 172 122 346 199 64 39 104 102 27 72 237
split_gain=1069.5 230.497 102.216 101.307 99.0763 80.9038 78.7783 75.6283 59.9936 55.5126 49.0377 48.3708 46.2653 40.9059 44.9304 39.748 63.9759 44.7033 42.0121 39.829 37.6089 37.4585 36.7171 33.8142 32.2124 31.0306 30.8676 34.2114 30.3006 32.3467
threshold=3.5438000000000023 1.2829500000000003 2.5000000000000004 -1.2549999999999997 6.1749900000000064 485.83252928036643 1.061196498345389 22.813301621924495 14.207531843402174 1.0000000180025095e-35 1.0000000180025095e-35 0.45123376623376654 1.0000000180025095e-35 7.8820136764455055 33.884328932543099 1.0392588015982875 1.0635080645161292 5.5490960737176769 0.224047874831136 1.0000000180025095e-35 16.500000000000004 1.0000000180025095e-35 1.0000000180025095e-35 4.8678787182079111 2.387652097113913 3.0616853735965619 40.068718362557576 1.3282493379421834 4.5474057147043636 1.0000000180025095e-35
decision_type=2 2 8 2 2 2 2 2 10 2 2 2 2 2 2 2 2 2 8 2 2 2 2 2 2 2 2 2 2 2
left_child=1 2 3 12 15 8 -5 -8 -3 22 21 -4 25 14 23 16 -2 18 -17 20 -20 -6 28 -7 -16 -1 27 -23 29 -10
right_child=4 5 11 6 10 13 7 -9 9 -11 -12 -13 -14 -15 24 17 -18 -19 19 -21 -22 26 -24 -25 -26 -27 -28 -29 -30 -31
leaf_value=-0.0010754075645481877 -0.042601209796137282 -0.025324655833443805 0.012414559808330261 -0.030617729889861542 -0.069504233766929255 -0.023478301396881718 0.035883118283494463 0.0066803364609031735 0.014372274479536432 -0.010830123412154233 0.016821002207385995 -0.042965839321360638 0.021573298782090022 0.037936486765910465 -0.022747322860439973 -0.046074056005632809 0.062674847617745402 -0.054751619049187364 -0.016600738036815655 -0.039297535591418326 0.049894179363565688 0.013971669952187574 0.074554281478578399 -0.0001986199250734113 -0.083218480478972207 0.046058251275806816 -0.077156861615367237 -0.042434250438136277 -0.0010538616294750653 -0.04968840759247542
leaf_weight=621 27 155 69 53 256 315 1412 263 1338 371 24 92 516 36 49 196 31 145 636 212 22 33 22 309 40 37 48 145 492 20
leaf_count=621 27 155 69 53 256 315 1412 263 1338 371 24 92 516 36 49 196 31 145 636 212 22 33 22 309 40 37 48 145 492 20
internal_value=6.16757e-12 0.00978311 0.0195472 0.0216986 -0.0342271 0.000279647 0.0293988 0.0312978 0.00476011 0.00683908 -0.0529344 -0.0192314 0.0103647 -0.014065 -0.0166906 -0.0267678 0.013667 -0.0287044 -0.0251613 -0.02045 -0.0143775 -0.0564077 0.0103408 -0.0119504 -0.0499254 0.00157497 -0.0415727 -0.031977 0.00957721 0.0134288
internal_weight=7985 6210 3063 2902 1775 3147 1728 1675 2398 2243 506 161 1174 749 713 1269 58 1211 1066 870 658 482 1872 624 89 658 226 178 1850 1358
internal_count=7985 6210 3063 2902 1775 3147 1728 1675 2398 2243 506 161 1174 749 713 1269 58 1211 1066 870 658 482 1872 624 89 658 226 178 1850 1358
is_linear=0
shrinkage=0.05


Tree=30
num_leaves=31
num_cat=0
split_feature=130 130 6 75 12 41 27 130 43 45 183 61 317 26 62 206 18 37 5 41 11 356 71 131 19 246 64 62 6 76
split_gain=973.459 225.128 127.24 70.2523 67.91 92.0888 59.1439 61.3435 53.8376 50.2833 49.2803 45.2697 44.9695 74.0884 45.4698 42.7573 48.6135 58.2289 39.6321 39.5125 39.142 37.4097 35.5294 39.2835 33.7302 33.6666 40.7275 35.9432 32.722 31.9666
threshold=2.4932000000000007 4.1876500000000041 190.27550000000002 23.431193486379758 -0.23409327881698777 -1.2149999999999996 6.9699847774111806e-06 7.23742000000001 24.166671194861145 32.415710546623679 1.5000000000000002 63.665200441719271 1.0000000180025095e-35 2.3933602308375224 16.851955316934184 1.0000000180025095e-35 16.581266712474434 1.8858996845101446 9.3021739130434806 -3.3949999999999991 0.043052407228894009 1.0000000180025095e-35 28.286055681275887 17.335300000000007 9.9025512575965617 1.0000000180025095e-35 4.8678787182079111 34.746609644895393 99.290500000000023 27.310095133319184
decision_type=2 2 2 2 8 2 2 2 2 2 2 2 2 2 2 2 10 2 2 2 10 2 2 2 10 2 2 2 2 2
left_child=2 12 4 8 5 -1 9 21 10 24 22 -10 13 20 -14 16 18 -18 29 -19 -2 25 23 -4 -3 26 -8 -27 -7 -5
right_child=1 6 3 15 -6 28 7 -9 11 -11 -12 -13 14 -15 -16 -17 17 19 -20 -21 -22 -23 -24 -25 -26 27 -28 -29 -30 -31
leaf_value=0.008045343043638133 -0.028886172213329526 -0.005145352603273189 -0.071674041229388905 0.0026937989333260157 0.00029765542984007615 0.043607586989043982 -0.05017654300779515 -0.063160257555082214 -0.10079967125698373 -0.053482708434218207 -0.077165238775143585 -0.012888708169339225 0.031362206987742114 -0.030789870206258913 -0.011008823292829312 0.064281312919951775 0.020924440184653094 -0.076723220063881437 0.021022972277480262 -0.0078791296364252427 -0.0024184021243181591 -0.013800519241207522 0.037802296573365174 -0.0021649962785611171 0.06582966292133699 0.050246775642735886 -0.0194503907689496 -0.032948753328339478 0.026564130470488279 -0.068538653211934239
leaf_weight=651 167 47 21 63 347 358 521 266 27 34 22 32 117 467 138 37 207 22 784 396 854 159 54 634 26 20 136 37 1320 21
leaf_count=651 167 47 21 63 347 358 521 266 27 34 22 32 117 467 138 37 207 22 784 396 854 159 54 634 26 20 136 37 1320 21
internal_value=1.59645e-11 -0.0225704 0.0135034 0.00493363 0.0209331 0.0240076 -0.0388001 -0.042139 -0.00717481 -0.00325862 -0.00346659 -0.0531191 -0.0109685 -0.0142931 0.008432 0.0111857 0.00986987 -0.000762699 0.0175258 -0.0115025 -0.00674761 -0.0357339 -0.00117974 -0.00439353 0.0201334 -0.0406182 -0.0438162 -0.00375734 0.0302003 -0.0151143
internal_weight=7985 2989 4996 2320 2676 2329 1246 1139 790 107 731 59 1743 1488 255 1530 1493 625 868 418 1021 873 709 655 73 714 657 57 1678 84
internal_count=7985 2989 4996 2320 2676 2329 1246 1139 790 107 731 59 1743 1488 255 1530 1493 625 868 418 1021 873 709 655 73 714 657 57 1678 84
is_linear=0
shrinkage=0.05


Tree=31
num_leaves=31
num_cat=0
split_feature=130 130 6 75 47 28 78 3 43 306 18 13 87 25 61 62 95 83 62 183 356 130 52 43 52 20 128 131 16 105
split_gain=878.547 203.363 114.834 64.4537 61.9214 87.1821 52.8604 55.0207 50.9229 45.4243 44.6317 70.6845 46.5156 43.0434 40.8559 40.5363 79.4308 39.0639 38.2256 37.6479 36.6569 34.6857 33.539 42.8816 44.3114 33.4674 33.3713 34.2312 31.6854 33.0837
threshold=2.4932000000000007 4.3158100000000017 190.27550000000002 25.425892784833263 4.8625797684963734 236.17235856135332 31.916914242109215 -2.1458024691358015 24.166671194861145 1.0000000180025095e-35 16.581266712474434 0.51440177186713176 26.207068626892013 -0.12680185342525896 63.665200441719271 33.040060336372576 36.225277777777784 3.5600000000000005 46.855157835554415 1.5000000000000002 1.0000000180025095e-35 6.8489000000000049 8.3339534621872406 20.60497820618976 6.7200130158908129 2.2952674577311973 139.65495466110892 29.219049999999999 0.91833333333333345 0.10620300751879701
decision_type=2 2 2 2 2 2 2 2 2 2 10 10 2 10 2 2 2 2 2 2 2 2 2 2 2 10 2 2 2 2
left_child=2 9 4 8 13 26 21 25 19 20 15 12 -12 -1 -10 -5 -17 -15 -11 28 22 -3 23 24 -2 -8 27 -6 -4 -30
right_child=1 6 3 10 5 -7 7 -9 14 18 11 -13 -14 17 -16 16 -18 -19 -20 -21 -22 -23 -24 -25 -26 -27 -28 -29 29 -31
leaf_value=-0.004950176767098205 -0.013564420540058228 -0.042745647898431278 0.055990993604063989 0.026277573470369204 0.043758317135760318 0.0067611174654390073 0.036525572262400267 -0.033221756209041581 -0.095759686617249706 -0.024490938978023617 0.0020017212757697141 0.060904448519906278 -0.040791914845523358 -0.00013391672226415884 -0.012244272750103848 -0.035274992502304946 0.026844897111267099 0.026669108104478159 -0.093282544883814725 -0.06172283864221894 0.0041310866924607198 -0.073781992428070098 -0.038946511543948542 0.053509790908831817 0.044532868181190954 -0.038918030226514459 -0.02391355513380124 0.026791034070419495 -0.01809284797074447 0.0040902179033652569
leaf_weight=332 946 428 24 573 483 459 49 540 27 246 488 46 73 207 32 89 122 396 22 26 453 114 110 26 34 21 26 773 236 584
leaf_count=332 946 428 24 573 483 459 49 540 27 246 488 46 73 207 32 89 122 396 22 26 453 114 110 26 34 21 26 773 236 584
internal_value=-3.71059e-11 -0.0214419 0.0128282 0.00468695 0.0198864 0.0254603 -0.0379111 -0.0278152 -0.00551083 -0.0111139 0.0114977 0.001319 -0.00356679 0.00950779 -0.0504632 0.0193784 0.000642669 0.0174681 -0.030138 -0.00246234 -0.00786444 -0.0492736 -0.0127336 -0.00986737 -0.0115488 0.0138925 0.0321552 0.0333159 -0.000636778 -0.00229418
internal_weight=7985 2989 4996 2320 2676 1741 1152 610 929 1837 1391 607 561 935 59 784 211 603 268 870 1569 542 1116 1006 980 70 1282 1256 844 820
internal_count=7985 2989 4996 2320 2676 1741 1152 610 929 1837 1391 607 561 935 59 784 211 603 268 870 1569 542 1116 1006 980 70 1282 1256 844 820
is_linear=0
shrinkage=0.05


Tree=32
num_leaves=31
num_cat=0
split_feature=130 130 130 24 30 85 11 129 41 41 104 120 62 246 39 317 27 64 17 83 94 104 105 97 28 71 19 46 45 27
split_gain=797.702 152.212 95.0337 83.3135 82.6185 61.9986 61.1434 65.7081 60.4665 48.6717 40.2812 38.2639 55.4868 41.0377 36.9922 53.8502 41.6583 63.0646 38.7471 39.8744 36.3637 34.95 35.3567 34.3436 33.1998 32.3364 42.8987 78.6678 34.7043 30.2276
threshold=3.2827400000000027 1.2829500000000003 5.3494900000000047 4.9961886689096877 1.3208373247184559 9.7578664580183361 2.5000000000000004 1.5000000000000002 -1.4399999999999995 -0.7649999999999999 -4.4270842191043061 1.0000000180025095e-35 5.964429928347843 1.0000000180025095e-35 1.1820371802371625 1.0000000180025095e-35 1.2582032200048605 4.6075152859955386 1.1277173913043479 112.67500000000003 20.637726145582 -9.5148858085684136 0.057189542483660136 9.5523611111111126 545.45056994633057 29.384815961116825 9.9282511037066445 101.41492367713967 274.58676742449973 2.3395466085053589
decision_type=2 2 2 8 2 2 10 2 2 2 2 2 2 2 2 2 2 2 2 2 2 2 2 2 2 2 10 2 2 2
left_child=1 3 14 8 -5 11 7 25 -1 -8 -4 -3 -13 -14 -2 18 -17 -18 -16 -20 -15 -9 -23 -7 -12 26 27 28 -6 -28
right_child=2 5 10 4 6 23 9 21 -10 -11 24 12 13 20 15 16 17 -19 19 -21 -22 22 -24 -25 -26 -27 29 -29 -30 -31
leaf_value=-0.031314478323248955 0.0012206404640892289 -0.022030640835488939 0.024974673715504735 -0.033311505920719353 -0.00011613997954969542 0.013403271187224196 0.045039447042204084 0.033568936959470073 0.043645425008623034 -0.04048971499898471 -0.029685574551130658 0.021300188991119198 0.00034159402310922815 0.071706845858492532 -0.069922040581094247 0.064862241020256825 -0.053163430775431064 0.0098373861607205671 -0.023256597339041105 -0.08017172829713673 0.00096220085123444304 -0.026052939932254195 0.0051276561432312719 -0.016109323206382951 -0.05215005860870793 0.040047589172284272 0.045568933258302344 -0.077627233024044284 0.05150977909201529 0.020324746128358731
leaf_weight=29 192 121 22 90 158 117 21 83 372 80 263 504 1458 39 52 22 55 143 803 32 34 114 449 626 439 215 131 29 41 1251
leaf_count=29 192 121 22 90 158 117 21 83 372 80 263 504 1458 39 52 22 55 143 803 32 34 114 449 626 439 215 131 29 41 1251
internal_value=2.95685e-11 0.00920566 -0.0271301 0.016978 0.0137774 0.000993674 0.0154252 0.0169838 0.0382244 -0.0227064 -0.041646 0.00528614 0.00691038 0.0021733 -0.0190396 -0.0225535 -0.000410333 -0.00766284 -0.0280456 -0.0254378 0.0387573 0.00327942 -0.001186 -0.011462 -0.0437339 0.0218347 0.0194026 -0.000691399 0.0105204 0.0227176
internal_weight=7985 5962 2023 3063 2662 2899 2572 2471 401 101 724 2156 2035 1531 1299 1107 220 198 887 835 73 646 563 743 702 1825 1610 228 199 1382
internal_count=7985 5962 2023 3063 2662 2899 2572 2471 401 101 724 2156 2035 1531 1299 1107 220 198 887 835 73 646 563 743 702 1825 1610 228 199 1382
is_linear=0
shrinkage=0.05


Tree=33
num_leaves=31
num_cat=0
split_feature=130 130 6 356 265 303 47 28 75 178 28 317 25 57 76 83 19 54 77 130 0 94 168 24 130 31 20 128 131 93
split_gain=723.533 166.431 96.9882 57.0287 57.6014 55.2012 51.8296 73.0895 50.3265 47.9971 41.5715 49.9984 37.1543 37.1508 36.1982 33.9376 33.1958 31.8826 31.5387 34.8172 37.4622 30.1741 29.7774 33.9058 29.766 29.6776 29.0798 27.9974 29.5098 27.635
threshold=2.4932000000000007 4.1061600000000036 190.27550000000002 1.0000000180025095e-35 1.0000000180025095e-35 1.0000000180025095e-35 4.8625797684963734 236.17235856135332 13.277435981086223 1.0000000180025095e-35 620.63000359725459 1.0000000180025095e-35 -0.12680185342525896 82.997539703848531 32.185884831371247 12.500000000000002 10.379654297349015 4.4046919400421549 31.664054814072646 -3.3691999999999989 2.2618750000000003 30.079659698951243 1.0000000180025095e-35 7.8585710970654139 7.23742000000001 2.6573629245364052 2.1402724859421167 139.65495466110892 29.219049999999999 31.086607381551605
decision_type=2 2 2 2 2 2 2 2 2 2 2 2 10 2 2 2 10 2 2 2 2 2 2 8 2 2 10 2 2 2
left_child=2 10 6 4 5 18 12 27 24 13 11 -2 25 14 -10 -14 22 21 19 -4 -21 -6 23 -5 -3 -1 -15 28 -8 -12
right_child=1 8 3 16 17 -7 7 -9 9 -11 29 -13 15 26 -16 -17 -18 -19 -20 20 -22 -23 -24 -25 -26 -27 -28 -29 -30 -31
leaf_value=-0.05138157120635433 -0.008316906881220467 -0.036476095750963368 0.044550907171193373 0.023743906502178662 -0.036784077029770768 0.013357978884323531 0.040116382578260598 0.0061064225681377723 -0.01714346951289215 -0.089850026025221907 -0.029619455613339174 0.024188851998080962 0.0029433873937437863 -0.015806939603099902 0.042410882810751602 0.026781448429036084 0.050135165915406989 0.031898780495309864 -0.065250914031639698 -0.067996649915973359 -0.011070829916982092 0.036449188599362969 -0.004651894822302792 -0.00048637774531156406 -0.061085199745349497 -2.1308441606784239e-06 -0.060308019758409097 -0.021998521227103014 0.024362614575162336 0.019975794587404498
leaf_weight=31 1220 473 27 472 39 256 483 459 464 26 299 131 272 62 27 331 58 166 28 30 789 22 225 208 166 301 90 26 773 31
leaf_count=31 1220 473 27 472 39 256 483 459 464 26 299 131 272 62 27 331 58 166 28 30 789 22 225 208 166 301 90 26 773 31
internal_value=-1.26472e-11 -0.0194585 0.0116416 0.00415962 -0.00244421 -0.00706132 0.0181282 0.0232277 -0.0328338 -0.0232486 -0.00905107 -0.00516498 0.00863293 -0.0205556 -0.0138686 0.0160286 0.0134653 0.0205397 -0.0130423 -0.0113143 -0.013156 -0.0103721 0.0111152 0.0163323 -0.0428691 -0.00479961 -0.0421563 0.0293577 0.0304208 -0.0249605
internal_weight=7985 2989 4996 2320 1357 1130 2676 1741 1308 669 1681 1351 935 643 491 603 963 227 874 846 819 61 905 680 639 332 152 1282 1256 330
internal_count=7985 2989 4996 2320 1357 1130 2676 1741 1308 669 1681 1351 935 643 491 603 963 227 874 846 819 61 905 680 639 332 152 1282 1256 330
is_linear=0
shrinkage=0.05


Tree=34
num_leaves=31
num_cat=0
split_feature=130 130 130 105 118 4 246 76 0 27 215 317 83 41 14 322 18 77 41 130 303 62 62 62 94 140 104 4 140 130
split_gain=654.684 109.998 101.939 76.8111 65.6564 54.5982 54.1088 47.0388 46.8305 46.2914 41.3767 39.2064 40.3959 39.099 39.518 41.5611 38.3706 37.5768 37.2915 33.4885 32.568 31.6612 31.4425 31.4034 31.2492 30.4852 30.4024 33.1166 31.5591 30.2244
threshold=2.9841500000000019 0.83549999999999991 4.756400000000002 0.057189542483660136 2.5000000000000004 0.32498143491877945 1.0000000180025095e-35 13.331927539017434 9.2532591647770239 4.0499908290592032e-06 9.5000000000000018 1.0000000180025095e-35 112.67500000000003 1.4184415584415586 0.54821393749841552 1.0000000180025095e-35 14.207531843402174 16.89297122670558 -3.0149999999999992 -4.4221999999999957 1.0000000180025095e-35 33.884328932543099 23.278940910453326 5.964429928347843 20.637726145582 1.0000000180025095e-35 -4.9875040679852161 0.34677492336054488 1.0000000180025095e-35 0.28224999999999995
decision_type=2 2 2 2 2 2 2 2 2 2 2 2 2 2 8 2 10 2 2 2 2 2 2 2 2 2 2 2 2 2
left_child=1 3 11 5 16 22 20 13 -5 10 -4 12 -2 14 15 -7 -3 -13 -10 -9 26 -22 -1 -18 -8 -11 -6 -28 -29 -20
right_child=2 4 9 8 6 7 24 19 18 25 -12 17 -14 -15 -16 -17 23 -19 29 -21 21 -23 -24 -25 -26 -27 27 28 -30 -31
leaf_value=0.034391227418673224 -0.015593707073747493 -0.018697409728033975 0.028016079274507673 0.03773311190982178 0.033793565434844873 0.019234405592345676 0.067548069203330674 0.026040453658927057 -0.020179839044188463 -0.040235000164762939 -0.04011337214256995 0.013241688394948737 -0.064969505711870143 0.067588881166143852 -0.048082961433399948 -0.036402334410393998 0.021288369154475337 -0.04773921771938431 0.025648193467015468 -0.042445066328035248 0.0128651797807886 -0.049445249555124478 -0.0010270944611142272 0.0067243413882149636 4.1175624355673795e-05 0.02077151101437353 -0.044483790223279765 -0.013206046578055726 0.010500400364440783 0.0092174931454827042
leaf_weight=160 1130 110 52 407 38 153 40 21 60 823 39 196 43 22 39 43 569 29 839 119 278 22 103 1059 30 21 72 881 167 420
leaf_count=160 1130 110 52 407 38 153 40 21 60 823 39 196 43 22 39 43 569 29 839 119 278 22 103 1059 30 21 72 881 167 420
internal_value=3.67034e-12 0.00919824 -0.0222839 0.0173591 0.00323628 0.00285148 -0.00432445 -0.00885348 0.0229066 -0.0350639 -0.00118226 -0.0137365 -0.0174037 0.00384935 -0.00211775 0.00702839 0.00988345 0.00538193 0.0183316 -0.0321722 -0.00638609 0.00829575 0.0205202 0.0118146 0.0386165 -0.0387171 -0.0101897 -0.011682 -0.0094284 0.0201669
internal_weight=7985 5652 2333 2386 3266 660 1528 397 1726 935 91 1398 1173 257 235 196 1738 225 1319 140 1458 300 263 1628 70 844 1158 1120 1048 1259
internal_count=7985 5652 2333 2386 3266 660 1528 397 1726 935 91 1398 1173 257 235 196 1738 225 1319 140 1458 300 263 1628 70 844 1158 1120 1048 1259
is_linear=0
shrinkage=0.05


Tree=35
num_leaves=31
num_cat=0
split_feature=130 130 7 80 97 76 45 257 105 77 130 104 62 97 199 70 100 328 26 95 130 14 41 383 11 4 102 47 102 375
split_gain=595.82 155.448 73.7517 46.2085 43.6335 42.31 46.7701 41.4838 51.9118 50.1078 41.2466 41.1867 38.3459 36.0807 35.8765 34.5413 33.5129 31.8468 31.7397 31.719 31.3778 47.7696 34.5862 32.6962 30.7298 29.9513 32.7556 28.6017 28.4302 28.806
threshold=2.2985000000000007 4.1061600000000036 168.10900000000001 31.435428325426702 31.847480158730161 19.483649948479815 18.723501885828643 1.0000000180025095e-35 0.21240601503759401 1.0000000180025095e-35 0.81290000000000173 -4.052298044217685 5.8005538620999841 49.18319894023039 1.0000000180025095e-35 11.632612862694668 -1.0459055698406783 1.0000000180025095e-35 2.389321113293327 36.551659062710705 -4.4221999999999957 0.78343588916534257 1.4184415584415586 1.0000000180025095e-35 0.014512362665427155 0.51656328156891218 1.5774768518518518 19.217980249795854 5.1074466569035026 1.0000000180025095e-35
decision_type=2 2 2 2 2 2 2 2 2 2 2 2 2 2 2 2 2 2 2 2 2 8 2 2 10 2 2 2 2 2
left_child=2 4 5 11 14 10 -7 8 13 15 12 -3 -1 16 17 28 -4 18 24 -20 22 23 -18 -22 -2 26 -13 -23 -10 -30
right_child=1 3 7 -5 -6 6 -8 -9 9 -11 -12 25 -14 -15 -16 -17 20 -19 19 -21 21 27 -24 -25 -26 -27 -28 -29 29 -31
leaf_value=0.039817813604155129 -0.026794651404472083 0.026396499870016295 0.012944791918908733 -0.077377289533615112 -0.039015157560285077 -0.054999128449708223 0.037147542763324014 0.023840330729830956 0.018937405654584516 -0.0042899979195606909 0.01240011638745948 -0.047190663490204537 0.019529196231311816 -0.072919766556116802 0.059246848239785148 -0.042907995730638505 -0.018627688785394034 0.0094543130702379082 -0.02376755407984512 0.036551089762993483 -0.014968017063396009 -0.028989580340492423 0.064608911797404286 0.035757320693561009 -0.0016967526318308846 -0.018762576476058945 -0.026593226525351728 -0.095935448797212719 -0.065719359101494776 0.0080864272677363506
leaf_weight=342 139 34 168 49 104 40 21 268 867 514 1161 330 730 21 21 25 24 268 416 23 344 39 26 35 995 430 465 27 20 39
leaf_count=342 139 34 168 49 104 40 21 268 867 514 1161 330 730 21 21 25 24 268 416 23 344 39 26 35 995 430 465 27 20 39
internal_value=-3.40743e-11 -0.0163835 0.011386 -0.0297406 -0.00749694 0.0178076 -0.0232765 0.00529127 0.00297803 0.00828802 0.0189299 -0.0278866 0.0260019 -0.00839498 -0.00573653 0.0150862 -0.00635121 -0.00647778 -0.00919221 -0.0206074 -0.0129002 -0.0171199 0.0246553 -0.0102836 -0.00477313 -0.0293932 -0.0351431 -0.0563765 0.016652 -0.0169325
internal_weight=7985 3274 4711 1308 1966 2294 61 2417 2149 1465 2233 1259 1072 684 1862 951 663 1841 1573 439 495 445 50 379 1134 1225 795 66 926 59
internal_count=7985 3274 4711 1308 1966 2294 61 2417 2149 1465 2233 1259 1072 684 1862 951 663 1841 1573 439 495 445 50 379 1134 1225 795 66 926 59
is_linear=0
shrinkage=0.05


Tree=36
num_leaves=31
num_cat=0
split_feature=130 130 41 24 130 222 265 76 77 71 131 27 0 336 265 28 280 70 12 97 40 21 57 12 41 131 78 83 75 98
split_gain=539.1 123.216 73.0689 66.9428 57.677 57.3165 49.8507 57.733 54.1087 52.4388 59.6297 44.5948 45.3908 43.3648 53.3882 50.293 43.0162 37.1619 42.4937 38.6901 35.8692 34.905 34.2065 31.6708 30.0462 28.2965 26.7558 26.7242 26.4071 26.0922
threshold=3.5438000000000023 2.0219200000000002 -1.9549999999999994 5.7932432052004712 6.8489000000000049 1.0000000180025095e-35 1.0000000180025095e-35 39.373202824088303 37.533905513208836 24.170923015785515 10.427800000000003 1.0392588015982875 10.634498850466114 1.0000000180025095e-35 1.0000000180025095e-35 926.68028673415245 1.0000000180025095e-35 11.607076043296823 -0.2708099404880997 10.842939814814816 1.6528214147706064 -2.2922815691526917 6.4998786532622548 -0.33601687001932018 -0.040000000000000015 57.446200000000026 31.796266947548641 64.655000000000015 27.307048908220718 6.6005708826740586
decision_type=2 2 2 8 2 2 2 2 2 2 2 2 2 2 2 2 2 2 10 2 2 10 2 10 2 2 2 2 2 2
left_child=1 2 -1 16 11 6 7 8 9 10 -5 12 -2 14 29 -15 22 18 19 23 28 -21 -4 24 -13 -11 -6 -16 -12 -3
right_child=4 13 3 5 26 -7 -8 -9 -10 25 20 17 -14 15 27 -17 -18 -19 -20 21 -22 -23 -24 -25 -26 -27 -28 -29 -30 -31
leaf_value=-0.0032116757486811906 -0.015561358449168694 -0.0073682322877942664 0.033272747315592731 -0.035561543106135116 -0.062944790197705686 -0.062174356835229067 0.027455185788443682 -0.068977817431092256 -0.074214594485238192 0.044348875611372622 0.0084568896284685537 -0.00090628788063702313 0.067038098953921224 -0.01496173231996077 0.017099183034606096 -0.08480548463761807 -0.003247302975359054 -0.047357637794731663 -0.035731319300188892 -0.0012383476719739573 -0.00519885564441077 -0.030705128061923794 0.017134427996251572 0.024465746273486983 -0.03583699137074646 -0.01346351534128189 -0.033126408674660289 0.081161586567759514 0.027192423625609627 0.0057127240752437381
leaf_weight=690 39 1061 693 83 110 28 337 25 20 138 844 247 29 183 41 30 143 129 294 136 381 385 624 86 82 25 238 27 242 595
leaf_count=690 39 1061 693 83 110 28 337 25 20 138 844 247 29 183 41 30 143 129 294 136 381 385 624 86 82 25 238 27 242 595
internal_value=-2.4999e-11 0.00694578 0.0116877 0.014557 -0.0243004 0.00888938 0.00983915 0.00646225 0.00755053 0.00850518 0.00566826 -0.0198495 0.0196649 -0.0035149 -0.000885264 -0.0247989 0.0227983 -0.0218267 -0.019149 -0.0139405 0.00800097 -0.0230132 0.0256263 -0.00255044 -0.00961242 0.0354819 -0.0425518 0.0425357 0.0126318 -0.00266825
internal_weight=7985 6210 4273 3583 1775 2123 2095 1758 1733 1713 1550 1427 68 1937 1724 213 1460 1359 1230 936 1467 521 1317 415 329 163 348 68 1086 1656
internal_count=7985 6210 4273 3583 1775 2123 2095 1758 1733 1713 1550 1427 68 1937 1724 213 1460 1359 1230 936 1467 521 1317 415 329 163 348 68 1086 1656
is_linear=0
shrinkage=0.05


Tree=37
num_leaves=31
num_cat=0
split_feature=130 130 6 75 47 41 75 178 43 61 18 13 87 28 317 15 62 54 24 25 83 105 183 119 16 105 12 94 103 25
split_gain=488.022 114.997 66.2947 45.2339 39.9058 54.9727 39.8106 41.0723 39.461 36.3027 35.2716 55.7687 37.312 34.345 37.921 31.9182 31.7127 55.7824 29.3929 29.0514 29.931 28.4103 28.106 27.6141 25.1337 27.0019 33.0118 24.848 24.6675 33.9818
threshold=2.4437500000000005 4.1061600000000036 190.27550000000002 25.425892784833263 4.8625797684963734 -1.2149999999999996 13.277435981086223 1.0000000180025095e-35 24.166671194861145 63.665200441719271 16.581266712474434 0.51440177186713176 26.207068626892013 563.21539244471944 1.0000000180025095e-35 0.35434243176178665 33.040060336372576 16.677164126201816 5.146941482381572 -0.12680185342525896 12.500000000000002 0.053342816500711245 1.5000000000000002 4.5000000000000009 0.91833333333333345 0.10620300751879701 -0.69136620278493999 83.496554514662918 3.6277096718316963 -0.30488867032279499
decision_type=2 2 2 2 2 2 2 2 2 2 10 10 2 2 2 2 2 2 10 10 2 2 2 2 2 2 10 2 2 10
left_child=2 13 4 8 19 -6 27 15 22 -10 16 12 21 14 -2 -8 -5 -18 -17 -1 -21 -12 24 -23 -4 -26 -27 -3 29 -15
right_child=1 6 3 10 5 -7 7 -9 9 -11 11 -13 -14 28 -16 18 17 -19 -20 20 -22 23 -24 -25 25 26 -28 -29 -30 -31
leaf_value=-0.0051414577118597971 -0.0057740504849829758 -0.033988479252171071 0.050632479203783942 0.022310158894905611 0.0053608971520789838 0.025150055866090024 -0.051287647577580711 -0.080009552148672253 -0.087497729766700005 -0.0087734111206373196 0.054926250668485534 0.052939307527697613 -0.037662584027068131 -0.069254125007206499 0.024677075532859558 0.021382716204971078 -0.027978900039796625 0.023675355067306166 -0.01611891065895835 0.00090458755063552295 0.023467441409718053 -0.0057153763844897711 -0.054714633096009491 0.038794009336331668 -0.016951273823665181 0.047853505152922415 0.00017393988503941471 -0.08806541257283905 -0.0032303850987227636 -0.020730126522721548
leaf_weight=332 1173 617 23 568 489 1243 58 26 27 32 23 46 73 42 112 58 98 112 527 267 327 420 25 38 227 39 525 22 160 256
leaf_count=332 1173 617 23 568 489 1243 58 26 27 32 23 46 73 42 112 58 98 112 527 267 327 420 25 38 227 39 525 22 160 256
internal_value=8.50699e-13 -0.0157192 0.00972017 0.0034569 0.0150833 0.0195629 -0.0269249 -0.0183997 -0.00527488 -0.0447998 0.00914712 3.80959e-05 -0.00435442 -0.00731014 -0.00311994 -0.0159085 0.0161721 -0.000429964 -0.0124008 0.00670455 0.0133256 0.000700661 -0.00249541 -0.00202246 -0.00089163 -0.0023898 0.00347093 -0.0358503 -0.0190665 -0.0275691
internal_weight=7985 3051 4934 2276 2658 1732 1308 669 898 59 1378 600 554 1743 1285 643 778 210 585 926 594 481 839 458 814 791 564 639 458 298
internal_count=7985 3051 4934 2276 2658 1732 1308 669 898 59 1378 600 554 1743 1285 643 778 210 585 926 594 481 839 458 814 791 564 639 458 298
is_linear=0
shrinkage=0.05


Tree=38
num_leaves=31
num_cat=0
split_feature=130 130 41 222 10 130 27 235 5 80 54 306 303 356 15 59 33 27 7 12 336 62 128 129 18 356 303 80 34 28
split_gain=441.464 116.302 59.4284 57.6289 51.2469 61.6812 75.7014 51.2999 43.8814 38.3216 37.2018 36.6508 35.5465 34.0661 32.1549 36.5246 29.3027 29.2304 27.3084 28.1357 25.2127 25.202 24.5449 29.0936 28.8779 27.8852 23.9263 22.8772 25.8864 27.1435
threshold=2.2985000000000007 3.8819900000000036 -1.9549999999999994 1.0000000180025095e-35 1.5000000000000002 -0.3397400000000001 2.5346473736920628e-07 1.0000000180025095e-35 10.648529411764708 39.731567316008572 4.7061052885257064 1.0000000180025095e-35 1.0000000180025095e-35 1.0000000180025095e-35 0.69397993311036799 38.719189446956833 2.2102090235896346 4.0499908290592032e-06 296.2820000000001 -0.50425989308443386 1.0000000180025095e-35 46.855157835554415 11.022432105548775 2.5000000000000004 16.264991287583573 1.0000000180025095e-35 1.0000000180025095e-35 10.175743130634119 10.061614419465094 384.53929903122281
decision_type=2 2 2 2 2 2 2 2 2 2 2 2 2 2 2 2 2 2 2 8 2 2 2 2 8 2 2 2 2 2
left_child=2 11 22 4 5 7 8 -4 -7 12 20 13 14 27 15 -3 -12 -16 -14 -20 -8 -13 23 25 -25 -1 -18 28 29 -2
right_child=1 9 3 -5 -6 6 10 -9 -10 -11 16 21 18 -15 17 -17 26 -19 19 -21 -22 -23 -24 24 -26 -27 -28 -29 -30 -31
leaf_value=-0.0082397150101175733 -0.0020650253424902214 -0.037380254871236911 0.026813920674377115 -0.059195273176633895 -0.035579045536858894 -0.062493549872721946 0.017273094299406735 -0.034867461451129726 0.012444879884521167 -0.084554650204686027 0.031048937563599763 -0.018170761004625727 0.022886353416834027 0.0096139628618902642 0.039519562226321019 0.015173067344086511 -0.0028076057860194148 -0.020488735558733477 0.037477522840102515 -0.024964531367368183 -0.0030404690716836959 -0.076526008322834974 0.022767047847183534 -0.069124313265950019 -0.01439134849698385 0.016854011937866956 0.020194005302553542 -0.053456158377230167 0.031126818069153364 -0.019603189378254185
leaf_weight=314 696 597 914 28 54 56 1683 35 30 26 87 247 64 422 21 35 754 603 21 128 168 20 83 28 173 171 133 26 45 323
leaf_count=314 696 597 914 28 54 56 1683 35 30 26 87 247 64 422 21 35 754 603 21 128 168 20 83 28 173 171 133 26 45 323
internal_value=-1.07101e-11 -0.0141025 0.00980083 0.0122812 0.0127925 0.0134692 0.00986041 0.0245391 -0.0363522 -0.0243825 0.0112672 -0.00546366 -0.0233175 -0.00244785 -0.0265205 -0.0344699 0.00335742 -0.0184692 -0.00443054 -0.016164 0.0154294 -0.0225419 -0.00291385 -0.00602102 -0.0220158 0.000607764 0.000641339 -0.00711765 -0.00598532 -0.00762423
internal_weight=7985 3274 4711 3942 3914 3860 2911 949 86 1495 2825 1779 1469 1512 1256 632 974 624 213 149 1851 267 769 686 201 485 887 1090 1064 1019
internal_count=7985 3274 4711 3942 3914 3860 2911 949 86 1495 2825 1779 1469 1512 1256 632 974 624 213 149 1851 267 769 686 201 485 887 1090 1064 1019
is_linear=0
shrinkage=0.05


Tree=39
num_leaves=31
num_cat=0
split_feature=130 130 105 26 303 130 12 104 4 89 161 38 130 22 21 4 35 71 130 64 4 336 28 100 3 14 132 6 58 129
split_gain=398.746 96.7392 56.4991 49.23 63.4897 45.4751 44.533 40.7453 39.5367 38.5107 38.3402 35.7569 36.2644 34.851 32.9199 32.2845 49.0051 31.6307 33.7021 30.2886 29.77 29.7232 29.4946 28.7247 28.3834 27.6872 28.1596 25.105 24.7223 24.7095
threshold=3.5438000000000023 0.83549999999999991 0.057189542483660136 2.0414991754903498 1.0000000180025095e-35 6.8489000000000049 -0.24700368076862625 -1.147545727846573 0.32498143491877945 36.066505805576504 1.0000000180025095e-35 3.4968527689082314 -2.6707999999999976 2.337029943890649 -1.7398797586499708 0.34399917550661802 8.9720155443185163 37.168129253267985 0.23835000000000048 4.8678787182079111 0.54377309563607479 1.0000000180025095e-35 433.0640406126808 -0.78535846823297073 -2.1458024691358015 0.24352211486085704 1.0000000180025095e-35 414.65050000000031 42.839494580070465 2.5000000000000004
decision_type=2 2 2 2 2 2 10 2 2 2 2 2 2 10 10 2 2 2 2 2 2 2 2 2 2 8 2 2 2 2
left_child=1 2 8 6 15 7 24 9 27 13 -6 21 -13 -2 17 16 23 18 -10 20 22 -4 -9 -5 -3 -26 -27 -1 -12 -17
right_child=5 3 11 4 10 -7 -8 19 14 -11 28 12 -14 -15 -16 29 -18 -19 -20 -21 -22 -23 -24 -25 25 26 -28 -29 -30 -31
leaf_value=0.025679889183001504 -0.055090242482367019 0.043946093706680199 0.024391247908860179 -0.093332721330225465 0.023919343616282601 -0.0371052494413091 -0.0061173366240243861 -0.018226215013954789 -0.026275659380189609 0.074048823050477289 -0.01661119543372051 0.03512094711371954 -0.006028315168415746 0.025555430765490272 0.03509387409266753 -0.003268954500208063 0.019380218076008943 0.035861596266428632 0.012445600351525678 -0.0043034020948672681 -0.014223819479757999 0.00020042404491976167 -0.041462352603017991 -0.031209721241374406 0.017668806572677203 -0.006183934007985897 0.023996754155001222 -0.0094358937288432018 0.043469328542123549 -0.019078949157104848
leaf_weight=194 21 70 1277 30 293 348 411 250 256 22 119 69 239 37 39 1448 31 30 72 278 518 141 301 49 634 319 102 69 20 298
leaf_count=194 21 70 1277 30 293 348 411 250 256 22 119 69 239 37 39 1448 31 30 72 278 518 141 301 49 634 319 102 69 20 298
internal_value=-2.90232e-12 0.00597358 0.013874 0.00104409 -0.00360421 -0.0208991 0.00796811 -0.0169469 0.00143158 0.0177216 0.0136598 0.0186318 0.00319019 -0.00364386 -0.00852891 -0.00762255 -0.0338952 -0.0132811 -0.0177759 -0.0190059 -0.0228294 0.0219858 -0.0309196 -0.0548007 0.013114 0.0110683 0.00112825 0.016467 -0.00796652 -0.00596734
internal_weight=7985 6210 2386 3824 2288 1775 1536 1427 660 80 432 1726 308 58 397 1856 110 358 328 1347 1069 1418 551 79 1125 1055 421 263 139 1746
internal_count=7985 6210 2386 3824 2288 1775 1536 1427 660 80 432 1726 308 58 397 1856 110 358 328 1347 1069 1418 551 79 1125 1055 421 263 139 1746
is_linear=0
shrinkage=0.05


Tree=40
num_leaves=31
num_cat=0
split_feature=130 130 19 46 24 11 97 57 76 18 41 27 45 130 356 356 97 133 299 246 199 290 138 72 19 41 87 3 98 328
split_gain=363.733 94.274 51.8409 44.8683 38.0607 35.8289 34.8323 34.8734 44.4344 41.0361 34.4776 34.1223 38.0303 37.6158 32.9139 32.3143 32.087 31.9248 29.4174 30.2257 28.6782 28.6034 27.9559 27.5217 27.1421 24.9944 24.7556 24.7282 23.5502 22.9879
threshold=2.2985000000000007 3.8819900000000036 10.368390546042283 31.055548159419345 5.9893344770325987 2.5000000000000004 8.2992592592592604 36.403028929955802 9.5529258377042776 16.439642539539246 -0.7649999999999999 6.9699847774111806e-06 32.415710546623679 7.23742000000001 1.0000000180025095e-35 1.0000000180025095e-35 31.847480158730161 1.0000000180025095e-35 1.0000000180025095e-35 1.0000000180025095e-35 1.0000000180025095e-35 1.0000000180025095e-35 1.5000000000000002 9.3870132999451439 9.9025512575965617 -2.7549999999999994 17.189189601721427 -1.0416666666666667 8.5940322571767709 1.0000000180025095e-35
decision_type=2 2 10 2 10 10 2 2 2 10 2 2 2 2 2 2 2 2 2 2 2 2 2 2 10 2 2 2 2 2
left_child=2 16 3 -1 5 6 -5 9 -9 -8 -7 12 24 14 18 25 20 22 19 -13 29 -21 23 -4 -3 -6 -18 -17 -16 -2
right_child=1 11 17 4 15 10 7 8 -10 -11 -12 13 -14 -15 28 27 26 -19 -20 21 -22 -23 -24 -25 -26 -27 -28 -29 -30 -31
leaf_value=-0.035511814634082838 -0.0065512798151701954 0.00063436432927846918 0.018435268537673671 0.02018085834166531 -0.043114496918395168 0.036765781597403645 0.016627555412276212 -0.086546584609008978 -0.0038866550768337526 0.00069775443549225226 -0.033725751208981906 -0.029014078900972559 -0.038689009043284595 -0.041139107154195609 0.042120292171835903 0.018946784076885503 -0.077274833309153718 0.04102348163347308 0.028737236849963668 0.038139905462808474 0.056079559624195099 -0.028267312146002251 -0.039304300041302392 -0.02041525917205339 0.060791997040311498 -0.006102499511683933 -0.018428945986420982 -0.0064611300345486363 -0.0091521026634037231 0.010233898990016681
leaf_weight=64 1427 50 906 744 50 22 837 21 72 782 82 783 36 266 25 248 24 136 25 34 20 31 23 48 30 520 70 156 215 238
leaf_count=64 1427 50 906 744 50 22 837 21 72 782 82 783 36 266 25 248 24 136 25 34 20 31 23 48 30 520 70 156 215 238
internal_value=-9.91325e-12 -0.0128009 0.00889624 0.00597904 0.00673043 0.00993105 0.0111483 0.00722289 -0.0225518 0.00893324 -0.0188141 -0.0220563 0.00398857 -0.0242472 -0.0202101 -0.00168189 -0.00502307 0.0183267 -0.0247184 -0.0262943 -0.00343704 0.00646877 0.0151673 0.0164805 0.0231935 -0.00934917 -0.0334534 0.00913581 -0.00381123 -0.00415196
internal_weight=7985 3274 4711 3598 3534 2560 2456 1712 93 1619 104 1495 116 1379 1113 974 1779 1113 873 848 1685 65 977 954 80 570 94 404 240 1665
internal_count=7985 3274 4711 3598 3534 2560 2456 1712 93 1619 104 1495 116 1379 1113 974 1779 1113 873 848 1685 65 977 954 80 570 94 404 240 1665
is_linear=0
shrinkage=0.05


Tree=41
num_leaves=31
num_cat=0
split_feature=130 130 41 222 10 130 27 235 5 80 32 96 246 306 356 27 45 12 28 107 19 97 303 19 67 377 144 80 19 60
split_gain=328.269 85.0823 46.9798 48.266 42.2241 50.8327 63.5053 43.4669 38.7586 32.4822 30.6897 32.8341 32.1222 30.36 30.2746 30.0924 32.021 29.7001 28.357 48.0128 30.5894 26.7699 26.5631 24.4957 23.4924 22.314 22.0255 21.3013 22.0518 21.7459
threshold=2.2985000000000007 3.8819900000000036 -1.9549999999999994 1.0000000180025095e-35 1.5000000000000002 -0.3397400000000001 2.5346473736920628e-07 1.0000000180025095e-35 10.648529411764708 39.731567316008572 4.0486207159945051 1.7752066207625283 1.0000000180025095e-35 1.0000000180025095e-35 1.0000000180025095e-35 6.9699847774111806e-06 32.415710546623679 -0.19263273344394691 670.60891784968589 1.0000000180025095e-35 10.334271895274005 2.2952533000279138 1.0000000180025095e-35 9.9025512575965617 13.496126329601257 1.0000000180025095e-35 1.0000000180025095e-35 10.175743130634119 10.339429185510477 6.5758191852127474
decision_type=2 2 2 2 2 2 2 2 2 2 2 2 2 2 2 2 2 8 2 2 8 2 2 10 2 2 2 2 8 2
left_child=2 13 -1 4 5 7 8 -4 25 15 17 12 22 14 26 16 23 -8 19 20 -17 -20 -12 -3 -21 -7 27 28 -2 -30
right_child=1 9 3 -5 -6 6 10 -9 -10 -11 11 -13 -14 -15 -16 18 -18 -19 21 24 -22 -23 -24 -25 -26 -27 -28 -29 29 -31
leaf_value=-0.0028534095295321446 -0.0072176293909274186 0.00060264566540718081 0.02388226320634709 -0.054756192889596739 -0.03278256920511248 -0.033984096700857794 0.022371887227929925 -0.032895093219620843 0.011996638191243013 -0.076351797455348647 0.0051430376698795299 -0.0089789393943318641 0.058633976351120512 -0.020315582931721025 0.0093436741173847787 -0.02752522058810989 -0.035306195467710494 -0.00011042677299343646 -0.0547811136774645 -0.0040937875996668481 0.011180503534394251 -0.025738048896042483 0.022146372092485982 0.057752397482593858 0.041783775342628365 -0.099178276512594463 -0.049420462882724309 -0.049953413242474203 -0.000536649534022253 0.038468942737037493
leaf_weight=769 878 50 914 28 54 35 685 35 30 26 1345 299 32 267 422 577 35 187 101 218 56 370 277 30 32 21 29 26 102 55
leaf_count=769 878 50 914 28 54 35 685 35 30 26 1345 299 32 267 422 577 35 187 101 218 56 370 277 30 32 21 29 26 102 55
internal_value=-9.04096e-13 -0.0121609 0.00845143 0.0106568 0.0111247 0.011739 0.00846284 0.0217883 -0.0338638 -0.0209535 0.00975137 0.00626908 0.00902552 -0.00477192 -0.0020271 -0.019973 0.0045825 0.0175506 -0.0220586 -0.0167738 -0.024101 -0.031966 0.00804681 0.0220338 0.00177854 -0.0584319 -0.00642936 -0.0052543 -0.00413143 0.0131277
internal_weight=7985 3274 4711 3942 3914 3860 2911 949 86 1495 2825 1953 1654 1779 1512 1469 115 872 1354 883 633 471 1622 80 250 56 1090 1061 1035 157
internal_count=7985 3274 4711 3942 3914 3860 2911 949 86 1495 2825 1953 1654 1779 1512 1469 115 872 1354 883 633 471 1622 80 250 56 1090 1061 1035 157
is_linear=0
shrinkage=0.05


Tree=42
num_leaves=31
num_cat=0
split_feature=130 15 41 19 59 46 24 172 321 20 75 45 138 77 9 222 72 62 257 76 95 343 129 122 59 336 83 339 78 8
split_gain=296.263 79.0686 49.9161 43.9234 42.1174 38.0678 35.9807 32.6661 32.3086 32.1928 36.8774 30.5091 28.0526 27.8343 33.8658 32.0318 28.3159 32.9634 39.7403 29.1484 27.6208 26.9479 39.7574 25.5135 24.9688 24.9431 25.0863 24.8653 28.4074 24.8213
threshold=2.2985000000000007 0.68544973544973564 -3.1249999999999991 10.379654297349015 38.719189446956833 31.055548159419345 7.8585710970654139 1.0000000180025095e-35 1.0000000180025095e-35 2.172557432300152 22.083658706628128 6.0001329484108306 1.5000000000000002 37.533905513208836 8.5000000000000018 1.0000000180025095e-35 4.293660340259648 65.684093821235038 1.0000000180025095e-35 39.373202824088303 16.272703924162261 1.0000000180025095e-35 2.5000000000000004 8.5000000000000018 23.526197770498818 1.0000000180025095e-35 6.8000000000000016 1.0000000180025095e-35 51.440803494558203 310.02858499900009
decision_type=2 2 2 10 2 2 10 2 2 10 2 2 2 2 2 2 2 2 2 2 2 2 2 2 2 2 2 2 2 2
left_child=3 4 8 5 9 -1 13 11 -3 10 -2 29 25 14 -7 16 17 18 19 21 -13 22 27 -18 -21 26 -5 28 -16 -4
right_child=1 2 7 12 -6 6 -8 -9 -10 -11 -12 20 -14 -15 15 -17 23 -19 -20 24 -22 -23 -24 -25 -26 -27 -28 -29 -30 -31
leaf_value=-0.032795020165940512 -0.027374843612537697 -0.044753426629015144 -0.0015466831803669608 0.0025545990306478092 0.018342701069734717 0.066326091080904009 -0.0081260641302937 -0.01723570093351141 0.020916046083650806 -0.039757165020734037 0.0035393702691026898 0.0044712941681343812 -0.037628183416698296 -0.036472650010670932 0.015998894900987718 -0.05517464681528509 -0.0014661903400768001 -0.052413399135693907 0.045578202228335779 -0.067233512834222478 0.040690432948935214 0.002591494600283884 -0.016113574531900279 0.026789471505484969 0.0080972171092236599 -0.0045428570722126299 0.024535432531899576 0.034647895842587033 -0.036870510073808524 -0.016883002579349309
leaf_weight=64 374 126 1143 156 54 25 395 440 22 316 130 260 23 35 1115 20 867 20 85 22 66 590 94 88 22 108 773 183 26 343
leaf_count=64 374 126 1143 156 54 25 395 440 22 316 130 260 23 35 1115 20 867 20 85 22 66 590 94 88 22 108 773 183 26 343
internal_value=-8.55921e-12 -0.0115528 -0.0068638 0.00802886 -0.0244289 0.00542745 0.00610942 -0.00501525 -0.0349917 -0.0272455 -0.0194009 -0.00204781 0.016989 0.00787102 0.00836263 0.00789996 0.00830533 0.0114789 0.0120768 0.0106891 0.011804 0.0115712 0.0153075 0.00113747 -0.0295681 0.0182004 0.0208444 0.0175383 0.0147942 -0.00508663
internal_weight=7985 3274 2400 4711 874 3651 3587 2252 148 820 504 1812 1060 3192 3157 3132 3112 2157 2137 2052 326 2008 1418 955 44 1037 929 1324 1141 1486
internal_count=7985 3274 2400 4711 874 3651 3587 2252 148 820 504 1812 1060 3192 3157 3132 3112 2157 2137 2052 326 2008 1418 955 44 1037 929 1324 1141 1486
is_linear=0
shrinkage=0.05


Tree=43
num_leaves=31
num_cat=0
split_feature=130 130 105 15 85 85 356 85 59 24 4 41 27 18 18 131 103 19 228 71 130 12 75 41 24 317 40 318 40 16
split_gain=269.755 62.3378 42.5701 39.6672 45.0831 36.7316 37.2177 35.2698 32.7059 31.959 32.9453 31.1691 29.5973 29.3604 28.8876 29.57 28.346 28.2866 27.8701 25.5031 27.6545 30.5678 27.639 35.4692 24.5536 23.2708 30.1277 22.7311 23.0142 28.0157
threshold=3.2827400000000027 0.83549999999999991 0.057189542483660136 0.68544973544973564 18.344383013367381 9.4090226783434794 1.0000000180025095e-35 8.8921328857929662 38.719189446956833 4.9491061363113085 0.32498143491877945 -3.0149999999999992 4.0499908290592032e-06 14.207531843402174 16.241887129899393 38.997450000000008 5.1651954207608979 10.334271895274005 1.0000000180025095e-35 37.168129253267985 -1.3231999999999973 -0.80046929178418502 26.246732804824081 0.16441558441558438 7.8547584454942143 1.0000000180025095e-35 3.840882320967427 1.0000000180025095e-35 4.3884220655951118 1.8304597701149428
decision_type=2 2 2 2 2 2 2 2 2 8 2 2 2 10 10 2 2 8 2 2 2 10 2 2 10 2 2 2 2 2
left_child=1 2 9 8 12 7 16 13 25 -1 -11 -4 -5 -3 -15 -16 27 -14 -8 20 21 -12 23 -22 -13 -2 -27 -7 29 -29
right_child=3 5 11 4 -6 6 18 -9 -10 10 19 24 17 14 15 -17 -18 -19 -20 -21 22 -23 -24 -25 -26 26 -28 28 -30 -31
leaf_value=0.049553630081936723 -0.030065809506100407 -0.018765935170068949 -0.019663451956585049 0.039941358641954139 -0.042311993868800232 -0.012440988098648156 0.0068341547052952513 0.062960521663682392 0.015719440119697694 0.012317264963140978 -0.0022590752939383187 0.019130000008324904 -0.010833842871301656 0.018989497910774387 0.012848818908191173 -0.0011794836790242119 0.0081894043154919337 0.022672711156392054 -0.05190746358739922 0.033176203221082688 0.0013799141901545227 -0.067132921117033978 0.035489533679334051 -0.038749643120829062 -0.00042328674566104185 0.033598654289894246 -0.036438785041017191 -0.071909315624417589 0.011895418465137482 -0.01769945744255727
leaf_weight=32 662 129 60 32 101 525 525 26 47 252 30 1486 1052 347 546 1204 137 67 21 30 150 46 33 87 180 34 28 52 20 44
leaf_count=32 662 129 60 32 101 525 525 26 47 252 30 1486 1052 347 546 1204 137 67 21 30 150 46 33 87 180 34 28 52 20 44
internal_value=-2.09394e-13 0.00535327 0.0116124 -0.0157767 -0.0102824 0.00117702 -0.00543191 0.00506256 -0.0246987 0.000812105 -0.00167154 0.0157423 -0.00747177 0.0043863 0.00581054 0.00319735 -0.0124547 -0.00882764 0.00457486 -0.011047 -0.0148814 -0.0415248 -0.00738177 -0.0133512 0.0170174 -0.0273225 0.00196884 -0.0168669 -0.0368979 -0.0470631
internal_weight=7985 5962 2386 2023 1252 3576 1324 2252 771 660 628 1726 1151 2226 2097 1750 778 1119 546 376 346 76 270 237 1666 724 62 641 116 96
internal_count=7985 5962 2386 2023 1252 3576 1324 2252 771 660 628 1726 1151 2226 2097 1750 778 1119 546 376 346 76 270 237 1666 724 62 641 116 96
is_linear=0
shrinkage=0.05


Tree=44
num_leaves=31
num_cat=0
split_feature=130 237 28 76 12 15 265 24 77 59 28 302 24 215 143 25 105 21 71 131 128 18 140 104 12 344 105 100 0 98
split_gain=244.269 51.2034 59.0603 73.0618 48.4832 45.3848 42.1506 37.4412 37.2796 34.3602 32.7166 35.0034 31.67 31.5655 30.7162 29.0433 26.1771 28.9967 28.9919 63.7439 25.8283 24.9932 24.8211 24.1081 22.9574 22.1579 22.8007 21.9345 24.669 21.6035
threshold=2.8922500000000015 1.0000000180025095e-35 288.16809650042541 34.070943295197267 -0.24700368076862625 0.68544973544973564 1.0000000180025095e-35 6.0922043281753 5.4730597340910165 38.719189446956833 764.25261294866129 1.0000000180025095e-35 7.8547584454942143 1.0000000180025095e-35 1.5000000000000002 0.1936006009411497 0.8729838709677421 -1.6951168286947016 24.170923015785515 7.1165000000000012 16.928623959740339 16.379769346858279 1.0000000180025095e-35 -1.4119025026420038 -0.50794395451131169 1.0000000180025095e-35 0.12132352941176472 -0.8747179279883377 5.1213117283950629 5.3983175447390908
decision_type=2 2 2 2 10 2 2 10 2 2 2 2 8 2 2 8 2 10 2 2 2 10 2 2 10 2 2 2 2 2
left_child=1 2 3 4 13 9 7 10 14 24 11 27 -8 16 23 -12 17 18 19 -1 -15 -10 25 -7 -2 -9 -27 -4 -29 -25
right_child=5 -3 6 -5 -6 8 12 22 21 -11 15 -13 -14 20 -16 -17 -18 -19 -20 -21 -22 -23 -24 29 -26 26 -28 28 -30 -31
leaf_value=-0.046307251495499246 0.004560877310143689 -0.048518494131086873 0.01224626327351052 -0.049867075746308789 -0.0040453389273609917 0.03223235574390354 0.050462493607774377 -0.0057717887459148194 -0.0032746841828705884 0.017383823208510878 -0.0094521106904393581 0.020716193197561614 0.0096167955458336535 0.0031183973564815025 -0.029003711855237153 -0.070302778741587774 0.025510952151518326 0.043614178632696475 0.032423857278309952 0.011626562436614193 -0.053095663406632167 -0.023603879017228574 0.0086531425343214802 -0.0073200890809290708 -0.027907258856196146 -0.045821601244505877 -0.016053037167073163 0.039658168048180384 -0.0077527821910922546 0.0098672196091757272
leaf_weight=49 59 43 271 49 424 58 60 324 222 50 133 297 227 287 94 23 564 75 156 1531 22 474 134 510 705 89 232 29 509 285
leaf_count=49 59 43 271 49 424 58 60 324 222 50 133 297 227 287 94 23 564 75 156 1531 22 474 134 510 705 89 232 29 509 285
internal_value=-1.1683e-11 0.00583023 0.0062563 0.0107117 0.0116667 -0.0131174 0.000214377 -0.00230852 -0.00833425 -0.0227719 0.0030121 0.00603559 0.018156 0.0141488 -0.00187747 -0.0184237 0.0161047 0.0131753 0.0118602 0.00982988 -0.000883898 -0.0171196 -0.0109281 0.00111183 -0.0253999 -0.0149961 -0.0243066 0.000646054 -0.00519717 -0.0011586
internal_weight=7985 5528 5485 3157 3108 2457 2328 2041 1643 814 1262 1106 287 2684 947 156 2375 1811 1736 1580 309 696 779 853 764 645 321 809 538 795
internal_count=7985 5528 5485 3157 3108 2457 2328 2041 1643 814 1262 1106 287 2684 947 156 2375 1811 1736 1580 309 696 779 853 764 645 321 809 538 795
is_linear=0
shrinkage=0.05


Tree=45
num_leaves=31
num_cat=0
split_feature=130 130 10 26 303 120 27 72 41 24 3 41 104 14 140 62 30 246 80 104 138 51 75 23 14 343 6 76 146 73
split_gain=222.864 64.8781 37.8905 36.7012 51.2019 34.8166 34.6374 39.9489 34.0637 30.6105 30.0179 29.5634 29.386 46.2614 32.7538 30.6102 29.2434 28.5975 27.4236 26.4892 26.084 24.5189 28.3064 32.3307 24.9361 24.1414 22.9998 33.3027 22.5688 21.4851
threshold=3.8819900000000036 0.83549999999999991 1.5000000000000002 2.1698050752374494 1.0000000180025095e-35 1.0000000180025095e-35 1.0392588015982875 11.668885267683049 -2.9699999999999989 4.9961886689096877 -1.8318449428382459 -1.4399999999999995 -4.9875040679852161 0.43745895390525708 1.0000000180025095e-35 33.183384781865179 1.3208373247184559 1.0000000180025095e-35 39.731567316008572 -3.9976509903586459 1.0000000180025095e-35 5.6904619377308094 14.917827080265864 -2.1445226399127826 0.092861427000480071 1.0000000180025095e-35 152.19449999999998 16.830733969694943 1.0000000180025095e-35 14.634732589512696
decision_type=2 2 2 2 2 2 2 2 2 8 2 2 2 10 2 2 2 2 2 2 2 2 2 8 10 2 2 2 2 2
left_child=1 2 8 5 12 -3 -6 -8 10 11 -1 -10 -5 14 15 -14 26 25 19 -2 -18 22 29 24 -24 28 27 -11 -7 -21
right_child=18 3 -4 4 6 17 7 -9 9 16 -12 -13 13 -15 -16 -17 20 -19 -20 21 -22 -23 23 -25 -26 -27 -28 -29 -30 -31
leaf_value=-0.0026972256519872209 0.024699020983749317 -0.019422624649373478 -0.03045393417504701 0.034959748387336731 0.069358843875428053 0.009354169547529316 0.013539193775590534 -0.036235235704352026 -0.025208440508693461 0.044603406773372128 -0.070969891565896212 0.031405925393255069 -0.0088931870200379525 -0.066953030803373878 0.012046333304731857 -0.034494626063566944 0.01308841755591815 0.038145860266077386 -0.068306354175393408 -0.021131807841926507 -0.012237070823795404 -0.040855696374284371 0.021457069125469953 0.00991976804427761 -0.019013191184635146 -0.0040484974336748979 -0.064558095059224538 -0.034815337915312161 -0.035199021560878591 -0.072483320143960778
leaf_weight=69 38 141 55 37 24 1432 326 46 25 22 21 297 1146 35 167 130 1735 68 26 678 108 105 42 179 406 523 21 33 29 21
leaf_count=69 38 141 55 37 24 1432 326 46 25 22 21 297 1146 35 167 130 1735 68 26 678 108 105 42 179 406 523 21 33 29 21
internal_value=1.68373e-11 0.00400914 0.0105655 0.000197352 -0.00486784 0.0046112 0.0111403 0.00738429 0.0115334 0.0127447 -0.0186275 0.0270104 -0.00905215 -0.0101539 -0.00877627 -0.0115015 0.0103509 0.00626265 -0.0174042 -0.0165033 0.0116043 -0.0175974 -0.0157557 -0.0080423 -0.0152191 0.00516988 -0.0200441 -0.00304784 0.00846981 -0.0226746
internal_weight=7985 6490 2386 4104 1911 2193 396 372 2331 2241 90 322 1515 1478 1443 1276 1919 2052 1495 1469 1843 1431 1326 627 448 1984 76 55 1461 699
internal_count=7985 6490 2386 4104 1911 2193 396 372 2331 2241 90 322 1515 1478 1443 1276 1919 2052 1495 1469 1843 1431 1326 627 448 1984 76 55 1461 699
is_linear=0
shrinkage=0.05


Tree=46
num_leaves=31
num_cat=0
split_feature=130 130 72 222 77 235 314 13 347 0 48 358 317 130 27 34 10 53 27 122 131 4 41 140 246 15 109 302 98 103
split_gain=201.795 55.6264 34.6414 35.9618 32.4544 31.8385 30.5723 34.1166 33.6075 29.3248 31.2209 29.319 27.9211 26.6297 34.2692 33.8932 27.7296 26.5029 25.2608 28.4911 24.6838 22.3023 26.2831 21.4772 21.3197 21.9021 21.0347 22.1571 21.0176 20.9915
threshold=2.2985000000000007 4.756400000000002 4.5474057147043636 1.0000000180025095e-35 37.533905513208836 1.0000000180025095e-35 1.0000000180025095e-35 0.54938400275239718 1.0000000180025095e-35 2.4528358824632348 17.234339277092065 1.0000000180025095e-35 1.0000000180025095e-35 0.43254499999999979 2.5346473736920628e-07 7.4096881101211993 1.5000000000000002 4.9881916267914397 4.0499908290592032e-06 14.500000000000002 48.707650000000037 0.1654430526119112 -3.3949999999999991 1.0000000180025095e-35 1.0000000180025095e-35 0.63818181818181829 1.0000000180025095e-35 1.0000000180025095e-35 5.893226975203663 14.382679858189384
decision_type=2 2 2 2 2 2 2 10 2 2 2 2 2 2 2 2 2 2 2 2 2 2 2 2 2 2 2 2 2 2
left_child=2 6 3 4 5 13 7 9 -9 -2 12 17 20 15 -15 16 -1 -8 19 -3 -11 -4 -23 -20 25 -16 27 -24 -19 -22
right_child=1 18 21 -5 -6 -7 11 8 -10 10 -12 -13 -14 14 24 -17 -18 28 23 -21 29 22 26 -25 -26 -27 -28 -29 -30 -31
leaf_value=0.019921347293918038 -0.026568216673891854 0.038984616760265184 0.020230973050153506 -0.047153904161781876 -0.042028878728548685 -0.036559424818389946 -0.013494410891119408 -0.0021711971610784532 0.088392770364880566 0.0077900542998022961 -0.034470985219686306 0.0031748752532762083 0.016640453882690347 -0.043490438095547937 0.050981670857540198 -0.0098993243602627339 -0.02462262761158248 -0.023177049198049179 -0.023815482514795119 -0.01797247057159742 -0.0059688782670707045 -0.054181938804686074 -0.0027694074534168789 0.027390423465874936 0.041907474804255697 0.006430779678085548 -0.024258243134144045 0.015800761215998629 -0.06816466367193337 -0.056404278007158574
leaf_weight=1185 135 37 120 28 30 36 118 21 20 379 73 97 197 33 28 114 36 47 823 54 1173 24 870 21 45 1873 92 197 58 21
leaf_count=1185 135 37 120 28 30 36 118 21 20 379 73 97 197 33 28 114 36 47 823 54 1173 24 870 21 45 1873 92 197 58 21
internal_value=2.72266e-11 -0.00953466 0.0066263 0.00927745 0.00974492 0.0102086 -0.00541405 -0.00313829 0.0420063 -0.00407405 -0.00242635 -0.0197727 -0.00110474 0.0107166 0.00703537 0.0161737 0.018608 -0.0297543 -0.0198428 0.00518591 -0.00332712 -0.000307784 -0.00239117 -0.0225414 0.00789218 0.00708697 -0.00131872 0.000659199 -0.0480274 -0.00685593
internal_weight=7985 3274 4711 3408 3380 3350 2339 2019 41 1978 1843 320 1770 3314 1979 1335 1221 223 935 91 1573 1303 1183 844 1946 1901 1159 1067 105 1194
internal_count=7985 3274 4711 3408 3380 3350 2339 2019 41 1978 1843 320 1770 3314 1979 1335 1221 223 935 91 1573 1303 1183 844 1946 1901 1159 1067 105 1194
is_linear=0
shrinkage=0.05


Tree=47
num_leaves=31
num_cat=0
split_feature=130 356 28 19 58 55 237 303 71 0 18 41 96 96 47 104 80 34 303 131 75 289 59 105 344 27 30 15 45 225
split_gain=182.585 57.5735 51.3445 41.607 40.9789 38.4327 35.1466 37.1122 32.6114 40.1854 40.0072 30.4091 29.1576 27.4955 25.7781 24.7519 24.1529 24.1253 23.43 23.4221 23.2962 22.7129 22.41 22.2616 30.4829 28.485 22.1081 21.5606 23.5985 21.2738
threshold=3.8819900000000036 1.0000000180025095e-35 433.0640406126808 10.30851318351862 56.600129757542426 5.1000446670203816 1.0000000180025095e-35 1.0000000180025095e-35 24.170923015785515 2.4528358824632348 16.162940643980644 -0.10000000000000006 2.2876019727215753 6.8734926729849173 21.078678650329604 -6.6554226542290174 39.731567316008572 1.0884008548723463 1.0000000180025095e-35 98.22855000000007 11.943815567201584 1.0000000180025095e-35 37.808844183808915 0.089572192513368995 1.0000000180025095e-35 1.0392588015982875 5.2636128018052721 0.72850122850122856 13.689459251063182 1.0000000180025095e-35
decision_type=2 2 2 10 2 2 2 2 2 2 8 2 2 2 2 2 2 2 2 2 2 2 2 2 2 2 2 2 2 2
left_child=1 2 6 29 5 12 7 8 9 -1 -11 14 23 -9 -12 -7 18 -13 22 -17 26 -20 27 24 -4 -25 -19 -2 -29 -3
right_child=16 3 4 -5 -6 15 -8 13 -10 10 11 17 -14 -15 -16 19 -18 20 21 -21 -22 -23 -24 25 -26 -27 -28 28 -30 -31
leaf_value=-0.019855829690220018 -0.025086736627752706 0.0072283980461940109 0.0017354561623910234 0.023265044780159574 0.026122372016310694 0.0077805703976446235 -0.042658533553433853 0.020876409296111377 0.023087894653506354 0.014833497530742408 -0.0065363423632461715 -0.036309616253353084 -0.028188670570240684 -0.024689483634170353 0.041168284422621645 -0.031148088632281537 -0.063523486285255504 0.0084018517903337673 -0.0048297874750135167 -0.079126439239321791 0.027130456629945617 0.051146337836980818 0.017138699707057743 0.047995397938235151 -0.044945680703419977 -0.001417411031942006 -0.040821452395847217 -0.013853548755916177 0.036804422229761262 -0.033875795919448136
leaf_weight=228 641 1931 72 460 75 30 41 412 165 486 1205 26 142 36 29 111 26 186 193 33 172 20 45 31 68 493 26 546 24 32
leaf_count=228 641 1931 72 460 75 30 41 412 165 486 1205 26 142 36 29 111 26 186 193 33 172 20 45 31 68 493 26 546 24 32
internal_value=-1.23108e-11 0.0036288 -6.14969e-06 0.00973006 -0.00949866 -0.0122248 0.00331875 0.00395324 0.00159842 9.47046e-05 0.00223025 -0.00149552 -0.00762416 0.0172149 -0.00541524 -0.0335356 -0.0157531 0.0103019 -0.0149076 -0.0421431 0.0134579 0.000426187 -0.017508 -0.00322632 -0.0209382 0.00150587 0.00236503 -0.0187955 -0.0117206 0.00655833
internal_weight=7985 6490 4067 2423 1055 980 3012 2971 2523 2358 2130 1644 806 448 1234 174 1495 410 1469 144 384 213 1256 664 140 524 212 1211 570 1963
internal_count=7985 6490 4067 2423 1055 980 3012 2971 2523 2358 2130 1644 806 448 1234 174 1495 410 1469 144 384 213 1256 664 140 524 212 1211 570 1963
is_linear=0
shrinkage=0.05


Tree=48
num_leaves=31
num_cat=0
split_feature=130 28 104 4 237 13 172 350 7 303 237 356 71 19 45 34 62 30 3 104 122 90 130 31 12 95 265 45 18 90
split_gain=167.794 47.9623 37.6976 40.4143 37.1228 33.0117 36.5154 29.9408 35.9651 30.1445 41.9259 29.4955 33.9975 29.4333 27.0746 35.5601 26.9888 26.475 25.5848 24.5112 24.1857 23.4252 22.9146 34.9563 22.6581 31.4531 25.1788 21.55 21.4005 20.537
threshold=2.2985000000000007 504.64358340654564 -6.6554226542290174 0.53828888941748487 1.0000000180025095e-35 0.082614134587895641 1.0000000180025095e-35 1.0000000180025095e-35 460.28400000000022 1.0000000180025095e-35 1.0000000180025095e-35 1.0000000180025095e-35 24.170923015785515 10.370787143004993 274.58676742449973 1.0884008548723463 32.320416890098052 13.545988138909481 -4.7734837962962962 3.332096206538171 9.5000000000000018 19.211468898900584 -1.1661499999999998 4.0852277241238664 -0.28074145127241118 17.070601930587056 1.0000000180025095e-35 62.628507673170454 16.161171234877685 9.6919896980167906
decision_type=2 2 2 2 2 8 2 2 2 2 2 2 2 10 2 2 2 2 2 2 2 2 2 2 8 2 2 2 8 2
left_child=7 4 -3 19 5 -2 24 8 9 10 11 12 13 14 15 22 -11 -10 -13 -4 -9 -20 -1 -24 25 26 -7 28 -17 -19
right_child=1 2 3 -5 -6 6 -8 20 17 16 -12 18 -14 -15 -16 27 -18 29 21 -21 -22 -23 23 -25 -26 -27 -28 -29 -30 -31
leaf_value=-0.076904309354722505 -0.026670199720356048 0.042944328569703635 -0.027036048251969355 -0.008070095608706529 -0.060505438542791778 0.0048933863550800431 -0.01621050064464127 -0.0034521093029906457 -0.075732932649552831 0.022328921698995752 -0.063497084095364517 0.057281823406810872 0.024914261064937829 0.010222828964978616 0.039171197588688561 0.010870725608772922 -0.025697276729249187 0.01680051491566701 0.014056964950707705 0.018424800543054457 0.028764148088802979 -0.010719087136049684 -0.047873365525050428 0.024395939450348833 -0.0081353469681427152 0.031858670136213983 -0.048087738227585088 0.047549966261500404 -0.0078630754766400648 -0.047787202042527503
leaf_weight=24 131 27 681 689 28 897 307 965 20 519 21 32 163 555 35 196 31 32 1154 31 62 104 44 27 350 110 23 21 686 20
leaf_count=24 131 27 681 689 28 897 307 965 20 519 21 32 163 555 35 196 31 32 1154 31 62 104 44 27 350 110 23 21 686 20
internal_value=1.90394e-11 -0.00869436 -0.0155751 -0.0167028 -0.00337169 -0.00249174 -0.000614222 0.00604231 0.00814691 0.00884441 0.00690853 0.00739472 0.00316813 0.000935997 -0.00405354 -0.00556944 0.019622 -0.0268443 0.0131318 -0.0250567 -0.00150721 0.0120087 -0.0346678 -0.0203907 0.00285539 0.0065901 0.00356886 -0.00250815 -0.00370001 -0.00804091
internal_weight=7985 3274 1428 1401 1846 1818 1687 4711 3684 3612 3062 3041 1751 1588 1033 998 550 72 1290 712 1027 1258 95 71 1380 1030 920 903 882 52
internal_count=7985 3274 1428 1401 1846 1818 1687 4711 3684 3612 3062 3041 1751 1588 1033 998 550 72 1290 712 1027 1258 95 71 1380 1030 920 903 882 52
is_linear=0
shrinkage=0.05


Tree=49
num_leaves=31
num_cat=0
split_feature=130 15 41 161 222 68 77 235 13 41 59 77 65 10 57 20 75 77 55 103 92 94 78 318 265 95 36 18 62 13
split_gain=151.434 44.7999 32.5309 29.6727 29.032 32.5398 33.3193 31.9305 31.7677 36.4764 28.3588 26.9846 28.2022 24.8289 27.842 24.708 26.0514 24.4657 22.8373 22.0114 22.0769 21.4636 20.6685 25.6755 20.4018 20.743 20.3636 19.6623 18.0429 17.8534
threshold=2.2985000000000007 0.68544973544973564 -3.3949999999999991 1.0000000180025095e-35 1.0000000180025095e-35 8.7740298943614139 37.533905513208836 1.0000000180025095e-35 0.5071563179871682 -2.7549999999999994 38.719189446956833 5.4121370375941522 5.1266119316186707 1.5000000000000002 7.1751949880729322 2.172557432300152 22.083658706628128 7.0320508709107097 13.286510324150305 3.6277096718316963 5.4529439976157947 9.9619777271874543 36.590804131620466 1.0000000180025095e-35 1.0000000180025095e-35 20.760351920089025 3.6469065221592873 16.509408378319879 11.886581789638173 0.091664286591784924
decision_type=2 2 2 2 2 2 2 2 8 2 2 2 2 2 2 10 2 2 2 2 2 2 2 2 2 2 2 10 2 10
left_child=4 10 3 -3 5 6 7 13 9 22 15 12 24 14 18 16 -2 28 -1 26 27 -5 23 -7 -4 -26 -13 -21 -11 -16
right_child=1 2 11 21 -6 8 -8 -9 -10 17 -12 19 -14 -15 29 -17 -18 -19 -20 20 -22 -23 -24 -25 25 -27 -28 -29 -30 -31
leaf_value=0.018725411216743992 -0.020092628884797216 0.006686062245246243 -0.0024523718515941559 -0.080511311138980093 -0.045021369720676115 -0.016081399370783143 -0.049078950030810163 -0.035228164887262714 0.014409976730867913 0.0093506571663665664 0.017145114735251776 0.00068829700707599695 0.02976316553770484 -0.025297410903108677 -0.034934817131660467 -0.031224112835479902 0.0058906277362257252 -0.0089443572736711482 -0.017934531807391484 -0.0055355948937647311 0.0030483167462541693 -0.025572052448987959 0.019770256858319044 -0.067702427162573894 -0.020624071692249606 0.036429632260379471 -0.026575527526698867 -0.036693981504347765 -0.0012437616698491639 0.0065618680310897751
leaf_weight=1231 374 34 1152 32 28 63 23 36 453 843 54 92 81 43 27 316 130 445 44 141 394 40 20 39 21 66 268 79 768 648
leaf_count=1231 374 34 1152 32 28 63 23 36 453 843 54 92 81 43 27 316 130 445 44 141 394 40 20 39 21 66 268 79 768 648
internal_value=-2.11617e-11 -0.00825964 -0.00473009 -0.0318105 0.00574019 0.0060437 0.0107631 0.0114415 0.00236289 -0.000142774 -0.0179518 -0.00347877 0.0011795 0.0122845 0.0131132 -0.020263 -0.0133906 0.00143344 0.0174603 -0.00979181 -0.00403633 -0.0499895 -0.0267059 -0.0358189 -0.00068917 0.022658 -0.0196081 -0.0167243 0.00430006 0.004902
internal_weight=7985 3274 2400 106 4711 4683 2052 2029 2631 2178 874 2294 1320 1993 1950 820 504 2056 1275 974 614 72 122 102 1239 87 360 220 1611 675
internal_count=7985 3274 2400 106 4711 4683 2052 2029 2631 2178 874 2294 1320 1993 1950 820 504 2056 1275 974 614 72 122 102 1239 87 360 220 1611 675
is_linear=0
shrinkage=0.05


Tree=50
num_leaves=31
num_cat=0
split_feature=57 41 317 237 77 133 18 19 83 12 200 59 4 290 71 20 12 144 45 140 17 183 303 71 6 34 24 41 26 215
split_gain=138.944 54.9786 50.5723 44.2249 37.3147 34.7951 34.6223 33.2091 32.7911 32.1101 28.3581 24.5848 26.868 39.3301 54.809 28.709 24.2398 22.9782 22.5711 21.6456 21.3976 20.8417 20.7828 21.4731 41.0982 24.8227 27.8952 20.1999 20.0805 20.0448
threshold=34.846137675586689 -2.4049999999999985 1.0000000180025095e-35 1.0000000180025095e-35 1.0000000180025095e-35 1.0000000180025095e-35 16.439642539539246 10.231085739654629 1.0000000180025095e-35 -0.50756286563395236 1.0000000180025095e-35 38.719189446956833 0.54377309563607479 1.0000000180025095e-35 22.515969262905191 2.1835299642815817 -0.50756286563395236 1.0000000180025095e-35 8.4781121976667659 1.0000000180025095e-35 2.3647450110864749 1.0000000180025095e-35 1.0000000180025095e-35 23.92074936080984 460.27800000000008 0.74372340481047783 5.5873126006774587 0.91318181818181809 2.032883660909822 1.0000000180025095e-35
decision_type=2 2 2 2 2 2 10 10 2 10 2 2 2 2 2 10 10 2 2 2 2 2 2 2 2 2 8 2 2 2
left_child=1 9 7 4 5 10 8 11 -6 -1 17 12 13 14 15 -2 -8 22 -15 21 -21 -11 23 24 25 26 -3 -28 -27 -18
right_child=2 3 -4 -5 6 -7 16 -9 -10 19 -12 -13 -14 18 -16 -17 29 -19 -20 20 -22 -23 -24 -25 -26 28 27 -29 -30 -31
leaf_value=0.016349007250489982 -0.016770081519301046 0.026226959421506359 0.0074431790195824896 -0.03979385739399327 -0.027938251728191973 0.020483379358876792 0.030826209122980282 0.0087898061200241111 0.010506295770629087 -0.016765858191172319 0.05133537027452674 0.028306539896233329 -0.0098388041083979395 -0.021998228686484132 -0.10005610889196398 -0.036378765158900227 -0.0061220468943775433 -0.02288728052139484 0.029092109285724851 0.035185055443111603 -0.013278823466070237 -0.049146937348453677 0.016039884021799202 0.020720415618412463 -0.057801247015595442 0.010263920488140522 -0.049208984784139646 0.0007881057118215868 0.00066634597886289671 -0.035963454850328466
leaf_weight=89 454 27 292 54 60 526 42 133 734 315 35 29 582 37 25 317 906 67 52 36 62 59 499 197 27 1086 58 31 1094 60
leaf_count=89 454 27 292 54 60 526 42 133 734 315 35 29 582 37 25 317 906 67 52 36 62 59 499 197 27 1086 58 31 1094 60
internal_value=-5.77817e-13 0.00371225 -0.0117184 0.00523234 0.00567855 0.008587 -0.000207744 -0.0151532 0.00760117 -0.0111987 0.00658203 -0.0172818 -0.018183 -0.0236703 -0.0271948 -0.0248323 -0.00635881 0.00607446 0.00785231 -0.0163931 0.00452423 -0.0218741 0.0067172 0.00487116 0.00352708 0.00424827 -0.0182893 -0.0317943 0.00544752 -0.00797555
internal_weight=7985 6064 1921 5503 5449 3647 1802 1629 794 561 3121 1496 1467 885 796 771 1008 3086 89 472 98 374 3019 2520 2323 2296 116 89 2180 966
internal_count=7985 6064 1921 5503 5449 3647 1802 1629 794 561 3121 1496 1467 885 796 771 1008 3086 89 472 98 374 3019 2520 2323 2296 116 89 2180 966
is_linear=0
shrinkage=0.05


Tree=51
num_leaves=31
num_cat=0
split_feature=130 356 28 19 58 62 104 59 76 71 96 55 6 131 131 128 100 97 0 27 98 80 104 51 75 23 14 120 18 12
split_gain=126.634 43.9937 39.4973 32.8507 32.4944 33.3027 39.2295 29.6992 30.2068 26.7288 25.5556 23.7311 23.5825 23.1376 21.7015 29.172 21.0123 29.3236 25.6048 20.5573 25.6807 19.0552 19.4592 19.7144 20.9616 26.299 20.0015 18.8756 33.4724 22.0693
threshold=3.8819900000000036 1.0000000180025095e-35 433.0640406126808 10.30851318351862 56.600129757542426 46.855157835554415 -5.0699418390719435 12.161186834938841 34.070943295197267 24.170923015785515 7.0717182436093093 5.1000446670203816 375.33600000000018 90.747850000000071 5.7807000000000004 2.8678162359201136 -0.94046626384279031 2.5549320908919126 12.78011833900227 -1.3808823502357266e-08 16.482464306710344 39.731567316008572 -3.9976509903586459 5.6904619377308094 14.917827080265864 -2.1445226399127826 0.092861427000480071 1.0000000180025095e-35 16.161171234877685 -0.69136620278493999
decision_type=2 2 2 10 2 2 2 2 2 2 2 2 2 2 2 2 2 2 2 2 2 2 2 2 2 8 10 2 8 10
left_child=1 2 7 16 5 11 -7 8 9 14 12 13 -9 -4 15 -1 18 -18 -3 -16 27 22 -2 24 -24 26 -26 -21 -29 -30
right_child=21 3 4 -5 -6 6 -8 10 -10 -11 -12 -13 -14 -15 19 -17 17 -19 -20 20 -22 -23 23 -25 25 -27 -28 28 29 -31
leaf_value=0.0062907653977163141 0.022945917289900156 0.016348656019849233 -0.0086628012694582018 0.020382176823154824 0.023238752533992133 -0.0038172650284000807 -0.075887708729360168 0.012308913143116655 -0.048329738923348492 0.020352586897517667 -0.022776751591842257 -0.027570914792379848 0.067397630531340832 0.014844066542759538 0.03368744484402917 -0.070153700048103937 0.010727921863158643 -0.0047523848116960976 -0.010969368422171102 -0.016558366841233196 -0.03820668812841177 -0.055549942186245552 -0.017608537067383901 -0.034161463594507606 0.021357622787001589 0.011183189701211871 -0.014887734447098958 0.015455225360684395 0.023790597368644764 -0.0033982386194752207
leaf_weight=24 38 603 644 460 75 35 41 678 32 159 51 135 20 125 44 26 523 737 100 158 45 26 699 105 42 179 406 345 79 1351
leaf_count=24 38 603 644 460 75 35 41 678 32 159 51 135 20 125 44 26 523 737 100 158 45 26 699 105 42 179 406 345 79 1351
internal_value=1.97655e-11 0.00302208 -0.000155401 0.00835547 -0.00848105 -0.0109086 -0.0426974 0.00276079 -9.55784e-05 0.000596261 0.0113909 -0.00823607 0.0138874 -0.00484179 -0.000919789 -0.0334604 0.00553719 0.00167317 0.0124627 -0.000115127 -0.000867054 -0.0131193 -0.0123683 -0.013306 -0.0116546 -0.00501692 -0.0114897 2.20776e-06 0.00147633 -0.0018962
internal_weight=7985 6490 4067 2423 1055 980 76 3012 2263 2231 749 904 698 769 2072 50 1963 1260 703 2022 1978 1495 1469 1431 1326 627 448 1933 1775 1430
internal_count=7985 6490 4067 2423 1055 980 76 3012 2263 2231 749 904 698 769 2072 50 1963 1260 703 2022 1978 1495 1469 1431 1326 627 448 1933 1775 1430
is_linear=0
shrinkage=0.05


Tree=52
num_leaves=31
num_cat=0
split_feature=57 41 317 237 77 12 105 19 27 96 59 76 26 61 21 58 18 290 71 103 105 41 161 60 18 265 77 97 57 149
split_gain=116.488 46.6408 43.3645 39.2952 32.0691 30.4365 46.1501 29.6589 28.5775 24.0716 31.9632 29.4822 27.3755 23.8046 23.801 22.6825 22.0577 26.4852 49.2124 22.7558 21.7169 18.9182 22.1333 23.596 18.8677 20.1383 34.8001 17.9841 17.8381 19.6887
threshold=34.846137675586689 -2.4049999999999985 1.0000000180025095e-35 1.0000000180025095e-35 7.0320508709107097 -0.24700368076862625 0.98863636363636376 10.231085739654629 1.0392588015982875 1.484784135200351 12.230209888262836 30.26701799340157 1.8529731701177259 34.35354534512998 -1.7142372772483483 6.3382954032187078 16.493969064496586 1.0000000180025095e-35 22.515969262905191 2.1110355515663062 0.09232954545454547 -3.3949999999999991 1.0000000180025095e-35 32.903780332484452 16.465277550033218 1.0000000180025095e-35 37.533905513208836 25.992071845152207 107.0533926255335 1.0000000180025095e-35
decision_type=2 2 2 2 2 8 2 10 2 2 2 2 2 2 10 2 8 2 2 2 2 2 2 2 10 2 2 2 2 2
left_child=1 8 7 4 5 6 9 15 20 10 11 13 -11 14 -3 -2 -17 18 -18 -19 -1 22 -10 -24 25 26 -6 -23 29 -4
right_child=2 3 28 -5 24 -7 -8 -9 21 12 -12 -13 -14 -15 -16 16 17 19 -20 -21 -22 27 23 -25 -26 -27 -28 -29 -30 -31
leaf_value=-0.012400065455585719 -0.038925340460613377 0.002899442569130098 0.0047392527205918017 -0.037643404146311461 0.006669901270379342 -0.0048122676790308197 0.021728210848448996 0.0087166988973582833 -0.0026967640623058145 0.018300957936474061 0.01709199439485453 -0.035444013505581427 -0.0065292973872264209 0.022356015206737953 0.03577451968234719 -0.0060029166848799709 -0.019882955797518798 -0.017462771108089869 -0.087402473257056301 0.027905296514598801 0.050519068750418228 -0.018963709256543858 -0.070310980304265802 -0.0052579927071928975 -0.0087273675435269333 0.042077389140339462 -0.045607068006481448 0.0022772106790059322 -0.032514329011050551 0.04102344105537567
leaf_weight=24 100 1614 221 54 352 483 564 133 38 137 767 44 585 198 57 511 746 59 28 52 32 216 46 20 579 34 35 185 26 45
leaf_count=24 100 1614 221 54 352 483 564 133 38 137 767 44 585 198 57 511 746 59 28 52 32 216 46 20 579 34 35 185 26 45
internal_value=1.29278e-11 0.00339905 -0.0107297 0.00479913 0.00521974 0.00703829 0.00848151 -0.0139103 -0.0103348 0.00628541 0.00846842 0.00501087 -0.00181774 0.00596326 0.00402085 -0.0159219 -0.0142741 -0.0190499 -0.0223255 0.00379074 0.0235537 -0.0140927 -0.0330956 -0.050598 -0.00287096 0.00518335 0.00194201 -0.00916428 0.00701389 0.0108776
internal_weight=7985 6064 1921 5503 5449 4449 3966 1629 561 3402 2680 1913 722 1869 1671 1496 1396 885 774 111 56 505 104 66 1000 421 387 401 292 266
internal_count=7985 6064 1921 5503 5449 4449 3966 1629 561 3402 2680 1913 722 1869 1671 1496 1396 885 774 111 56 505 104 66 1000 421 387 401 292 266
is_linear=0
shrinkage=0.05


Tree=53
num_leaves=31
num_cat=0
split_feature=57 41 317 237 19 71 34 18 19 12 77 13 59 4 290 71 20 72 0 129 215 45 256 24 41 23 76 44 26 58
split_gain=105.13 42.2337 39.1365 34.6674 33.6799 36.6315 46.4847 31.811 26.7672 25.1766 24.7723 22.8826 22.2127 23.4319 30.8948 44.3897 24.5479 19.3826 20.8348 19.1691 18.5305 18.5076 18.0625 18.0171 19.7777 17.4475 17.2876 19.6542 16.7602 16.755
threshold=34.846137675586689 -2.9349999999999983 1.0000000180025095e-35 1.0000000180025095e-35 10.379654297349015 16.289437018909101 1.0884008548723463 16.439642539539246 10.231085739654629 -0.50734069193324782 1.0000000180025095e-35 0.19467048092161829 38.719189446956833 0.54377309563607479 1.0000000180025095e-35 22.515969262905191 2.1835299642815817 4.8978095803798452 11.334691397392293 2.5000000000000004 1.0000000180025095e-35 8.4781121976667659 1.0000000180025095e-35 7.5847392166259473 -0.45500000000000002 -2.2043534349803569 21.688851963629535 0.87743706947326683 1.9702595439627995 51.370194803405361
decision_type=2 2 2 2 10 2 2 10 10 10 2 8 2 2 2 2 10 2 2 2 2 2 2 10 2 10 2 2 2 2
left_child=1 9 8 4 5 6 26 11 12 -1 22 -8 13 14 15 16 -2 18 -6 29 -12 -16 23 24 -9 -11 27 -3 -5 -13
right_child=2 3 -4 28 17 -7 7 10 -10 25 20 19 -14 -15 21 -17 -18 -19 -20 -21 -22 -23 -24 -25 -26 -27 -28 -29 -30 -31
leaf_value=0.01712644403881353 -0.014649458803457777 0.024477775411113449 0.006663199523101045 -0.057125493117115081 0.012493532899396538 0.0170524333456782 -0.018891828576731801 0.0022131480619881753 0.008280864027346296 -0.031674441457240403 -0.0056663943638010777 0.010203937499849207 0.028207362892812698 -0.0081900978086458659 -0.020198778926420052 -0.08980168488621712 -0.032781498853340509 -0.0057879615580407155 0.03881514127545127 -0.0083622949033441557 -0.034088249546552048 0.026064679477936947 0.030083780947687301 -0.0072339361754492201 0.021422451757973273 0.0015885026953093566 -0.051889611348509793 -0.031929315182756872 0.00055800522677600388 0.056307756230235095
leaf_weight=46 454 23 292 34 904 401 77 882 133 163 958 1343 29 582 37 25 317 131 82 143 61 52 58 411 158 52 50 47 20 20
leaf_count=46 454 23 292 34 904 401 77 882 133 163 958 1343 29 582 37 25 317 131 82 143 61 52 58 411 158 52 50 47 20 20
internal_value=-5.74979e-12 0.0032291 -0.0101933 0.00411404 0.00448858 0.00260926 0.00124038 0.00213579 -0.0132148 -0.0164464 -0.00134467 0.00769398 -0.0151258 -0.0159825 -0.0211069 -0.0242307 -0.0221045 0.0122818 0.0146826 0.00905328 -0.0073678 0.00683156 0.00272263 0.00162894 0.00513148 -0.0236295 -0.0294347 -0.0133956 -0.0357612 0.0108804
internal_weight=7985 6064 1921 5803 5749 4632 4231 4111 1629 261 2528 1583 1496 1467 885 796 771 1117 986 1506 1019 89 1509 1451 1040 215 120 70 54 1363
internal_count=7985 6064 1921 5803 5749 4632 4231 4111 1629 261 2528 1583 1496 1467 885 796 771 1117 986 1506 1019 89 1509 1451 1040 215 120 70 54 1363
is_linear=0
shrinkage=0.05


Tree=54
num_leaves=31
num_cat=0
split_feature=57 41 317 237 12 105 21 71 34 265 62 67 67 18 42 59 27 356 100 77 31 34 7 92 11 28 22 64 100 130
split_gain=94.8802 38.7094 35.3206 32.0261 28.1828 35.0598 28.4223 26.9716 42.0311 29.4354 26.6145 32.5103 27.8442 26.5801 24.8268 24.4348 24.3498 23.5182 22.0334 20.733 20.3386 20.2873 29.8857 20.0095 19.7529 19.4305 18.9956 18.7706 16.9129 16.4464
threshold=34.846137675586689 -2.4049999999999985 1.0000000180025095e-35 1.0000000180025095e-35 -0.24700368076862625 0.95346320346320357 -1.7142372772483483 24.170923015785515 0.74372340481047783 1.0000000180025095e-35 37.311073389189069 4.915188854954752 20.351194194301431 16.509408378319879 5299.8530795617744 11.88750070637909 1.2582032200048605 1.0000000180025095e-35 -1.1692346938775504 5.867563443603645 16.233143256669145 10.426340702478592 444.34950000000032 60.673323722988378 0.046722507183415987 563.21539244471944 2.4559560612312099 4.4509998450520571 -3.718998960695389 7.2838000000000056
decision_type=2 2 2 2 10 2 10 2 2 2 2 2 2 8 2 2 2 2 2 2 2 2 2 2 10 2 10 2 2 2
left_child=1 16 14 4 5 6 7 8 -3 13 11 -11 -13 15 24 25 18 21 -1 -7 -19 22 23 -16 -2 28 -6 -23 -10 -4
right_child=2 3 29 -5 26 19 -8 -9 9 10 -12 12 -14 -15 17 -17 -18 20 -20 -21 -22 27 -24 -25 -26 -27 -28 -29 -30 -31
leaf_value=-0.007528113669926121 -0.018484903284762471 -0.034691257925855146 0.010039922901927284 -0.033973172379450668 -0.0042707252924979204 0.021096323279442643 0.032548968431850275 0.019174422900302659 0.048050367112525486 0.055392640839434341 -0.016575546660705619 -0.00093864890070454701 0.064705996476113789 -0.0013323345190864484 -0.026875163502530539 0.016755503667901638 -0.012981330832307165 0.0060589789703452222 0.054253873587758454 -0.0016395653012178598 -0.022237395238131286 -0.015359099281767128 -0.085285737046173649 0.015193298210700354 0.0023420752441497186 -0.025323176428904401 -0.052786469991718023 0.022550979697782744 0.003711717636213017 -0.031624921454259984
leaf_weight=31 162 74 266 54 514 524 87 263 22 72 38 84 20 2114 489 474 503 174 27 124 100 232 21 30 383 57 21 38 961 26
leaf_count=31 162 74 266 54 514 524 87 263 22 72 38 84 20 2114 489 474 503 174 27 124 100 232 21 30 383 57 21 38 961 26
internal_value=-7.78555e-12 0.00306764 -0.00968359 0.00434314 0.00472286 0.00590935 0.00426333 0.00367447 0.00263348 0.00335239 0.0213723 0.0295656 0.0116853 0.00228947 -0.012554 0.0073466 -0.00944408 -0.0169308 0.0212325 0.0167456 -0.00426816 -0.0212142 -0.0268095 -0.0244435 -0.0038487 0.00305832 -0.00617508 -0.0100236 0.00470404 0.00633004
internal_weight=7985 6064 1921 5503 5449 4914 4266 4179 3916 3842 214 176 104 3628 1629 1514 561 1084 58 648 274 810 540 519 545 1040 535 270 983 292
internal_count=7985 6064 1921 5503 5449 4914 4266 4179 3916 3842 214 176 104 3628 1629 1514 561 1084 58 648 274 810 540 519 545 1040 535 270 983 292
is_linear=0
shrinkage=0.05


Tree=55
num_leaves=31
num_cat=0
split_feature=130 4 104 102 49 61 222 314 235 77 349 102 328 130 62 19 19 88 27 104 26 21 97 103 83 67 24 31 76 110
split_gain=86.2244 32.2948 34.7339 28.9568 28.548 28.522 22.6728 23.0915 23.3622 22.578 20.5799 20.0737 27.3034 18.8982 20.4229 18.4322 18.0366 16.8189 16.5167 16.3405 15.7922 15.1804 16.0708 15.0333 14.8589 15.512 14.5883 23.4136 27.6188 18.6792
threshold=2.1927500000000006 0.49187693579868469 -7.5928353634901216 2.03925273079911 11.534423140209737 9.8216049051708563 1.0000000180025095e-35 1.0000000180025095e-35 1.0000000180025095e-35 37.533905513208836 1.0000000180025095e-35 40.068718362557576 1.0000000180025095e-35 0.73443999999999987 88.824949316234594 10.240191415986809 10.352050134039585 26.469441367971498 2.5346473736920628e-07 1.5368253968253971 2.7985473728533292 -2.0563717805686736 9.7342978395061746 1.8101874124369166 197.32500000000002 11.257943967056248 5.7211455022025532 4.0094920922090447 21.027916954307294 1.5000000000000002
decision_type=2 2 2 2 2 2 2 2 2 2 2 2 2 2 2 10 8 2 2 2 2 10 2 2 2 2 8 2 2 2
left_child=6 2 -2 15 17 -6 7 8 9 13 19 12 16 14 26 -4 -5 -3 -15 24 -21 -20 -23 -7 25 -9 -1 28 -28 -29
right_child=1 4 3 11 5 23 -8 10 -10 -11 -12 -13 -14 18 -16 -17 -18 -19 21 20 -22 22 -24 -25 -26 -27 27 29 -30 -31
leaf_value=0.020126942253050038 0.040317906343167828 0.00057517117338066386 -0.025956219476747817 -0.012083979347088774 -0.069814274756104827 0.0094796307038429173 -0.040308918072176833 -0.0073994294494946246 -0.031183608537539844 -0.035932605316241588 0.0088528382688946011 -0.038093318991983934 0.017157254740595818 -0.033217360130671801 -0.038461420964449648 -0.0020960335106569891 0.016854136530309916 -0.017960364208023511 0.010699728935344028 0.021351731193854528 -0.028029377505299637 0.007271666571879859 -0.0046701479596508054 -0.030480190567099132 0.013257369787897917 -0.027057143126481983 -0.00075085952352636905 0.013298994188605365 -0.064331423882395031 -0.02889809744363582
leaf_weight=435 31 1861 465 525 28 43 28 429 40 30 323 48 119 29 20 98 60 131 683 85 20 559 568 52 65 131 117 915 20 27
leaf_count=435 31 1861 465 525 28 43 28 429 40 30 323 48 119 29 20 98 60 131 683 85 20 559 568 52 65 131 117 915 20 27
internal_value=-2.21424e-11 -0.0059403 -0.0119947 -0.0132279 -0.00208726 -0.0254646 0.00454451 0.00482385 0.0068055 0.00725204 -0.00165559 -0.00680799 -0.0046749 0.00763613 0.0117339 -0.0218029 -0.00911597 -0.000643782 0.00421796 -0.00630521 0.0119458 0.00481775 0.00125308 -0.0123931 -0.00937138 -0.0119979 0.012397 0.00928068 -0.0100327 0.0120895
internal_weight=7985 3461 1346 1315 2115 123 4524 4496 3443 3403 1053 752 704 3373 1534 563 585 1992 1839 730 105 1810 1127 95 625 560 1514 1079 137 942
internal_count=7985 3461 1346 1315 2115 123 4524 4496 3443 3403 1053 752 704 3373 1534 563 585 1992 1839 730 105 1810 1127 95 625 560 1514 1079 137 942
is_linear=0
shrinkage=0.05


Tree=56
num_leaves=31
num_cat=0
split_feature=57 41 19 317 237 68 13 20 71 45 356 27 18 59 104 59 58 128 4 75 13 65 98 98 27 42 98 25 58 107
split_gain=79.7169 34.1093 29.3513 32.1699 28.0634 27.1968 32.4882 25.6328 41.8217 24.653 23.6912 26.777 21.0924 25.1705 20.8249 18.8449 18.7905 18.4183 25.1651 20.9346 17.1299 18.8987 22.2653 16.3482 33.3059 20.231 19.8003 20.8562 17.7927 15.8162
threshold=32.257395656116408 -2.9349999999999983 10.339429185510477 1.0000000180025095e-35 1.0000000180025095e-35 8.7740298943614139 0.50740122707597679 2.5854392643960327 21.019356594502778 274.58676742449973 1.0000000180025095e-35 1.4894894837593411 16.581266712474434 11.88750070637909 -8.0971326920851148 40.739736374903238 35.169679723790118 4.9973503966548467 0.26722980617746167 24.466999608920581 0.48046210341495155 5.3130373214681175 2.2094079005629008 9.7902368022890247 1.3282493379421834 228199668.14714822 18.066658202632912 1.2805454098739195 5.314187782525825 3.5000000000000004
decision_type=2 2 10 2 2 2 8 8 2 2 2 2 10 2 2 2 2 2 2 2 10 2 2 2 2 2 2 8 2 2
left_child=1 14 3 10 5 7 12 20 9 17 15 16 13 -7 -1 23 -12 19 -19 -9 21 22 -3 24 25 -2 27 -25 -26 -5
right_child=2 4 -4 29 -6 6 -8 8 -10 -11 11 -13 -14 -15 -16 -17 -18 18 -20 -21 -22 -23 -24 26 28 -27 -28 -29 -30 -31
leaf_value=0.026854159745077294 0.035326117023825647 0.006925333594801273 0.017816939060211034 -2.0159898202258106e-05 -0.032061880657069934 -0.0012246316418818484 0.014278296763387635 -0.014481627063986919 0.016830134633787429 0.021464321211628293 -0.065064668931342939 0.0015886807664195588 -0.004934770206203678 0.012149812911704076 -0.019532003033533495 0.032119100615382194 -0.0088206904206537852 0.013100943158173728 -0.04045102973110401 0.035679890530613753 0.024464816984623605 0.0015522629803905977 0.022260597485966697 -0.033600133657455448 -0.043555910891342552 -0.012056900061121803 -0.011886042637313354 -0.096401080973446379 -0.015906025531348188 0.029649791805581617
leaf_weight=27 50 544 102 245 54 989 424 104 198 46 27 418 1412 546 233 20 33 27 117 26 221 492 419 39 62 41 49 20 945 55
leaf_count=27 50 544 102 245 54 989 424 104 198 46 27 418 1412 546 233 20 33 27 117 26 221 492 419 39 62 41 49 20 945 55
internal_value=-8.07217e-12 0.0029901 -0.008347 -0.0096787 0.00380934 0.00415742 0.00133751 0.0084901 -0.00123114 -0.0124066 -0.0123368 -0.0028949 -0.00052435 0.00353266 -0.014715 -0.0160181 -0.0341305 -0.0180929 -0.03041 -0.00444932 0.0114946 0.00952459 0.0135977 -0.0168164 -0.0149906 0.0139777 -0.0353782 -0.0548886 -0.0176084 0.00541933
internal_weight=7985 5879 2106 2004 5619 5565 3371 2194 518 320 1704 478 2947 1535 260 1226 60 274 144 130 1676 1455 963 1206 1098 91 108 59 1007 300
internal_count=7985 5879 2106 2004 5619 5565 3371 2194 518 320 1704 478 2947 1535 260 1226 60 274 144 130 1676 1455 963 1206 1098 91 108 59 1007 300
is_linear=0
shrinkage=0.05


Tree=57
num_leaves=31
num_cat=0
split_feature=130 356 28 66 39 24 2 344 144 302 102 87 71 14 99 25 13 62 71 67 97 97 66 31 22 183 17 24 94 103
split_gain=72.324 32.5281 28.103 27.0968 25.5562 24.986 24.3732 23.4102 21.6282 28.3525 19.0202 19.1051 26.6045 23.2148 18.8899 18.8524 22.3382 31.9949 17.9397 17.8092 16.4258 17.1115 16.1783 15.7898 15.4365 15.1027 14.945 18.458 18.6227 21.5903
threshold=3.8819900000000036 1.0000000180025095e-35 466.85699658547162 4.8681881438505075 2.3177809076408695 6.015792161105753 1.0668752362055935 1.0000000180025095e-35 1.0000000180025095e-35 1.0000000180025095e-35 2.3203015164399097 31.757192524200722 32.082514136192025 0.46602177642383646 0.056666666666666872 -0.12680185342525896 0.12149339421060996 11.386921913410697 10.424961175425283 27.718835133244323 21.233872511967753 2.5549320908919126 33.35796700123948 2.844012958870386 2.520495857068163 1.0000000180025095e-35 0.58089500860585208 5.4841046488382794 5.3165545238704448 4.6963986826726583
decision_type=2 2 2 2 2 10 2 2 2 2 2 2 2 10 2 8 10 2 2 2 2 2 2 2 10 2 2 10 2 2
left_child=1 2 8 4 -4 -5 10 18 9 15 11 14 13 -13 -3 25 22 -18 -7 -12 21 -16 23 -17 -19 -1 -2 28 29 -28
right_child=26 6 3 5 -6 7 -8 -9 -10 -11 19 12 -14 -15 20 16 17 24 -20 -21 -22 -23 -24 -25 -26 -27 27 -29 -30 -31
leaf_value=-0.0078116132007520073 -0.044269376742323084 0.015509545453173929 -0.018472901642962825 0.0052078806896420707 -0.075231400877237328 -0.011270032265943522 0.042525202618475928 -0.025359291383695866 -0.026270022268281946 0.017293658942589059 -0.0045674800252085103 -0.0076916892295451587 0.0161458875129178 -0.05866166761843488 0.012772232938356144 -0.030723089502071557 0.012476054926768166 -0.0027891655059301191 0.02015403423096929 0.042488515847140834 0.019028682675534151 -0.003788649775843555 -0.034412529663182798 0.0010661374933974509 0.030257794880182355 0.023076704694401651 -0.024998028617199155 -0.011535494336144578 0.026412570933021153 0.012719784534235685
leaf_weight=685 31 827 144 374 23 141 47 192 67 291 473 74 73 32 232 46 863 786 67 21 168 476 50 259 37 42 73 1246 66 79
leaf_count=685 31 827 144 374 23 141 47 192 67 291 473 74 73 32 232 46 863 786 67 21 168 476 50 259 37 42 73 1246 66 79
internal_value=-1.60521e-11 0.00228387 -0.000448353 -0.00802382 -0.0262899 -0.00408268 0.00686991 -0.0127693 0.00183204 0.00244755 0.00616461 0.00845657 -0.00708217 -0.0230789 0.0100898 0.000886776 0.0033495 0.00574976 -0.00114786 -0.00256712 0.00497326 0.00163808 -0.00805003 -0.0037283 -0.00130346 -0.00602714 -0.00991461 -0.00918715 0.00423503 -0.00539469
internal_weight=7985 6490 4067 941 167 774 2423 400 3126 3059 2376 1882 179 106 1703 2768 2041 1686 208 494 876 708 355 305 823 727 1495 1464 218 152
internal_count=7985 6490 4067 941 167 774 2423 400 3126 3059 2376 1882 179 106 1703 2768 2041 1686 208 494 876 708 355 305 823 727 1495 1464 218 152
is_linear=0
shrinkage=0.05


Tree=58
num_leaves=31
num_cat=0
split_feature=57 356 41 252 200 18 118 83 20 318 317 144 303 84 42 51 3 14 62 356 22 95 58 30 6 4 11 13 49 149
split_gain=66.9444 30.2815 29.9098 26.5569 26.7289 28.9415 31.9869 31.2459 24.6373 23.3935 21.1498 21.0629 23.7737 24.273 20.1257 19.3279 18.6078 23.5736 17.6313 17.475 17.7577 17.4437 16.826 16.2339 20.0363 17.0517 16.0938 15.6512 15.4972 14.6644
threshold=36.403028929955802 1.0000000180025095e-35 -3.0149999999999992 1.0000000180025095e-35 1.0000000180025095e-35 16.162940643980644 1.0000000180025095e-35 71.070000000000007 2.1186244668460201 1.0000000180025095e-35 1.0000000180025095e-35 1.0000000180025095e-35 1.0000000180025095e-35 24.991894273067516 5109.8069665929534 10.07070900622057 -1.2290436607825612 0.41950788976571668 33.884328932543099 1.0000000180025095e-35 2.1259784552336773 33.565331240278489 69.357980836087521 17.299912564470095 435.39500000000032 0.37412741519903731 0.046722507183415987 0.36946659276556232 6.072903608448132 1.0000000180025095e-35
decision_type=2 2 2 2 2 8 2 2 10 2 2 2 2 2 2 2 2 10 2 2 8 2 2 2 2 2 10 10 2 2
left_child=1 2 8 4 5 6 -4 27 -1 16 14 12 -7 -14 26 -11 17 29 -19 23 -21 -10 28 24 -16 -25 -2 -8 -22 -3
right_child=10 9 3 -5 -6 11 7 -9 21 15 -12 -13 13 -15 19 -17 -18 18 -20 20 22 -23 -24 25 -26 -27 -28 -29 -30 -31
leaf_value=0.013498736406939153 -0.016450590211835585 0.02804861963929561 -0.016059272725486375 0.01868168854691948 0.042601022703780071 -0.0045398305604462527 0.021095810888633621 -0.013863261082079463 -0.043124907763431905 -0.007220601104102874 0.0044875660176577825 -0.03204231210490479 0.010297039379840209 -0.034046482678615687 -0.021004441374243472 0.035906301970992774 0.0063979289406193643 0.0071493467478000606 -0.044254620915109462 -0.048758970722556118 0.01013355678172599 -0.00026700193993747237 -0.033982877522301412 -0.012203976715258746 -0.059679543285164983 0.033963753401555795 0.0031291728229655455 -0.0043423348964591107 -0.036222203457728031 0.0052369638018637567
leaf_weight=39 149 312 114 195 36 2258 444 93 92 360 265 61 476 33 480 28 1379 69 22 20 183 32 31 220 36 22 355 70 20 91
leaf_count=39 149 312 114 195 36 2258 444 93 92 360 265 61 476 33 480 28 1379 69 22 20 183 32 31 220 36 22 355 70 20 91
internal_value=9.43642e-12 0.00245293 -0.000192276 0.000712021 -0.000265408 -0.000700233 0.00824208 0.0128061 -0.0211631 0.00706596 -0.00854464 -0.00298008 -0.00233939 0.00742212 -0.0108227 -0.00410835 0.00938077 0.0177074 -0.00527799 -0.0148883 -0.003538 -0.0320648 0.000327041 -0.0186916 -0.0237027 -0.00800691 -0.00265929 0.0176315 0.00556649 0.0228976
internal_weight=7985 6204 3943 3780 3585 3549 721 607 163 2261 1781 2828 2767 509 1516 388 1873 494 91 1012 254 124 234 758 516 242 504 514 203 403
internal_count=7985 6204 3943 3780 3585 3549 721 607 163 2261 1781 2828 2767 509 1516 388 1873 494 91 1012 254 124 234 758 516 242 504 514 203 403
is_linear=0
shrinkage=0.05


Tree=59
num_leaves=31
num_cat=0
split_feature=57 41 19 317 237 96 77 13 59 26 76 97 246 183 132 356 27 59 12 356 26 98 27 46 98 25 58 57 107 23
split_gain=60.889 27.2798 25.3596 25.43 25.1056 20.6091 23.6272 23.9792 22.4999 22.314 22.1452 21.736 21.1018 20.9162 20.4726 18.3182 23.3412 17.2005 16.5089 15.0596 14.9782 14.5234 28.1662 17.5672 17.5166 18.5274 15.3584 14.2977 21.1006 19.1164
threshold=32.257395656116408 -2.4049999999999985 10.339429185510477 1.0000000180025095e-35 1.0000000180025095e-35 1.679675925925926 9.4377457146690436 0.24522775780400749 12.230209888262836 1.8406724612029353 33.232189506877795 9.2953136810279702 1.0000000180025095e-35 1.0000000180025095e-35 1.0000000180025095e-35 1.0000000180025095e-35 7.5091658187464229e-07 40.739736374903238 -0.74397769522300716 1.0000000180025095e-35 1.9702595439627995 9.7902368022890247 1.3282493379421834 253.57366313940457 18.066658202632912 1.2805454098739195 5.314187782525825 90.946419950708801 3.5000000000000004 -2.4831556155695478
decision_type=2 2 10 2 2 2 2 8 2 2 2 2 2 2 2 2 2 2 10 2 2 2 2 2 2 8 2 2 2 10
left_child=1 14 3 15 5 6 7 -3 10 19 11 -9 -10 -13 18 17 -17 21 -1 -7 -6 22 23 -2 25 -23 -24 28 -5 -30
right_child=2 4 -4 27 20 9 -8 8 12 -11 -12 13 -14 -15 -16 16 -18 -19 -20 -21 -22 24 26 -25 -26 -27 -28 -29 29 -31
leaf_value=0.023613978792546373 0.031649242156116225 -0.013138946137666981 0.01702487163174916 0.0027868519345700072 -0.050397183855666841 0.0025467512498896822 -0.001920723592434225 0.012313468058455831 0.013824929257050833 -0.0071299858722658014 -0.028566934957938352 0.00039049055063383872 0.061348269926384091 0.021635371421871243 0.025690384798993667 -0.040738517219653811 0.00060672203647850844 0.031855897232890132 -0.012934198812485587 0.027170699355364952 0.0041336794476956136 -0.030677153189212849 -0.039689638440106673 -0.013075164282644117 -0.010295201906440211 -0.089868116895668204 -0.014000680875704531 -0.02143834185024554 0.0056610265835410076 0.070983670651912689
leaf_weight=33 54 135 102 211 34 266 828 939 874 723 46 1221 24 128 42 37 441 20 485 81 20 39 62 37 49 20 945 44 21 24
leaf_count=33 54 135 102 211 34 266 828 939 874 723 46 1221 24 128 42 37 441 20 485 81 20 39 62 37 49 20 945 44 21 24
internal_value=1.79367e-11 0.00261324 -0.00729498 -0.00853282 0.00371838 0.00406627 0.00564615 0.00750697 0.00836935 -0.00212777 0.00578166 0.00647223 0.015095 0.00240631 -0.00788362 -0.0108961 -0.00259364 -0.0141331 -0.0106058 0.0082947 -0.0302006 -0.0148958 -0.013175 0.0134646 -0.0323911 -0.0507419 -0.0155823 0.00489076 0.00941608 0.0404998
internal_weight=7985 5879 2106 2004 5319 5265 4195 3367 3232 1070 2334 2288 898 1349 560 1704 478 1226 518 347 54 1206 1098 91 108 59 1007 300 256 45
internal_count=7985 5879 2106 2004 5319 5265 4195 3367 3232 1070 2334 2288 898 1349 560 1704 478 1226 518 347 54 1206 1098 91 108 59 1007 300 256 45
is_linear=0
shrinkage=0.05


Tree=60
num_leaves=31
num_cat=0
split_feature=57 41 19 317 237 68 13 25 55 31 34 44 59 77 83 12 96 71 41 52 92 314 58 286 18 76 62 13 23 66
split_gain=54.9523 25.2158 23.4647 27.4691 22.1624 21.0712 26.6682 21.5119 19.589 20.5228 21.0884 17.5331 17.2695 17.2646 16.855 16.4612 16.0562 15.9531 20.7249 18.7855 15.7745 17.6717 17.3594 15.959 16.1848 15.6462 18.6544 15.3579 15.3378 14.5012
threshold=32.257395656116408 -2.9349999999999983 10.231085739654629 1.0000000180025095e-35 1.0000000180025095e-35 8.7740298943614139 0.50740122707597679 -0.13799682449207828 22.92644090315483 4.0094920922090447 1.0884008548723463 1.9939988839842797 38.719189446956833 7.0320508709107097 6.8000000000000016 -0.50734069193324782 11.49114127106604 14.996544777334528 0.68000000000000016 34.132644154975601 4.4997953969246902 1.0000000180025095e-35 6.3382954032187078 1.0000000180025095e-35 16.532683763701716 21.027916954307294 6.1223697471357585 0.48046210341495155 -2.3120159637254938 6.8272769735950556
decision_type=2 2 10 2 2 2 8 10 2 2 2 2 2 2 2 10 2 2 2 2 2 2 2 2 10 2 2 10 10 2
left_child=1 15 3 12 5 7 13 8 9 10 25 -11 20 16 -9 -1 -7 18 27 -20 22 23 -2 24 -22 26 -3 -13 -17 -23
right_child=2 4 -4 -5 -6 6 -8 14 -10 11 -12 17 -14 -15 -16 28 -18 -19 19 -21 21 29 -24 -25 -26 -27 -28 -29 -30 -31
leaf_value=0.014395484846444678 -0.040581896463409067 0.0040256036993335277 0.0087626128356847223 0.0055419414778781944 -0.028690538807185712 0.0022784810113397834 0.012738677302160179 -0.0035153133928313186 -0.036427322588860993 0.044115582124956337 0.012197062602584683 -0.00072631483379446754 0.026981347413926288 -0.0073909179775096413 0.014350596270404537 -0.032469152671836532 -0.02188746064416015 0.016068930030243272 -0.064338396862149247 -0.0094780941113409862 0.0034110397704889212 -0.057067879913719727 -0.014543513813722795 0.032014777958393102 -0.012832263941200803 -0.070283727534115312 -0.056830377439036961 0.018383548950323913 -0.0056788365591552347 -0.01494565034684326
leaf_weight=46 70 34 214 287 54 2154 424 152 32 29 41 405 29 722 1004 103 71 224 20 71 285 27 748 30 332 20 20 142 111 84
leaf_count=46 70 34 214 287 54 2154 424 152 32 29 41 405 29 722 1004 103 71 224 20 71 285 27 748 30 332 20 20 142 111 84
internal_value=1.68484e-11 0.00248258 -0.00693024 -0.00870522 0.00318697 0.00349629 0.00101418 0.00730996 0.00208514 0.00331019 -0.0165681 0.00587585 -0.0112528 -0.000672686 0.0120014 -0.0127403 0.00150734 0.00458937 0.000558924 -0.0215353 -0.0119564 -0.00675988 -0.0167717 -0.00359772 -0.00532928 -0.0325056 -0.0185136 0.00423456 -0.0185732 -0.0251916
internal_weight=7985 5879 2106 1892 5619 5565 3371 2194 1038 1006 115 891 1605 2947 1156 260 2225 862 638 91 1576 758 818 647 617 74 54 547 214 111
internal_count=7985 5879 2106 1892 5619 5565 3371 2194 1038 1006 115 891 1605 2947 1156 260 2225 862 638 91 1576 758 818 647 617 74 54 547 214 111
is_linear=0
shrinkage=0.05


Tree=61
num_leaves=31
num_cat=0
split_feature=57 62 77 246 19 12 302 7 33 317 0 344 62 12 138 22 120 53 320 356 27 58 79 93 176 93 128 105 60 59
split_gain=49.614 23.6424 26.2841 23.6392 21.3112 21.2814 23.2741 21.8086 41.2978 20.4811 19.76 18.772 18.4618 32.0722 17.8327 18.2817 18.1306 17.7803 19.9563 16.3775 21.2937 16.3038 15.9686 18.6893 16.6194 15.8264 15.7317 15.2227 14.1989 14.1865
threshold=32.061055162324493 32.320416890098052 8.9125197771801705 1.0000000180025095e-35 10.339429185510477 -0.49676821883142358 1.0000000180025095e-35 250.75749999999999 3.2239993281634622 1.0000000180025095e-35 11.334691397392293 1.0000000180025095e-35 6.1223697471357585 -0.24700368076862625 1.0000000180025095e-35 2.314477368580055 6.5000000000000009 4.1959919624070894 1.0000000180025095e-35 1.0000000180025095e-35 1.4894894837593411 35.169679723790118 53.013030392688059 49.540815930520644 2.5000000000000004 27.691638715288374 2.0480772672700303 0.73993558776167478 19.281558119652782 40.739736374903238
decision_type=2 2 2 2 10 10 2 2 2 2 2 2 2 8 2 10 2 2 2 2 2 2 2 2 2 2 2 2 2 2
left_child=1 2 3 12 9 6 7 -3 -9 19 -5 22 13 25 15 16 17 18 26 29 21 -21 23 24 -7 -1 -14 -15 -22 -2
right_child=4 5 -4 10 -6 11 -8 8 -10 -11 -12 -13 14 27 -16 -17 -18 -19 -20 20 28 -23 -24 -25 -26 -27 -28 -29 -30 -31
leaf_value=0.01021164233001225 -0.013542375997841766 0.031836558700107584 -0.0034009148441717756 0.0098929755207968935 0.015735497562598219 -0.010648887480702252 0.045846203027758749 -0.057658888005158483 0.0053902046441693203 0.0043621477239454793 0.048221856597484208 -0.029619871469277172 0.0078896555682149479 -0.0049861017893086754 -0.014950803306181822 -0.0097472848178869753 0.014592493207215937 0.0075310822545783035 0.0094608642645385675 -0.058669573123808265 -6.6934629444517104e-05 -0.0062792847638554646 0.036797429295256735 -0.049887972826567983 0.022674909441238098 0.040353820174932484 -0.011878043574265218 -0.044513044599443677 0.043097399193793538 0.028914034292101862
leaf_weight=1350 1213 41 1087 82 102 250 32 34 110 300 57 119 128 102 147 250 370 833 238 27 402 33 20 26 44 45 471 32 20 20
leaf_count=1350 1213 41 1087 82 102 250 32 34 110 300 57 119 128 102 147 250 370 833 238 27 402 33 20 26 44 45 471 32 20 20
internal_value=-7.4248e-12 0.00236728 0.00351247 0.00534313 -0.00656174 -0.0064283 0.00647418 -0.000336112 -0.00949639 -0.00769044 0.0256106 -0.0125282 0.0046328 0.00893959 0.00193066 0.00301432 0.00457824 0.00235952 -0.00278733 -0.00979876 -0.00198393 -0.0298549 -0.00654607 -0.00925504 -0.00566165 0.011184 -0.00765389 -0.0144254 0.00197877 -0.0128537
internal_weight=7985 5868 5192 4105 2117 676 217 185 144 2015 139 459 3966 1529 2437 2290 2040 1670 837 1715 482 60 340 320 294 1395 599 134 422 1233
internal_count=7985 5868 5192 4105 2117 676 217 185 144 2015 139 459 3966 1529 2437 2290 2040 1670 837 1715 482 60 340 320 294 1395 599 134 422 1233
is_linear=0
shrinkage=0.05


Tree=62
num_leaves=31
num_cat=0
split_feature=34 64 256 254 62 314 10 130 25 25 57 45 252 78 3 11 88 18 129 246 129 130 43 88 60 20 15 5 84 120
split_gain=45.909 43.5233 36.7387 33.2381 29.8179 24.9858 23.7267 22.7942 25.5166 22.7803 22.1236 23.5217 19.9396 20.2575 19.1813 19.2521 18.8984 19.0949 18.6949 18.6141 17.3564 17.1377 16.0931 19.6361 15.884 20.0192 15.6876 16.7153 17.3454 15.1148
threshold=5.6788787669439111 4.8678787182079111 1.0000000180025095e-35 1.0000000180025095e-35 43.193443948277675 1.0000000180025095e-35 1.5000000000000002 0.48995000000000005 -0.66852599456689532 -0.66852599456689532 90.946419950708801 4.2903052826068713 1.0000000180025095e-35 5.6286897432727292 -1.0172600151171574 0.30752406064995419 5.54007610465663 16.141664073301452 2.5000000000000004 1.0000000180025095e-35 2.5000000000000004 -1.1661499999999998 21.688920369532266 37.846759837309726 5.8989547455658675 1.7611448964088816 0.3816526610644258 19.474937343358398 23.9731713865161 1.0000000180025095e-35
decision_type=2 2 2 2 2 2 2 2 10 8 2 2 2 2 2 10 2 10 2 2 2 2 2 2 2 8 2 2 2 2
left_child=6 2 5 10 -4 9 7 24 -9 -2 11 -3 13 26 -10 20 19 -18 -5 -15 29 -8 -19 -24 25 -1 -11 28 -28 -16
right_child=1 3 4 18 -6 -7 21 8 14 12 -12 -13 -14 16 15 -17 17 22 -20 -21 -22 -23 23 -25 -26 -27 27 -29 -30 -31
leaf_value=0.025677098339104927 0.038516640961170197 0.00074439595395592057 0.033201764228029389 -0.0060139961751701776 -0.0079694847283928207 -0.027652161919422033 -0.067250447785481823 -0.043246418936178088 0.01081067547093122 -0.052773728221654895 -0.028681930154561996 0.016510919830205081 -0.059190879911184317 0.0017178312411495285 -0.011147533667256989 -0.0077324262708635145 0.016283040277767873 -0.0072584578797188597 -0.041094511792201693 0.049652439542114735 -0.019044638956784384 -0.0061846022252683291 -0.027522190515292994 0.014484271302353592 0.014665400700012999 0.0012512031043878066 -0.016159751714775499 0.024073048052378001 -0.064275964954867967 0.004618825426596816
leaf_weight=95 25 487 90 128 86 197 20 32 482 32 42 460 20 255 166 622 69 743 54 22 91 27 213 32 635 717 295 24 20 1804
leaf_count=95 25 487 90 128 86 197 20 32 482 32 42 460 20 255 166 622 69 743 54 22 91 27 213 32 635 717 295 24 20 1804
internal_value=3.81958e-12 -0.00452431 -0.00879278 0.00321435 0.013084 -0.0107703 0.00317695 0.00353468 0.00117801 -0.00886994 0.00682801 0.0084029 -0.0095567 -0.00897448 0.00162717 -2.26466e-05 -0.00610033 -0.00914686 -0.0164225 0.00552491 0.00230413 -0.0321701 -0.0109228 -0.0220356 0.00874151 0.00410891 -0.019309 -0.0161501 -0.0192147 0.00329029
internal_weight=7985 3294 2123 1171 176 1947 4691 4644 3197 1750 989 947 1725 1705 3165 2683 1334 1057 182 277 2061 47 988 245 1447 812 371 339 315 1970
internal_count=7985 3294 2123 1171 176 1947 4691 4644 3197 1750 989 947 1725 1705 3165 2683 1334 1057 182 277 2061 47 988 245 1447 812 371 339 315 1970
is_linear=0
shrinkage=0.05


Tree=63
num_leaves=31
num_cat=0
split_feature=6 64 256 2 47 83 260 28 41 120 222 41 3 59 14 12 57 355 235 237 75 2 122 76 130 45 62 71 215 90
split_gain=41.6023 39.1012 28.7466 27.0452 26.5219 23.3468 23.6196 23.2998 22.3933 22.1837 22.3086 23.8291 20.9872 21.1283 19.8094 30.7568 18.7932 17.1595 15.982 16.3316 16.513 18.1324 15.7487 16.5518 24.0385 15.3315 15.3112 22.4977 14.4079 30.4222
threshold=234.173 4.8678787182079111 1.0000000180025095e-35 0.20501543209876585 5.0413301646241235 12.195000000000002 1.0000000180025095e-35 638.9205137489588 -2.8349999999999991 1.0000000180025095e-35 1.0000000180025095e-35 -0.88499999999999979 -1.2290436607825612 12.230209888262836 0.43745895390525708 -0.50795630498015287 100.94331910275402 1.0000000180025095e-35 1.0000000180025095e-35 1.0000000180025095e-35 13.084307820527268 1.3582812500000003 4.5000000000000009 22.344725488882528 -0.3397400000000001 4.4813925893478341 37.311073389189069 11.434608547899295 7.5000000000000009 38.962289700418218
decision_type=2 2 2 2 2 2 2 2 2 2 2 2 2 2 10 10 2 2 2 2 2 2 2 2 2 2 2 2 2 2
left_child=9 2 7 26 8 -6 16 28 -3 -1 11 12 -11 -14 15 -9 25 -8 19 20 22 -22 23 -13 -25 -7 -4 -28 29 -2
right_child=1 4 3 -5 5 6 17 14 -10 10 -12 18 13 -15 -16 -17 -18 -19 -20 -21 21 -23 -24 24 -26 -27 27 -29 -30 -31
leaf_value=-0.012735479126756356 -0.005765085721467402 -0.058013506792485715 0.022116309751881592 0.061570179567712803 -0.044642538581551483 0.0051921883979622815 -0.024636452188819984 0.040850645969824302 -0.0070433088490006769 0.013732388946640818 -0.047375172753596595 0.0083884150864160234 -0.0050921840981999417 0.0079878564807586375 -0.064167636006393219 -0.018066931675511683 -0.030927783664729858 0.018055440339958297 -0.03676141668111086 -0.027909497339879314 0.012369757123866995 0.051868485286831856 -0.0094497435513031056 0.0096805505720632418 -0.060161782851950688 0.018374376775238455 -0.048764515610841608 0.0054978788843274944 -0.019784436437356123 0.036090670492913993
leaf_weight=207 1231 24 67 23 22 467 89 23 211 248 21 1060 1250 410 22 600 27 32 20 31 923 30 166 28 22 418 26 72 170 45
leaf_count=207 1231 24 67 23 22 467 89 23 211 248 21 1060 1250 410 22 600 27 32 20 31 923 30 166 28 22 418 26 72 170 45
internal_value=1.60371e-11 -0.00401451 -0.00795195 0.0107759 0.00294165 0.00632529 0.00741077 -0.00963576 -0.0122488 0.00324451 0.00403042 0.00428818 0.000165316 -0.00186157 -0.0175384 -0.0158918 0.0101647 -0.013346 0.00773837 0.00813217 0.00863342 0.0136132 0.00491423 0.00706236 -0.0210501 0.0114184 0.00369553 -0.00889827 -0.00611072 -0.00428898
internal_weight=7985 3569 2279 188 1290 1055 1033 2091 235 4416 4209 4188 1908 1660 645 623 912 121 2280 2260 2229 953 1276 1110 50 885 165 98 1446 1276
internal_count=7985 3569 2279 188 1290 1055 1033 2091 235 4416 4209 4188 1908 1660 645 623 912 121 2280 2260 2229 953 1276 1110 50 885 165 98 1446 1276
is_linear=0
shrinkage=0.05


Tree=64
num_leaves=31
num_cat=0
split_feature=34 64 256 254 62 23 71 10 75 131 3 12 47 57 129 107 80 105 83 264 39 13 100 55 92 130 89 158 11 7
split_gain=37.8598 35.6279 30.4103 28.2098 24.7488 22.1881 27.7068 21.0761 20.4483 19.8665 19.5368 19.2584 18.5368 22.2006 16.5168 16.2025 16.0661 20.2354 17.1774 15.8165 15.7123 16.0561 15.5633 15.2816 17.07 15.2729 15.0532 14.5643 14.4631 14.0683
threshold=5.6788787669439111 4.8678787182079111 1.0000000180025095e-35 1.0000000180025095e-35 43.193443948277675 -2.9960030891155927 15.386548702752739 1.5000000000000002 25.264708369258035 31.209399999999988 -1.1467361111111107 -0.24700368076862625 4.8966606668014778 100.94331910275402 2.5000000000000004 1.0000000180025095e-35 39.731567316008572 0.98863636363636376 25.900000000000002 1.0000000180025095e-35 0.87781508419814058 0.50795609184923773 -0.65169570159918699 5.1078288256845612 54.602130135340637 -1.1661499999999998 24.40581791026894 1.0000000180025095e-35 0.30752406064995419 209.5675
decision_type=2 2 2 2 2 8 2 2 2 2 2 10 2 2 2 2 2 2 2 2 2 8 2 2 2 2 2 2 10 2
left_child=7 2 5 12 -4 -2 16 8 9 15 -11 -10 22 19 -5 -1 17 20 -19 26 -7 23 -3 24 27 -9 -14 -22 29 -12
right_child=1 3 4 14 -6 6 -8 25 11 10 28 -13 13 -15 -16 -17 -18 18 -20 -21 21 -23 -24 -25 -26 -27 -28 -29 -30 -31
leaf_value=0.0025187756517682717 0.035240965819469207 -0.048688222192551783 0.030261229663673374 -0.0054141950678058496 -0.007247546369339837 -0.036541480185197935 -0.036583877028897406 -0.063545948558021342 0.011785743326627972 0.011499684589745646 0.0022043483341696881 -0.027180043020934769 0.0082264913406707007 -0.033369305903712912 -0.038387820302267318 0.015131225760432063 -0.047307677615295959 -0.010550617872493104 0.016467174545948881 -0.0083396611763446628 -0.013071116277518112 0.010216124323293723 -0.0033529633688783953 -0.028723153919988389 0.020520600235170647 -0.00589818959986722 0.023854033003379599 0.00083786846789656402 -0.0079378383739189626 -0.011401897535508247
leaf_weight=654 27 23 90 128 86 56 96 20 811 297 1478 33 509 30 54 417 27 102 139 99 1016 96 107 111 46 27 221 231 736 218
leaf_count=654 27 23 90 128 86 56 96 20 811 297 1478 33 509 30 54 417 27 102 139 99 1016 96 107 111 46 27 221 231 736 218
internal_value=6.77311e-12 -0.00410859 -0.00797054 0.00289305 0.0119331 -0.00976974 -0.0104027 0.00288503 0.00322219 0.00165857 -0.00060624 0.0102622 0.00622217 0.00888512 -0.0151976 0.00742951 -0.00902475 -0.00844954 0.00503226 0.0104142 -0.0105377 -0.00956685 -0.0113738 -0.0109195 -0.00939115 -0.0304292 0.0129576 -0.0104946 -0.00208464 0.000455432
internal_weight=7985 3294 2123 1171 176 1947 1920 4691 4644 3800 2729 844 989 859 182 1071 1824 1797 241 829 1556 1500 130 1404 1293 47 730 1247 2432 1696
internal_count=7985 3294 2123 1171 176 1947 1920 4691 4644 3800 2729 844 989 859 182 1071 1824 1797 241 829 1556 1500 130 1404 1293 47 730 1247 2432 1696
is_linear=0
shrinkage=0.05


Tree=65
num_leaves=31
num_cat=0
split_feature=26 64 247 237 59 41 47 176 12 27 62 3 100 92 27 14 97 21 103 13 28 26 110 39 102 11 48 52 55 87
split_gain=34.6166 34.3305 28.2839 25.6671 24.8547 22.5029 22.043 21.5593 21.3952 17.9222 18.8067 17.7052 20.145 19.6818 19.1297 18.8195 17.9057 17.703 17.5012 16.4467 16.1986 15.6907 14.8981 14.3932 14.0324 23.5223 18.6675 14.5669 23.2498 19.6345
threshold=2.21915130268169 4.8678787182079111 1.0000000180025095e-35 1.0000000180025095e-35 22.798035232455785 -3.6749999999999985 14.659081170485003 1.5000000000000002 -0.24700368076862625 3.7910641148372348 5.9277595051690009 -3.9377430555555546 -1.4266743569047853 36.399629532935002 1.6057733013210813 0.43745895390525708 4.094092970521543 -2.0373248390510827 1.945308082080569 0.25919723416760287 656.38014623285937 2.349860238031694 1.0000000180025095e-35 2.515161121219176 -1.0000000180025095e-35 1.0499536332980961 11.532707939230976 20.732915893895139 4.7763887229826132 32.433277152483548
decision_type=2 2 2 2 2 2 2 2 10 2 2 2 2 2 2 8 2 8 2 8 2 2 2 2 2 8 2 2 2 2
left_child=3 2 7 8 5 -3 -7 11 9 10 -1 16 18 15 -15 20 -2 -9 -13 -12 -14 -16 -6 -8 25 -21 27 29 -29 -26
right_child=1 4 -4 -5 22 6 23 17 -10 -11 19 12 13 14 21 -17 -18 -19 -20 24 -22 -23 -24 -25 26 -27 -28 28 -30 -31
leaf_value=0.0094865790721494255 0.035119152613630404 -0.040921393140618295 0.039233430253807461 -0.033674948289990424 0.022137177119495026 -0.0047318677514892101 0.0030913936356661621 -0.016293206805343022 -0.0047013566073604001 0.015961852559164252 0.043324624410951917 0.022168849676958112 -0.0072304569146469351 0.040511539488127739 0.023042700290679934 -0.048788139698180286 -0.00097533948193101775 -0.062510341668332178 -0.0087191208881059936 0.016441424900074796 -0.020221036103386318 -0.012348693930227491 0.002416312688929511 0.02588652401550294 -0.0004571852111644062 -0.040081629082560542 -0.021235470567794089 0.017803460155992802 -0.038750137779861693 -0.048021679337729106
leaf_weight=1019 49 35 32 47 213 755 193 356 672 339 23 101 942 33 45 33 115 22 84 231 322 103 174 108 1574 20 104 199 20 22
leaf_count=1019 49 35 32 47 213 755 193 356 672 339 23 101 942 33 45 33 115 22 84 231 322 103 174 108 1574 20 104 199 20 22
internal_value=-8.56845e-12 -0.00352947 -0.00743639 0.00307072 0.00238378 -0.00147793 -0.000170622 -0.00811368 0.00347968 0.00502788 0.00387389 -0.00586484 -0.00741055 -0.0093575 0.00608777 -0.0115129 0.00980899 -0.0189831 0.00814404 0.0012659 -0.0105398 -0.0015878 0.0132704 0.0112704 0.000820114 0.0119376 -0.000634023 0.000546446 0.0126387 -0.00111284
internal_weight=7985 3715 2237 4270 1478 1091 1056 2205 4223 3551 3212 1827 1663 1478 181 1297 164 378 185 2193 1264 148 387 301 2170 251 1919 1815 219 1596
internal_count=7985 3715 2237 4270 1478 1091 1056 2205 4223 3551 3212 1827 1663 1478 181 1297 164 378 185 2193 1264 148 387 301 2170 251 1919 1815 219 1596
is_linear=0
shrinkage=0.05


Tree=66
num_leaves=31
num_cat=0
split_feature=356 28 89 66 5 0 383 11 85 59 13 18 87 76 27 68 103 246 67 33 176 62 290 53 215 103 93 57 99 71
split_gain=32.3363 31.5229 22.6485 18.3718 20.7764 20.0149 19.1177 21.8247 19.2914 17.8837 22.5571 27.3097 21.333 20.6517 23.943 22.3355 20.1465 17.8868 17.5761 20.1443 17.1462 17.4006 16.9619 16.1797 24.5461 16.1645 15.4244 15.2615 15.0969 14.6421
threshold=1.0000000180025095e-35 433.0640406126808 5.7511827200153478 4.8681881438505075 11.254032258064518 13.318329239103051 1.0000000180025095e-35 0.25774174895055607 18.344383013367381 29.553316774023124 0.082614134587895641 16.162940643980644 6.0986032293433601 34.070943295197267 1.6734918155512413 29.707938480312595 14.382679858189384 1.0000000180025095e-35 32.879095926063741 10.391466021207298 2.5000000000000004 39.833627130418471 1.0000000180025095e-35 1.0000000180025095e-35 4.5000000000000009 2.365740950701269 1.0000000180025095e-35 116.32916257781515 0.056666666666666872 15.232279189919318
decision_type=2 2 2 2 2 2 2 10 2 2 8 8 2 2 2 2 2 2 2 2 2 2 2 2 2 2 2 2 2 2
left_child=1 9 20 4 -3 -6 8 -8 -5 10 -1 -12 -11 14 15 23 17 -16 19 -4 21 28 -19 24 29 -20 -23 -9 -2 -13
right_child=2 3 18 6 5 -7 7 27 -10 12 11 13 -14 -15 16 -17 -18 22 25 -21 -22 26 -24 -25 -26 -27 -28 -29 -30 -31
leaf_value=-0.017213412307660672 0.01451570404253503 -0.009356716053185261 0.00077408294642260266 -0.0039033029612652336 -0.04121633705526459 0.0074387899850710086 0.053870387054979797 0.0094550317434052428 -0.020547876945680634 -0.0042781493445444435 0.010230342373063035 -0.0076692791748791929 0.047892194401559444 -0.033496831216830385 -0.0034913533523673098 0.046998809836804871 -0.04503689717161511 0.031584817116769658 -0.0048510536264914743 -0.019532013023683036 0.032082595313151711 -0.049067763045430188 -0.009024017990450375 0.029883275514528636 -0.049023111062971032 0.046312793520720381 0.0070495457388460641 -0.037217070162296299 0.0034098127862948573 0.015813910470575475
leaf_weight=179 595 360 1198 995 113 26 25 141 211 36 641 115 43 49 1864 38 28 72 26 136 76 25 40 62 22 38 24 20 630 157
leaf_count=179 595 360 1198 995 113 26 25 141 211 36 641 115 43 49 1864 38 28 72 26 136 76 25 40 62 22 38 24 20 630 157
internal_value=3.74318e-12 -0.00230486 0.00439249 -0.00746497 -0.0156963 -0.0321154 -0.00451423 0.0104063 -0.00681541 0.00061139 4.29631e-05 0.00104325 0.0241184 -0.00136334 -0.000706732 0.010561 -0.00292204 -0.00232527 -6.81285e-05 -0.0012961 0.0090117 0.00763542 0.0170817 0.00667155 0.00177656 0.0255275 -0.0215817 0.00365726 0.0088041 0.00588536
internal_weight=7985 5237 2748 1891 499 139 1392 186 1206 3346 3267 3088 79 2447 2398 394 2004 1976 1398 1334 1350 1274 112 356 294 64 49 161 1225 272
internal_count=7985 5237 2748 1891 499 139 1392 186 1206 3346 3267 3088 79 2447 2398 394 2004 1976 1398 1334 1350 1274 112 356 294 64 49 161 1225 272
is_linear=0
shrinkage=0.05


Tree=67
num_leaves=31
num_cat=0
split_feature=57 77 62 59 98 41 47 28 45 306 3 14 71 259 225 17 25 3 14 55 27 49 42 127 19 88 57 27 17 158
split_gain=29.9798 18.2898 17.623 26.6951 18.7435 29.6881 17.7993 25.0859 17.2085 16.9425 27.8376 37.6178 22.159 17.7998 15.5054 15.5121 14.1399 14.099 24.9439 13.887 14.9961 17.6223 15.2778 13.866 13.1633 12.9704 13.6303 13.4619 12.884 12.5471
threshold=32.061055162324493 37.533905513208836 11.886581789638173 12.230209888262836 25.730016688113007 -3.3949999999999991 4.8625797684963734 288.16809650042541 12.578159567086367 1.0000000180025095e-35 -0.9498382721353319 0.55007109410303001 10.854581789010927 1.0000000180025095e-35 1.0000000180025095e-35 0.58089500860585208 -0.38443034021416084 -4.3106986305324586 0.29408425680994627 15.715534455239903 3.7433977011528006 12.145807216896266 19.39140187910542 1.0000000180025095e-35 10.04385199640693 13.182701149725666 80.503281641308874 4.0499908290592032e-06 2.2947860962566851 1.5000000000000002
decision_type=2 2 2 2 2 2 2 2 2 2 2 10 2 2 2 2 8 2 10 2 2 2 2 2 10 2 2 2 2 2
left_child=1 2 3 6 5 28 16 -8 -3 10 13 12 -12 25 15 -7 -1 18 -17 20 22 -22 -19 -11 -14 29 27 -27 -4 -2
right_child=9 8 4 -5 -6 14 7 -9 -10 23 11 -13 24 -15 -16 17 -18 19 -20 -21 21 -23 -24 -25 -26 26 -28 -29 -30 -31
leaf_value=-0.023974296385567868 0.022737153284933146 -0.048940614753347988 -0.014259373521698374 0.013089379099166557 0.012577112780600298 -0.033214484300050473 0.0095437665651771503 -0.0047502352386433206 0.0070577750387399094 -0.025037570731940625 -0.0068012378768314424 -0.068569641374051568 0.0028799862445642553 -0.030366454970229557 -0.035129928261493193 0.048732035531123222 -0.001763345722966181 0.010617728799868803 0.0042558942345046515 -0.041817588749386014 0.01435753448464475 -0.034549194024875766 -0.0039321519041442985 -0.0017460186670068653 0.048144572677797287 0.039674153292308688 -0.039133142158389089 -0.0037914725945955973 -0.058523518255641387 -0.016209329915759359
leaf_weight=80 205 34 35 733 243 36 1037 436 23 177 1374 24 36 27 33 38 687 201 185 21 233 20 1762 100 29 23 20 79 31 23
leaf_count=80 205 34 35 733 243 36 1037 436 23 177 1374 24 36 27 33 38 687 201 185 21 233 20 1762 100 29 23 20 79 31 23
internal_value=-7.30416e-12 0.00184019 0.00211665 0.00480691 -0.00070157 -0.00194501 0.00209662 0.00531282 -0.0263448 -0.00510072 -0.0033652 -0.00648715 -0.00545172 0.00874993 -0.00108105 -0.000630889 -0.00408 -0.000154056 0.0118348 -0.00134919 -0.000965689 0.0104914 -0.00244233 -0.0166291 0.023075 0.0117675 -0.00139085 0.0060096 -0.0350501 0.0188083
internal_weight=7985 5868 5811 2973 2838 2595 2240 1473 57 2117 1840 1463 1439 377 2529 2496 767 2460 223 2237 2216 253 1963 277 65 350 122 102 66 228
internal_count=7985 5868 5811 2973 2838 2595 2240 1473 57 2117 1840 1463 1439 377 2529 2496 767 2460 223 2237 2216 253 1963 277 65 350 122 102 66 228
is_linear=0
shrinkage=0.05


Tree=68
num_leaves=31
num_cat=0
split_feature=356 7 383 20 3 89 59 75 104 49 26 176 62 74 78 67 103 173 0 36 180 2 11 97 99 98 21 75 3 4
split_gain=27.7259 27.0258 25.5059 47.65 22.4879 19.6901 18.6883 17.946 16.1186 16.56 16.697 15.8666 24.1313 16.1177 15.7585 15.3702 18.3321 16.6497 15.1336 15 14.6907 16.2413 21.5021 14.3182 14.2959 14.2863 13.9372 13.8121 13.7 13.6436
threshold=1.0000000180025095e-35 209.5675 1.0000000180025095e-35 2.0491656727080048 -1.0172600151171574 5.7511827200153478 12.230209888262836 5.9333671490476716 3.2654898116654074 11.164959110834239 2.6971120887470437 1.5000000000000002 36.879151413940853 19.717961285740056 96.873780358161767 32.879095926063741 2.365740950701269 2.5000000000000004 11.49299508692366 10.269330030427552 1.0000000180025095e-35 0.90150752970941461 0.014512362665427155 8.4636026077097508 -1.755706971548008 4.4205669424437479 -1.7142372772483483 25.02724579813589 -4.8647595126359322 0.67868926655279804
decision_type=2 2 2 10 2 2 2 2 2 2 2 2 2 2 2 2 2 2 2 2 2 2 10 2 2 2 10 2 2 2
left_child=1 6 8 4 23 11 26 -6 9 20 27 12 13 28 15 17 -17 24 -10 -5 21 22 -3 -4 -7 -22 -1 -11 -2 -13
right_child=5 2 3 19 7 14 -8 -9 18 10 -12 29 -14 -15 -16 16 -18 -19 -20 -21 25 -23 -24 -25 -26 -27 -28 -29 -30 -31
leaf_value=-0.0021692654015392923 0.047693772072141823 0.045261934346386368 0.027464633078488988 0.064578417912125582 0.011132199031999336 0.035543227298506376 0.0092208709838140987 -0.033503603328656602 -0.0070727222853086205 -0.055667498312434373 -0.0096087950015706688 0.038332543765835753 -0.032280784028653912 -0.030467093735933305 -0.02069881236603505 -0.0051842405962256284 0.050953932076861913 -0.044045360138018928 0.027623189714116356 0.011545422119088471 -0.015935988676232787 -0.023781460867969381 -0.0056663319615647021 -0.00030426455072000535 1.6640301122343301e-05 -0.06337243086392326 0.011911071067407113 -0.019317622208369099 0.0078460661742752371 0.0089374698209145134
leaf_weight=1868 22 21 64 40 32 29 594 76 66 49 133 77 39 27 87 26 33 21 60 20 65 124 1585 169 1202 21 194 56 1104 81
leaf_count=1868 22 21 64 40 32 29 594 76 66 49 133 77 39 27 87 26 33 21 60 20 65 124 1585 169 1202 21 194 56 1104 81
internal_value=-7.52545e-12 -0.00213424 -0.0057779 0.00581127 -0.00141856 0.00406732 0.00140654 -0.0202782 -0.00790966 -0.00897452 -0.0213759 0.0083743 0.0064008 0.0077092 -9.17772e-05 0.00127574 0.0262151 0.000100481 0.00944914 0.0469008 -0.00734923 -0.00634655 -0.0050004 0.00732324 0.000853579 -0.0275193 -0.000844539 -0.0362809 0.00862462 0.0232629
internal_weight=7985 5237 2581 401 341 2748 2656 108 2180 2054 238 1350 1192 1153 1398 1311 59 1252 126 60 1816 1730 1606 233 1231 86 2062 105 1126 158
internal_count=7985 5237 2581 401 341 2748 2656 108 2180 2054 238 1350 1192 1153 1398 1311 59 1252 126 60 1816 1730 1606 233 1231 86 2062 105 1126 158
is_linear=0
shrinkage=0.05


Tree=69
num_leaves=31
num_cat=0
split_feature=57 67 41 91 237 130 19 20 358 75 55 265 85 71 87 104 43 131 36 61 128 105 356 74 59 3 87 149 120 76
split_gain=25.2721 16.8101 17.4501 17.9825 17.2338 15.7968 15.2069 14.9545 14.6609 15.7218 15.2165 14.8735 20.1177 14.4171 15.5451 24.6434 15.7065 18.3972 17.8339 17.008 15.3129 13.8158 13.7562 14.6859 18.8075 13.9821 17.7675 18.1061 13.2071 13.0167
threshold=32.061055162324493 64.28172181581985 -2.7549999999999994 5.1628505639804319 1.0000000180025095e-35 0.18095000000000028 10.339429185510477 2.1186244668460201 1.0000000180025095e-35 49.194047859348892 30.792737216129254 1.0000000180025095e-35 8.8921328857929662 22.479352652748663 74.481455476593837 -9.5148858085684136 6.0856172862961229 11.757500000000002 0.8096193737165196 22.132282554850519 8.057395727969352 0.37715517241379315 1.0000000180025095e-35 18.249449705127955 5.4750961991374973 -1.2976007378897891 25.841676830130247 1.0000000180025095e-35 7.5000000000000009 21.9930634481704
decision_type=2 2 2 2 2 2 10 10 2 2 2 2 2 2 2 2 2 2 2 2 2 2 2 2 2 2 2 2 2 2
left_child=1 2 3 -1 8 -5 -2 -7 10 11 13 -10 -13 14 15 -4 19 20 -19 -17 -18 -9 23 24 -20 26 27 -24 -27 -11
right_child=6 -3 4 5 -6 7 -8 21 9 29 -12 12 -14 -15 -16 16 17 18 22 -21 -22 -23 25 -25 -26 28 -28 -29 -30 -31
leaf_value=0.0084219984965104803 -0.0056365888642030048 0.047450833413749935 0.054987263111841114 -0.053397644062836973 -0.026458629487583846 0.013460372882180436 0.014151929085731835 -0.025611706354344885 0.004306488459434629 0.043754463699505725 -0.037628562629222873 0.0095467280031048835 0.069483692944049838 0.011856364003884104 -0.037101731683920933 0.0088473215694585359 0.009636016301810742 0.031390631800009443 -0.010725277631366947 -0.030221187721552523 -0.042769524341692094 0.018917129989713431 0.02288897210913422 -0.015627429246835942 0.0015545778637732904 0.001601368952870422 -0.021613454490822429 -0.0041817258281961955 -0.020080203904459873 0.002087583580728749
leaf_weight=95 2015 20 21 27 52 43 102 135 812 53 25 42 21 312 27 707 20 44 435 29 46 20 226 224 1101 1106 36 85 75 29
leaf_count=95 2015 20 21 27 52 43 102 135 812 53 25 42 21 312 27 707 20 44 435 29 46 20 226 224 1101 1106 36 85 75 29
internal_value=5.11868e-12 0.00168954 0.00153304 -0.00981903 0.00219018 -0.0175208 -0.00468315 -0.0126285 0.00246223 0.00808413 0.00127166 0.00612227 0.0295257 0.00148806 0.00071453 0.000960267 0.000685819 -0.000748518 -0.000230728 0.00730794 -0.0268891 -0.0198661 -0.000653885 -0.0036673 -0.00192312 0.00281707 0.0116409 0.0154902 0.00022447 0.0290186
internal_weight=7985 5868 5848 320 5528 225 2117 198 5476 957 4519 875 63 4494 4182 4155 4134 3398 3332 736 66 155 3288 1760 1536 1528 347 311 1181 82
internal_count=7985 5868 5848 320 5528 225 2117 198 5476 957 4519 875 63 4494 4182 4155 4134 3398 3332 736 66 155 3288 1760 1536 1528 347 311 1181 82
is_linear=0
shrinkage=0.05


Tree=70
num_leaves=31
num_cat=0
split_feature=356 7 59 12 87 246 89 103 12 302 14 0 71 15 13 62 176 62 74 78 15 76 21 67 130 173 62 45 14 22
split_gain=23.9489 23.6789 20.9728 18.9433 17.7055 17.8797 17.0699 17.0191 15.9305 15.8219 17.8489 24.6247 15.5001 16.7302 15.2022 14.6975 14.3961 21.185 14.2404 13.8335 13.6682 17.5333 17.1404 13.3722 16.5273 14.3579 12.7814 12.5254 14.9416 12.5232
threshold=1.0000000180025095e-35 228.16399999999999 26.898271548383306 -0.74401944583650204 34.725516097409674 1.0000000180025095e-35 5.7511827200153478 3.6538156651549514 -0.64258226201505397 1.0000000180025095e-35 0.18281800794588679 2.4528358824632348 75.322059247495844 0.3816526610644258 0.43096661283940313 17.577155007420462 1.5000000000000002 36.879151413940853 19.717961285740056 96.873780358161767 0.85960591133004927 10.134990141115194 -2.1649112672373536 32.879095926063741 0.54259999999999997 2.5000000000000004 54.704308531439388 62.628507673170454 0.78343588916534257 2.1412663785055761
decision_type=2 2 2 10 2 2 2 2 8 2 10 2 2 2 10 2 2 2 2 2 2 2 10 2 2 2 2 2 10 8
left_child=1 4 7 -4 5 9 16 12 -9 10 11 -1 13 -3 -13 -11 17 18 -2 23 21 22 -12 25 -25 -8 -5 28 -15 -10
right_child=6 2 3 26 -6 -7 19 8 29 15 20 14 -14 27 -16 -17 -18 -19 -20 -21 -22 -23 -24 24 -26 -27 -28 -29 -30 -31
leaf_value=-0.013171086508589107 0.007996882581497132 -0.04752018717682046 0.045380395970174243 0.0077765509152405822 0.018636936443961329 0.02666080420078229 0.00079205851895467231 0.026112811263495433 0.0098715252414181397 0.016483297600220381 -0.075961017322895882 0.0075917448353398148 0.019617619966559759 -0.011138447560175763 -0.012814768967172591 -0.014593923073666899 0.021972244515826432 -0.030332825900031592 -0.028747774024183555 -0.019399799215982016 -0.0044605312575767856 0.0040304005146026617 -0.019942416224835648 -0.0043587364463342562 0.048759047840576386 -0.040902438296914284 -0.018015194620143195 0.021620420313307218 -0.042641057675847638 -0.0070981209057772434
leaf_weight=209 1126 33 28 226 135 62 1231 48 136 220 22 947 39 1079 101 46 158 39 27 87 1166 34 36 27 32 21 61 28 39 542
leaf_count=209 1126 33 28 226 135 62 1231 48 136 220 22 947 39 1079 101 46 158 39 27 87 1166 34 36 27 32 21 61 28 39 542
internal_value=1.7262e-11 -0.00198355 -0.00584378 0.00612452 0.000944688 0.00010457 0.00378014 -0.00778309 -0.00172347 -0.000487478 -0.00171399 0.00249987 -0.011395 -0.0124208 0.00562509 0.011109 0.00779032 0.0059105 0.00713643 -9.23505e-05 -0.0059245 -0.0244786 -0.0411909 0.00118892 0.0244509 9.27099e-05 0.00229468 -0.0114101 -0.0122374 -0.00369418
internal_weight=7985 5237 2259 315 2978 2843 2748 1944 726 2781 2515 1257 1218 1179 1048 266 1350 1192 1153 1398 1258 92 58 1311 59 1252 287 1146 1118 678
internal_count=7985 5237 2259 315 2978 2843 2748 1944 726 2781 2515 1257 1218 1179 1048 266 1350 1192 1153 1398 1258 92 58 1311 59 1252 287 1146 1118 678
is_linear=0
shrinkage=0.05


Tree=71
num_leaves=31
num_cat=0
split_feature=356 7 59 12 332 87 246 44 95 6 237 21 34 59 76 87 78 41 24 76 26 23 176 108 27 19 108 107 32 44
split_gain=21.6139 21.3702 18.9279 17.0963 15.9969 15.9792 16.1364 15.9322 15.8018 20.5573 14.6414 16.0523 19.844 17.0857 14.1005 21.6544 13.5997 14.8584 13.259 13.1743 17.0853 14.0504 13.2315 13.1907 13.1235 23.1054 21.1881 12.8027 12.7929 12.7841
threshold=1.0000000180025095e-35 228.16399999999999 26.898271548383306 -0.74401944583650204 1.0000000180025095e-35 34.725516097409674 1.0000000180025095e-35 2.3999141369715984 72.779821192692523 429.79450000000026 1.0000000180025095e-35 -1.7142372772483483 1.0884008548723463 12.161186834938841 22.344725488882528 17.923187062956707 96.873780358161767 -0.66499999999999992 6.1757470236226544 14.313574806813479 2.967880486106083 -2.5334819468360599 1.5000000000000002 9.5000000000000018 1.5319111929269862 10.04385199640693 2.5000000000000004 3.5000000000000004 16.016439903363274 16.402590041717428
decision_type=2 2 2 10 2 2 2 2 2 2 2 10 2 2 2 2 2 2 10 2 2 10 2 2 2 10 2 2 2 2
left_child=1 5 4 -4 8 6 10 -2 9 29 11 12 14 -14 15 -1 19 -18 -15 20 22 27 23 -9 25 26 -6 -21 -28 -3
right_child=7 2 3 -5 24 -7 -8 16 -10 -11 -12 -13 13 18 -16 -17 17 -19 -20 21 -22 -23 -24 -25 -26 -27 28 -29 -30 -31
leaf_value=-0.051179176094857129 0.017216814843114072 -0.010314475325509167 0.043111376863505163 0.0021799474967585208 -0.037588838522788139 0.017705089589020378 0.025327763973449869 0.00057520749960264679 0.011430035073023577 -0.028450847106916335 -0.036436761622982365 0.013434633477780226 -0.0028212949305684684 0.010545187047069211 -0.06127748762567839 0.013260567467659712 -0.031765915776185434 0.0094865475515169759 -0.0071996595368654564 -0.011705719014045169 -0.022670436474893776 0.019809966261084708 0.016020575976634231 0.028926045336716236 -0.0043573141896351584 0.057985256350366401 0.028839313739233399 0.014831293196502058 -0.017857583984732629 0.019977436866611242
leaf_weight=22 199 1072 28 287 24 135 62 1772 78 161 28 203 1850 491 21 32 58 35 134 94 70 225 165 42 474 24 55 88 20 36
leaf_count=22 199 1072 28 287 24 135 62 1772 78 161 28 203 1850 491 21 32 58 35 134 94 70 225 165 42 474 24 55 88 20 36
internal_value=2.63389e-11 -0.00188437 -0.00555159 0.0058183 -0.00739394 0.000897453 9.93417e-05 0.00359113 -0.0104135 -0.0117561 -0.000463104 -9.72261e-05 -0.00117447 -0.000406652 -0.0265124 -0.0129927 0.00252738 -0.0162408 0.00674069 0.00323806 0.00160597 0.0114547 0.00246466 0.00123162 -0.000580975 0.0139717 0.0033018 0.00112536 0.0163868 -0.00933026
internal_weight=7985 5237 2259 315 1944 2978 2843 2748 1347 1269 2781 2753 2550 2475 75 54 2549 93 625 2456 2049 407 1979 1814 597 123 99 182 75 1108
internal_count=7985 5237 2259 315 1944 2978 2843 2748 1347 1269 2781 2753 2550 2475 75 54 2549 93 625 2456 2049 407 1979 1814 597 123 99 182 75 1108
is_linear=0
shrinkage=0.05


Tree=72
num_leaves=31
num_cat=0
split_feature=28 64 180 12 172 105 13 322 0 61 11 96 246 25 130 32 76 97 32 38 58 44 141 383 11 61 97 71 377 11
split_gain=20.1439 22.8416 21.7087 18.3809 21.5206 17.348 17.1114 19.6523 17.8596 24.1305 19.9518 16.5252 16.4983 16.3944 16.0221 14.8499 21.0898 14.596 22.8213 17.823 14.3102 14.1532 23.2341 13.6641 17.6091 19.1914 17.159 15.9266 15.9003 21.4387
threshold=638.9205137489588 4.8678787182079111 1.0000000180025095e-35 -0.24700368076862625 1.0000000180025095e-35 0.9298029556650248 0.25919723416760287 1.0000000180025095e-35 10.585185657596375 25.965350787774941 0.027341796649473647 14.548167090940209 1.0000000180025095e-35 0.66875806776902902 0.3203000000000002 4.2169790350883387 29.48867371838163 0.45822530864197547 8.9745637033788785 3.7556031788613833 33.645242919853153 19.103115344144964 1.5000000000000002 1.0000000180025095e-35 0.29646924095967347 46.747191965540246 9.2953136810279702 5.7117054376828298 1.0000000180025095e-35 0.29402827088673661
decision_type=2 2 2 10 2 2 8 2 2 2 8 2 2 8 2 2 2 2 2 2 2 2 2 2 10 2 2 2 2 10
left_child=3 11 -3 4 6 14 -1 8 10 12 -8 23 -10 -5 -6 16 -12 18 19 -17 -15 -19 -23 27 -25 -26 -27 28 29 -2
right_child=1 2 -4 13 5 -7 7 -9 9 -11 15 -13 -14 20 -16 17 -18 21 -20 -21 -22 22 -24 24 25 26 -28 -29 -30 -31
leaf_value=0.034650500165298581 -0.0047316207323314218 0.0031368944422408918 -0.044339229702949526 -0.015543525985742771 0.01700717685985596 -0.036125886083270116 0.021923596571044379 -0.0064416124807017893 0.0054664847551440989 0.034552309993358163 0.0072455372324168963 -0.035510385521047287 0.024715790680361793 0.0018916345947045125 -0.0054788321818700723 0.0033726366725611405 -0.027700251278777916 -0.0040084824704594742 0.025439138840440485 -0.023555431242233943 -0.021265498094113641 -0.063421775799037683 -0.00044191355555085466 0.040420127240940934 -0.047005793487741837 0.044497523727742114 -0.0060404010877852712 -0.023597127597824466 -0.013288715783786029 0.042491234050077556
leaf_weight=44 82 653 25 278 88 42 123 464 1088 88 1064 64 124 546 794 503 45 929 105 70 76 27 32 28 21 22 71 205 250 34
leaf_count=44 82 653 25 278 88 42 123 464 1088 88 1064 64 124 546 794 503 45 929 105 70 76 27 32 28 21 22 71 205 250 34
internal_value=5.05308e-12 -0.00532022 0.0013863 0.00118544 0.00224607 -0.00473036 0.00361585 0.00332295 0.00440221 0.00927146 0.00221794 -0.0111722 0.00743589 -0.00544938 -0.00323533 0.0013445 0.00582754 -0.0016397 0.00400983 8.29949e-05 -0.000937854 -0.00551661 -0.0292632 -0.0089876 0.00489239 -0.00383372 0.00591481 -0.0124394 -0.00618981 0.00910956
internal_weight=7985 1455 678 6530 5630 924 4706 4662 4198 1300 2898 777 1212 900 882 2775 1109 1666 678 573 622 988 59 713 142 114 93 571 366 116
internal_count=7985 1455 678 6530 5630 924 4706 4662 4198 1300 2898 777 1212 900 882 2775 1109 1666 678 573 622 988 59 713 142 114 93 571 366 116
is_linear=0
shrinkage=0.05


Tree=73
num_leaves=31
num_cat=0
split_feature=70 57 122 55 237 314 53 97 104 104 3 44 76 87 71 264 93 13 12 87 78 349 102 93 75 99 24 94 26 43
split_gain=19.2416 18.8187 17.1734 19.935 19.8714 18.1205 20.148 25.3909 20.8081 19.6732 17.1509 15.919 16.4273 17.3727 16.1223 16.7682 16.6218 15.4907 14.9512 14.7284 14.5565 13.5082 12.4772 12.1755 11.6652 11.6579 12.6173 10.881 10.767 12.2764
threshold=11.607076043296823 70.555789115771503 16.500000000000004 20.059764388526187 1.0000000180025095e-35 1.0000000180025095e-35 1.0000000180025095e-35 9.2279174686594896 3.7577116402116406 3.2654898116654074 -4.7734837962962962 2.9502254586925933 16.830733969694943 22.264000109814898 10.424961175425283 1.0000000180025095e-35 27.691638715288374 0.28873548413983424 -0.06161308777475042 17.698118534459805 19.82734783703593 1.0000000180025095e-35 -1.0000000180025095e-35 24.382912978992447 53.373718884721441 2.2258073638405995 7.9149673299568652 9.908908744362213 3.0083797219203912 15.765316521472831
decision_type=2 2 2 2 2 2 2 2 2 2 2 2 2 2 2 2 2 10 8 2 2 2 2 2 2 2 8 2 2 2
left_child=1 2 3 4 5 6 11 20 17 21 -5 12 19 -14 15 18 -16 -9 24 -1 27 25 -19 -4 -13 -7 -27 -8 -24 -30
right_child=-2 -3 23 10 -6 9 7 8 -10 -11 -12 14 13 -15 16 -17 -18 22 -20 -21 -22 -23 28 -25 -26 26 -28 -29 29 -31
leaf_value=0.006211473175692356 -0.010759101376361864 -0.0090649916747748329 0.048400526400655508 -0.0049624164996203042 -0.028163623351505712 -0.0042849860872884674 0.022449872205952105 -0.013659238867135718 0.044017612969037147 0.02521767831827414 -0.052219091262668375 -0.0029893625900481446 0.0011823213856780169 -0.057874364256858823 0.0041913581500673987 -0.030491759418918376 0.040424131091151921 0.016522562440206327 -0.026360719947313722 0.039351920911243982 0.036232348480904154 0.0027320358901009585 0.0023522887435750836 0.007462240312071074 0.016412451697720421 -0.022974165356826299 -0.0007628249656920741 0.0026239348202943807 -0.0063924761069938541 0.042713972202369145
leaf_weight=796 395 476 32 48 57 574 142 125 32 56 32 1779 33 20 331 57 35 194 66 35 87 386 1578 42 81 215 91 135 20 35
leaf_count=796 395 476 32 48 57 574 142 125 32 56 32 1779 33 20 331 57 35 194 66 35 87 386 1578 42 81 215 91 135 20 35
internal_value=9.03116e-12 0.000559927 0.00120393 0.000952067 0.00123732 0.00148009 0.00272689 0.00625209 0.00402499 -0.00378343 -0.0238651 0.000166674 0.00588595 -0.0211032 -0.00198566 -0.00376526 0.00765624 0.00336938 -0.00297429 0.00760728 0.018391 -0.00506625 0.00453444 0.0251653 -0.00214444 -0.00848687 -0.0163688 0.0127874 0.00311026 0.0248571
internal_weight=7985 7590 7114 7040 6960 6903 5581 2348 1984 1322 80 3233 884 53 2349 1983 366 1952 1926 831 364 1266 1827 74 1860 880 306 277 1633 55
internal_count=7985 7590 7114 7040 6960 6903 5581 2348 1984 1322 80 3233 884 53 2349 1983 366 1952 1926 831 364 1266 1827 74 1860 880 306 277 1633 55
is_linear=0
shrinkage=0.05


Tree=74
num_leaves=31
num_cat=0
split_feature=356 8 75 180 14 27 87 20 95 246 19 51 378 59 97 67 14 47 90 98 30 21 34 76 61 21 131 23 24 376
split_gain=18.3624 17.3343 19.9285 19.9035 17.2454 20.9859 15.2688 14.6158 14.5701 14.4131 14.2736 13.2091 13.1815 12.263 13.9091 13.2287 12.4205 19.558 11.8994 19.2448 18.8423 11.5639 17.4811 14.1875 14.434 13.0689 14.2603 12.8241 15.3877 13.8791
threshold=1.0000000180025095e-35 243.00920700100002 12.705485193856278 1.0000000180025095e-35 0.18070730201144367 1.8842049218416668 35.294997174945088 2.6048910604917634 0.68541666666666701 1.0000000180025095e-35 10.441424132491798 10.07070900622057 1.0000000180025095e-35 26.500192993235931 39.762225391538756 13.120575591125323 0.78343588916534257 20.548508345236858 31.284765639148471 9.9799360670194019 12.852342180583124 -1.7142372772483483 1.6374460628222001 22.344725488882528 20.121687368140424 -1.793931172685044 5.7807000000000004 -2.2205279487102283 6.1757470236226544 1.0000000180025095e-35
decision_type=2 2 2 2 8 2 2 10 2 2 10 2 2 2 2 2 10 2 2 2 2 10 2 2 2 8 2 10 10 2
left_child=1 6 4 13 5 -3 7 9 -7 21 11 18 -13 14 16 -15 17 -4 -2 20 -20 22 23 24 25 -1 -27 28 -24 -29
right_child=10 2 3 -5 -6 8 -8 -9 -10 -11 -12 12 -14 15 -16 -17 -18 -19 19 -21 -22 -23 27 -25 -26 26 -28 29 -30 -31
leaf_value=-0.0013563506657448716 0.0025720704195091064 0.025410761741148508 -0.0029716383346877246 -0.028941524430638989 -0.022894452825797152 -0.0053670772330291537 0.017306992961303856 -0.041582559581313822 -0.034582316169577937 0.024530411106534304 0.015376924636773766 0.05062210182100535 0.0099475868789916308 0.027809955410436911 -0.024341913349671316 0.0022487260324763505 -0.031680681605768556 0.020020526466835845 -0.0077423309120033881 -0.020632550234060749 0.040402654660565245 0.011192476238612449 0.0098240324805537772 -0.051619338251363778 0.016619421415688361 -0.010994949499145151 -0.069330311318944127 0.0013414113061645857 -0.0061791660281819514 -0.0077970971239911457
leaf_weight=39 2166 47 1098 67 251 238 133 21 52 60 225 25 98 67 73 207 34 101 59 144 31 205 534 26 34 20 22 975 209 724
leaf_count=39 2166 47 1098 67 251 238 133 21 52 60 225 25 98 67 73 207 34 101 59 144 31 205 534 26 34 20 22 975 209 724
internal_value=7.86551e-12 -0.00173686 -0.00507072 -0.00224968 -0.0129725 -0.00558261 0.000745216 -2.25487e-05 -0.0106057 0.000283898 0.00331002 0.0022339 0.0182148 -0.00111781 -0.00313544 0.0084991 -0.00187991 -0.00103485 0.00141488 -0.00929659 0.00884094 -0.000237906 -0.00114508 -0.0182632 -0.0107218 -0.0221983 -0.0415516 -0.000156689 0.00532246 -0.00255281
internal_weight=7985 5237 2235 1647 588 337 3002 2869 290 2848 2748 2523 123 1580 1306 274 1233 1199 2400 234 90 2788 2583 141 115 81 42 2442 743 1699
internal_count=7985 5237 2235 1647 588 337 3002 2869 290 2848 2748 2523 123 1580 1306 274 1233 1199 2400 234 90 2788 2583 141 115 81 42 2442 743 1699
is_linear=0
shrinkage=0.05


Tree=75
num_leaves=31
num_cat=0
split_feature=70 57 122 55 237 215 247 11 3 314 53 97 104 104 44 78 267 5 71 35 264 13 79 292 100 76 45 87 7 58
split_gain=17.1415 16.9821 19.6024 18.6202 17.7034 15.8475 16.223 15.9819 15.7975 15.2107 21.8788 20.9282 18.9189 18.7651 15.9641 15.2705 15.1284 19.1996 15.1047 16.4772 15.2335 14.845 14.5193 14.515 13.5905 12.6014 22.0349 13.7153 12.319 13.8973
threshold=11.607076043296823 90.439882553946902 16.500000000000004 20.059764388526187 1.0000000180025095e-35 7.5000000000000009 1.0000000180025095e-35 0.33089306685652869 -4.7734837962962962 1.0000000180025095e-35 4.1959919624070894 8.9864994331065784 3.362464569160998 3.2654898116654074 3.3738141671645372 19.336695379928141 1.0000000180025095e-35 14.884444444444446 10.424961175425283 5.4781934908706802 1.0000000180025095e-35 0.28873548413983424 59.337201949811778 1.0000000180025095e-35 0.83831597222222254 16.830733969694943 2.4991730469862321 17.698118534459805 375.78150000000022 24.188343159539951
decision_type=2 2 2 2 2 2 2 8 2 2 2 2 2 2 2 2 2 2 2 2 2 10 2 2 2 2 2 2 2 2
left_child=1 2 3 4 5 6 9 -7 -5 10 14 15 21 16 24 -12 -11 -18 20 28 23 -13 -23 -16 25 27 -27 -1 29 -20
right_child=-2 -3 -4 8 -6 7 -8 -9 -10 13 11 12 -14 -15 18 -17 17 -19 19 -21 -22 22 -24 -25 -26 26 -28 -29 -30 -31
leaf_value=0.0057100524881968763 -0.010154997955755732 -0.012393923968406077 0.022727805299355704 -0.0045657709514974462 -0.026827904961088247 -0.0079993599028780303 0.033182332506403331 -0.0562524442813645 -0.049111974962493955 -0.0032816182152040334 0.011630208179242601 -0.012608136376190959 0.038688660756899765 0.024538555499493034 -0.004683877656577142 0.03672443531125922 -0.057180012551446759 -0.0083247926101454942 0.011747855931988212 0.039827012456953526 -0.032464903333069138 0.0039771753968533474 0.032429049334124375 0.02320186511691039 -0.017455895565477993 -0.038799478192455494 0.024727580341554825 0.032286361513166308 -0.033818309009075169 -0.014684353032498621
leaf_weight=1009 395 246 102 48 57 78 40 22 34 1194 241 133 39 57 1678 81 30 61 223 34 48 1778 46 48 67 39 21 51 21 64
leaf_count=1009 395 246 102 48 57 78 40 22 34 1194 241 133 39 57 1678 81 30 61 223 34 48 1778 46 48 67 39 21 51 21 64
internal_value=-6.46207e-12 0.000528488 0.000961347 0.000654777 0.000926097 0.00114882 0.00143104 -0.018615 -0.0230361 0.00124864 0.0023905 0.00611419 0.00420598 -0.0035341 -0.000222726 0.0179427 -0.00477935 -0.0244309 -0.00282621 0.00679505 -0.00468104 0.00351879 0.00469471 -0.00390838 0.00441837 0.00572692 -0.016565 0.00698872 0.00314866 0.00585357
internal_weight=7985 7590 7344 7242 7160 7103 7003 100 82 6963 5621 2318 1996 1342 3303 322 1285 91 2116 342 1774 1957 1824 1726 1187 1120 60 1060 308 287
internal_count=7985 7590 7344 7242 7160 7103 7003 100 82 6963 5621 2318 1996 1342 3303 322 1285 91 2116 342 1774 1957 1824 1726 1187 1120 60 1060 308 287
is_linear=0
shrinkage=0.05


Tree=76
num_leaves=31
num_cat=0
split_feature=356 144 28 378 0 215 66 383 4 5 92 104 21 77 59 58 11 14 2 19 4 0 60 183 77 19 55 59 51 19
split_gain=16.2567 15.9521 16.915 16.6224 19.9866 14.4972 14.2253 17.2698 21.5578 16.3589 18.6069 15.8462 14.2981 14.0784 17.1906 14.1201 13.8622 20.1811 13.6906 13.4285 13.226 12.2494 11.8955 11.6077 11.893 11.597 19.326 11.4426 11.2511 11.473
threshold=1.0000000180025095e-35 1.0000000180025095e-35 427.95680650520717 1.0000000180025095e-35 8.2564920713655852 4.5000000000000009 5.6182655752357471 1.0000000180025095e-35 0.33912291085640034 11.254032258064518 39.032280195949987 1.5860745254892084 -1.9830891780274686 37.533905513208836 33.758595485426859 60.178530489742464 0.379571640326409 0.34480331997390273 1.0668752362055935 9.4903954539663271 0.24254902207191634 11.292059229965025 31.933570594744836 1.0000000180025095e-35 1.0000000180025095e-35 10.168707995395639 5.1000446670203816 6.0711935876477465 15.452625687530986 9.8808889825396609
decision_type=2 2 2 2 2 2 2 2 2 2 2 2 8 2 2 2 8 10 2 10 2 2 2 2 2 10 2 2 2 10
left_child=1 2 3 5 -5 13 9 11 -9 12 22 19 -4 14 15 23 17 -6 28 -8 -7 -18 -11 24 -1 26 -21 -22 29 -2
right_child=18 -3 6 4 16 20 7 8 -10 10 -12 -13 -14 -15 -16 -17 21 -19 -20 25 27 -23 -24 -25 -26 -27 -28 -29 -30 -31
leaf_value=0.00054187223170263428 -0.0039032106244560744 -0.023790223891846835 -0.001673761994726437 0.014362421947159101 -0.00043842372103055109 0.0010415611389346356 0.023939906731795739 0.005803409921745324 0.058896671658889815 -0.037637910597826826 0.019098059070252239 0.0088737475634035144 -0.026175314277308445 -0.041578548756383719 0.043524585376408971 -0.041704004612706957 0.0055041146411479811 -0.051328742988407616 0.029583242036945498 -0.0074537931428487461 -0.052541817834272114 0.034720513617619873 0.00089635709300637254 0.013231918168529658 -0.010240647839982388 -0.00010520035603774651 -0.028932131759145042 -0.014945309359580279 0.034758546755269723 0.0040439035317332587
leaf_weight=1228 580 80 323 409 751 57 34 146 22 121 21 189 73 21 22 21 127 20 48 507 34 50 24 142 323 310 132 50 27 2093
leaf_count=1228 580 80 323 409 751 57 34 146 22 121 21 189 73 21 22 21 127 20 48 507 34 50 24 142 323 310 132 50 27 2093
internal_value=2.06619e-12 -0.00163424 -0.00129053 0.000898421 0.00512413 -0.00212281 -0.00503662 -0.00223627 0.0127561 -0.0117136 -0.0248892 -0.00438535 -0.00619046 -0.000884901 -0.000392639 -0.000956337 0.00113841 -0.00175854 0.00311445 -0.00693466 -0.0175484 0.0137573 -0.0312598 -0.000450902 -0.00170362 -0.00804081 -0.0118906 -0.0301629 0.00264389 0.0023195
internal_weight=7985 5237 5157 3255 1357 1898 1902 1340 168 562 166 1172 396 1757 1736 1714 948 771 2748 983 141 177 145 1693 1551 949 639 84 2700 2673
internal_count=7985 5237 5157 3255 1357 1898 1902 1340 168 562 166 1172 396 1757 1736 1714 948 771 2748 983 141 177 145 1693 1551 949 639 84 2700 2673
is_linear=0
shrinkage=0.05


Tree=77
num_leaves=31
num_cat=0
split_feature=19 24 27 140 17 104 31 9 20 94 36 64 101 67 97 105 49 147 48 58 40 19 62 260 25 45 43 27 59 13
split_gain=15.2153 14.8753 24.7958 19.6239 15.3313 15.6232 15.1496 14.9199 14.1668 13.8725 13.2843 12.9709 15.8308 13.1518 14.6862 16.04 13.3501 13.2834 16.4629 11.866 13.0072 13.7431 11.4772 11.1986 14.3268 11.08 11.0108 11.0012 18.0999 11.6226
threshold=10.306134334404211 6.015792161105753 6.9699847774111806e-06 1.0000000180025095e-35 1.0461647727272729 -6.8670122275328334 3.823180199310344 10.500000000000002 2.0618144246328649 16.334203047191519 12.731431502372635 4.7262512531791581 21.105224774722313 6.5758191852127474 0.19168249244142146 0.9298029556650248 4.9009261787682972 1.5000000000000002 11.532707939230976 38.586897129049355 3.6106473118776479 10.107715467046431 65.684093821235038 1.0000000180025095e-35 0.38057185825961543 4.975766886146479 20.60497820618976 2.5213160663856864 22.798035232455785 0.5071563179871682
decision_type=10 10 2 2 2 2 2 2 10 2 2 2 2 2 2 2 2 2 2 2 2 8 2 2 10 2 2 2 2 10
left_child=1 6 9 4 -4 -6 -1 -8 -5 -3 23 13 19 16 26 -16 17 18 22 -13 21 -21 -9 -2 -25 -19 -15 28 -7 -29
right_child=10 2 3 8 5 27 7 11 -10 -11 -12 12 -14 14 15 -17 -18 25 -20 20 -22 -23 -24 24 -26 -27 -28 29 -30 -31
leaf_value=-0.020583360058715545 0.0055398587370579918 0.053276368283799717 -0.030499017623293663 -0.023494910355657341 0.026603298652917148 -0.014958858496523599 0.036127935644472024 0.00057393672575670022 0.012131567126798973 0.0020332062467932704 -0.036590248756110666 0.0038439314976187397 -0.032859631086914587 6.9245579383200127e-05 -0.0064908158483608022 -0.030483232191370731 0.011988682677791036 0.0059516735512335772 -0.023614677438775128 0.044222225230335005 0.006687252704956583 -0.0016806278525936334 -0.037586160637438304 0.0034331771148804653 -0.028166886072220478 0.042662040889263154 0.026458120238764777 -0.0041387113100350426 0.0027169442705407337 0.028095711330915318
leaf_weight=83 1702 28 69 32 35 667 30 1332 218 25 20 772 26 281 731 77 269 61 78 63 118 22 20 94 58 31 46 783 185 29
leaf_count=83 1702 28 69 32 35 667 30 1332 218 25 20 772 26 281 731 77 269 61 78 63 118 22 20 94 58 31 46 783 185 29
internal_value=-2.14969e-11 -0.00120865 -0.00465411 -0.00554075 -0.00739484 -0.00645653 0.000557572 0.00100101 0.00757138 0.0291051 0.00394134 0.000732664 0.00564564 -0.000948092 -0.005159 -0.00877722 0.00172046 -9.43554e-05 -0.00127915 0.00667245 0.0174292 0.0323415 9.43824e-06 0.00437858 -0.00862474 0.0183215 0.00378144 -0.0071519 -0.0111208 -0.00298748
internal_weight=7985 6111 2071 2018 1768 1699 4040 3957 250 53 1874 3927 1001 2926 1135 808 1791 1522 1430 975 203 85 1352 1854 152 92 327 1664 852 812
internal_count=7985 6111 2071 2018 1768 1699 4040 3957 250 53 1874 3927 1001 2926 1135 808 1791 1522 1430 975 203 85 1352 1854 152 92 327 1664 852 812
is_linear=0
shrinkage=0.05


Tree=78
num_leaves=31
num_cat=0
split_feature=70 102 303 96 84 7 46 88 13 99 55 88 14 61 59 105 61 17 107 20 41 59 67 111 4 184 20 97 77 131
split_gain=14.4767 15.4393 14.1944 17.2981 18.8134 21.0219 20.07 15.9737 13.4161 12.9897 16.1738 15.1062 12.5286 12.0847 11.9916 11.627 16.7791 10.154 11.4911 12.0823 10.7462 9.90384 11.7676 11.2166 9.7839 9.77416 11.7629 11.9165 14.5728 16.9562
threshold=11.607076043296823 40.068718362557576 1.0000000180025095e-35 7.0717182436093093 27.612763416467114 436.25050000000027 156.17495596013805 10.059327159894208 0.085435366161608017 2.1446210661465903 5.1000446670203816 19.412099272659827 0.38561484522017336 24.361476604179231 19.27113976602568 0.057189542483660136 61.648307396642757 1.4301948051948055 1.0000000180025095e-35 2.2591829744367531 -3.3949999999999991 25.225517808830826 20.022089602025364 1.0000000180025095e-35 0.61261056683363513 1.0000000180025095e-35 2.6468991038841181 0.089525747862914576 23.329244652372576 84.017600000000058
decision_type=2 2 2 2 2 2 2 2 8 2 2 2 10 2 2 2 2 2 2 8 2 2 2 2 2 2 10 2 2 2
left_child=1 2 7 4 5 9 -6 8 -1 -4 11 -11 17 -7 -5 16 -14 18 24 -20 -19 23 -23 -2 -9 26 27 28 29 -10
right_child=21 -3 3 14 6 13 -8 12 25 10 -12 -13 15 -15 -16 -17 -18 20 19 -21 -22 22 -24 -25 -26 -27 -28 -29 -30 -31
leaf_value=-0.0089819114304963404 -0.0060989054771581376 -0.028082740128515884 0.011240025918075183 0.0090338843808110275 -0.038923306860636143 0.016758718751370909 0.0045971840002533536 -0.016978348341230413 0.0053869422550934555 0.0091493621551807947 -0.037582706107661644 -0.029169595584032999 -0.043859936646185815 0.071065627286831537 -0.038508971120851741 0.013918605662150191 0.011826533211335061 -0.02661648025775018 0.010871807628464472 -0.01903324627270133 -0.0026276244101656309 0.0339039402651704 -0.012777723096035146 -0.025363978360721892 -0.053961034808307884 0.014776246722337176 -0.022711248490183304 5.9707697540066762e-06 -0.031133769495555987 0.031770711525314257
leaf_weight=278 228 47 704 21 43 20 69 169 1256 151 29 31 24 21 36 173 31 48 79 59 1704 27 27 113 20 153 48 2286 26 64
leaf_count=278 228 47 704 21 43 20 69 169 1256 151 29 31 24 21 36 173 31 48 79 59 1704 27 27 113 20 153 48 2286 26 64
internal_value=-1.98701e-11 0.000485675 0.000663683 0.00584429 0.00727662 0.00954804 -0.0121116 -0.000244416 0.00162422 0.00797855 -0.00290333 0.00262251 -0.00357426 0.0445745 -0.0209932 0.00755221 -0.012473 -0.00479447 -0.0128827 -0.00191369 -0.00328485 -0.00933233 0.0105631 -0.0124829 -0.0208919 0.00239346 0.00187863 0.00220361 0.00593599 0.00666616
internal_weight=7985 7590 7543 1125 1068 956 112 6418 4111 915 211 182 2307 41 57 228 55 2079 327 138 1752 395 54 341 189 3833 3680 3632 1346 1320
internal_count=7985 7590 7543 1125 1068 956 112 6418 4111 915 211 182 2307 41 57 228 55 2079 327 138 1752 395 54 341 189 3833 3680 3632 1346 1320
is_linear=0
shrinkage=0.05


Tree=79
num_leaves=31
num_cat=0
split_feature=356 55 144 75 27 20 37 100 58 176 62 57 59 24 41 23 5 14 52 94 43 87 48 75 44 51 12 59 100 25
split_gain=13.5345 14.1773 14.5905 14.3594 19.4441 18.2906 17.7306 21.6427 14.4767 13.0504 12.606 20.1793 13.6741 12.5526 11.8263 11.4827 11.8558 23.6022 11.1441 16.0247 11.0623 10.8758 10.7425 10.7408 10.8043 10.3347 10.2516 9.59169 9.54095 10.3615
threshold=1.0000000180025095e-35 5.1000446670203816 1.0000000180025095e-35 12.578498813431359 1.2582032200048605 2.1549666949261237 2.2100467904351464 -0.20046359284454493 6.3382954032187078 2.5000000000000004 11.938452408796641 77.56001252152771 12.230209888262836 5.0314026592676777 -2.0487662337662327 -2.2376864655443915 10.50757575757576 0.34681322704859907 64.942917846533575 19.711756909428491 5.9539386189258314 17.221813941063854 5.6550186280688211 17.84075677854414 2.5749401429579222 15.452625687530986 -0.33067399615291343 26.067512127427623 -1.3831110189714075 -0.15263483967455752
decision_type=2 2 2 2 2 10 2 2 2 2 2 2 2 8 2 8 2 10 2 2 2 2 2 2 2 2 10 2 2 10
left_child=1 2 3 6 5 18 -1 21 -9 20 11 12 14 -10 -6 27 17 -17 19 -5 -2 -8 -15 -12 -25 28 -16 -3 -22 -30
right_child=9 15 -4 4 10 -7 7 8 13 -11 23 -13 -14 22 26 16 -18 -19 -20 -21 25 -23 -24 24 -26 -27 -28 -29 29 -31
leaf_value=-3.1669745871246362e-05 0.015195789878625521 -0.021944186200259234 -0.022237377734180833 0.0078900861341485769 -0.022354654461378232 0.0453052830450782 -0.023262061826311627 -0.04029035722448801 0.034263948330190031 0.021050516675397951 0.009619511597064194 -0.037107004570188347 0.014054913821317195 -0.0098408144726632712 -0.0011146985859183283 -0.0047803746139160712 0.0023946306941096166 -0.055584104192154163 -0.013252377000947793 0.043588436385126494 0.0068869972664876572 -0.064650967433339077 0.0075617889418324417 -0.028118607451518382 -0.0031136456945117705 0.031062819301311315 0.016125914039598271 0.0052540394190985426 -0.0082345611599350509 0.0011526510945789705
leaf_weight=1394 154 192 76 182 48 41 65 30 20 95 163 27 366 412 300 108 282 29 45 38 544 21 113 45 1080 29 121 39 362 1564
leaf_count=1394 154 192 76 182 48 41 65 30 20 95 163 27 366 412 300 108 282 29 45 38 544 21 113 45 1080 29 121 39 362 1564
internal_value=6.26562e-12 -0.00149115 -0.000511843 -0.000145818 0.00243462 0.0142272 -0.00322979 -0.00997439 -0.00647542 0.00284175 0.000756241 0.00543621 0.00681186 -0.00461404 0.00115949 -0.00840202 -0.00346762 -0.0155344 0.00941887 0.0140562 0.00218972 -0.0333687 -0.00609511 -0.00237585 -0.00411384 0.00138823 0.00384044 -0.0173523 0.00103982 -0.000611716
internal_weight=7985 5237 4587 4511 2456 306 2055 661 575 2748 2150 862 835 545 469 650 419 137 265 220 2653 86 525 1288 1125 2499 421 231 2470 1926
internal_count=7985 5237 4587 4511 2456 306 2055 661 575 2748 2150 862 835 545 469 650 419 137 265 220 2653 86 525 1288 1125 2499 421 231 2470 1926
is_linear=0
shrinkage=0.05


Tree=80
num_leaves=31
num_cat=0
split_feature=77 222 30 64 260 144 104 28 53 97 100 104 128 23 15 13 105 25 79 71 19 61 58 59 18 97 45 94 76 87
split_gain=13.0975 15.6868 15.1471 15.7878 20.9934 15.7183 15.9171 15.4376 15.3024 18.612 24.1072 16.9232 15.8539 17.2117 15.2081 14.6446 14.3192 13.8633 12.7532 15.864 15.0336 14.7148 12.6479 12.5535 12.3447 12.0421 11.9177 11.4793 15.0678 20.8056
threshold=37.533905513208836 1.0000000180025095e-35 4.4917203014908127 4.8678787182079111 1.0000000180025095e-35 1.0000000180025095e-35 1.5000848765432102 638.9205137489588 1.0000000180025095e-35 0.19168249244142146 -1.0174508692365827 -3.5784493386395204 11.022432105548775 -2.1520429464376818 0.36754385964912284 0.50188392135081095 0.12132352941176472 0.25117853666869466 51.676735005252773 5.7117054376828298 10.113593967918797 13.19178965571261 41.410379466327534 22.273446670645374 16.265733019506676 23.938625291992302 12.578159567086367 3.881031846650612 20.075973543713275 17.923187062956707
decision_type=2 2 2 2 2 2 2 2 2 2 2 2 2 8 2 10 2 10 2 2 10 2 2 2 10 2 2 2 2 2
left_child=1 2 27 7 5 6 14 8 9 15 -11 -10 17 -14 -5 -4 -6 25 19 20 -9 -21 24 -16 -17 -13 -2 28 29 -1
right_child=26 -3 3 4 16 -7 -8 18 11 10 -12 12 13 -15 23 22 -18 -19 -20 21 -22 -23 -24 -25 -26 -27 -28 -29 -30 -31
leaf_value=-0.0025986339472906113 -0.033605937356198275 -0.037152032580758845 -0.0023551374504834997 -0.040301170041784649 -0.03180604566770949 -0.030238013450176487 0.013928858618892266 -0.0037674151828237384 0.0194891170946975 0.0044978186681519372 -0.014148028007712768 0.00017852286475607653 -0.039230451432194974 -0.0014459430865288057 0.0010587605059477717 0.0028440326515954198 -0.0039278894839420292 0.026333920154720549 -0.0022680416917527191 -0.065847856486621115 -0.045442720617090045 -0.021653388323969781 -0.017997091043401848 0.012842594482130324 0.026449123802715271 0.0165035491861403 0.0065914665282304809 0.010194834004459342 -0.028746270964897815 0.026331069702772721
leaf_weight=341 54 28 1154 20 57 31 440 220 139 236 653 1173 48 81 1037 106 240 60 377 23 24 104 33 289 116 125 28 630 42 76
leaf_count=341 54 28 1154 20 57 31 440 220 139 236 653 1173 48 81 1037 106 240 60 377 23 24 104 33 289 116 125 28 630 42 76
internal_value=1.45817e-11 0.000206271 0.000339101 -0.000539348 0.00304593 0.0050604 0.00567308 -0.00216163 -0.000906767 -0.00353322 -0.00919817 0.00280516 0.0012456 -0.0155053 0.00297431 4.10456e-05 -0.00927824 0.00283681 -0.0087446 -0.0153259 -0.00786663 -0.0296571 0.0108849 0.00362703 0.0151782 0.00175066 -0.01988 0.00581307 -0.000201125 0.00267393
internal_weight=7985 7903 7875 6786 2114 1817 1786 4672 3924 2298 889 1626 1487 129 1346 1409 297 1358 748 371 244 127 255 1326 222 1298 82 1089 459 417
internal_count=7985 7903 7875 6786 2114 1817 1786 4672 3924 2298 889 1626 1487 129 1346 1409 297 1358 748 371 244 127 255 1326 222 1298 82 1089 459 417
is_linear=0
shrinkage=0.05


Tree=81
num_leaves=31
num_cat=0
split_feature=70 102 89 222 77 13 18 67 55 102 30 64 138 18 67 13 3 68 12 83 12 21 119 264 112 262 128 89 94 44
split_gain=12.3094 13.2026 11.7251 11.457 13.1851 12.5326 18.9211 14.6513 19.2102 15.1968 11.353 14.4146 16.7979 22.481 14.9582 15.8032 14.2421 13.7607 13.2963 13.8422 13.3489 13.8845 12.3017 11.6513 11.7667 13.5036 11.357 12.0829 10.7218 10.6204
threshold=11.607076043296823 40.068718362557576 63.532899894449436 1.0000000180025095e-35 37.533905513208836 0.50740122707597679 16.747768878979588 61.356573908285085 20.059764388526187 -1.0000000180025095e-35 4.632747831363746 4.8678787182079111 1.0000000180025095e-35 16.161171234877685 6.5758191852127474 0.39576415202829168 -3.9377430555555546 29.307052888183296 -0.28998399273539932 16.840000000000003 -0.50662922283762257 -1.9572672770887951 3.5000000000000004 1.0000000180025095e-35 1.5000000000000002 1.0000000180025095e-35 8.5272715875279008 12.977841148495411 4.5337479090254726 3.1625203512207714
decision_type=2 2 2 2 2 8 10 2 2 2 2 2 2 10 2 10 2 2 10 2 10 10 2 2 2 2 2 2 2 2
left_child=1 2 3 4 5 7 29 8 9 -1 28 14 13 -13 16 26 17 -12 19 -18 -21 -22 -17 24 25 -15 -16 -28 -11 -7
right_child=-2 -3 -4 -5 -6 6 -8 -9 -10 10 11 12 -14 23 15 22 18 -19 -20 20 21 -23 -24 -25 -26 -27 27 -29 -30 -31
leaf_value=0.0075772490896813018 -0.0086054549269566818 -0.02597025208821659 0.026058593378919692 -0.03090662818787427 -0.023588873785255211 0.014599883750699269 0.018048688489943742 0.042623687628656627 -0.028161554448459237 -0.0021259488294695975 0.0027753292720902852 0.019324815382086344 -0.010994781847496166 0.0080375822762466815 -0.0027909714694033028 -0.0094212494394213982 -0.030444970232201742 0.05674128556357963 -0.0071089329421928906 -0.020030083335029002 0.0068584611580419248 -0.0082608007934734072 -0.04042192752275503 -0.011843099678837052 -0.0053806285883876539 -0.030897463080675709 -0.00097715560542909721 0.039164323510753142 0.0099688397571398215 -0.00020835202413151799
leaf_weight=603 395 47 45 29 56 145 241 20 61 314 27 211 206 701 320 1057 32 21 621 60 869 184 33 142 273 23 38 37 440 734
leaf_count=603 395 47 45 29 56 145 241 20 61 314 27 211 206 701 320 1057 32 21 621 60 869 184 33 142 273 23 38 37 440 734
internal_value=-7.49057e-12 0.000447846 0.000612456 0.000459739 0.000581525 0.000764116 0.00563731 -0.000103194 -0.000239418 3.47687e-05 -0.000776092 -0.00166258 0.00230442 0.00433378 -0.00353365 -0.00725478 -0.000487417 0.0263854 -0.00121782 0.00197727 0.00290944 0.00421654 -0.0103598 0.00155669 0.00346519 0.0068007 0.00131351 0.018826 0.00493202 0.00223442
internal_weight=7985 7590 7543 7498 7469 7413 1120 6293 6273 6212 5609 4855 1556 1350 3299 1485 1814 48 1766 1145 1113 1053 1090 1139 997 724 395 75 754 879
internal_count=7985 7590 7543 7498 7469 7413 1120 6293 6273 6212 5609 4855 1556 1350 3299 1485 1814 48 1766 1145 1113 1053 1090 1139 997 724 395 75 754 879
is_linear=0
shrinkage=0.05


Tree=82
num_leaves=31
num_cat=0
split_feature=70 102 237 247 25 83 62 365 344 314 12 41 81 67 89 135 18 13 62 58 35 104 15 37 22 29 87 103 62 42
split_gain=11.1093 11.9153 10.983 12.6398 13.2111 13.0606 16.0568 15.5661 17.2149 15.36 14.8799 14.0101 15.1746 13.8052 13.3797 12.5768 12.5415 15.7927 12.047 11.8748 11.7978 11.5044 16.2335 11.5387 10.5265 15.833 11.1869 10.4611 10.2081 13.6829
threshold=11.607076043296823 40.068718362557576 1.0000000180025095e-35 1.0000000180025095e-35 -0.31825019441830538 16.840000000000003 5.9277595051690009 1.0000000180025095e-35 1.0000000180025095e-35 1.0000000180025095e-35 -0.3927746595346428 -0.090000000000000122 21.984158313844567 6.5758191852127474 6.4154584645210662 1.0000000180025095e-35 16.374831411032797 0.27180125292827267 9.0447334176075245 12.137560656109358 7.7097903294187953 1.5528226355841799 0.86754385964912295 4.112915239330289 2.4160149945726048 13.913849083443592 10.803072235977304 4.1776917989418001 15.659133584219559 78713.374050814469
decision_type=2 2 2 2 8 2 2 2 2 2 10 2 2 2 2 2 10 8 2 2 2 2 2 2 8 2 2 2 2 2
left_child=1 2 3 4 -1 -6 10 9 28 13 24 12 21 16 -15 -11 17 -8 -4 -18 -19 22 23 -10 25 -7 -27 -5 -9 -30
right_child=-2 -3 18 27 5 6 7 8 11 15 -12 -13 -14 14 -16 -17 19 20 -20 -21 -22 -23 -24 -25 -26 26 -28 -29 29 -31
leaf_value=-0.0067596027556547289 -0.0081751820514025762 -0.024671739404228458 0.011852209130302072 0.0034930224468310671 -0.0038510116190006607 0.0016375175424675438 0.036510954455782972 0.016312121760029618 0.048811397897079591 -0.0072275507834243611 0.013012156167764882 -0.03483175554312766 -0.041694017171504949 0.0019334220150505077 -0.0093582757912811544 -0.035185974641806554 0.017029449586110305 -0.0038282836548726865 -0.035118843952930252 0.0032377683202773986 0.025124811454097163 0.01359626344156762 -0.0073563892666785912 0.0069080074292445642 -0.011119583605974913 0.048021647914805836 0.005343890288245997 0.045987481916589398 0.0014337697070755347 0.01863611537652711
leaf_weight=567 395 47 20 30 1085 410 27 317 20 379 583 30 21 479 580 45 245 717 43 430 37 150 367 92 125 34 28 28 504 150
leaf_count=567 395 47 20 30 1085 410 27 317 20 379 583 30 21 479 580 45 245 717 43 430 37 150 367 92 125 34 28 28 504 150
internal_value=-1.25243e-11 0.000425454 0.000581833 0.00075693 0.000575235 0.00118192 0.00212833 0.00079097 0.00467587 -0.0013914 0.00733041 -0.00142517 0.000116669 9.27631e-05 -0.00425089 -0.0101948 0.00325205 -0.00106206 -0.0202074 0.00824364 -0.00240751 0.00151257 -0.00227146 0.0143908 0.00178191 0.00519862 0.0287478 0.0240076 0.00894849 0.00537926
internal_weight=7985 7590 7543 7480 7422 6855 5770 4590 1651 2939 1180 680 650 2515 1059 424 1456 781 63 675 754 629 479 112 597 472 62 58 971 654
internal_count=7985 7590 7543 7480 7422 6855 5770 4590 1651 2939 1180 680 650 2515 1059 424 1456 781 63 675 754 629 479 112 597 472 62 58 971 654
is_linear=0
shrinkage=0.05


Tree=83
num_leaves=31
num_cat=0
split_feature=318 89 147 184 119 97 100 99 59 71 92 103 71 144 11 34 58 58 27 122 2 67 5 22 3 76 61 128 76 24
split_gain=10.6377 17.1114 17.5323 16.2521 14.674 16.2865 13.597 13.1957 12.9686 11.6673 13.3231 11.5173 11.2037 13.3303 12.6933 11.8698 12.3174 13.5106 22.2473 20.6313 12.8913 12.2103 12.0467 14.0348 11.3413 11.6749 14.3031 12.982 18.7306 10.5708
threshold=1.0000000180025095e-35 11.13172950258013 3.5000000000000004 1.0000000180025095e-35 1.0000000180025095e-35 0.19168249244142146 -1.2091512345679003 0.91058976231166955 36.927132795241533 5.7117054376828298 12.996357909503702 0.08589506172839502 24.170923015785515 1.0000000180025095e-35 2.5000000000000004 1.0884008548723463 34.732299711083449 25.660512781304778 2.1031588094558802 1.5000000000000002 0.16109889576813266 27.939928510474399 10.987804878048783 2.1182541772393062 -1.0969340513983368 21.688851963629535 32.692257367820964 0.65675145276162017 4.608611554785349 5.0314026592676777
decision_type=2 2 2 2 2 2 2 2 2 2 2 2 2 2 10 2 2 2 2 2 2 2 2 10 2 2 2 2 2 10
left_child=3 2 8 4 12 -6 -7 11 9 10 -2 -3 13 15 -14 24 17 19 -19 -17 -20 -21 23 -18 -1 27 -27 -26 -29 -24
right_child=1 7 -4 -5 5 6 -8 -9 -10 -11 -12 -13 14 -15 -16 16 22 18 20 21 -22 -23 29 -25 25 26 -28 28 -30 -31
leaf_value=-0.051007677465677262 -0.014046221362110648 0.010725676062086352 0.010602811736228703 0.013085802233724212 0.0078188370920018839 0.0068305787304944361 -0.0018686229161775628 0.0056757078786362327 0.025539058165269947 -0.022900774082524351 0.0098811163715171544 -0.01634273332188298 0.01469567279641827 -0.032909570795458719 -0.021173156284052752 0.0047494671190448333 -0.055440533805925112 0.045174397795628284 0.019774292605385806 -0.0076808613397293425 -0.004969137364252081 0.01144089413382072 0.021175263100950463 -0.014028112948290074 0.028908814547153622 -0.06356975527480245 -0.0057548417345337248 -0.03880347435163068 0.011282123960554599 -0.0076622421859177843
leaf_weight=20 238 53 91 260 1027 598 1805 510 21 236 77 152 165 37 29 727 26 39 84 1011 141 91 36 96 26 20 23 35 40 271
leaf_count=20 238 53 91 260 1027 598 1805 510 21 236 77 152 165 37 29 727 26 39 84 1011 141 91 36 96 26 20 23 35 40 271
internal_value=-9.18083e-12 -0.00399607 -0.00978214 0.000833447 0.000331539 0.00254862 0.000296222 0.0013692 -0.0130252 -0.014495 -0.00819732 -0.00934456 -0.00227545 -0.00310255 0.00933384 -0.00269196 -0.00184436 -0.000262386 0.0103113 -0.00178861 0.00426841 -0.00610184 -0.0095625 -0.0228537 -0.0157263 -0.0108261 -0.0326455 -0.00153671 -0.0120912 -0.00428065
internal_weight=7985 1378 663 6607 6347 3430 2403 715 572 551 315 205 2917 2723 194 2686 2522 2093 264 1829 225 1102 429 122 164 144 43 101 75 307
internal_count=7985 1378 663 6607 6347 3430 2403 715 572 551 315 205 2917 2723 194 2686 2522 2093 264 1829 225 1102 429 122 164 144 43 101 75 307
is_linear=0
shrinkage=0.05


Tree=84
num_leaves=31
num_cat=0
split_feature=80 19 0 31 44 6 27 107 356 47 27 17 318 89 60 88 41 109 102 160 9 26 18 84 27 104 75 2 28 119
split_gain=10.5693 11.6608 11.8176 11.0989 15.449 10.4948 10.2554 14.9131 16.5066 10.084 17.7744 13.2875 10.7762 14.5273 15.9805 13.0604 12.2363 12.875 11.6283 11.6409 10.7659 13.9021 10.3365 12.7698 13.241 12.1997 11.3521 10.4002 11.9588 11.6378
threshold=39.731567316008572 10.339429185510477 11.334691397392293 3.823180199310344 1.278824386672859 114.58900000000001 3.011640842183589 3.5000000000000004 1.0000000180025095e-35 5.0413301646241235 1.4399995636001379e-06 1.4301948051948055 1.0000000180025095e-35 13.058608199632042 31.557412277042225 12.333364510682459 -2.3349999999999986 1.0000000180025095e-35 40.068718362557576 1.0000000180025095e-35 157.00000000000003 2.4388707592965475 16.162940643980644 10.145682472449321 -1.0000000180025095e-35 -4.3468646069538908 32.637537510562986 0.12714758125472417 239.31922439068231 2.5000000000000004
decision_type=2 10 2 2 2 2 2 2 2 2 2 2 2 2 2 2 2 2 2 2 2 2 8 2 2 2 2 2 2 2
left_child=1 3 6 5 -5 -1 -3 8 -8 10 -6 -12 18 14 -14 16 17 -15 19 22 21 -13 26 24 -24 -26 -11 29 -29 -27
right_child=-2 2 -4 4 9 -7 7 -9 -10 12 11 20 13 15 -16 -17 -18 -19 -20 -21 -22 -23 23 -25 25 27 -28 28 -30 -31
leaf_value=-0.0075712428797805129 -0.03013033188301428 0.0065473945000095943 0.01617572076878317 0.042245605827442245 0.022432675951766592 -0.045858797192573547 -0.0049646897068979763 -0.026879186221464936 0.014564112739377738 0.0085930762781697544 -0.014901799222679849 -0.00060586116015626864 -0.014192384898000902 0.044993585055737306 0.014587824363261462 -0.0061019158446351477 0.0032673186720097187 -0.0035648086108267308 -0.026013615687151215 0.038421021909876306 0.0335904826130718 -0.011281212946737481 -0.033901428978048986 0.0048493235621922953 -0.039779373016208409 0.0021765734655438992 0.045796390558066578 0.0027383352783324788 -0.0087370785400940187 0.029175784900074914
leaf_weight=63 29 709 178 21 63 25 410 56 147 189 267 1199 392 43 55 230 148 20 37 22 20 409 31 1390 20 803 23 380 564 42
leaf_count=63 29 709 178 21 63 25 410 56 147 189 267 1199 392 43 55 230 148 20 37 22 20 409 31 1390 20 803 23 380 564 42
internal_value=9.11581e-12 0.000109827 0.00408103 -0.000812851 -0.000569144 -0.0184484 0.00245255 -0.00228358 0.000189231 -0.000710803 -0.00369467 -0.00456328 0.000620344 -0.00429902 -0.0106512 0.00213957 0.0111232 0.0295782 0.0018681 0.00216591 -0.00286771 -0.00332117 0.00193418 0.00123222 -0.00150027 -0.000945031 0.0126293 -0.000510885 -0.00411774 0.00351855
internal_weight=7985 7956 1500 6456 6368 88 1322 613 557 6347 1958 1895 4389 888 447 441 211 63 3501 3464 1628 1608 3442 3230 1840 1809 212 1789 944 845
internal_count=7985 7956 1500 6456 6368 88 1322 613 557 6347 1958 1895 4389 888 447 441 211 63 3501 3464 1628 1608 3442 3230 1840 1809 212 1789 944 845
is_linear=0
shrinkage=0.05


Tree=85
num_leaves=31
num_cat=0
split_feature=77 222 30 96 18 130 24 4 16 104 5 45 0 48 92 147 138 57 13 136 18 131 23 12 128 25 94 29 80 105
split_gain=10.1396 12.2865 11.5871 12.6892 18.4242 13.301 14.0913 14.7414 13.2575 13.2429 10.9211 10.4617 10.3385 10.2971 10.134 11.3817 10.4128 10.1598 9.99311 10.2917 9.50504 9.93833 9.3152 10.6134 13.3935 9.19874 11.1423 15.6957 11.5393 12.7761
threshold=37.533905513208836 1.0000000180025095e-35 4.4917203014908127 1.679675925925926 32.234566320443726 2.1075600000000003 7.8585710970654139 0.60153066937348587 0.98247726056714824 6.3033854836559824 9.5505050505050519 12.578159567086367 11.563131940375429 7.7511163015294811 25.092229584870967 2.5000000000000004 1.5000000000000002 31.402326996451681 0.49513959403735719 1.0000000180025095e-35 32.166472012946905 54.067300000000024 -2.2205279487102283 -0.32194895333332646 3.005717471879247 -0.23176806203627021 28.963089471830632 14.889981912617827 5.8777864603733301 0.12132352941176472
decision_type=2 2 2 2 10 2 10 2 2 2 2 2 2 2 2 2 2 2 10 2 8 2 10 10 2 8 2 2 2 2
left_child=1 2 -1 4 9 6 7 -6 -7 14 -5 12 -2 -8 16 22 17 25 19 20 21 -12 -16 -24 -25 -4 28 -28 29 -27
right_child=11 -3 3 10 5 8 13 -9 -10 -11 18 -13 -14 -15 15 -17 -18 -19 -20 -21 -22 -23 23 24 -26 26 27 -29 -30 -31
leaf_value=0.0050867298067498422 -0.053914925456047064 -0.032880957477859095 -0.0062058804124223224 -0.018067916953141857 0.0089595216233283297 0.0010205965340137483 0.0012745283740821858 0.054379654448965323 0.045327772164273486 0.031086356613634375 -0.0049871203813539903 0.0073100393172353508 -0.010038991240334923 -0.038580358746860714 0.014233666271173978 -0.013921676433778236 -0.025631727815367458 -0.0051193554337754061 0.0062886390803665246 0.022783899260684849 -0.0049993248952074631 -0.051468380815956907 -0.0020459086813869581 0.0054677173219345237 0.051750117066231643 -0.0068213350609495176 0.0044111052871142571 0.05913382334634662 -0.024264437844976783 0.0030068073241358772
leaf_weight=1089 25 28 438 136 80 25 71 23 52 34 23 28 29 21 278 70 43 1068 230 32 1034 23 301 54 22 388 38 20 44 2238
leaf_count=1089 25 28 438 136 80 25 71 23 52 34 23 28 29 21 278 70 43 1068 230 32 1034 23 301 54 22 388 38 20 44 2238
internal_value=-1.83167e-11 0.000181491 0.000299046 -0.000469269 0.000671644 0.0133469 0.00639896 0.0191019 0.0309423 -1.29612e-05 -0.00456667 -0.0174917 -0.0303519 -0.00782278 -0.000224352 0.00524191 -0.00115094 -0.000902321 -0.00319844 -0.0051607 -0.00598868 -0.0282278 0.00728992 0.0021696 0.0188653 0.000520229 0.00160015 0.023281 0.00112918 0.00155467
internal_weight=7985 7903 7875 6786 5308 272 195 103 77 5036 1478 82 54 92 5002 725 4277 4234 1342 1112 1080 46 655 377 76 3166 2728 58 2670 2626
internal_count=7985 7903 7875 6786 5308 272 195 103 77 5036 1478 82 54 92 5002 725 4277 4234 1342 1112 1080 46 655 377 76 3166 2728 58 2670 2626
is_linear=0
shrinkage=0.05


Tree=86
num_leaves=31
num_cat=0
split_feature=44 53 104 28 95 104 119 77 130 49 247 62 94 59 24 180 12 138 30 128 22 104 97 13 21 94 10 30 4 66
split_gain=9.54031 12.7378 15.9767 14.7814 14.7818 13.0542 12.3622 13.784 11.9436 11.2368 12.7484 11.018 9.70948 10.0099 9.41192 9.3874 9.08257 9.04194 9.68525 16.8814 14.7397 9.01925 8.88623 15.437 11.9323 9.85718 16.1028 12.4049 10.3177 15.2554
threshold=2.9704114530740471 4.1959919624070894 3.2396707603844743 656.38014623285937 10.630516975308643 -9.2488378239592279 1.5000000000000002 5.0331685695456487 1.7217 12.57618725246477 1.0000000180025095e-35 35.696414422045031 20.851129162562071 23.973486443310684 7.8547584454942143 1.0000000180025095e-35 -0.36247243157510473 1.5000000000000002 1.3208373247184559 0.93650978858435308 1.1298801798553064 1.6312105089842286 1.0000000180025095e-35 0.061628811743241377 -2.4091793050155013 28.251345844203225 1.0000000180025095e-35 5.8332946093140601 0.14653899548135316 97.914101244977459
decision_type=2 2 2 2 2 2 2 2 2 2 2 2 2 2 8 2 10 2 2 2 10 2 2 10 8 2 2 2 2 2
left_child=11 6 3 4 12 -5 9 8 -8 10 22 17 13 21 -6 -7 -10 18 19 -1 -20 -3 23 -2 -25 26 28 -27 -24 -30
right_child=1 2 -4 5 14 15 7 -9 16 -11 -12 -13 -14 -15 -16 -17 -18 -19 20 -21 -22 -23 25 24 -26 27 -28 -29 29 -31
leaf_value=0.010389309334568679 -0.029226056750863788 0.00011587226599341077 0.018634502906934358 0.014813878846826493 0.018305036637572235 -0.0057306590224225715 0.0018160862937885111 -0.0098528271079758971 0.013024450110936484 -0.027724855495258594 0.02529824572637962 0.031366321201536006 -0.011300541354897801 0.017315177408733753 0.003506374056811356 -0.035714379513498255 0.044893609692722013 -0.023307708208449185 0.031527640792180081 -0.034739010331632444 0.0035776302866118402 0.01682902315741076 0.019606301594044893 -0.030135251685757848 -0.00011524573889740084 0.036302287203188129 -0.053029607608914377 -0.003333243455101804 -0.0086757701594788513 -0.04992903132477533
leaf_weight=40 50 1604 128 77 220 787 338 158 130 52 36 35 152 99 210 27 27 32 49 43 1263 85 31 34 1252 26 21 82 874 23
leaf_count=40 50 1604 128 77 220 787 338 158 130 52 36 35 152 99 210 27 27 32 49 43 1263 85 31 34 1252 26 21 82 874 23
internal_value=1.15701e-11 -0.000818208 0.00130654 0.000626386 0.00269042 -0.0048638 -0.00311584 0.0030052 0.00710938 -0.0047269 -0.00423456 0.0036506 0.000831364 0.00186271 0.0110778 -0.00672521 0.0185051 0.00297081 0.00357362 -0.0129904 0.0046215 0.000956972 -0.00467884 -0.0019687 -0.000908932 -0.00810434 -0.00973321 0.00620864 -0.00875344 -0.00973355
internal_weight=7985 6523 3389 3261 2370 891 3134 653 495 2481 2429 1462 1940 1788 430 814 157 1427 1395 83 1312 1689 2393 1336 1286 1057 949 108 928 897
internal_count=7985 6523 3389 3261 2370 891 3134 653 495 2481 2429 1462 1940 1788 430 814 157 1427 1395 83 1312 1689 2393 1336 1286 1057 949 108 928 897
is_linear=0
shrinkage=0.05


Tree=87
num_leaves=31
num_cat=0
split_feature=57 89 122 25 215 11 129 104 59 28 99 39 24 47 131 215 6 93 83 77 20 62 264 89 89 76 75 235 87 61
split_gain=9.2726 14.1694 12.2807 12.2985 11.3826 12.847 12.5112 14.7994 13.1018 14.3929 12.0407 11.2069 24.241 17.0313 17.3857 12.9097 12.5309 11.3758 10.5287 19.4403 9.81712 10.9927 9.50003 10.1521 9.47993 9.87888 9.50298 9.29419 10.9476 11.7989
threshold=90.439882553946902 63.532899894449436 16.500000000000004 -0.089432515950050043 7.5000000000000009 0.33089306685652869 2.5000000000000004 -8.0971326920851148 23.855639079232915 1372.5348569089917 0.41850763337742519 2.1354415802001219 5.3736983924720541 19.804192872608603 105.27795000000009 1.0000000180025095e-35 410.63150000000024 48.405972261065848 197.32500000000002 37.533905513208836 2.2591829744367531 17.170166859775637 1.0000000180025095e-35 25.37479259685762 23.920644602891997 9.5529258377042776 73.914926892799045 1.0000000180025095e-35 46.00243628433919 38.135959054401759
decision_type=2 2 2 10 2 8 2 2 2 2 2 2 10 2 2 2 2 2 2 2 8 2 2 2 2 2 2 2 2 2
left_child=1 2 4 -4 6 -6 11 -8 9 10 -9 15 -13 14 -14 16 17 18 19 22 -2 -22 23 24 26 -26 27 28 -1 -30
right_child=20 -3 3 -5 5 -7 7 8 -10 -11 -12 12 13 -15 -16 -17 -18 -19 -20 -21 21 -23 -24 -25 25 -27 -28 -29 29 -31
leaf_value=0.0020984001609471053 -0.0017458802367433569 0.033008303301352446 0.0084942820601434897 0.051722377964428495 -0.0072410739229158754 -0.050628753226589079 0.014245191767501334 -0.019467770438459209 0.0034637479285068613 -0.043359024735788509 -0.0047111729117949638 0.033436280887108295 0.0042767330324334774 0.031190004038187315 -0.026127377789128908 -0.0064527414637220813 -0.016382630573905477 -0.021465974254133813 0.029969587346369571 -0.046371998398431709 -0.046929837188217791 -0.010675971396267414 -0.0083954636844718392 0.016660517905644764 -0.00081053364395709902 -0.045840353252632277 -0.029214290094872315 -0.025885619081813718 0.052300562728196387 0.010398427200991484
leaf_weight=4429 165 33 76 21 76 22 96 179 263 30 607 80 324 49 55 610 99 53 33 21 30 69 217 120 29 21 24 29 20 105
leaf_count=4429 165 33 76 21 76 22 96 179 263 30 607 80 324 49 55 610 99 53 33 21 30 69 217 120 29 21 24 29 20 105
internal_value=-1.04792e-11 0.000315064 0.000174731 0.0178529 -5.11661e-05 -0.0169812 0.000170259 -0.00456739 -0.00624117 -0.0093691 -0.00807177 0.00105135 0.00817297 0.00345085 -0.000135473 0.000428668 0.00123591 0.00157785 0.00181979 0.00163456 -0.00921442 -0.021662 0.00183643 0.00230122 0.00193122 -0.0197231 0.00216623 0.00233056 0.00251025 0.0171028
internal_weight=7985 7721 7688 97 7591 98 7493 1175 1079 816 786 6318 508 428 379 5810 5200 5101 5048 5015 264 99 4994 4777 4657 50 4607 4583 4554 125
internal_count=7985 7721 7688 97 7591 98 7493 1175 1079 816 786 6318 508 428 379 5810 5200 5101 5048 5015 264 99 4994 4777 4657 50 4607 4583 4554 125
is_linear=0
shrinkage=0.05


Tree=88
num_leaves=31
num_cat=0
split_feature=80 19 31 44 50 24 25 111 256 99 21 18 90 99 18 64 23 20 88 27 15 58 55 84 83 138 21 61 30 24
split_gain=8.78148 9.24505 10.5957 13.2831 9.436 9.09422 15.0856 13.5517 13.6529 14.5248 11.9968 14.1263 10.8866 13.9037 10.1221 10.576 9.97652 17.0741 12.5578 12.2288 11.4078 10.7508 9.90744 11.7479 13.0364 9.76084 8.98938 8.91021 8.82633 10.6562
threshold=39.731567316008572 10.306134334404211 3.823180199310344 1.278824386672859 11.876098786155497 6.180491644706394 -0.66852599456689532 1.0000000180025095e-35 1.0000000180025095e-35 1.7705003621819106 -2.2308053005461006 16.298510224537619 12.207625426871227 8.4747004784390132 16.162940643980644 10.11838119944141 -2.2403089175914261 2.2345293867017122 12.220037728046373 2.2361300394552228 0.74734042553191504 41.579051288691339 5.0809497666331938 11.014304744037 76.645000000000024 1.0000000180025095e-35 -2.0792668200678484 9.0681448850333926 9.5117834642448376 7.9329778515916871
decision_type=2 10 2 2 2 10 10 2 2 2 10 10 2 2 8 2 10 10 2 2 2 2 2 2 2 2 8 2 2 10
left_child=1 2 -1 -4 28 12 -7 8 16 -10 -9 -12 14 25 -5 22 18 19 -8 20 -18 -21 -16 24 -24 26 -14 -22 -3 -30
right_child=-2 4 3 5 -6 6 7 10 9 -11 11 -13 13 -15 15 -17 17 -19 -20 21 27 -23 23 -25 -26 -27 -28 -29 29 -31
leaf_value=-0.018372654574649299 -0.027464070346142202 0.0024122311152220723 0.039101305921074185 0.0096003424724928794 -0.02417508348702423 0.039327036892063919 -0.0026574610592535793 -0.0037506297745682248 0.057385203987360002 0.0015957406821793746 -0.046001796820200981 -0.013665433005083242 0.0011482123646628624 0.024173553598255085 0.0011610219803989393 0.013852666058626615 -0.016383375452520946 0.0211890359335071 -0.02487207916800422 -0.0026184232645666415 0.051819011578336363 -0.024730532127814217 -0.011184415029775767 -0.0016301256590920206 -0.060038495673374694 -0.029829618515712877 -0.0067569768160509261 0.01320129344713385 0.020840137359401628 -0.0040944233880240901
leaf_weight=85 29 1629 21 411 31 20 178 281 20 28 40 217 668 46 2041 152 24 88 99 556 20 61 36 104 22 35 779 59 144 61
leaf_count=85 29 1629 21 411 31 20 178 281 20 28 40 217 668 46 2041 152 24 88 99 556 20 61 36 104 22 35 779 59 144 61
internal_value=3.68905e-12 0.000100108 -0.000843024 -0.000594936 0.00318033 -0.000734221 -0.00384007 -0.00435673 -0.00125392 0.0248414 -0.0108911 -0.0186983 0.000488878 -0.00289838 0.00236008 0.00109649 -0.00240837 0.000398867 -0.010597 -0.00214215 0.0138064 -0.00480455 0.000216354 -0.0116853 -0.0297153 -0.00373867 -0.00310759 0.0229779 0.00364272 0.0134206
internal_weight=7985 7956 6091 6006 1865 5985 1691 1671 1133 48 538 257 4294 1528 2766 2355 1085 808 277 720 103 617 2203 162 58 1482 1447 79 1834 205
internal_count=7985 7956 6091 6006 1865 5985 1691 1671 1133 48 538 257 4294 1528 2766 2355 1085 808 277 720 103 617 2203 162 58 1482 1447 79 1834 205
is_linear=0
shrinkage=0.05


Tree=89
num_leaves=31
num_cat=0
split_feature=237 62 247 19 64 67 55 4 254 75 84 24 3 43 310 92 129 24 31 71 265 128 52 4 20 215 107 129 12 16
split_gain=8.352 10.1779 9.45837 9.44215 9.81843 19.6679 13.9505 17.7366 13.7515 12.9554 14.4895 12.4859 12.2861 13.3711 11.8529 11.7673 13.6284 14.2773 11.0815 10.6407 11.8836 11.2929 13.7933 11.5852 10.7234 10.3724 10.3159 10.306 9.75968 10.9371
threshold=1.0000000180025095e-35 9.0447334176075245 1.0000000180025095e-35 10.379654297349015 4.8678787182079111 6.5758191852127474 4.7262512531791581 0.38223419858319846 1.0000000180025095e-35 12.578498813431359 29.653781460186792 9.1513848166771101 0.14680964978584046 5.6794929408278874 1.0000000180025095e-35 54.602130135340637 2.5000000000000004 6.2238042058406178 2.844012958870386 4.9015010544674711 1.0000000180025095e-35 8.4044586352744286 67.605990898985354 0.39178514398687408 2.6212406529498904 13.500000000000002 1.5000000000000002 2.5000000000000004 -1.0000000180025095e-35 1.1464285714285716
decision_type=2 2 2 10 2 2 2 2 2 2 2 10 2 2 2 2 2 8 2 2 2 2 2 2 8 2 2 2 8 2
left_child=2 -2 3 4 5 9 -7 14 25 10 11 15 13 -11 -8 16 18 -18 -1 20 24 23 -23 -21 -15 -6 -22 -10 29 -20
right_child=1 -3 -4 -5 8 6 7 -9 27 12 -12 -13 -14 19 -16 -17 17 -19 28 21 26 22 -24 -25 -26 -27 -28 -29 -30 -31
leaf_value=-0.026573243644088508 0.011334566480945796 -0.031839162449157514 0.020261444925362693 0.004175702362437657 0.0049869066021616506 -0.0042494838025888817 0.0028190548827226919 -0.031801095607413635 -0.0031141954630532986 0.045515101438476924 -0.044055045470595362 -0.030458157302604785 -0.032604576345710533 0.0099605364697115985 -0.036163099886228643 0.026809881892251343 -0.0035597980074384369 -0.031930339848622681 -0.0077028311265335565 -0.027591203333083861 0.045566338740098175 0.022089386017515936 -0.014757641722020265 -0.0017130308813288993 -0.0076459559339977744 -0.029602224089797926 0.0072622901963768534 -0.027944337646001762 0.028526266538087399 0.0023164043161084994
leaf_weight=38 20 43 58 1153 1463 1651 104 111 284 21 20 36 21 451 24 38 121 70 345 59 39 81 37 162 107 22 32 49 31 1294
leaf_count=38 20 43 58 1153 1463 1651 104 111 284 21 20 36 21 451 24 38 121 70 345 59 39 81 37 162 107 22 32 49 31 1294
internal_value=4.99635e-12 -0.0181332 0.000144205 -4.16723e-06 -0.0007223 -0.00188805 -0.00588389 -0.0171743 0.00241523 0.000626808 -0.00171109 -0.00128185 0.0052401 0.00604368 -0.0044901 -0.000739599 -0.00129088 -0.0139574 0.000125575 0.00518738 0.00903587 -0.00195335 0.0105357 -0.00862168 0.00658438 0.00447448 0.0283025 -0.00676788 0.000733093 0.000207413
internal_weight=7985 63 7922 7864 6711 4893 1890 239 1818 3003 1993 1973 1010 989 128 1937 1899 191 1708 968 629 339 118 221 558 1485 71 333 1670 1639
internal_count=7985 63 7922 7864 6711 4893 1890 239 1818 3003 1993 1973 1010 989 128 1937 1899 191 1708 968 629 339 118 221 558 1485 71 333 1670 1639
is_linear=0
shrinkage=0.05


Tree=90
num_leaves=31
num_cat=0
split_feature=222 77 30 64 104 314 3 100 4 27 34 2 102 84 45 49 344 68 322 315 49 294 54 28 51 3 17 91 22 168
split_gain=8.43499 9.46343 8.92094 9.68045 14.8476 13.0969 16.3235 19.5321 17.3462 13.5486 12.6014 11.9111 11.6384 13.455 17.1589 12.0629 10.8105 10.6485 10.6428 10.557 10.2144 10.0535 10.4261 10.9261 10.8103 11.2374 10.5594 11.4427 9.80333 9.44538
threshold=1.0000000180025095e-35 37.533905513208836 4.4917203014908127 4.8678787182079111 1.5000848765432102 1.0000000180025095e-35 -3.9377430555555546 -2.2296094196820166 0.59583252713566448 3.7662844846674624 4.5714756621323991 0.012449976904341799 -1.0000000180025095e-35 23.683058451302582 6.0001329484108306 10.472835172739714 1.0000000180025095e-35 101.11657785678895 1.0000000180025095e-35 1.0000000180025095e-35 5.7717461826196912 1.0000000180025095e-35 4.7787241878891571 638.9205137489588 4.7855288583757432 0.31984567901234567 2.2462121212121215 5.507649263499709 2.337029943890649 1.5000000000000002
decision_type=2 2 2 2 2 2 2 2 2 2 2 2 2 2 2 2 2 2 2 2 2 2 2 2 2 2 2 2 10 2
left_child=1 2 -1 5 11 6 8 -8 10 -7 -4 28 15 17 -15 -9 19 21 -18 -13 -21 22 23 24 25 -14 -25 -28 -5 -27
right_child=-2 -3 3 4 -6 9 7 12 -10 -11 -12 16 13 14 -16 -17 18 -19 -20 20 -22 -23 -24 26 -26 29 27 -29 -30 -31
leaf_value=0.0044739095861142664 -0.026916787169616797 -0.016905047575782203 -0.014761434275318275 0.007679053225367276 0.010221859333559208 -0.0078359138888553 0.013751783391173854 0.013394777369639135 0.040269222351807084 -0.049907740876078605 0.013512829099547305 -0.001294914557514604 0.0025818773435238862 -0.0063460632829092341 -0.047406803104800742 -0.015244355143772231 -0.00098337282186548684 0.025739338762606635 -0.014979397472866291 0.016045990159342948 -0.011471759459776123 0.020942540820529265 -0.0086491102651701911 -0.018835572119363968 -0.014692304070403643 -0.003667081576414993 0.02467778019607067 -0.010420968851911417 0.043689280624190974 -0.029615884508333495
leaf_weight=1089 29 81 55 189 472 443 198 201 44 20 139 645 1545 77 38 45 320 33 236 190 41 44 678 170 129 672 35 69 21 37
leaf_count=1089 29 81 55 189 472 443 198 201 44 20 139 645 1545 77 38 45 320 33 236 190 41 44 678 170 129 672 35 69 21 37
internal_value=1.41223e-12 9.8113e-05 0.000273003 -0.000401148 0.00240629 -0.00167146 -0.000793447 -0.00155575 0.0119254 -0.00965327 0.00549693 0.000159668 -0.00235906 -0.00309245 -0.019914 0.00815591 -0.00147112 -0.00252549 -0.00692413 0.00198993 0.0111619 -0.00280153 -0.0031148 -0.00170258 -0.000615348 0.000190299 -0.0111583 0.00139111 0.0112801 -0.00502125
internal_weight=7985 7956 7875 6786 2114 4672 4209 3971 238 463 194 1642 3773 3527 115 246 1432 3412 556 876 231 3379 3335 2657 2383 2254 274 104 210 709
internal_count=7985 7956 7875 6786 2114 4672 4209 3971 238 463 194 1642 3773 3527 115 246 1432 3412 556 876 231 3379 3335 2657 2383 2254 274 104 210 709
is_linear=0
shrinkage=0.05


Tree=91
num_leaves=31
num_cat=0
split_feature=144 147 64 260 314 20 104 256 3 130 38 71 13 15 68 71 27 105 63 57 59 0 355 27 38 45 147 114 107 138
split_gain=7.9399 8.3264 8.31588 15.8393 13.5773 12.6226 12.8196 10.8175 14.4712 14.5906 10.1298 13.6628 12.4001 16.2642 13.3019 10.9647 10.3887 12.1799 11.5666 9.4859 11.2008 12.7356 9.44434 9.20354 9.8887 11.2392 9.09339 11.9541 11.0209 8.85972
threshold=1.0000000180025095e-35 1.5000000000000002 4.780752649731185 1.0000000180025095e-35 1.0000000180025095e-35 2.6720107956451855 1.7695002014568388 1.0000000180025095e-35 -3.8726933348921242 0.93175000000000008 3.604089408862587 23.92074936080984 0.507987908880008 0.48435972629521024 101.11657785678895 9.2281435434457251 3.7433977011528006 0.31946826758147517 5.3273714384385489 90.946419950708801 22.273446670645374 4.48416716532292 1.0000000180025095e-35 3.6146761073484108 2.753441365211811 6.9406601158982122 2.5000000000000004 1.0000000180025095e-35 3.5000000000000004 1.0000000180025095e-35
decision_type=2 2 2 2 2 10 2 2 2 2 2 2 10 2 2 2 2 2 2 2 2 2 2 2 2 2 2 2 2 2
left_child=2 -2 4 5 7 6 19 10 9 -9 16 12 14 -14 15 -12 18 -18 -1 20 21 -4 29 24 -6 -26 28 -28 -23 -5
right_child=1 -3 3 22 23 -7 -8 8 -10 -11 11 -13 13 -15 -16 -17 17 -19 -20 -21 -22 26 -24 -25 25 -27 27 -29 -30 -31
leaf_value=-0.00018708340270973266 -0.0066363531814584908 -0.041754495042065784 0.019154983190869695 -0.0062823851405375865 0.0024417228853396544 -0.033121041741899469 0.013767378136448996 0.0071058764889398041 -0.025620636953548954 0.040535466225507362 -0.0040949582361741402 -0.041689456502596541 -0.017040954433057622 0.034644735213369131 0.027020436082966628 -0.020679811107269911 0.041596055962145329 0.0066937227858842032 0.029555995429329802 -0.022346204048436551 0.012099330721239931 -0.0001630512228646804 0.01326171436711498 -0.032138759241654324 -0.0191042900183656 0.0038956108617864242 -0.045440848171710971 -0.0055652233394768158 0.016140568498328019 -0.028000537754173896
leaf_weight=3445 86 21 93 204 175 22 339 102 22 48 1060 24 23 45 32 110 28 233 33 36 309 761 46 39 195 73 21 179 120 61
leaf_count=3445 86 21 93 204 175 22 339 102 22 48 1060 24 23 45 32 110 28 233 33 36 309 761 46 39 195 73 21 179 120 61
internal_value=1.33859e-11 -0.0135287 0.000183749 0.00280095 -0.000824565 0.00453004 0.00497585 -8.11213e-05 0.0122491 0.0178033 -0.0005025 -0.0043155 -0.00360922 0.0171628 -0.00478434 -0.00565422 0.00081711 0.010438 9.51252e-05 0.00301382 0.00362944 0.00140014 -0.00765145 -0.00885284 -0.00680283 -0.0128394 -0.000127333 -0.00975216 0.00205765 -0.0112817
internal_weight=7985 107 7878 2191 5687 1880 1858 5205 172 150 5033 1294 1270 68 1202 1170 3739 261 3478 1519 1483 1174 311 482 443 268 1081 200 881 265
internal_count=7985 107 7878 2191 5687 1880 1858 5205 172 150 5033 1294 1270 68 1202 1170 3739 261 3478 1519 1483 1174 311 482 443 268 1081 200 881 265
is_linear=0
shrinkage=0.05


Tree=92
num_leaves=31
num_cat=0
split_feature=222 77 67 235 75 13 12 356 18 24 4 118 138 105 24 45 12 14 257 16 27 302 62 5 87 44 45 13 118 45
split_gain=7.62201 8.27463 8.35023 8.40451 13.5829 11.5723 13.2091 12.8465 11.3635 14.979 15.0975 13.3901 13.7837 13.406 10.8661 10.9171 10.5729 10.568 9.68661 9.78085 10.6483 9.57538 9.38716 9.1808 9.10412 8.80061 14.8978 8.54372 8.2895 10.1565
threshold=1.0000000180025095e-35 37.533905513208836 71.853050474578637 1.0000000180025095e-35 34.529336331846643 0.50740122707597679 -0.50662922283762257 1.0000000180025095e-35 16.166804906038774 6.2238042058406178 0.36641158199886187 1.0000000180025095e-35 1.0000000180025095e-35 0.47493734335839605 6.564158919492443 274.58676742449973 -0.36550786401096513 0.078051338019214905 1.0000000180025095e-35 1.1647286821705429 1.3282493379421834 1.0000000180025095e-35 58.026553840059165 16.13942307692308 44.282804523094029 3.1625203512207714 62.628507673170454 0.082614134587895641 1.0000000180025095e-35 5.6421660966008309
decision_type=2 2 2 2 2 8 10 2 10 10 2 2 2 2 10 2 10 8 2 2 2 2 2 2 2 2 2 10 2 2
left_child=1 2 3 5 -5 6 -1 8 9 11 -11 13 16 -8 15 17 -13 -7 19 21 -21 27 -9 -15 -17 -19 28 -10 -27 -30
right_child=-2 -3 -4 4 -6 14 7 22 18 10 -12 12 -14 23 -16 24 -18 25 -20 20 -22 -23 -24 -25 -26 26 -28 -29 29 -31
leaf_value=-0.015317977409885856 -0.025586783102360268 -0.015806094484610688 0.032523308480158448 -0.048161677368309189 0.0074567935728867135 -0.03299163042434624 0.0047210397250701192 0.0026891973143787322 -0.035959237826988101 0.0034036107081919912 -0.058032245784997938 -0.00427172158246513 -0.012302150937200622 -0.023783104726712089 0.020209380874041259 0.038960924989690907 0.012406209668009208 0.013477909323446061 -0.037837657630443576 0.02743212332716212 -0.0020387536593119773 -0.036925474361612885 0.03351141603291035 0.0071842622988286522 -0.00037482464686036112 0.021057965673713222 -0.030741449129871198 -0.0060190056598017462 -0.0063119175130801316 0.005930188774701908
leaf_weight=147 29 81 20 23 21 21 157 2078 25 20 20 114 80 105 106 38 571 162 20 31 2716 29 25 31 24 54 36 508 295 398
leaf_count=147 29 81 20 23 21 21 157 2078 25 20 20 114 80 105 106 38 571 162 20 31 2716 29 25 31 24 54 36 508 295 398
internal_value=1.10836e-11 9.32651e-05 0.000256801 0.000174646 -0.0216165 0.000297397 -0.000495728 -0.000162057 -0.00169057 0.00272032 -0.0273143 0.00385585 0.00733699 -0.00523314 0.00496733 0.00339567 0.00963061 0.0020903 -0.00314542 -0.00293573 -0.00170617 -0.00894568 0.00305561 -0.0167244 0.0237342 0.0028699 0.000675144 -0.00742333 0.0021892 0.000718903
internal_weight=7985 7956 7875 7855 44 7811 6677 6530 4427 1098 40 1058 765 293 1134 1028 685 966 3329 3309 2747 562 2103 136 62 945 783 533 747 693
internal_count=7985 7956 7875 7855 44 7811 6677 6530 4427 1098 40 1058 765 293 1134 1028 685 966 3329 3309 2747 562 2103 136 62 945 783 533 747 693
is_linear=0
shrinkage=0.05


Tree=93
num_leaves=31
num_cat=0
split_feature=70 92 237 62 3 18 103 72 57 66 19 57 44 42 71 3 226 5 55 61 104 87 59 24 59 75 20 16 131 45
split_gain=7.23556 8.49758 10.9191 12.4316 9.92249 9.65389 9.08634 8.94272 11.6569 11.6519 10.3014 8.64371 10.0541 9.61589 8.63082 14.5671 16.4577 14.9137 11.6555 11.0608 10.4145 10.0919 10.0495 17.4499 11.6281 9.76918 9.28363 9.27675 9.27097 10.2206
threshold=11.607076043296823 31.192059717867732 1.0000000180025095e-35 9.0447334176075245 -0.67547170256991684 16.156019195301436 2.1571651844361086 4.8978095803798452 71.115529643376632 64.866129368311462 9.9282511037066445 41.44355063891161 6.1719026385708355 1667469.7746641084 16.943092621952268 -4.0155664771903021 1.0000000180025095e-35 8.9226190476190492 8.1202470537305569 34.35354534512998 -4.3468646069538908 5.964429928347843 11.88750070637909 7.7977174881255484 11.756865008007958 19.51141293449702 2.6720107956451855 1.7841614906832299 7.1165000000000012 2.0995028468094552
decision_type=2 2 2 2 2 8 2 2 2 2 8 2 2 2 2 2 2 2 2 2 2 2 2 10 2 2 10 2 2 2
left_child=1 2 7 -4 11 6 -6 8 14 10 -9 12 -3 -13 15 17 18 -1 22 -19 25 -20 24 26 28 -16 -24 -25 29 -17
right_child=-2 4 3 -5 5 -7 -8 9 -10 -11 -12 13 -14 -15 20 16 -18 19 21 -21 -22 -23 23 27 -26 -27 -28 -29 -30 -31
leaf_value=-0.021019866466522218 -0.0065976766375802701 0.0023329357231228519 0.010824714461341501 -0.037454952411935666 0.0029730020825249649 -0.0028226625261866386 0.035925511643290518 -0.019235826479395382 -0.0073205307757294724 0.031127240050894518 -0.0028228987906473916 0.022162213821600125 0.037909748785138607 -0.011312412151859866 -0.033398023042827844 0.0046401472091674809 -0.031697712363436437 0.017123538657630746 -0.00080939536460508145 0.056697591361792192 0.013584475158905604 -0.02726734743311084 0.0083953508202173031 -0.021420588078000014 -0.020271012010385416 0.009603913115071399 -0.020282829450925105 0.00063083358680862092 0.00070146781279244641 -0.037743200079509709
leaf_weight=20 395 29 20 40 52 282 35 103 393 24 1331 41 63 45 25 25 39 76 78 23 267 67 1049 82 70 28 29 114 3107 33
leaf_count=20 395 29 20 40 52 282 35 103 393 24 1331 41 63 45 25 25 39 76 78 23 267 67 1049 82 70 28 29 114 3107 33
internal_value=5.78805e-12 0.000343357 -0.000122885 -0.0213617 0.00634654 0.00166937 0.0162298 5.96057e-05 0.000978777 -0.00342354 -0.00400179 0.0160425 0.0266953 0.00464642 0.00161432 0.00108556 0.000647488 0.0183616 0.000918537 0.0263175 0.00956567 -0.0130348 0.00136725 0.00512869 -0.000114075 -0.01068 0.00762386 -0.00859476 0.000331734 -0.0194745
internal_weight=7985 7590 7043 60 547 369 87 6983 5525 1458 1434 178 92 86 5132 4812 4693 119 4654 99 320 145 4509 1274 3235 53 1078 196 3165 58
internal_count=7985 7590 7043 60 547 369 87 6983 5525 1458 1434 178 92 86 5132 4812 4693 119 4654 99 320 145 4509 1274 3235 53 1078 196 3165 58
is_linear=0
shrinkage=0.05


Tree=94
num_leaves=31
num_cat=0
split_feature=144 19 20 20 323 59 28 76 76 87 52 235 45 7 45 54 89 28 66 20 189 19 225 31 76 102 48 11 0 87
split_gain=7.12013 7.61548 9.77723 9.59657 12.9297 8.51363 11.4039 15.743 12.5696 12.2924 17.7584 17.4245 18.9741 10.542 13.074 9.17591 9.87397 10.6821 9.07346 15.3721 10.3103 9.11034 8.98772 8.30056 15.8181 9.06888 10.3885 12.9611 8.30917 8.18809
threshold=1.0000000180025095e-35 10.243195474981556 2.506772823980302 2.3903479207829421 1.0000000180025095e-35 23.973486443310684 638.9205137489588 34.070943295197267 42.115001588643416 58.307166390490529 51.530807193354249 1.0000000180025095e-35 274.58676742449973 162.08600000000001 1.6041195040234022 8.5141144834607037 38.772799303529197 404.36899495468742 4.8681881438505075 2.2521624856692735 1.0000000180025095e-35 10.040825004863139 1.0000000180025095e-35 4.0094920922090447 21.688851963629535 -1.0000000180025095e-35 12.651681471594982 0.34122243449851558 9.6455092592592617 5.7597061452653096
decision_type=2 10 10 10 2 2 2 2 2 2 2 2 2 2 2 2 2 2 2 8 2 8 2 2 2 2 2 10 2 2
left_child=1 5 3 -3 -5 6 7 9 -9 11 -11 12 15 -7 -15 16 23 -18 19 -8 -20 -21 29 24 -1 28 -27 -28 -25 -16
right_child=-2 2 -4 4 -6 13 18 8 -10 10 -12 -13 -14 14 22 -17 17 -19 20 21 -22 -23 -24 25 -26 26 27 -29 -30 -31
leaf_value=-0.002592256635678216 -0.01281128383729015 0.002462194706222819 -0.025308327393319025 -0.0064960699173666177 0.043995365302544089 0.039378511000956809 -0.0072789471888504292 -0.055227768647929901 -0.0064431359330492646 0.05470209565634529 0.0055186845565167002 -0.044865015830675314 0.030999148470194388 -0.03542198781811056 -0.0064317500438994249 -0.0092631521885969525 0.043144728750404385 0.0039772318181942922 -0.0030109522660495716 -0.02144050142129085 -0.033438847355287647 -0.064436892115257008 -0.028267191834747792 -0.014827732640410294 -0.054915810227394106 -0.00026943692654172682 -0.0062026175512474475 -0.051169774359600108 0.011911145632333456 0.0086309791965802837
leaf_weight=52 107 2232 31 21 32 21 118 23 31 24 78 22 48 21 111 285 27 49 696 28 29 22 20 33 20 2998 59 22 243 482
leaf_count=52 107 2232 31 21 32 21 118 23 31 24 78 22 48 21 111 285 27 49 696 28 29 22 20 33 20 2998 59 22 243 482
internal_value=-1.35503e-11 0.000174004 0.00258312 0.00296151 0.0239893 -0.000829142 -0.00154384 -0.000406933 -0.0272218 -4.12757e-05 0.0170913 -0.000494235 -0.000239762 0.00452512 0.00337067 -0.000635609 6.63175e-05 0.017892 -0.00665421 -0.0171242 -0.00422807 -0.0403589 0.00469961 -0.000329 -0.0171266 3.14849e-05 -0.000746821 -0.0184159 0.00871411 0.00581148
internal_weight=7985 7878 2316 2285 53 5562 4907 4014 54 3960 102 3858 3836 655 634 3788 3503 76 893 168 725 50 613 3427 72 3355 3079 81 276 593
internal_count=7985 7878 2316 2285 53 5562 4907 4014 54 3960 102 3858 3836 655 634 3788 3503 76 893 168 725 50 613 3427 72 3355 3079 81 276 593
is_linear=0
shrinkage=0.05


Tree=95
num_leaves=31
num_cat=0
split_feature=102 89 4 77 45 222 13 67 55 18 12 356 18 24 118 138 77 16 105 12 84 44 44 41 62 99 103 45 46 11
split_gain=6.90842 10.4002 9.91 8.53142 8.53402 8.10646 8.05354 11.7905 12.8272 11.4789 11.1853 11.3769 9.88286 13.3363 12.0183 12.7324 12.0326 11.1079 10.8012 9.33867 8.6144 18.4542 18.3753 11.7138 15.6707 21.731 10.2853 12.172 11.452 10.4004
threshold=40.068718362557576 63.532899894449436 0.13492631694684609 37.533905513208836 12.578159567086367 1.0000000180025095e-35 0.50740122707597679 62.344247384802586 18.327840488774427 16.747768878979588 -0.50662922283762257 1.0000000180025095e-35 16.166804906038774 6.2238042058406178 1.0000000180025095e-35 1.0000000180025095e-35 17.602690330810937 1.0944940476190479 0.73993558776167478 -0.36550786401096513 10.145682472449321 13.590072234275283 19.861375615617092 0.64149350649350667 6.000209900144962 0.075328194151773178 5.3854907140264503 27.421041406945474 61.88232527476319 1.0499536332980961
decision_type=2 2 2 2 2 2 8 2 2 10 10 2 10 10 2 2 2 2 2 10 2 2 2 2 2 2 2 2 2 10
left_child=1 3 -3 5 -5 6 7 8 10 20 -1 12 13 14 16 19 18 -14 -12 -16 21 23 -23 24 -8 -26 27 29 -29 -22
right_child=-2 2 -4 4 -6 -7 9 -9 -10 -11 11 -13 17 -15 15 -17 -18 -19 -20 -21 26 22 -24 -25 25 -27 -28 28 -30 -31
leaf_value=-0.013985662619991561 -0.018716498691474601 0.0034249234513042434 0.047927123342048045 -0.028432078053261717 0.0072293293997645379 -0.026722848016236513 0.0047162797294865635 0.037884975350461904 -0.019205605132750922 0.013603466545652238 -0.0018037690960383515 0.0030502507751821598 -0.010582378101102886 -0.026410830731650715 -0.0037698510102927687 -0.011768482458128346 0.03153045359289363 -0.0017323500332829052 -0.024654113100841642 0.01199475256136754 0.0025823142314695732 -0.065983183890403738 -0.010717578773509782 0.015552194027230144 -0.055186292222670977 -0.0039149141720225735 0.028255201693862045 0.050017701499366567 0.0097499943577292331 -0.023200614452362062
leaf_weight=146 49 29 22 51 25 28 163 20 91 248 198 2075 406 38 113 80 21 2798 70 557 299 21 53 100 31 62 47 23 76 45
leaf_count=146 49 29 22 51 25 28 163 20 91 248 198 2075 406 38 113 80 21 2798 70 557 299 21 53 100 31 62 47 23 76 45
internal_value=-2.32234e-11 0.000115563 0.022622 -3.00078e-05 -0.0167014 0.000132244 0.000228882 -0.000447151 -0.000563432 0.00405646 -0.000302522 1.17855e-05 -0.00146096 0.00268264 0.00374669 0.00708481 -0.00491624 -0.0028538 -0.00777214 0.00933595 0.00148291 -0.00368187 -0.0264011 0.00104066 -0.00462791 -0.0210054 0.00601528 0.00365574 0.0191051 -0.000790453
internal_weight=7985 7936 51 7885 76 7809 7781 6613 6593 1168 6502 6356 4281 1077 1039 750 289 3204 268 670 920 430 74 356 256 93 490 443 99 344
internal_count=7985 7936 51 7885 76 7809 7781 6613 6593 1168 6502 6356 4281 1077 1039 750 289 3204 268 670 920 430 74 356 256 93 490 443 99 344
is_linear=0
shrinkage=0.05


Tree=96
num_leaves=31
num_cat=0
split_feature=178 53 104 330 104 44 16 119 77 130 136 83 41 18 76 262 81 59 33 25 61 34 12 84 23 22 24 79 92 18
split_gain=6.62279 6.85492 13.3545 12.0884 12.6697 11.2783 10.7334 9.45206 9.83621 9.62477 9.36596 10.602 9.3557 9.27868 8.96667 8.50664 8.47226 8.32662 9.15271 7.72223 7.66649 8.10768 7.6361 7.40238 7.39155 8.11769 9.05901 8.95261 7.27019 11.1811
threshold=1.0000000180025095e-35 4.1959919624070894 -9.2488378239592279 1.0000000180025095e-35 1.4941819789948052 3.3738141671645372 0.77888888888888907 1.5000000000000002 5.0331685695456487 1.9329499999999999 1.0000000180025095e-35 17.225000000000005 1.0717532467532471 15.083075970669647 4.608611554785349 1.0000000180025095e-35 16.876512621538332 22.798035232455785 7.1920534536914156 -0.87017333363827498 22.132282554850519 4.9933006651624288 -0.36247243157510473 11.889144437216073 -2.4497416111356949 2.311543230786854 6.015792161105753 17.272031118192064 12.094659321777472 14.421827392368675
decision_type=2 2 2 2 2 2 2 2 2 2 2 2 2 8 2 2 2 2 2 8 2 2 10 2 10 10 10 2 2 8
left_child=1 5 -3 4 6 10 -4 19 9 -9 11 12 20 -8 24 -15 17 18 -16 -7 21 -1 23 -11 -5 26 27 -26 -21 -30
right_child=-2 2 3 14 -6 7 13 8 -10 22 -12 -13 -14 15 16 -17 -18 -19 -20 28 -22 -23 -24 -25 25 -27 -28 -29 29 -31
leaf_value=-0.00050249486511158711 -0.010898641404104386 0.026420624402386173 -0.014227312900202009 -0.031376723547440928 0.014086281903503651 0.026434418223798273 0.033585364371538161 0.0012792030781832145 -0.0081161228369080254 0.0056651362604362536 -0.013216262400797943 0.0077114848738850626 0.02207168070599437 0.0027425817236097429 0.0030681173817289921 -0.019697743017486363 -0.030480884557420557 0.013811777632316696 -0.01167589458313981 -0.0066286266138043367 -0.031251988699659707 -0.028780948312056288 0.042931771016446879 0.036777075861270235 -0.03648572019523099 0.0051937940246208989 -0.030225498001735625 -0.0010532339569181205 0.027590841770528216 -0.0018678792464378324
leaf_weight=414 137 54 98 37 237 20 24 284 155 94 87 708 38 2364 328 43 22 106 155 1554 24 27 24 24 21 86 56 118 34 612
leaf_count=414 137 54 98 37 237 20 24 284 155 94 87 708 38 2364 328 43 22 106 155 1554 24 27 24 24 21 86 56 118 34 612
internal_value=-3.69801e-11 0.000190254 0.00173541 0.00137465 0.00303206 -0.00122297 0.00199614 -0.00300836 0.00266924 0.00659349 0.0026298 0.0037682 -0.00178219 0.00265015 -0.0035601 0.0023417 -1.62884e-05 0.00112161 -0.0016634 -0.00449426 -0.00373154 -0.00223383 0.0172221 0.011993 -0.0103691 -0.007603 -0.0132467 -0.00640634 -0.00477543 -0.00031742
internal_weight=7985 7848 3749 3695 2766 4099 2529 2801 581 426 1298 1211 503 2431 929 2407 611 589 483 2220 465 441 142 118 318 281 195 139 2200 646
internal_count=7985 7848 3749 3695 2766 4099 2529 2801 581 426 1298 1211 503 2431 929 2407 611 589 483 2220 465 441 142 118 318 281 195 139 2200 646
is_linear=0
shrinkage=0.05


Tree=97
num_leaves=31
num_cat=0
split_feature=144 147 77 18 13 2 138 67 43 31 28 73 11 17 5 87 15 87 53 44 104 100 378 18 99 90 12 108 43 46
split_gain=6.45948 7.01678 6.8811 11.5703 11.1327 10.9384 10.7255 10.4613 9.84455 12.1138 8.89434 8.8622 9.07858 15.54 16.098 10.2565 12.3751 9.1459 8.69955 10.0214 9.53864 8.69055 11.1828 8.46757 8.28243 10.0846 10.7006 9.17175 10.4008 10.792
threshold=1.0000000180025095e-35 1.5000000000000002 1.0000000180025095e-35 16.162940643980644 0.082614134587895641 0.0069072814310909844 1.0000000180025095e-35 48.060385093700944 8.9699445391712178 2.844012958870386 62.143516664855788 14.634732589512696 1.0499536332980961 1.2672619047619049 10.948684210526318 54.072890762357922 0.72281323877068571 97.482861273933665 4.7019488997986372 2.3384148372927034 3.211527777777778 -1.0625250949464058 1.0000000180025095e-35 16.558304332830414 3.2494907407407414 35.192906856096911 -0.3975982005560354 5.5000000000000009 21.688920369532266 159.57050156631985
decision_type=2 2 2 10 8 2 2 2 2 2 2 2 10 2 2 2 2 2 2 2 2 2 2 10 2 2 10 2 2 2
left_child=2 -2 4 10 8 -5 11 18 9 -1 -4 12 24 14 15 16 -14 -17 19 -7 -20 -13 -23 -8 27 -26 -27 28 -6 -30
right_child=1 -3 3 5 6 7 23 -9 -10 -11 -12 21 13 -15 -16 17 -18 -19 20 -21 -22 22 -24 -25 25 26 -28 -29 29 -31
leaf_value=-0.033896355543817792 -0.0058753167203259328 -0.038113614278180261 -0.010442072071329973 0.01400163107277716 0.0033895519529904411 0.007172846572433153 -0.017528980280598249 -0.040287870764732364 -0.0262137179290328 0.0097037852741777911 0.0069837595376400488 0.011299099395206819 0.036895435499782497 -0.039351245049725883 -0.041728743470527907 -0.026633952910962863 -0.00093457010001517259 0.015138532221317292 -0.0021429433977462014 -0.010461868525630037 0.025931970208823204 -0.035389034020505389 0.0019313929602503778 0.0082470849881944967 -0.0038289103589410518 0.0022905149063918483 0.045163718649101535 0.0096893689884395093 -0.026558859494204324 0.0012750027941102276
leaf_weight=21 86 21 86 85 3089 92 123 20 68 66 493 30 37 33 22 38 52 20 1258 648 31 49 34 43 668 43 22 564 60 83
leaf_count=21 86 21 86 85 3089 92 123 20 68 66 493 30 37 33 22 38 52 20 1258 648 31 49 34 43 668 43 22 564 60 83
internal_value=5.92176e-12 -0.0122025 0.000165735 -0.00187319 0.00123671 -0.00357401 0.00164502 -0.00430311 -0.0119607 -0.000820387 0.00439547 0.00207328 0.0024038 -0.00796737 -0.00183916 0.00413071 0.0147925 -0.0122296 -0.00394841 -0.00826944 -0.00146775 -0.0117648 -0.0201011 -0.010852 0.00286637 -0.00199948 0.0168014 0.00380596 0.00277928 -0.0104035
internal_weight=7985 107 7878 2713 5165 2134 5010 2049 155 87 579 4844 4731 202 169 147 89 58 2029 740 1289 113 83 166 4529 733 65 3796 3232 143
internal_count=7985 107 7878 2713 5165 2134 5010 2049 155 87 579 4844 4731 202 169 147 89 58 2029 740 1289 113 83 166 4529 733 65 3796 3232 143
is_linear=0
shrinkage=0.05


Tree=98
num_leaves=31
num_cat=0
split_feature=237 310 247 103 25 19 52 72 260 2 58 24 20 39 16 90 66 58 94 0 75 48 92 37 21 58 59 361 226 31
split_gain=6.21593 8.47962 6.77744 8.12015 7.36757 7.50267 8.49717 9.18666 8.01388 7.52712 7.35289 6.82163 7.14163 6.92406 6.75021 6.71618 8.49792 12.2781 11.8347 11.5137 7.78449 13.0413 11.0954 13.0714 11.5797 8.80924 8.51297 8.46137 8.37117 8.48107
threshold=1.0000000180025095e-35 1.0000000180025095e-35 1.0000000180025095e-35 4.1776917989418001 -0.31825019441830538 10.379654297349015 13.60281375785347 9.3870132999451439 1.0000000180025095e-35 0.31395927815570696 12.643857140405801 4.5910001572301491 2.5854392643960327 2.1533370097673044 1.2788888888888892 12.133347560147252 6.5458838797968317 12.903610637345304 4.8160628839042285 11.664610260770976 12.578498813431359 11.642296559348251 38.082333853023208 2.5114563143534636 -2.0512047550056081 23.362633886399305 39.2930646747891 1.0000000180025095e-35 1.0000000180025095e-35 2.6573629245364052
decision_type=2 2 2 2 8 10 2 2 2 2 2 10 10 2 2 2 2 2 2 2 2 2 2 2 10 2 2 2 2 2
left_child=2 -2 4 -4 10 15 7 8 -7 -10 11 -1 13 -13 -9 20 18 -18 19 -17 21 22 23 28 -25 -23 -22 -24 29 -6
right_child=1 -3 3 -5 5 6 -8 14 9 -11 -12 12 -14 -15 -16 16 17 -19 -20 -21 26 25 27 24 -26 -27 -28 -29 -30 -31
leaf_value=-0.022358295071171597 -0.03752622001876052 -0.00026637865859713104 -0.0009205240938657274 0.036518667957612445 -0.02974284589290619 0.0060447267990320465 0.035778613844221194 -0.039690680541098117 -0.023032104235608131 0.0074587045244074298 -0.011594677545522436 0.0020135701091098181 -0.021663560705452129 0.030686440707548807 -0.0024328223639918916 -0.011312656302296961 -0.0086582151710628032 0.001210735606680356 -0.0034526804683943433 -0.045766961411572993 0.0023123880295364599 -0.04816303462721408 0.002501530435660647 -0.0098941385142422133 -0.048627386987209323 -0.0083510381705833216 0.021236162423537892 0.028970272046325803 -0.022568175705467784 0.00087868553943857772
leaf_weight=32 26 37 30 28 23 924 21 20 48 35 263 249 29 23 31 67 415 1310 225 38 2309 24 72 157 22 33 61 52 41 1340
leaf_count=32 26 37 30 28 23 924 21 20 48 35 263 249 29 23 31 67 415 1310 225 38 2309 24 72 157 22 33 61 52 41 1340
internal_value=6.12192e-13 -0.0156435 0.000124405 0.0171536 -1.19141e-06 0.000437063 0.00428449 0.00365937 0.00470789 -0.0101745 -0.00534554 -0.000410035 0.00192333 0.00443811 -0.0170437 -0.000233703 -0.00256985 -0.00116353 -0.00992105 -0.0237818 0.000927589 -0.00158733 -0.000801734 -0.00192996 -0.0146546 -0.025114 0.00279946 0.0136013 -0.000307651 0.000361961
internal_weight=7985 63 7922 58 7864 7268 1079 1058 1007 83 596 333 301 272 51 6189 2055 1725 330 105 4134 1764 1707 1583 179 57 2370 124 1404 1363
internal_count=7985 63 7922 58 7864 7268 1079 1058 1007 83 596 333 301 272 51 6189 2055 1725 330 105 4134 1764 1707 1583 179 57 2370 124 1404 1363
is_linear=0
shrinkage=0.05


Tree=99
num_leaves=31
num_cat=0
split_feature=102 89 77 45 4 109 222 13 104 55 24 12 356 128 16 13 61 55 25 49 57 100 35 62 27 99 93 49 22 176
split_gain=5.98889 11.1727 7.44441 7.75472 7.17359 7.13065 6.88236 7.12299 10.6544 10.5197 9.75494 9.26391 9.41358 11.6532 9.55867 9.76771 9.97024 9.66433 9.20046 8.93853 8.92783 8.37875 8.21563 8.04854 8.26837 7.94412 8.08867 7.77705 7.58894 7.32449
threshold=34.868031564779393 63.532899894449436 37.533905513208836 12.578159567086367 0.13492631694684609 1.0000000180025095e-35 1.0000000180025095e-35 0.50740122707597679 -9.2488378239592279 18.327840488774427 6.564158919492443 -0.50662922283762257 1.0000000180025095e-35 19.503172065610396 1.1195238095238098 0.46176988074975223 14.06530527027496 5.2595634745176278 -0.66852599456689532 6.5758191852127474 12.184956828357231 -3.718998960695389 8.9720155443185163 58.026553840059165 1.0000000180025095e-35 5.2723757558579001 31.416102662898151 12.391907027052007 2.40542177790191 2.5000000000000004
decision_type=2 2 2 2 2 2 2 8 2 2 10 10 2 2 2 10 2 2 10 2 2 2 2 2 2 2 2 2 10 2
left_child=1 2 6 5 -3 -4 7 8 -1 11 27 -10 13 14 25 18 17 -17 -16 22 -21 -14 -20 24 -23 -13 -27 28 29 -9
right_child=-2 4 3 -5 -6 -7 -8 10 9 -11 -12 12 21 -15 15 16 -18 -19 19 20 -22 23 -24 -25 -26 26 -28 -29 -30 -31
leaf_value=0.034319919110699135 -0.014999228507760122 0.0066573532712128434 -0.049124475701579025 0.007215747199952602 0.045120358534834606 -0.011136221860845884 -0.024615800114614624 0.0031607915905293668 -0.012749348266994302 -0.01741586573483361 0.018286316441855271 -0.0093176420693735374 0.021017151668221219 0.023149116518713223 -0.030779907261223899 -0.0098434034426889694 -0.0005288770820900229 -0.045644269892945892 0.0015698982117797054 0.0019844001435682687 -0.016985399886493037 -0.020614057711791249 0.030373535793274644 0.033766307495534421 0.0023512728482951262 0.024940615690623724 -0.01126247085975828 0.0237257520963506 -0.021709291154847429 -0.019817499577119535
leaf_weight=22 66 27 21 25 22 30 28 946 146 91 106 551 61 48 23 328 432 20 2540 117 132 40 25 20 1944 36 27 41 34 36
leaf_count=22 66 27 21 25 22 30 28 946 146 91 106 551 61 48 23 328 432 20 2540 117 132 40 25 20 1944 36 27 41 34 36
internal_value=9.06556e-12 0.000125009 -2.31826e-05 -0.0155961 0.0239265 -0.0267784 0.000128671 0.000217886 -0.000417623 -0.000533749 0.00382603 -0.000297036 -1.04596e-05 -0.00134846 -0.00162638 -0.000647208 -0.00560256 -0.0119009 0.000715208 0.00097263 -0.00807188 0.00276207 0.00185064 0.00220641 0.00188826 -0.00739454 0.00942501 0.00237589 0.00151433 0.00231841
internal_weight=7985 7919 7870 76 49 51 7794 7766 6603 6581 1163 6490 6344 4279 4231 3617 780 348 2837 2814 249 2065 2565 2004 1984 614 63 1057 1016 982
internal_count=7985 7919 7870 76 49 51 7794 7766 6603 6581 1163 6490 6344 4279 4231 3617 780 348 2837 2814 249 2065 2565 2004 1984 614 63 1057 1016 982
is_linear=0
shrinkage=0.05


Tree=100
num_leaves=31
num_cat=0
split_feature=180 144 64 59 314 41 17 68 23 71 104 4 103 60 119 22 102 58 58 87 24 15 83 122 27 0 60 66 27 68
split_gain=6.02525 6.95269 8.80551 11.242 10.5948 10.43 15.5337 9.84255 9.72642 9.22648 9.14159 10.9718 29.0659 9.74341 9.51509 10.9614 9.00417 8.96353 8.76359 10.4457 10.5264 10.5185 8.60056 8.29659 8.0889 7.79138 9.0535 11.9382 7.77627 10.1098
threshold=1.0000000180025095e-35 1.0000000180025095e-35 4.780752649731185 22.517209512500393 1.0000000180025095e-35 -0.83499999999999985 1.1440092165898619 101.11657785678895 -2.2103837538839239 4.7336352978531382 1.2752976190476193 0.33912291085640034 3.9463918124482475 40.861197835542846 2.5000000000000004 2.1392443256917719 0.10865740740740727 40.066064542779166 34.184375154004634 38.526731342109706 5.0314026592676777 0.40270270270270275 26.505000000000006 6.5000000000000009 3.6146761073484108 11.432626291257245 27.415259009929901 5.6182655752357471 3.4133282425856553e-06 82.835161790281646
decision_type=2 2 2 2 2 2 2 2 10 2 2 2 2 2 2 8 2 2 2 2 8 2 2 2 2 2 2 2 2 2
left_child=1 2 4 5 7 6 -4 10 9 22 13 12 -12 14 18 16 -16 -7 -1 20 -20 -22 -5 -9 25 -6 27 -27 -8 -30
right_child=-2 -3 3 8 24 17 28 23 -10 -11 11 -13 -14 -15 15 -17 -18 -19 19 -21 21 -23 -24 -25 -26 26 -28 -29 29 -31
leaf_value=0.0011299135263375026 -0.0087270181947429991 -0.012563097831305296 -0.043670199669542768 -0.0058800097461789852 0.002074391241541611 0.0059933058553810654 0.023278749131542795 0.045207572482864972 0.026635810981815063 0.0029081915614198304 -0.056384829905416295 -0.003876312583350481 0.013407205761625216 -0.031285575428046289 0.0066337850910504585 0.016896696696057919 -0.026823218237065401 0.032237648963766539 0.029818162354640666 0.022376758358715214 -0.03497874503809726 -0.0056562401390029323 0.032228891761859134 0.003107047632336617 -0.029565003201460993 -0.040998351850014714 0.0026385772755204498 -0.010474818686014731 -0.00032727139458594532 -0.034553066059015695
leaf_weight=3608 193 105 21 20 183 338 34 22 75 297 35 401 26 24 61 180 30 36 20 34 32 691 57 25 39 42 79 135 1120 22
leaf_count=3608 193 105 21 20 183 338 34 22 75 297 35 401 26 24 61 180 30 36 20 34 32 691 57 25 39 42 79 135 1120 22
internal_value=-1.40359e-11 0.000216159 0.000390717 0.00322517 -0.000619624 0.00123105 -0.00104621 3.65379e-05 0.0102024 0.0069069 -0.000171655 -0.00688157 -0.0266374 0.000490734 0.000654529 0.00974675 -0.004396 0.0085195 9.26156e-05 -0.00472408 -0.00596422 -0.00695406 0.0223305 0.0228137 -0.00774269 -0.00580403 -0.0114359 -0.0177177 -0.000285063 -0.000986612
internal_weight=7985 7792 7687 2020 5667 1571 1197 5189 449 374 5142 462 61 4680 4656 271 91 374 4385 777 743 723 77 47 478 439 256 177 1176 1142
internal_count=7985 7792 7687 2020 5667 1571 1197 5189 449 374 5142 462 61 4680 4656 271 91 374 4385 777 743 723 77 47 478 439 256 177 1176 1142
is_linear=0
shrinkage=0.05


Tree=101
num_leaves=31
num_cat=0
split_feature=44 62 45 53 104 62 348 21 68 97 33 57 100 58 42 25 13 53 25 24 330 92 9 90 62 24 49 88 98 102
split_gain=5.78048 9.04609 8.26741 10.5052 10.5701 9.37567 9.89004 10.1818 9.53268 8.97012 10.9289 10.4744 12.3492 11.6361 11.0026 10.7616 9.49742 8.70428 9.2952 8.59049 8.50698 9.1227 8.26468 8.42567 8.02295 9.91138 9.75284 8.0862 10.0236 17.9288
threshold=2.9704114530740471 35.696414422045031 1.6252545102389664 4.1959919624070894 3.4309731670445962 88.824949316234594 1.0000000180025095e-35 -2.4263821135672519 51.024297303175182 1.0000000180025095e-35 6.0909347157285731 71.166487755208991 1.2932154142521213 42.320496615353328 16093.161839771894 0.32352348342803189 0.062225394893631096 4.5660739663613432 0.48295507092817641 5.7972763183963041 1.0000000180025095e-35 31.699532460256439 101.00000000000001 12.510501313300738 33.183384781865179 5.8397792251653469 5.964429928347843 25.691961388951693 17.543611677125188 1.8218750000000001
decision_type=2 2 2 2 2 2 2 8 2 2 2 2 2 2 2 10 10 2 8 10 2 2 2 2 2 8 2 2 2 2
left_child=1 -1 19 5 17 6 7 -4 -7 10 16 12 15 14 -13 -12 -9 18 -5 -2 21 24 23 -18 25 27 -27 28 -19 -30
right_child=2 -3 3 4 -6 8 -8 9 -10 -11 11 13 -14 -15 -16 -17 22 20 -20 -21 -22 -23 -24 -25 -26 26 -28 -29 29 -31
leaf_value=0.0022256551760505036 0.0032509032109948365 0.027954968927162035 -0.032876512234837847 0.028146852498264648 0.017747573735478271 -0.050118749439716337 0.0037483899532183445 -0.025357915815453286 -0.0076610668813093356 -0.006545523311324972 0.039180374834122081 -0.021340721570664929 -0.014563614269718528 -0.026900493389656468 0.021202761154960503 -0.00053572252230799718 0.0020479334828794357 -0.00049900707267093003 -0.0094164736811881491 -0.012023328929005759 -0.0038693478718386724 0.012859514751165224 -0.025928387040215911 -0.0094972837286987494 -0.0056229074107164347 0.0082452152021143706 -0.0044984417104243701 0.01456013186497317 -0.0037755035441817651 -0.046025685143346595
leaf_weight=1427 133 35 29 58 101 20 607 43 39 1009 66 21 20 31 55 23 726 530 23 299 719 190 33 202 339 836 183 69 83 36
leaf_count=1427 133 35 29 58 101 20 607 43 39 1009 66 21 20 31 55 23 726 530 23 299 719 190 33 202 339 836 183 69 83 36
internal_value=-1.45895e-11 0.00284161 -0.00063689 -0.000162835 0.00183239 -0.00232388 -0.00191758 -0.00344072 -0.0220535 -0.00305775 -0.000173186 0.0100296 0.0209386 -0.00108335 0.00944733 0.0289167 -0.00236821 0.00130812 0.0174807 -0.00732085 0.000869263 0.00237282 -0.00133953 -0.000465142 0.00141306 0.00278622 0.00595661 -0.00171325 -0.0034434 -0.0165571
internal_weight=7985 1462 6523 6091 3167 2924 2865 2258 59 2229 1220 216 109 107 76 89 1004 3066 81 432 2985 2266 961 928 2076 1737 1019 718 649 119
internal_count=7985 1462 6523 6091 3167 2924 2865 2258 59 2229 1220 216 109 107 76 89 1004 3066 81 432 2985 2266 961 928 2076 1737 1019 718 649 119
is_linear=0
shrinkage=0.05


Tree=102
num_leaves=31
num_cat=0
split_feature=178 84 120 184 49 50 54 107 101 97 89 76 76 44 4 59 77 222 30 80 3 14 38 2 183 65 21 12 128 65
split_gain=5.5969 6.00907 5.88256 5.74283 7.44613 8.26258 11.6226 7.18226 8.29407 7.96689 10.9785 10.6165 11.5578 10.2767 8.92146 7.78588 7.62195 9.9505 7.11084 7.52858 7.08752 13.2878 24.7057 13.5479 10.1654 8.5704 8.4728 9.94159 10.2482 9.29296
threshold=1.0000000180025095e-35 35.246606459547031 9.5000000000000018 1.0000000180025095e-35 11.36270048648241 5.9125428877564508 4.3079236804599113 7.5000000000000009 -1.563127507568518 43.621679197857368 63.532899894449436 44.736769662106717 40.395000516181739 24.417745461962436 0.13492631694684609 22.517209512500393 37.533905513208836 1.0000000180025095e-35 4.4917203014908127 5.4975317319372232 -0.93055555555555536 0.55007109410303001 1.9464059995679763 1.0000000180025095e-35 1.5000000000000002 27.122562167606969 -2.2131168685742062 -0.50405165791173279 11.022432105548775 10.253223863237341
decision_type=2 2 2 2 2 2 2 2 2 2 2 2 2 2 2 2 2 2 2 2 2 10 2 2 2 2 8 10 2 2
left_child=3 2 -2 7 5 6 -5 8 -1 10 11 12 16 -13 -12 -9 17 18 19 -10 26 23 -23 -22 25 -25 27 -20 -29 -28
right_child=1 -3 -4 4 -6 -7 -8 15 9 -11 14 13 -14 -15 -16 -17 -18 -19 20 -21 21 22 -24 24 -26 -27 29 28 -30 -31
leaf_value=-0.027013493387092802 -0.0097113942956460319 0.0035790550412938878 -0.038509738899767401 0.0092348550959113276 -0.0055237788723648661 -0.011244670900050551 0.041387677105376497 0.023942096430867438 0.0032410002279099452 -0.012346393802147219 0.0053412282287522601 0.046397285008182132 -0.036501408495347609 0.0010250635445117951 0.049400763250887395 -0.0040527646123181757 -0.017517815128205314 -0.034414359022464071 0.02045836946807611 0.033482244810355562 0.020158713242419486 0.008551490982063115 -0.062470187008380897 -0.0018969976144191589 -0.029513523586545933 0.020296575723808597 0.0025229855198641467 -0.0040680475528987207 -0.037646679067984225 0.0160980459908855
leaf_weight=29 61 51 25 231 105 40 32 63 1030 133 27 24 22 26 20 41 63 21 39 21 71 24 25 3826 33 44 1267 427 24 140
leaf_count=29 61 51 25 231 105 40 32 63 1030 133 27 24 22 26 20 41 63 21 39 21 71 24 25 3826 33 44 1267 427 24 140
internal_value=1.82495e-11 -0.010019 -0.018083 0.000174899 0.00595067 0.00992696 0.013147 -0.000141837 -0.000326807 -0.000220893 3.90385e-06 -0.000154935 -0.000317141 0.0228037 0.02409 0.0129057 -0.000204306 -4.8306e-05 5.52211e-05 0.00384525 -0.000617637 -0.00180563 -0.0276841 -0.00148655 -0.0018803 -0.00164467 0.00190177 -0.00376061 -0.00585494 0.00387374
internal_weight=7985 137 86 7848 408 303 263 7440 7336 7307 7174 7127 7077 50 47 104 7055 6992 6971 1051 5920 4023 49 3974 3903 3870 1897 490 451 1407
internal_count=7985 137 86 7848 408 303 263 7440 7336 7307 7174 7127 7077 50 47 104 7055 6992 6971 1051 5920 4023 49 3974 3903 3870 1897 490 451 1407
is_linear=0
shrinkage=0.05


Tree=103
num_leaves=31
num_cat=0
split_feature=237 46 66 55 89 99 23 34 19 7 26 16 25 89 99 262 134 15 45 184 11 252 235 72 53 75 298 143 70 14
split_gain=5.39125 8.20091 6.28926 5.6708 9.98666 8.67037 7.41026 11.0273 9.39595 9.10553 8.54114 7.2164 8.47206 7.20993 11.8683 7.67341 7.44781 6.89418 6.70666 6.44659 6.52378 6.50223 7.59324 6.44609 6.28798 8.50149 10.277 8.40252 7.89346 12.262
threshold=1.0000000180025095e-35 74.693128034375391 45.789724841120332 5.1000446670203816 48.56472218199584 -0.54808641975308547 -2.2072179328016577 11.054099717639771 10.202421521907938 341.43900000000014 2.661777179512403 1.3538899430740041 -0.14580422685532235 5.8989547455658675 7.094610151098923 1.0000000180025095e-35 3.5000000000000004 0.77951388888888895 2.9766046190708706 1.0000000180025095e-35 0.22148914547270457 1.0000000180025095e-35 1.0000000180025095e-35 9.8334378452510141 25.428848789155854 52.382439454602952 1.0000000180025095e-35 2.5000000000000004 5.7184490539837345 0.41950788976571668
decision_type=2 2 2 2 2 2 10 2 10 2 2 2 8 2 2 2 2 2 2 2 10 2 2 2 2 2 2 2 2 10
left_child=3 -2 -3 13 5 18 7 8 10 23 11 17 -13 15 16 19 24 -7 -5 21 -21 22 -1 -10 25 28 27 -27 -15 -30
right_child=1 2 -4 4 -6 6 -8 -9 9 -11 -12 12 -14 14 -16 -17 -18 -19 -20 20 -22 -23 -24 -25 -26 26 -28 -29 29 -31
leaf_value=0.0017792951478046448 -0.041020297082141048 0.015565640073391084 -0.022771984450519086 0.030734394304023162 0.031389632318168881 -0.010577152442672979 -0.00097068694665032476 0.002114912674792844 -0.0022946863311105671 0.01814575210446492 -0.03781559929672268 -0.031855192168785094 0.0048575919146903535 -0.00033252133135878059 0.012697629136949364 -0.021053421651678426 -0.028772268895059822 -0.048508472695946693 0.0017240375427431183 0.0019551818253924413 0.023624411941519086 0.012231876052438084 -0.023925828407036848 -0.030444315792710494 -0.021341812419585694 0.02383816251481705 -0.017262196207539767 -0.0082773488798501115 -0.0051286929581336009 -0.04389325272114504
leaf_weight=3080 20 23 20 27 20 23 377 122 53 32 62 22 55 2465 152 35 25 25 76 68 71 149 29 33 39 94 27 26 714 21
leaf_count=3080 20 23 20 27 20 23 377 122 53 32 62 22 55 2465 152 35 25 25 76 68 71 149 29 33 39 94 27 26 714 21
internal_value=1.36377e-11 -0.0145688 -0.00226581 0.000115859 -0.0035589 -0.00432954 -0.00607929 -0.0105897 -0.0156715 -0.00462387 -0.0226428 -0.0151171 -0.00563177 0.00060285 -0.00097261 0.00223845 -0.00158178 -0.030333 0.00932869 0.00247843 0.0130236 0.00202852 0.00153952 -0.0130963 -0.00138102 -0.00114844 0.0106088 0.0168798 -0.00168853 -0.00623625
internal_weight=7985 63 43 7922 927 907 804 427 305 118 187 125 77 6995 3563 3432 3411 48 103 3397 139 3258 3109 86 3386 3347 147 120 3200 735
internal_count=7985 63 43 7922 927 907 804 427 305 118 187 125 77 6995 3563 3432 3411 48 103 3397 139 3258 3109 86 3386 3347 147 120 3200 735
is_linear=0
shrinkage=0.05


Tree=104
num_leaves=31
num_cat=0
split_feature=180 20 29 98 144 64 20 59 71 101 41 17 67 97 45 99 11 130 112 88 27 378 6 11 59 18 76 30 27 0
split_gain=5.26758 6.59642 9.73436 6.19001 6.14328 7.79483 10.6917 12.6301 13.5233 9.55536 8.73176 10.8012 8.63306 11.4942 13.2925 15.3067 9.59254 9.40541 11.0594 13.4001 9.06078 9.46776 10.6125 8.48504 11.8826 7.69834 7.34374 11.0327 12.6917 9.57297
threshold=1.0000000180025095e-35 2.3903479207829421 15.39294090181515 2.6231186994489666 1.0000000180025095e-35 4.780752649731185 2.6922742493898437 23.973486443310684 9.2281435434457251 -0.96784507012681587 -0.83499999999999985 1.1440092165898619 5.3234391255338798 0.089525747862914576 9.0411762506599498 1.3221584467120187 0.053984774744168178 0.57830000000000004 1.0000000180025095e-35 36.407855449141941 2.5346473736920628e-07 1.0000000180025095e-35 466.40150000000023 0.34652206734709762 18.76516737010617 35.496755616190775 29.48867371838163 13.960673034408495 -1.0000000180025095e-35 5.7773518203577732
decision_type=2 8 2 2 2 2 10 2 2 2 2 2 2 2 2 2 8 2 2 2 2 2 2 10 2 10 2 2 2 2
left_child=4 2 3 -2 5 9 7 10 -9 -1 11 -7 16 14 -14 -16 -11 -15 19 20 -19 -22 23 24 -23 -20 29 28 -28 -18
right_child=1 -3 -4 -5 -6 6 -8 8 -10 12 -12 -13 13 17 15 -17 26 18 25 -21 21 22 -24 -25 -26 -27 27 -29 -30 -31
leaf_value=-0.029211702300556776 -0.025106224410787775 -0.001108162489063183 -0.049841011241078377 0.0097928025914977013 -0.011810275445293103 -0.036070495772929416 -0.033343270346522333 0.022801005121326382 0.0035338133957431937 -0.0048779319601266026 0.0081756319564598758 9.3248595806700945e-05 -0.00083573208735096246 0.0026283145063216726 0.0091001195455158983 0.05590432854369283 0.014219077438529995 -0.03623952401976567 0.008809948991536377 0.016969291840602332 -0.006022402976621993 -0.0083065929922700073 0.012007053500662248 -0.040616597305051988 -0.03136376341684239 -0.018112222221316188 -0.054426975583746318 0.01835180823267861 -0.0064253758965060115 0.002240860865899147
leaf_weight=29 27 122 20 24 105 21 20 158 215 512 376 1230 806 315 138 20 180 32 156 48 717 171 30 40 83 32 21 22 40 2275
leaf_count=29 27 122 20 24 105 21 20 158 215 512 376 1230 806 315 138 20 180 32 156 48 717 171 30 40 83 32 21 22 40 2275
internal_value=-1.39212e-11 -0.00815988 -0.0202769 -0.00868315 0.000202112 0.000366194 0.00303303 0.00339679 0.0116953 -0.000584397 0.00149432 -0.000513817 -0.000437148 -0.00256116 0.0017638 0.0150247 0.00136513 -0.00512844 -0.00699504 -0.00887714 -0.0100334 -0.0092278 -0.0163212 -0.0192118 -0.015841 0.00422745 0.00262457 -0.0120029 -0.0229505 0.0031191
internal_weight=7985 193 71 51 7792 7687 2020 2000 373 5667 1627 1251 5638 2588 964 158 3050 1624 1309 1121 1073 1041 324 294 254 188 2538 83 61 2455
internal_count=7985 193 71 51 7792 7687 2020 2000 373 5667 1627 1251 5638 2588 964 158 3050 1624 1309 1121 1073 1041 324 294 254 188 2538 83 61 2455
is_linear=0
shrinkage=0.05


Tree=105
num_leaves=31
num_cat=0
split_feature=138 4 260 114 71 12 25 94 97 12 104 53 98 47 62 44 39 95 104 94 67 289 43 27 45 71 40 131 19 15
split_gain=5.08025 8.82851 10.1145 6.92798 7.55087 5.91697 11.4869 9.16116 8.97569 9.01964 11.6478 8.4321 11.1461 11.5077 11.1802 10.9547 10.6826 13.0905 8.59442 8.3478 9.4039 8.07822 8.89539 15.6258 10.0285 9.9603 7.85308 13.0243 11.3957 9.17447
threshold=1.0000000180025095e-35 0.67109314294315581 1.0000000180025095e-35 1.5000000000000002 5.4921352671771055 -0.27682287878978112 0.66875806776902902 70.30490500358367 0.19168249244142146 -0.33067399615291343 -3.6924074074074063 4.4418627319782091 20.719353918917026 32.41415161440559 36.879151413940853 1.9533670182426908 1.8781893729917976 1.0204176114890406 3.7577116402116406 20.897705636993379 46.940421558137011 1.0000000180025095e-35 19.232254475282836 2.5346473736920628e-07 15.893030065756241 22.153882392608985 3.5751032579716369 79.171400000000034 10.04385199640693 0.60303030303030314
decision_type=2 2 2 2 2 10 8 2 2 10 2 2 2 2 2 2 2 2 2 2 2 2 2 2 2 2 2 2 8 2
left_child=3 2 -2 5 -5 7 -7 8 9 26 -11 12 13 14 15 -10 17 -16 19 20 -13 22 25 -24 -25 -17 27 -1 -29 -28
right_child=1 -3 -4 4 -6 6 -8 -9 11 10 -12 18 -14 -15 16 21 -18 -19 -20 -21 -22 -23 23 24 -26 -27 29 28 -30 -31
leaf_value=0.0024317607685880043 0.0050977506524262327 -0.023648391977573437 -0.018910907862347462 0.023449197869138936 0.0026040802581790297 -0.0086796425561287693 0.00097651803748327105 -0.032344608292693186 0.019829852133989335 0.048292043872854934 0.0096280559138668814 0.0017337143069942414 0.0089081408441415988 -0.040931342135776178 0.024184032881021267 -0.0085136146082493494 0.033616757693567444 -0.018264708448467511 0.017668351120817917 -0.0076611184436161167 -0.031854209924737614 0.0017556810195700412 -0.054556368431076412 -0.021627419898613245 0.019523626947775485 0.014749223589707089 0.0066149654026542402 0.007799566211178899 0.042295956430144804 -0.01675380753907597
leaf_weight=1212 150 60 62 65 131 536 724 21 40 22 170 2722 160 22 32 755 35 42 76 275 21 222 28 57 20 49 70 62 39 105
leaf_count=1212 150 60 62 65 131 536 724 21 40 22 170 2722 160 22 32 755 35 42 76 275 21 222 28 57 20 49 70 62 39 105
internal_value=1.46094e-11 -0.00671587 -0.00192365 0.000236836 0.009517 -5.13703e-06 -0.00313118 0.000624369 0.000735393 0.00385923 0.0140583 -0.000416504 -0.0035457 -0.00507612 -0.00445986 -0.00588555 0.0108565 9.1504e-05 0.00106213 0.000643944 0.00147657 -0.00679503 -0.00888332 -0.0225702 -0.0109388 -0.00709585 0.00254322 0.00386931 0.02112 -0.0074063
internal_weight=7985 272 212 7713 196 7517 1260 6257 6236 1680 192 4556 1462 1302 1280 1171 109 74 3094 3018 2743 1131 909 105 77 804 1488 1313 101 175
internal_count=7985 272 212 7713 196 7517 1260 6257 6236 1680 192 4556 1462 1302 1280 1171 109 74 3094 3018 2743 1131 909 105 77 804 1488 1313 101 175
is_linear=0
shrinkage=0.05


Tree=106
num_leaves=31
num_cat=0
split_feature=102 89 4 41 77 45 109 100 70 97 54 61 104 62 87 52 52 52 85 19 12 20 61 4 37 21 60 47 7 61
split_gain=4.92936 6.96816 6.814 6.65372 5.62086 6.49789 6.143 5.77029 7.86502 8.15884 7.75336 6.53968 6.39758 7.85466 7.84113 7.97658 12.2084 7.93421 12.7214 8.12698 7.96008 7.91582 7.4821 7.42186 8.84667 8.79716 10.0054 14.2672 20.0393 20.7828
threshold=40.068718362557576 63.532899894449436 0.13492631694684609 -1.1449999999999998 37.533905513208836 12.578159567086367 1.0000000180025095e-35 -1.3646236807774303 17.10630504368066 36.437059729312736 8.3919839248141788 19.084325975576149 -10.637096733522315 92.850713411835017 46.00243628433919 8.9261956331155918 11.184853214129996 6.7200130158908129 8.5245573857607138 10.168707995395639 -0.55032994651880929 2.1822584093149189 26.686985310357517 0.56822399821206548 1.5615299203694419 -2.1493556367973929 5.6904619377308094 9.6480249765908006 190.29750000000001 23.878863159647974
decision_type=2 2 2 2 2 2 2 2 2 2 2 2 2 2 2 2 2 2 2 10 10 8 2 2 2 8 2 2 2 2
left_child=1 4 -3 -2 7 6 -6 10 9 12 -1 -11 -9 14 15 17 -17 20 19 -19 21 -14 -16 25 -25 -18 27 -27 29 -29
right_child=3 2 -4 -5 5 -7 -8 8 -10 11 -12 -13 13 -15 22 16 23 18 -20 -21 -22 -23 -24 24 -26 26 -28 28 -30 -31
leaf_value=0.0070031641737039567 0.00014645045490137168 0.0026015670809509429 0.039503224972974177 -0.037085153526138691 -0.044530456548645382 0.0073281171470880513 -0.0092710341451068736 0.022109532762657515 -0.010738497749380717 0.0017624392856618967 -0.0025420667998411733 -0.019502247123818962 0.005490898210382001 -0.025924918684979967 0.035536103323101996 -0.026747405373801787 -0.020541359339566793 -0.024075474645942452 0.042556031301085442 0.011515329749306183 -9.7607432829716257e-05 0.035189483297678334 0.0062622014208436882 0.03646283572624353 0.0016210269279567141 0.0018216498200139351 0.0050051386872740486 -0.042202577461527356 -0.049869478648788365 0.01693382411240003
leaf_weight=627 28 29 22 21 21 25 30 33 179 58 322 96 89 29 25 60 85 20 28 81 5319 30 172 22 106 116 206 24 43 39
leaf_count=627 28 29 22 21 21 25 30 33 179 58 322 96 89 29 25 60 85 20 28 81 5319 30 172 22 106 116 206 24 43 39
internal_value=-3.54253e-12 9.76169e-05 0.0185199 -0.01581 -2.15382e-05 -0.0135535 -0.0237896 0.00011016 -0.000395364 -0.000118247 0.00376442 -0.0114935 0.000150143 3.85542e-05 0.000155018 -0.000153687 -0.00518018 0.000479253 0.0127349 0.00446765 0.000188525 0.0129779 0.00997716 -0.00316141 0.00760946 -0.00584888 -0.00293098 -0.0102951 -0.023555 -0.00559433
internal_weight=7985 7936 51 49 7885 76 51 7809 6860 6681 949 154 6527 6494 6465 6268 701 5567 129 101 5438 119 197 641 128 513 428 222 106 63
internal_count=7985 7936 51 49 7885 76 51 7809 6860 6681 949 154 6527 6494 6465 6268 701 5567 129 101 5438 119 197 641 128 513 428 222 106 63
is_linear=0
shrinkage=0.05


Tree=107
num_leaves=31
num_cat=0
split_feature=225 128 356 176 128 3 98 252 100 22 13 4 22 97 88 73 68 33 92 43 23 23 101 180 42 144 64 138 59 8
split_gain=4.80147 5.54342 5.04781 9.16988 10.8035 9.35557 8.35423 7.90032 6.53572 7.09491 6.84334 8.26412 7.90984 13.4104 10.1945 7.02194 8.82195 6.73448 6.73004 6.58928 8.21157 7.0274 6.45373 6.35836 8.06325 7.66077 8.17479 8.87081 8.15975 10.3376
threshold=1.0000000180025095e-35 3.4320162278426234 1.0000000180025095e-35 1.5000000000000002 73.084489015987103 -4.7734837962962962 8.3800396825396835 1.0000000180025095e-35 -3.718998960695389 2.543548745243537 0.39255142541054994 0.84251037198617473 2.3943223417442812 28.945330980972894 25.668635619183174 1.0000000180025095e-35 37.480349770794078 8.8250786429057815 48.498548472763623 30.041353823244545 -2.4400486678907103 -1.7296089418394616 -0.96784507012681587 1.0000000180025095e-35 43762.694670018805 1.0000000180025095e-35 4.7262512531791581 1.0000000180025095e-35 21.468647838653215 193.07950990200001
decision_type=2 2 2 2 2 2 2 2 2 8 8 2 8 2 2 2 2 2 2 2 10 10 2 2 2 2 2 2 2 2
left_child=2 -2 23 4 5 7 -5 -4 9 -7 -10 12 14 15 18 -14 -17 -16 19 20 -12 22 -22 25 -25 26 -1 28 29 -28
right_child=1 -3 3 6 -6 8 -8 -9 10 -11 11 -13 13 -15 17 16 -18 -19 -20 -21 21 -23 -24 24 -26 -27 27 -29 -30 -31
leaf_value=-0.0014937170389460045 -0.035008678771555425 0.0017725552106276155 0.038792963350812594 0.033905242631832762 -0.028323285035308333 0.023183966013311876 0.0073492954434927361 0.0048499294521752749 0.0068717531518480831 -0.0062844572961330419 0.012028458148666562 0.015481470038183036 0.00094483652132445236 -0.04690360161899166 0.0045326409110037448 -0.035277922368167264 -0.0041761629194584917 0.044118065236225017 0.028017184294294568 -0.027169392515982813 -0.025331461880511292 0.018864156103227288 -0.0018881745337192939 -0.0046961146732576679 -0.03132819201176365 -0.016048037578972676 0.010680492886897253 -0.006520158092224425 0.012523189052328014 -0.0010775366225856294
leaf_weight=3626 21 20 30 36 31 64 167 40 341 30 116 75 142 22 22 38 57 21 20 24 30 40 1370 135 36 78 268 205 262 618
leaf_count=3626 21 20 30 36 31 64 167 40 341 30 116 75 142 22 22 38 57 21 20 24 30 40 1370 135 36 78 268 205 262 618
internal_value=-3.41826e-13 -0.0170666 8.8083e-05 0.00183674 0.00101101 0.00137739 0.0120587 0.0193969 0.000854438 0.0137792 0.000330312 -0.000797979 -0.00143991 -0.00956106 -0.000159708 -0.00609466 -0.0166169 0.0238651 -0.000805373 -0.00117022 -0.0007692 -0.00180012 -0.00239053 -0.000820363 -0.0103029 -0.000499717 -0.00025614 0.00306053 0.00477137 0.00247907
internal_weight=7985 41 7944 2716 2513 2482 203 70 2412 94 2318 1977 1902 259 1643 237 95 43 1600 1580 1556 1440 1400 5228 171 5057 4979 1353 1148 886
internal_count=7985 41 7944 2716 2513 2482 203 70 2412 94 2318 1977 1902 259 1643 237 95 43 1600 1580 1556 1440 1400 5228 171 5057 4979 1353 1148 886
is_linear=0
shrinkage=0.05


Tree=108
num_leaves=31
num_cat=0
split_feature=178 75 84 18 92 37 14 131 83 24 88 61 46 130 58 58 7 105 237 2 67 374 67 75 13 27 3 23 25 62
split_gain=4.5742 5.04365 12.136 7.015 15.2278 12.7249 14.0583 11.1674 10.5799 10.0041 8.1613 10.4301 9.05661 8.02709 7.65537 6.66551 7.03816 6.32209 6.07014 9.47095 6.03326 5.96959 5.79827 10.8769 11.8736 8.87909 14.1151 20.8367 8.61865 9.07123
threshold=1.0000000180025095e-35 12.578498813431359 28.890494842914446 16.141664073301452 38.082333853023208 2.4755928154379245 0.41583508147073261 84.017600000000058 9.4750000000000032 6.0448309497077677 11.048937789060906 9.8738433382739377 133.83836537686824 0.76129999999999998 25.13249144344773 34.184375154004634 50.023500000000006 0.47493734335839605 1.0000000180025095e-35 0.75000000000000022 6.2118998717072218 1.0000000180025095e-35 4.915188854954752 16.207844184372885 0.50794430183865125 2.9999970420030105e-06 -0.83914351851851832 -2.2072179328016577 -0.15263483967455752 11.757217591853953
decision_type=2 2 2 8 2 2 10 2 2 10 2 2 2 2 2 2 2 2 2 2 2 2 2 2 8 2 2 8 10 2
left_child=1 2 3 4 8 15 7 9 17 -7 11 12 -9 -10 -11 16 -5 -1 22 -20 -18 -17 23 24 -3 26 -24 -28 -27 -30
right_child=-2 18 -4 5 -6 6 -8 10 13 14 -12 -13 -14 -15 -16 21 20 -19 19 -21 -22 -23 25 -25 -26 28 27 -29 29 -31
leaf_value=0.0017836449394327781 -0.0090575247180451016 0.0084366768744785527 -0.037648374814054246 -0.024266657747071367 0.035075730473424001 -0.0089929899481441169 -0.049025439928201117 0.027479824274778367 0.028400202867342163 -0.050633027441799643 -0.0084301175425450011 0.037405040547517796 -0.014088268310297282 0.0045457560137471325 -0.015979857029228963 -0.02280558761539719 0.0018669246560738516 -0.014024231471231311 -0.033687633151308669 0.0076751757487654691 -0.0062410107923794415 -0.0011189792942828858 0.01723912818677328 0.002202080182417345 0.037687984177583456 -0.0061466463231830033 0.0091046026761932176 -0.039491179957985879 0.0042515027280056556 -0.0017304115804324617
leaf_weight=126 137 164 23 29 36 168 22 20 40 30 105 28 38 298 34 62 1438 127 31 25 273 65 179 1153 44 558 71 32 1066 1563
leaf_count=126 137 164 23 29 36 168 22 20 40 30 105 28 38 298 34 62 1438 127 31 25 273 65 179 1153 44 558 71 32 1066 1563
internal_value=2.57245e-11 0.000158114 -0.00146986 -0.00118673 0.00350404 -0.00245884 -0.0100568 -0.00803004 0.00158089 -0.0154014 0.000923671 0.012344 0.000245557 0.00736877 -0.0322235 -0.000647869 0.000159258 -0.00615153 0.00114503 -0.0152221 0.000573256 -0.0117061 0.00133479 0.00410058 0.0146245 0.000249684 0.00875359 -0.00599312 -0.00050278 0.000695119
internal_weight=7985 7848 2962 2939 627 2312 445 423 591 232 191 86 58 338 64 1867 1740 253 4886 56 1711 127 4830 1361 208 3469 282 103 3187 2629
internal_count=7985 7848 2962 2939 627 2312 445 423 591 232 191 86 58 338 64 1867 1740 253 4886 56 1711 127 4830 1361 208 3469 282 103 3187 2629
is_linear=0
shrinkage=0.05


Tree=109
num_leaves=31
num_cat=0
split_feature=138 4 260 114 37 89 100 67 237 0 55 95 61 107 47 47 235 64 61 64 79 2 101 16 264 59 8 136 130 27
split_gain=4.35127 7.95641 8.91848 5.81049 6.81873 5.71575 5.52672 5.20942 5.44533 6.29674 5.23221 6.12185 12.1859 7.36372 7.39138 7.72662 7.19734 6.83394 6.8289 6.38462 10.4278 11.2046 9.96063 8.52173 8.87646 8.26128 8.06143 9.25744 8.11337 14.8802
threshold=1.0000000180025095e-35 0.67109314294315581 1.0000000180025095e-35 1.5000000000000002 2.8653423574816794 6.055231422689042 -0.10205433253548289 64.28172181581985 1.0000000180025095e-35 5.7773518203577732 26.817028626781362 75.306093203266826 94.226842442824378 8.5000000000000018 59.449766058647754 45.38879029361393 1.0000000180025095e-35 14.732096228472434 24.361476604179231 4.780752649731185 72.815710898283882 0.018320139006015927 -0.96784507012681587 0.81365740740740755 1.0000000180025095e-35 11.88750070637909 234.148976116 1.5000000000000002 -0.3397400000000001 7.5091658187464229e-07
decision_type=2 2 2 2 2 2 2 2 2 2 2 2 2 2 2 2 2 2 2 2 2 2 2 2 2 2 2 2 2 2
left_child=3 2 -2 7 -5 -4 -3 8 10 -10 11 13 -13 14 15 16 17 19 -19 22 21 -21 -1 -23 25 -25 28 -28 -24 -30
right_child=1 6 5 4 -6 -7 -8 -9 9 -11 -12 12 -14 -15 -16 -17 -18 18 -20 20 -22 23 26 24 -26 -27 27 -29 29 -31
leaf_value=-0.031491489622455376 0.004927214442131421 -0.0030427586287260057 -0.028093484424365062 0.018139633089159952 -0.00051326778025902588 0.0043825410585850476 -0.03425425632504394 0.025481786532327536 0.0072225515930248166 -0.026588064171373844 -0.017139214660115119 0.047904743645340205 0.00099813036206695765 0.023951238975860181 -0.027227002456784249 0.022797411066052077 -0.022410627581929375 -0.018238011810753959 0.014062214336590842 0.014528086788521792 -0.032031173649288362 -0.025464698404539379 0.0073849290966331209 -0.000425013156701419 -0.0099147809083771077 0.0077977288405283417 -0.003279671132677733 0.030088467949203085 -0.025442290756784915 0.0005787259891020432
leaf_weight=26 150 23 42 97 99 20 37 20 21 40 44 20 45 32 25 37 36 90 20 199 21 28 437 604 132 618 2038 21 56 2907
leaf_count=26 150 23 42 97 99 20 37 20 21 40 44 20 45 32 25 37 36 90 20 199 21 28 437 604 132 618 2038 21 56 2907
internal_value=6.68969e-12 -0.00621538 -0.00166601 0.000219186 0.00871801 -0.0176173 -0.0222898 -2.41407e-06 -7.03991e-05 -0.0149483 5.16496e-05 0.000153976 0.0154309 1.84498e-05 -8.6533e-05 6.79736e-06 -0.000109787 1.76396e-06 -0.0123652 0.000193717 0.00297064 0.00343556 -0.000617336 0.0018383 0.00240291 0.00373346 -0.000470289 -0.00293935 0.00102494 8.69349e-05
internal_weight=7985 272 212 7713 196 62 60 7517 7497 61 7436 7392 65 7327 7295 7270 7233 7197 110 7087 1602 1581 5485 1382 1354 1222 5459 2059 3400 2963
internal_count=7985 272 212 7713 196 62 60 7517 7497 61 7436 7392 65 7327 7295 7270 7233 7197 110 7087 1602 1581 5485 1382 1354 1222 5459 2059 3400 2963
is_linear=0
shrinkage=0.05


Tree=110
num_leaves=31
num_cat=0
split_feature=314 101 83 363 316 57 359 96 66 296 62 18 48 102 119 90 131 21 4 5 197 49 93 119 29 9 23 45 33 289
split_gain=4.28333 9.10286 8.13091 10.8872 11.0197 9.66873 7.90682 10.0361 9.31355 9.28093 8.07722 11.5655 10.2617 7.57706 11.1286 11.9262 9.81416 10.7672 12.9944 8.8677 9.72829 8.86369 9.07612 8.38622 7.8303 11.9032 7.4807 7.47023 7.7553 7.451
threshold=1.0000000180025095e-35 -1.563127507568518 41.960000000000008 1.0000000180025095e-35 1.0000000180025095e-35 44.902698408176512 1.0000000180025095e-35 7.0717182436093093 51.315488731691403 1.0000000180025095e-35 36.879151413940853 32.166636212466649 12.863912811445131 0.2675206687954183 1.0000000180025095e-35 31.284765639148471 73.396000000000058 -2.2222898212249587 0.66250393157092746 15.803225806451616 1.0000000180025095e-35 10.906662651377468 77.946788384016131 3.5000000000000004 22.225586110779975 145.00000000000003 -2.3046637716194978 2.2131878387407382 4.7993485011024939 1.0000000180025095e-35
decision_type=2 2 2 2 2 2 2 2 2 2 2 10 2 2 2 2 2 8 2 2 2 2 2 2 2 2 8 2 2 2
left_child=1 -1 -2 4 5 -4 13 8 10 -10 12 -12 -8 14 21 16 -16 -18 -19 23 -21 22 24 29 25 26 27 -3 -29 -15
right_child=2 6 3 -5 -6 -7 7 -9 9 -11 11 -13 -14 19 15 -17 17 18 -20 20 -22 -23 -24 -25 -26 -27 -28 28 -30 -31
leaf_value=-0.032308670080133849 0.01261317181537914 -0.0084571200733383495 -0.0054503015209203184 -0.00065800957686866491 -0.036100599998118064 -0.039020549141518451 0.0044890736490907973 -0.015010751334709988 0.031162013705246724 -0.0032707246951758865 -0.00015332996931478936 0.046125741027019641 -0.017263717209952401 -0.0047331189193310442 0.004258792928081517 -0.030667723650517672 0.004296609874581918 0.054598834933986998 0.0076422058648089519 0.0043980979698526133 -0.020749767998903535 -0.01656068668535942 -0.032938890726793381 -0.035326522216200827 0.029110769605588005 -0.038598904744721954 -0.00074206722381095914 0.042210299788235595 0.0080680286175965395 0.0050590230582378878
leaf_weight=21 85 27 318 1037 38 23 831 62 65 28 27 27 58 1606 1169 23 60 34 26 620 41 89 21 21 23 20 1296 29 39 221
leaf_count=21 85 27 318 1037 38 23 831 62 65 28 27 27 58 1606 1169 23 60 34 26 620 41 89 21 21 23 20 1296 29 39 221
internal_value=3.23825e-11 0.000557176 -0.00240688 -0.00330851 -0.0105607 -0.00771457 0.000663966 0.00452975 0.00569916 0.0207952 0.00421037 0.0229862 0.00306988 -0.000127205 0.00163399 0.00501984 0.00565662 0.0192738 0.034251 -0.00213197 0.00283825 -0.00124311 -0.000306156 -0.00390974 0.000171729 -0.000299991 0.000250676 0.0137938 0.0226287 -0.00354863
internal_weight=7985 6484 1501 1416 379 341 6463 1098 1036 93 943 54 889 5365 2856 1312 1289 120 60 2509 661 1544 1455 1848 1434 1411 1391 95 68 1827
internal_count=7985 6484 1501 1416 379 341 6463 1098 1036 93 943 54 889 5365 2856 1312 1289 120 60 2509 661 1544 1455 1848 1434 1411 1391 95 68 1827
is_linear=0
shrinkage=0.05


Tree=111
num_leaves=31
num_cat=0
split_feature=225 128 100 19 356 142 89 70 48 4 22 83 91 103 25 17 90 139 78 244 97 92 15 41 16 45 59 62 45 16
split_gain=4.18411 4.98974 4.31046 7.65578 8.08864 6.93167 8.99259 7.19882 8.12944 6.96329 6.93927 6.65484 6.29838 6.06799 5.82483 6.48991 5.76858 5.72481 10.1678 5.51031 6.26306 10.1739 10.0321 11.8607 12.8453 9.40755 7.40236 9.89542 10.5491 7.23904
threshold=1.0000000180025095e-35 3.4320162278426234 -1.3646236807774303 10.095580666953522 1.0000000180025095e-35 3.5000000000000004 63.532899894449436 11.632612862694668 22.152817479768125 0.13492631694684609 2.4744986374443254 38.230000000000011 4.6244512914682705 1.782931783824641 0.46156071569317841 2.2462121212121215 18.203927724570971 1.5000000000000002 11.63635510014513 1.0000000180025095e-35 0.19168249244142146 37.270052099557084 0.93440860215053767 0.46999999999999997 0.85960591133004927 50.159386329265651 12.137560656109358 13.811656028248652 7.8820136764455055 1.6711711711711714
decision_type=2 2 2 8 2 2 2 2 2 2 8 2 2 2 8 2 2 2 2 2 2 2 2 2 2 2 2 2 2 2
left_child=2 -2 3 4 -1 6 7 17 11 -8 -10 -9 -13 16 15 -14 -5 19 -19 20 21 -4 23 25 -25 -22 -24 -28 29 -29
right_child=1 -3 5 13 -6 -7 9 8 10 -11 -12 12 14 -15 -16 -17 -18 18 -20 -21 22 -23 26 24 -26 -27 27 28 -30 -31
leaf_value=-0.0019274311616697113 -0.032954157001915431 0.0019418989727273584 0.0013688636417328957 -0.00097080379928336379 0.013405781154300868 -0.024328310135751964 0.0047297247578031746 -0.016349231839604392 -0.040834924119013932 0.04397203661501408 -0.0041174516928466883 0.01750104656834579 0.015609023129482839 0.0084466042116840487 -0.027176943874877429 -0.008406706233747686 -0.016827111557611955 0.038242835496310836 0.00029702613942836435 -0.013074035920407168 -0.0057586895135136214 0.018884219968594004 -0.0017873320899570166 -0.009777146744636412 -0.060857454389333723 0.026082204460787281 0.0079507461508315103 -0.016459042594942731 0.034443963766098026 -0.00027087340006918306
leaf_weight=126 21 20 2305 340 271 30 26 79 31 20 22 44 44 139 23 78 69 27 51 82 694 86 2114 32 20 24 562 80 20 505
leaf_count=126 21 20 2305 340 271 30 26 79 31 20 22 44 44 139 23 78 69 27 51 82 694 86 2114 32 20 24 562 80 20 505
internal_value=-6.76792e-12 -0.0159317 8.22255e-05 0.0032519 0.00853932 -0.000345742 -0.000242502 -0.000388908 -0.00770095 0.0217916 -0.0255937 -0.00416246 0.000931483 -0.000578588 -0.00409652 0.000254704 -0.00364583 -3.33844e-05 0.0134321 -0.000194376 -3.04312e-05 0.00199886 -0.00122817 -0.00636438 -0.0294234 -0.00469437 -2.27784e-05 0.00317368 -0.00126386 -0.00248464
internal_weight=7985 41 7944 945 397 6999 6969 6923 321 46 53 268 189 548 145 122 409 6602 78 6524 6442 2391 4051 770 52 718 3281 1167 605 585
internal_count=7985 41 7944 945 397 6999 6969 6923 321 46 53 268 189 548 145 122 409 6602 78 6524 6442 2391 4051 770 52 718 3281 1167 605 585
is_linear=0
shrinkage=0.05


Tree=112
num_leaves=31
num_cat=0
split_feature=101 92 67 237 46 20 104 71 55 14 99 13 16 2 326 89 99 134 0 38 52 53 262 71 131 128 26 9 31 27
split_gain=4.07806 5.69368 5.00949 4.64922 6.48745 6.58248 5.35753 9.44423 6.32856 8.31938 8.71632 8.81865 7.48567 8.18347 8.24217 6.82018 8.57704 7.99191 6.74646 7.66428 9.35363 6.36843 6.31386 6.6277 7.35596 13.8887 15.4965 10.7091 8.32312 7.76975
threshold=33.18583703336126 78.401698749457196 71.853050474578637 1.0000000180025095e-35 74.693128034375391 2.4385409985050335 -9.2488378239592279 11.434608547899295 5.1000446670203816 0.74727695429543095 2.2258073638405995 0.50635611608574693 1.3015151515151517 0.012449976904341799 1.0000000180025095e-35 5.8989547455658675 7.094610151098923 3.5000000000000004 13.155602954144625 5.0843717219216833 7.7883750075730216 4.8937403420532961 1.0000000180025095e-35 24.170923015785515 11.757500000000002 3.9300055356012291 0.72206074145469235 26.500000000000004 2.844012958870386 -1.3808823502357266e-08
decision_type=2 2 2 2 2 8 2 2 2 8 2 10 2 2 2 2 2 2 2 2 2 2 2 2 2 2 2 2 2 2
left_child=1 2 3 6 -5 -6 7 -1 15 10 11 12 -10 -14 -15 22 17 18 -17 -20 -21 -18 23 24 25 28 27 -27 -8 -26
right_child=-2 -3 -4 4 5 -7 8 -9 9 -11 -12 -13 13 14 -16 16 21 -19 19 20 -22 -23 -24 -25 29 26 -28 -29 -30 -31
leaf_value=0.036953711051207323 -0.017813526709505822 0.023895566377788783 0.024988690316677095 -0.037142797876149415 -0.022338125676227116 0.017250457973707289 -0.0065883890488608321 0.0035036413448064456 -0.014872621893300676 -0.032133271831732528 -0.012024708014711774 0.018128923355143958 0.031026801280677321 0.0028629853438569422 -0.014405654019462286 -0.0010613814973309905 0.0041642635692462175 -0.031064479595617107 -0.037833056823816158 0.0023248268211526531 -0.035051239946518431 0.027838860391639176 -0.019171851075121336 0.01112145264328529 0.021159847496288284 -0.02653091957618017 -0.056495242156088359 0.02010899206623435 0.025808270972582606 0.0018444580055296976
leaf_weight=26 32 25 20 20 21 21 55 112 96 26 213 59 21 309 89 3222 98 23 25 70 22 40 35 195 53 32 25 20 31 2949
leaf_count=26 32 25 20 20 21 21 55 112 96 26 213 59 21 309 89 3222 98 23 25 70 22 40 35 195 53 32 25 20 31 2949
internal_value=8.37606e-12 7.16752e-05 -3.45058e-06 -6.66578e-05 -0.0137048 -0.00254383 4.11123e-05 0.00980583 -0.00013371 -0.00430599 -0.00338667 -0.00018126 -0.00227893 0.000606497 -0.000998595 0.00035825 -0.00119052 -0.00169199 -0.00148966 -0.0132839 -0.00661293 0.0110265 0.00195492 0.00217499 0.00162379 -0.00872083 -0.0241453 -0.00859249 0.00508948 0.00218547
internal_weight=7985 7953 7928 7908 62 42 7846 138 7708 813 787 574 515 419 398 6895 3500 3362 3339 117 92 138 3395 3360 3165 163 77 52 86 3002
internal_count=7985 7953 7928 7908 62 42 7846 138 7708 813 787 574 515 419 398 6895 3500 3362 3339 117 92 138 3395 3360 3165 163 77 52 86 3002
is_linear=0
shrinkage=0.05


Tree=113
num_leaves=31
num_cat=0
split_feature=44 62 45 53 24 270 314 106 21 92 85 72 62 70 78 62 39 36 39 108 18 291 76 300 62 52 68 12 2 128
split_gain=3.93965 7.84824 6.80565 8.63852 7.84573 13.1432 8.98653 10.2603 9.56247 11.0275 10.5963 10.4306 8.54837 8.02313 7.87919 7.19099 7.56263 9.80209 10.0655 9.70173 11.4868 10.6046 8.90397 8.4228 7.87277 7.32223 7.26638 7.18763 7.03621 7.75467
threshold=2.9704114530740471 35.696414422045031 1.6252545102389664 4.1959919624070894 5.7418300188473763 1.0000000180025095e-35 1.0000000180025095e-35 41.500000000000007 -2.073276356319556 30.177291739116992 14.318304311985548 10.24143753752284 33.183384781865179 11.192141234969727 88.725142291488851 88.824949316234594 2.0017704875436624 6.3297690507315822 2.4869612065175368 5.5000000000000009 16.256576412457012 1.0000000180025095e-35 4.7419427035088049 1.0000000180025095e-35 37.311073389189069 15.635925803281078 51.024297303175182 -0.69136620278493999 0.44204540509194218 20.314978320573058
decision_type=2 2 2 2 8 2 2 2 10 2 2 2 2 2 2 2 2 2 2 2 8 2 2 2 2 2 2 8 2 2
left_child=1 -1 -2 15 5 -5 7 8 9 28 11 -11 13 -10 -8 16 -4 18 -18 20 21 -19 -20 25 27 -21 -17 -22 29 -6
right_child=2 -3 3 4 6 -7 14 -9 12 10 -12 -13 -14 -15 -16 26 17 19 22 23 24 -23 -24 -25 -26 -27 -28 -29 -30 -31
leaf_value=0.001772184854561542 -0.0065901295056391973 0.025737535240394727 -0.0030467271274428852 -0.0014705014353264094 0.0036020404271935574 -0.032181820019173461 -0.0017812212084752641 -0.022022850608781858 0.0040921900333290573 0.0083748732016934758 0.045374119142070415 0.042356519387276088 -0.018253868778252549 -0.0235692213875674 0.029958502789959315 -0.043837137669324878 0.0037733515010788528 -0.0036604712983327251 0.047443500115186915 0.032079992697884641 0.012843417134135962 0.040640164509584964 0.01271963838953525 -0.014528702414379672 0.01164710927949918 0.0037120866779055775 -0.0067684066458008237 -0.018835216857750262 0.021348109215740926 0.024935325033244832
leaf_weight=1427 432 35 2247 596 798 37 875 34 411 138 32 27 57 28 20 20 144 35 30 45 20 22 48 26 31 46 39 171 69 45
leaf_count=1427 432 35 2247 596 798 37 875 34 411 138 32 27 57 28 20 20 144 35 30 45 20 22 48 26 31 46 39 171 69 45
internal_value=7.91362e-12 0.00234591 -0.000525789 -9.56798e-05 0.00171362 -0.00326563 0.00295745 0.00515776 0.00573355 0.00831458 0.0190423 0.0139355 -3.73359e-05 0.00232791 -0.00107195 -0.00205534 -0.00169951 0.00319886 0.0116091 -0.00151595 -0.00658396 0.013438 0.026075 0.0105693 -0.0117247 0.0177402 -0.0193341 -0.0155181 0.0059973 0.00474083
internal_weight=7985 1462 6523 6091 3167 633 2534 1639 1605 1109 197 165 496 439 895 2924 2865 618 222 396 279 57 78 117 222 91 59 191 912 843
internal_count=7985 1462 6523 6091 3167 633 2534 1639 1605 1109 197 165 496 439 895 2924 2865 618 222 396 279 57 78 117 222 91 59 191 912 843
is_linear=0
shrinkage=0.05


Tree=114
num_leaves=31
num_cat=0
split_feature=138 4 260 114 71 100 89 100 77 27 12 12 61 64 25 99 25 40 4 65 66 173 103 27 49 59 90 148 326 11
split_gain=3.89706 6.96369 7.77371 5.23306 6.39968 5.74626 5.06071 4.92751 4.60001 9.15895 14.4953 10.3688 10.2033 7.35904 7.0278 9.19737 10.4465 11.5179 8.51055 7.11725 9.29265 8.27454 6.94769 6.70934 9.19026 7.09561 6.69394 6.9887 6.42907 8.05476
threshold=1.0000000180025095e-35 0.67109314294315581 1.0000000180025095e-35 1.5000000000000002 5.4921352671771055 0.21481214714484967 4.541248770703489 -0.10205433253548289 1.0000000180025095e-35 1.2582032200048605 -0.48118894985368038 -0.5447872790209467 38.135959054401759 14.774130623520799 0.048179229793466435 3.2494907407407414 -0.029875447412532317 3.112073173899049 0.66777070473229982 5.1473432321792414 45.634727278833594 2.5000000000000004 5.3854907140264503 3.4166426065426942 16.623123528345825 18.559445105728511 12.133347560147252 1.5000000000000002 1.0000000180025095e-35 0.26897154237248871
decision_type=2 2 2 2 2 2 2 2 2 2 10 8 2 2 8 2 10 2 2 2 2 2 2 2 2 2 2 2 2 10
left_child=3 2 -2 8 -5 -6 -4 -3 14 10 11 22 -12 28 15 16 -1 -18 -17 21 -21 23 -10 26 25 -25 -16 -28 -11 -30
right_child=1 7 6 4 5 -7 -8 -9 9 13 12 -13 -14 -15 19 18 17 -19 -20 20 -22 -23 -24 24 -26 -27 27 -29 29 -31
leaf_value=0.0033623613618580179 0.0045296083847060796 -0.0027465335214915485 -0.028260570804815033 0.021099181780770707 0.0074924921580389438 -0.017730659082660388 0.00086005955934524529 -0.032217518466751319 -0.002626486134602491 -0.00083437651348305941 0.036648569388697587 -0.030666082620620729 -0.0023174348714140552 -0.025427849678588767 -0.0004238375188729375 -0.0084690719471117969 0.010103255365838242 0.044320752510740878 0.015591176967461443 0.0041568112763267851 0.038604650921410043 -0.02640077462137649 0.022523690318982853 0.013495820948155596 -0.025122573865311488 -0.0094393597734047166 -0.0076696814667640808 0.017066027148781967 0.001220540066709329 -0.011399761838973154
leaf_weight=1566 150 23 37 65 102 29 25 37 99 1745 56 25 24 35 1708 253 119 31 43 289 21 33 38 190 21 41 593 30 194 363
leaf_count=1566 150 23 37 65 102 29 25 37 99 1745 56 25 24 35 1708 253 119 31 43 289 21 33 38 190 21 41 593 30 194 363
internal_value=2.04091e-12 -0.00588205 -0.00162594 0.000207431 0.00827292 0.00190874 -0.0165184 -0.0209203 -2.87017e-06 -0.00171437 0.00754515 -0.00105416 0.0249588 -0.00267321 0.000891006 0.00316572 0.00456975 0.0171749 -0.00497383 -0.000673153 0.00649037 -0.00152204 0.00434948 -0.0012042 0.0065461 0.00942507 -0.00204207 -0.00647856 -0.00232724 -0.00700418
internal_weight=7985 272 212 7713 196 131 62 60 7517 2579 242 162 80 2337 4938 2012 1716 150 296 2926 310 2616 137 2583 252 231 2331 623 2302 557
internal_count=7985 272 212 7713 196 131 62 60 7517 2579 242 162 80 2337 4938 2012 1716 150 296 2926 310 2616 137 2583 252 231 2331 623 2302 557
is_linear=0
shrinkage=0.05


Tree=115
num_leaves=31
num_cat=0
split_feature=101 92 67 184 322 323 77 67 47 255 21 34 10 5 75 3 94 2 284 256 307 2 16 290 246 104 79 183 6 23
split_gain=3.84347 4.94739 4.35698 4.13203 8.38601 7.06621 4.83153 7.92538 7.10187 7.42363 7.00742 12.715 12.9291 8.90877 9.33122 9.66485 7.79674 10.8498 7.79676 6.95797 6.94921 9.39566 6.92509 6.86947 12.39 10.444 8.70097 8.12561 6.42658 6.38813
threshold=33.18583703336126 78.401698749457196 71.853050474578637 1.0000000180025095e-35 1.0000000180025095e-35 1.0000000180025095e-35 1.0000000180025095e-35 45.223377991643765 20.548508345236858 1.0000000180025095e-35 -2.0792668200678484 5.6788787669439111 1.5000000000000002 9.3021739130434806 24.915680946560872 -0.069467592592592928 3.881031846650612 0.65309786813281578 1.0000000180025095e-35 1.0000000180025095e-35 1.0000000180025095e-35 0.13090223975392648 0.70412457912457926 1.0000000180025095e-35 1.0000000180025095e-35 -3.247142335965012 48.987604308723014 1.5000000000000002 161.14150000000004 -1.8564014567721983
decision_type=2 2 2 2 2 2 2 2 2 2 8 2 2 2 2 2 2 2 2 2 2 2 2 2 2 2 2 2 2 8
left_child=1 2 3 6 5 -5 10 8 9 29 19 12 22 -13 16 20 18 -18 -15 23 -16 -22 28 24 27 -26 -25 -1 -12 -8
right_child=-2 -3 -4 4 -6 -7 7 -9 -10 -11 11 13 -14 14 15 -17 17 -19 -20 -21 21 -23 -24 26 25 -27 -28 -29 -30 -31
leaf_value=0.0030291081760717153 -0.017293570176116192 0.022277328070253136 0.023307238322449849 0.0082548798487251576 -0.0026816702110334001 0.039234725795686244 -0.0043597236471428907 -0.033502962901256976 0.0080852551784097084 0.011056231035801925 -0.0068966756621375684 -0.037075938641404113 -0.028207329523406533 -0.028123592807484485 0.0034124622183984948 0.032853121073408563 -0.0093354917630911784 0.028334003349854833 0.0027427175297186929 0.024107412631182296 0.00080386717879288912 -0.037585464798446211 0.00072715291012839605 -0.0091270119279398387 0.00015088938510952855 0.033074009900779598 0.023354776104426253 -0.022050111932736455 0.026838170207338408 0.0031998226399452775
leaf_weight=1517 32 25 20 231 218 20 1856 20 166 95 20 24 38 96 175 22 213 21 26 38 37 28 2313 199 39 63 23 33 48 329
leaf_count=1517 32 25 20 231 218 20 1856 20 166 95 20 24 38 96 175 22 213 21 26 38 37 28 2313 199 39 63 23 33 48 329
internal_value=-1.93493e-11 6.95831e-05 -4.46406e-07 -5.93935e-05 0.00449247 0.0107234 -0.000346371 -0.00215591 -0.0018996 -0.00262656 0.000550939 -0.00093244 0.000727708 -0.00718773 -0.00602702 0.00113473 -0.0112978 -0.0059549 -0.0215455 0.00292574 -0.00177279 -0.0157331 0.0011895 0.00249623 0.00360596 0.0204858 -0.00576178 0.00249516 0.0169162 -0.00322147
internal_weight=7985 7953 7928 7908 469 251 7439 2466 2446 2280 4973 3061 2419 642 618 262 356 234 122 1912 240 65 2381 1874 1652 102 222 1550 68 2185
internal_count=7985 7953 7928 7908 469 251 7439 2466 2446 2280 4973 3061 2419 642 618 262 356 234 122 1912 240 65 2381 1874 1652 102 222 1550 68 2185
is_linear=0
shrinkage=0.05


Tree=116
num_leaves=31
num_cat=0
split_feature=180 20 29 98 66 89 4 77 71 43 222 235 75 30 21 100 34 176 97 104 92 3 330 55 80 168 60 162 136 22
split_gain=3.68969 5.6515 7.12696 5.4882 4.94283 4.56206 7.65463 5.15342 5.91752 12.2772 4.92095 5.8274 9.77059 6.28063 6.51663 8.20163 7.14272 9.95767 8.92987 7.22065 6.56644 8.00497 7.91431 7.09514 6.17183 6.1007 10.4797 7.4563 6.42735 6.24003
threshold=1.0000000180025095e-35 2.3903479207829421 15.39294090181515 2.6231186994489666 39.444804616075878 63.532899894449436 0.13492631694684609 37.533905513208836 4.7336352978531382 21.985054721390878 1.0000000180025095e-35 1.0000000180025095e-35 34.529336331846643 4.4917203014908127 -2.0661905353356294 -2.2776998157321122 5.5700057409742785 1.5000000000000002 10.842939814814816 1.4589158153812771 4.4997953969246902 0.82060185185185208 1.0000000180025095e-35 20.059764388526187 5.4975317319372232 1.0000000180025095e-35 27.415259009929901 1.0000000180025095e-35 1.0000000180025095e-35 2.5572903683733625
decision_type=2 8 2 2 2 2 2 2 2 2 2 2 2 2 10 2 2 2 2 2 2 2 2 2 2 2 2 2 2 10
left_child=5 2 3 -2 -3 7 -7 10 9 -9 11 13 -13 24 20 -16 -17 18 -18 -20 25 22 23 -22 -1 28 27 -27 29 -15
right_child=1 4 -4 -5 -6 6 -8 8 -10 -11 -12 12 -14 14 15 16 17 -19 19 -21 21 -23 -24 -25 -26 26 -28 -29 -30 -31
leaf_value=0.0033921081605920982 -0.02358870474552667 0.0046783493385099024 -0.043341538030654193 0.0092724449951977778 -0.02063906279508956 0.00080275944911125231 0.037362169000235472 -0.022624355368316175 -0.033432532664543643 0.027313595009036365 -0.020734201617805023 -0.040392079236714735 0.0067798063735521972 -0.00060651681122818638 0.014581454644294481 -0.0013127969100858456 0.0014207397882734806 -0.034544361766540646 -0.0093753438486266806 -0.035503300155202554 0.0060970641575337457 -0.01933070631303753 -0.001341823778077077 -0.02253024117089808 0.030769745117452531 -0.014005735421330849 0.0084414662175771333 0.0072069543965008797 0.020486089146624392 0.01893646871127809
leaf_weight=1043 27 98 20 24 24 41 22 32 24 20 28 23 21 1486 71 1992 213 33 223 30 1338 39 580 22 21 268 92 49 39 42
leaf_count=1043 27 98 20 24 24 41 22 32 24 20 28 23 21 1486 71 1992 213 33 223 30 1338 39 580 22 21 268 92 49 39 42
internal_value=-1.52927e-11 -0.00682926 -0.0180449 -0.00812463 -0.000302125 0.000169154 0.0135695 5.99257e-05 -0.0128959 -0.00341745 0.000188587 0.000265418 -0.0178782 0.000370723 -0.000210784 -0.00217524 -0.00265285 -0.0080023 -0.00612271 -0.0124735 0.00106176 0.00309755 0.00354843 0.00563398 0.00393246 -0.000977113 -0.00641511 -0.0107268 0.00044225 -6.93405e-05
internal_weight=7985 193 71 51 122 7792 63 7729 76 52 7653 7625 44 7581 6517 2562 2491 499 466 253 3955 1979 1940 1360 1064 1976 409 317 1567 1528
internal_count=7985 193 71 51 122 7792 63 7729 76 52 7653 7625 44 7581 6517 2562 2491 499 466 253 3955 1979 1940 1360 1064 1976 409 317 1567 1528
is_linear=0
shrinkage=0.05


Tree=117
num_leaves=31
num_cat=0
split_feature=144 98 130 92 48 100 103 2 24 67 237 147 5 19 161 17 75 84 41 87 59 137 148 41 94 369 168 105 24 93
split_gain=3.58483 4.97026 4.3302 4.11166 8.29205 7.76598 6.57639 8.1308 6.57351 6.37648 6.73638 6.3728 6.28164 7.07383 6.17576 6.13994 6.07441 8.05491 7.35956 8.68443 9.12438 7.83943 7.51054 7.33399 7.22267 9.25883 8.73124 7.18712 10.3617 8.50049
threshold=1.0000000180025095e-35 8.9671799414210138 0.35315000000000007 31.699532460256439 17.106413716362017 -1.4266743569047853 2.8108626786730153 0.65309786813281578 7.8910690028089023 66.991296177574185 1.0000000180025095e-35 1.0000000180025095e-35 12.613247863247866 10.012459101564277 1.0000000180025095e-35 2.1835016835016838 12.578498813431359 28.011077387169497 -1.2549999999999997 17.319897462203013 18.54129264019241 1.0000000180025095e-35 1.0000000180025095e-35 -1.3149999999999995 5.2322442095370301 1.0000000180025095e-35 1.0000000180025095e-35 0.59411764705882364 4.4947794258397478 50.488208367875181
decision_type=2 2 2 2 2 2 2 2 8 2 2 2 2 8 2 2 2 2 2 2 2 2 2 2 2 2 2 2 10 2
left_child=3 2 -2 9 5 -5 12 8 11 10 14 -8 13 -7 16 -14 17 18 19 20 23 24 -23 -1 25 27 -26 29 -29 -20
right_child=1 -3 -4 4 -6 6 7 -9 -10 -11 -12 -13 15 -15 -16 -17 -18 -19 21 -21 -22 22 -24 -25 26 -27 -28 28 -30 -31
leaf_value=0.00040638399976787381 0.0044008646532893185 0.0085828313443424373 -0.022579169472185735 0.036393715210613756 -0.0097712653178650029 -0.027356446546438186 0.001856934325187467 0.041361561792326119 -0.010046101826561713 0.026674679298461842 -0.017110650034392477 0.022071914942882194 0.029986999916533631 -0.00059179469258580585 -0.0037105801981334274 0.00022044793543655702 0.0017203595381537478 -0.033092682994902138 0.0013549959063288066 -0.03365639008838555 -0.031783301991720997 0.038165078527974683 0.0011566012680273633 -0.017730549193810726 0.0046747491667864342 0.0043632099848873078 -0.027344134291475215 -0.022374279980903938 -0.0054139032532238285 -0.029936604452845846
leaf_weight=290 20 29 58 21 91 29 70 21 38 22 59 88 30 166 1040 41 3735 20 385 29 30 26 29 69 661 335 22 117 391 23
leaf_count=290 20 29 58 21 91 29 70 21 38 22 59 88 30 166 1040 41 3735 20 385 29 30 26 29 69 661 335 22 117 391 23
internal_value=-7.13759e-12 -0.0090904 -0.0156612 0.000123467 0.00411985 0.00662797 0.00533381 0.0117933 0.00862532 -0.000203026 -0.000284462 0.0131159 6.41861e-05 -0.00457218 -0.000146619 0.0127979 0.000454893 -0.00149258 -0.00123001 -0.00726098 -0.0052932 3.74317e-05 0.0186515 -0.00307954 -0.000491924 -0.00274966 0.00364339 -0.00535098 -0.00932013 -0.000408991
internal_weight=7985 107 78 7878 595 504 483 217 196 7283 7261 158 266 195 7202 71 6162 2427 2407 418 389 1989 55 359 1934 1251 683 916 508 408
internal_count=7985 107 78 7878 595 504 483 217 196 7283 7261 158 266 195 7202 71 6162 2427 2407 418 389 1989 55 359 1934 1251 683 916 508 408
is_linear=0
shrinkage=0.05


Tree=118
num_leaves=31
num_cat=0
split_feature=130 47 119 97 76 84 76 222 89 76 44 71 184 322 54 25 235 96 55 95 36 47 128 30 4 77 15 28 23 15
split_gain=3.5529 6.62329 5.43171 4.50416 7.27891 7.3211 7.18124 9.77627 9.57578 7.95397 6.21593 5.11855 5.04592 6.90544 7.1791 5.00036 4.82853 5.34245 4.82362 5.20116 5.18924 6.74094 5.68577 7.69883 7.39216 5.55923 7.197 10.52 8.66293 11.2411
threshold=-13.786900000000003 66.918818032667545 7.5000000000000009 45.620711745635347 9.5529258377042776 42.318722164320036 45.27398868577815 1.0000000180025095e-35 63.532899894449436 39.373202824088303 24.417745461962436 11.434608547899295 1.0000000180025095e-35 1.0000000180025095e-35 4.3079236804599113 -0.11652780451676524 1.0000000180025095e-35 -2.4539472222222209 29.144935254074927 75.306093203266826 13.246655680505834 45.38879029361393 0.65675145276162017 1.061196498345389 0.44295163738792404 1.0000000180025095e-35 0.47493734335839605 23.783815707648433 -1.8564014567721983 0.83484848484848495
decision_type=2 2 2 2 2 2 2 2 2 2 2 2 2 2 2 10 2 2 2 2 2 2 2 2 2 2 2 2 8 2
left_child=-1 2 3 6 -5 11 7 8 9 12 -8 -6 16 14 -14 -15 17 -2 19 20 21 22 24 -24 -19 -25 -27 -28 29 -29
right_child=1 -3 -4 4 5 -7 10 -9 -10 -11 -12 -13 13 15 -16 -17 -18 18 -20 -21 -22 -23 23 25 -26 26 27 28 -30 -31
leaf_value=0.016627021161548329 0.022019491239485364 -0.024342049754756904 0.01863264770079882 0.01557882736938504 -0.011932525366473084 0.0036716300503550365 0.033438278604298835 -0.032581602810355631 0.023594254069030287 -0.02319358553787744 -0.00070094866678118708 -0.036881429751348851 0.00749522706279166 0.0021094081161374396 0.032631860848403339 -0.018975842867844872 -0.019955574585905963 0.026802120471395376 -0.018780055202078077 0.02133470437090312 -0.012054783234413228 0.028884480409324172 -0.025182396966603494 0.00080674081200329405 -0.010130653835949488 0.025025610998272899 -0.035427176136484682 -0.014641330437676223 0.0056429099611516181 -0.0020980699901825372
leaf_weight=32 27 28 39 26 52 42 30 23 43 37 24 34 204 143 33 35 31 42 35 28 92 20 31 4535 20 24 24 199 308 1744
leaf_count=32 27 28 39 26 52 42 30 23 43 37 24 34 204 143 33 35 31 42 35 28 92 20 31 4535 20 24 24 199 308 1744
internal_value=1.23489e-11 -6.69011e-05 1.8866e-05 -7.3188e-05 -0.00854027 -0.0134395 9.54529e-05 -3.23371e-05 6.54595e-05 -6.7454e-05 0.0182653 -0.021796 4.55053e-05 0.00540571 0.0109953 -0.00203657 -0.000265177 -0.000179554 -0.00026395 -0.000172247 -0.000257798 -0.000101569 -0.000185259 -0.000321393 0.0148883 -0.00020862 -0.00221152 -0.00249885 -0.00214778 -0.00338274
internal_weight=7985 7953 7925 7886 154 128 7732 7678 7655 7612 54 86 7575 415 237 178 7160 7129 7102 7067 7039 6947 6927 6865 62 6834 2299 2275 2251 1943
internal_count=7985 7953 7925 7886 154 128 7732 7678 7655 7612 54 86 7575 415 237 178 7160 7129 7102 7067 7039 6947 6927 6865 62 6834 2299 2275 2251 1943
is_linear=0
shrinkage=0.05


Tree=119
num_leaves=31
num_cat=0
split_feature=225 6 59 87 59 16 95 57 62 89 121 107 97 66 52 101 26 226 4 75 99 128 130 30 66 4 87 235 47 36
split_gain=3.49055 4.41243 4.16322 11.1274 9.06595 17.4752 8.74372 8.57588 7.59287 7.00401 8.20595 6.33824 7.9613 6.31859 6.30838 6.16554 5.54659 9.05046 11.9582 8.66988 8.27719 8.3718 15.5482 9.97919 8.14374 8.0067 6.82384 12.0645 7.48343 9.45411
threshold=1.0000000180025095e-35 347.3445000000001 23.973486443310684 5.6885648364435193 21.176996130062783 1.8136574074074077 26.862848560720586 18.189488389607927 11.938452408796641 46.252785430859099 1.5000000000000002 7.5000000000000009 51.348054589224006 31.594174260154141 7.7883750075730216 -1.563127507568518 2.661777179512403 1.0000000180025095e-35 0.39178514398687408 73.914926892799045 -0.54808641975308547 0.65675145276162017 0.21030999999999997 1.061196498345389 4.8681881438505075 0.87591303625393324 58.307166390490529 1.0000000180025095e-35 16.180590692066826 1.287050482843382
decision_type=2 2 2 2 2 2 2 2 2 2 2 2 2 2 2 2 2 2 2 2 2 2 2 2 2 2 2 2 2 2
left_child=2 -2 4 6 11 7 9 -6 -5 10 -4 12 15 -9 -13 -1 17 19 -19 20 -17 22 -22 -23 -18 26 27 28 -25 -30
right_child=1 -3 3 8 5 -7 -8 13 -10 -11 -12 14 -14 -15 -16 16 24 18 -20 -21 21 23 -24 25 -26 -27 -28 -29 29 -31
leaf_value=-0.024349348974199252 -0.030558924270527706 0.0022563452809117738 -0.011625690582642486 0.017709137325341157 -0.04086774985473126 0.010985860332561236 0.023005313883450899 -0.02056890898118062 0.0039728675066789971 -0.038285281066782778 0.020719294788558846 0.0022791114315623417 -0.025044797443842984 0.0091607124059616286 0.031726881056543324 0.008369279588655406 -0.020371681432337016 0.0019360883018145196 -0.048150927958671347 -0.029211143124848606 0.047494156400744732 -0.031926320089648172 -0.0089419390722785316 -0.00034846734854537673 -0.0022579266267989408 0.027546291424099496 0.013532652390238487 -0.037810137864601405 0.027756314348274219 0.0039404194053266894
leaf_weight=26 21 20 133 129 39 62 22 70 457 20 23 44 32 24 31 349 67 26 22 24 26 24 23 4924 840 27 95 21 48 316
leaf_count=26 21 20 133 129 39 62 22 70 457 20 23 44 32 24 31 349 67 26 22 24 26 24 23 4924 840 27 95 21 48 316
internal_value=2.5049e-11 -0.0145515 7.51021e-05 0.00353421 -0.00030366 -0.0109368 -0.00671344 -0.0211565 0.00699672 -0.0104283 -0.00685688 -5.96141e-06 -0.000163329 -0.0129784 0.0144509 -4.72298e-05 4.52548e-05 0.000602657 -0.0210205 0.000779262 0.000902237 0.000428763 0.0210037 0.000243947 -0.00359599 0.00038611 0.000250409 1.27349e-05 0.000162939 0.00708098
internal_weight=7985 41 7944 784 7160 195 198 133 586 176 156 6965 6890 94 75 6858 6832 5925 48 5877 5853 5504 49 5455 907 5431 5404 5309 5288 364
internal_count=7985 41 7944 784 7160 195 198 133 586 176 156 6965 6890 94 75 6858 6832 5925 48 5877 5853 5504 49 5455 907 5431 5404 5309 5288 364
is_linear=0
shrinkage=0.05


Tree=120
num_leaves=31
num_cat=0
split_feature=180 20 29 98 100 80 22 144 64 64 20 59 67 310 289 130 41 99 13 189 128 96 75 59 96 59 32 99 5 23
split_gain=3.44249 5.01301 6.4574 4.89851 4.81344 4.27116 4.00086 4.00045 5.14445 4.22303 8.7043 8.42339 7.44388 11.695 8.21084 8.25763 9.54191 8.56003 8.25031 8.96967 7.70171 8.55182 7.37264 13.4389 10.794 9.91149 12.6488 7.16237 7.16037 7.13099
threshold=1.0000000180025095e-35 2.3903479207829421 15.39294090181515 2.6231186994489666 -1.4959749453104869 39.731567316008572 2.311543230786854 1.0000000180025095e-35 5.3712900005583588 4.780752649731185 2.6922742493898437 22.517209512500393 5.3234391255338798 1.0000000180025095e-35 1.0000000180025095e-35 5.5804900000000055 -3.0149999999999992 1.2890393518518521 0.39608841124124333 1.0000000180025095e-35 8.5272715875279008 4.1296608875031504 73.914926892799045 28.421606855572332 1.7140877739984883 22.126282961392246 9.3424452068207628 1.3221584467120187 12.508620689655174 -2.2103837538839239
decision_type=2 8 2 2 2 2 10 2 2 2 10 2 2 2 2 2 2 2 10 2 2 2 2 2 2 2 2 2 2 10
left_child=5 2 3 -2 -3 7 -6 9 -9 12 11 -11 13 22 18 16 -16 -18 20 -20 -14 27 23 25 -25 -1 -27 -22 -19 -13
right_child=1 4 -4 -5 6 -7 -8 8 -10 10 -12 29 14 -15 15 -17 17 28 19 -21 21 -23 -24 24 -26 26 -28 -29 -30 -31
leaf_value=0.001311715326023827 -0.022326520947670497 0.020155816144593386 -0.041238694079220296 0.0087190380281147849 0.0069713039387715977 -0.019329760486393104 -0.013512386073026871 -0.0031104618236216237 -0.028751405059861453 0.00094569721811684599 -0.030493494756519798 0.0058892054395983003 -0.0011789250900270632 0.034104645335012014 -0.026616228784301449 0.032395521695118237 0.0012033659778383191 0.041166914182786757 -0.0052749131002138199 -0.031652362853161656 0.013001486630393909 -0.0094164641126990318 -0.025989170655608181 0.042572614124843054 -0.0021217512136155912 -0.028465545939592024 0.01386542634293437 0.049803961757570507 0.0036898129582405093 0.022836789186423026
leaf_weight=2845 27 23 20 24 40 28 59 79 26 1565 20 360 542 27 28 23 459 26 1380 33 39 25 25 35 22 60 25 20 25 75
leaf_count=2845 27 23 20 24 40 28 59 79 26 1565 20 360 542 27 28 23 459 26 1380 33 39 25 25 35 22 60 25 20 25 75
internal_value=2.06122e-11 -0.00659652 -0.0171596 -0.00771685 -0.000449138 0.000163389 -0.00523615 0.000233689 -0.00945965 0.000366578 0.00232823 0.00265644 -0.000336123 0.00134419 -0.00230015 0.00305664 0.00180237 0.00336261 -0.00377399 -0.00589095 0.00100439 0.015092 0.00105052 0.00127683 0.0253222 0.000809056 -0.0160153 0.0254769 0.0227958 0.0088112
internal_weight=7985 193 71 51 122 7792 99 7764 105 7659 2020 2000 5639 3039 2600 561 538 510 2039 1413 626 84 3012 2987 57 2930 85 59 51 435
internal_count=7985 193 71 51 122 7792 99 7764 105 7659 2020 2000 5639 3039 2600 561 538 510 2039 1413 626 84 3012 2987 57 2930 85 59 51 435
is_linear=0
shrinkage=0.05


Tree=121
num_leaves=31
num_cat=0
split_feature=138 4 260 89 114 71 100 130 64 12 92 73 84 18 35 196 26 61 318 22 369 25 81 60 90 71 323 105 0 0
split_gain=3.50509 6.21624 6.51791 4.51818 4.43027 5.83503 4.95663 4.37009 4.00067 8.35659 4.50599 7.30618 7.83157 5.22999 5.15522 5.01854 5.25751 6.48658 4.60038 7.92353 7.78838 10.1724 9.10323 7.64072 6.44339 7.43426 11.0734 10.2404 9.34296 8.27554
threshold=1.0000000180025095e-35 0.67109314294315581 1.0000000180025095e-35 6.055231422689042 1.5000000000000002 5.4921352671771055 0.21481214714484967 1.0076999999999998 14.732096228472434 -0.32348462736251316 31.699532460256439 11.564261918143545 23.9731713865161 14.696929450354569 2.5833887499825035 1.0000000180025095e-35 2.349860238031694 14.322076418954785 1.0000000180025095e-35 2.1510312316055074 1.0000000180025095e-35 -0.38363256129454659 5.7977582508771119 4.9003099947039113 51.618030771790401 4.155243278773777 1.0000000180025095e-35 0.10620300751879701 8.221259802532126 12.037506345051183
decision_type=2 2 2 2 2 2 2 2 2 10 2 2 2 8 2 2 2 2 2 8 2 10 2 2 2 2 2 2 2 2
left_child=4 2 -2 -4 8 -6 -7 -3 10 -10 18 12 13 -12 -15 -16 -17 -18 20 -20 -1 23 24 -22 25 26 -23 29 -29 -27
right_child=1 7 3 -5 5 6 -8 -9 9 -11 11 -13 -14 14 15 16 17 -19 19 -21 21 22 -24 -25 -26 27 -28 28 -30 -31
leaf_value=-0.0008987692605695965 0.0040792798778663082 -0.0026716959379289463 -0.024507986013555812 0.0043660690821707244 0.019865169718575021 0.0067268074786874885 -0.01669928509549334 -0.030425731027247133 -0.0020389736107140149 -0.031210277432335481 0.026791483472101391 -0.025047274418175221 0.036428646631538872 -0.019251827257297315 0.0012043677641623567 0.032565145629147689 -0.0004889544962705778 0.027985985720131015 0.02543253774714211 -0.0043017425569514441 -0.027783436834902711 0.0069314961531890609 -0.023326412434207983 -0.0028346670406440705 -0.013099412318293466 -0.0041781236440306757 0.029326047682029718 -0.014847607485529397 0.0057279592214599289 -0.041649732673945637
leaf_weight=4083 150 23 42 20 65 102 29 37 118 31 25 20 20 24 318 27 70 28 23 866 36 857 29 208 48 41 59 62 501 23
leaf_count=4083 150 23 42 20 65 102 29 37 118 31 25 20 20 24 318 27 70 28 23 866 36 857 29 208 48 41 59 62 501 23
internal_value=1.02473e-11 -0.00557839 -0.00155718 -0.0151938 0.000196723 0.00761781 0.00154088 -0.0197867 3.22363e-06 -0.00810817 0.000167257 0.00459962 0.0057577 0.00451092 0.00331817 0.00454092 0.0130291 0.00764674 -0.000177684 -0.00353246 0.000323812 0.00300182 0.00443531 -0.00651563 0.00494134 0.00550255 0.00837394 0.00130767 0.00346209 -0.0176445
internal_weight=7985 272 212 62 7713 196 131 60 7517 149 7368 532 512 492 467 443 125 98 6836 889 5947 1864 1620 244 1591 1543 916 627 563 64
internal_count=7985 272 212 62 7713 196 131 60 7517 149 7368 532 512 492 467 443 125 98 6836 889 5947 1864 1620 244 1591 1543 916 627 563 64
is_linear=0
shrinkage=0.05


Tree=122
num_leaves=31
num_cat=0
split_feature=224 45 41 66 76 130 27 111 128 31 9 6 7 131 14 21 89 12 104 4 28 3 21 36 45 0 295 43 90 3
split_gain=3.26462 17.2042 5.335 4.09718 11.0013 10.4719 9.92001 9.33198 8.10817 7.89732 7.49142 7.12097 12.1275 6.73623 6.43297 7.60581 5.94625 14.5041 9.63283 7.09559 6.20445 5.52407 12.3931 11.9006 8.79179 6.48643 6.3812 6.03961 5.73138 5.43653
threshold=1.0000000180025095e-35 62.628507673170454 0.50324675324675328 5.2479573351914928 19.483649948479815 -0.018500000000000513 1.9997759485332369 1.0000000180025095e-35 0.65675145276162017 1.5606681368955373 8.5000000000000018 494.23750000000024 304.21800000000013 15.7475 0.32819354018337094 -2.2719207567207156 5.5493267102876054 -0.74403563809333673 3.5166352914495054 0.71668718034502488 378.53979745484236 -1.9163850308641972 -1.6951168286947016 1.9159776225642473 42.601491904855202 8.5433333333333348 1.0000000180025095e-35 43.256456197905251 31.284765639148471 -3.6365875377928947
decision_type=2 2 2 2 2 2 2 2 2 2 2 2 2 2 8 10 2 10 2 2 2 2 8 2 2 2 2 2 2 2
left_child=3 2 -2 4 7 11 -7 8 -1 -10 -11 12 13 -6 15 -9 18 -18 21 20 -19 23 26 25 27 -12 28 -24 -23 -25
right_child=1 -3 -4 -5 5 6 -8 14 9 10 16 -13 -14 -15 -16 -17 17 19 -20 -21 -22 22 24 29 -26 -27 -28 -29 -30 -31
leaf_value=0.026443269778171491 0.01094833729788661 0.044904526478300497 -0.024361236458239351 0.00061893842296349135 -0.021846159726896505 -0.060834694020450122 -0.01437481142649496 -0.043347853295771142 -0.029980042881586334 0.027907501176620525 -0.0099054915714077655 -0.031695948387293713 0.034039605818688867 0.0066750639042741549 0.0089458514795158848 -0.011137615224328733 -0.043209580882735882 -0.0068429250589052658 0.028474996293274064 -0.01979919487187131 0.0041071494836492318 0.0013581669218286818 0.013277055807204355 0.011872400526645715 0.039692966560167929 -0.04066159419404964 -0.024640984209970788 -0.013788498548092321 -0.023479131935164335 -0.010943796064349868
leaf_weight=29 20 24 23 5689 47 20 27 21 22 24 40 23 20 37 33 144 23 239 33 55 282 721 146 69 28 30 26 24 24 42
leaf_count=29 20 24 23 5689 47 20 27 21 22 24 40 23 20 37 33 144 23 239 33 55 282 721 146 69 28 30 26 24 24 42
internal_value=-1.03317e-11 0.0109906 -0.00793818 -9.29991e-05 -0.00191005 -0.0139817 -0.034145 -0.000887926 0.000212289 -0.000203848 0.000158875 -0.00651974 -0.000951923 -0.00928324 -0.0112066 -0.0152371 -0.000214844 -0.00427382 0.00184038 -0.00271909 -0.000916013 0.00107608 0.00257379 -0.00694205 0.013732 -0.0230867 -0.000291733 0.00945604 0.000558039 0.00323925
internal_weight=7985 67 43 7918 2229 174 47 2055 1857 1828 1806 127 104 84 198 165 1782 599 1183 576 521 1150 969 181 198 70 771 170 745 111
internal_count=7985 67 43 7918 2229 174 47 2055 1857 1828 1806 127 104 84 198 165 1782 599 1183 576 521 1150 969 181 198 70 771 170 745 111
is_linear=0
shrinkage=0.05


Tree=123
num_leaves=31
num_cat=0
split_feature=102 41 89 3 77 71 43 57 36 78 62 27 88 122 93 321 215 97 23 102 43 206 6 124 128 6 130 9 45 224
split_gain=3.25389 5.60337 4.50954 5.01101 4.46296 4.82753 10.4841 4.05376 7.59276 6.45729 9.29386 6.76095 7.33739 6.42212 9.54875 6.09828 4.68327 10.7171 7.66519 6.06051 12.6154 4.18614 4.64211 4.12218 4.66349 6.89672 6.61222 5.42861 12.1595 4.74902
threshold=40.068718362557576 -1.1449999999999998 63.532899894449436 -0.61111111111111094 37.533905513208836 4.7336352978531382 21.985054721390878 123.00144198912346 12.731431502372635 96.873780358161767 23.877062984700341 2.8714237958944984 17.189680801333825 16.500000000000004 19.641921052233901 1.0000000180025095e-35 7.5000000000000009 11.048741556138067 -1.9676638846615508 10.326621948229024 18.495232040928997 1.0000000180025095e-35 318.32650000000012 2.5000000000000004 0.65675145276162017 42.237500000000004 0.21030999999999997 8.5000000000000018 0.41106365714536292 1.0000000180025095e-35
decision_type=2 2 2 2 2 2 2 2 2 2 2 2 2 2 2 2 2 2 8 2 2 2 2 2 2 2 2 2 2 2
left_child=2 -2 4 -4 7 6 -6 9 -9 13 11 12 -11 16 -15 -13 19 18 -18 21 -21 23 -23 24 26 -26 -1 -27 -29 -30
right_child=1 -3 3 -5 5 -7 -8 8 -10 10 -12 15 -14 14 -16 -17 17 -19 -20 20 -22 22 -24 -25 25 27 -28 28 29 -31
leaf_value=0.025839715693145995 0.0017978224637252944 -0.032368950563527288 -0.0030948896638371727 0.0285502662496834 -0.021262313751503826 -0.030623495928011835 0.0248850179836154 0.026988310838822985 -0.01010398781773719 -0.041413731830349819 0.020195164738900283 -0.016243231652352291 -0.0090246153447557913 0.037244531589335411 0.00011869715093526729 0.014341161167249084 0.022261873593864345 -0.036918556990401287 -0.015648858988036713 0.001963182940957914 0.03498757390832332 0.0045145864107325904 0.032111629322171209 -0.015061285095694273 -0.029486810173839331 0.021504564531918232 -0.0073572250160699086 -0.038162909802936379 -0.0001705020186685629 0.015142902520978274
leaf_weight=40 28 21 22 29 32 24 20 37 22 36 22 39 34 29 43 28 24 28 30 121 38 64 20 46 20 29 24 21 6963 51
leaf_count=40 28 21 22 29 32 24 20 37 22 36 22 39 34 29 43 28 24 28 30 121 38 64 20 46 20 29 24 21 6963 51
internal_value=-7.48435e-12 -0.0128451 7.93106e-05 0.0148994 -1.65455e-05 -0.0120744 -0.00351334 0.000100806 0.0131573 1.40859e-06 -0.00997089 -0.0148151 -0.0256819 0.000210287 0.0150722 -0.00346169 6.79734e-05 -0.0118159 0.00120036 0.000199004 0.0098558 -1.19649e-05 0.0110853 -0.000141541 -4.5527e-05 -0.000166917 0.0133909 -8.39052e-05 -0.000172898 -5.91556e-05
internal_weight=7985 49 7936 51 7885 76 52 7809 59 7750 159 137 70 7591 72 67 7519 82 54 7437 159 7278 84 7194 7148 7084 64 7064 7035 7014
internal_count=7985 49 7936 51 7885 76 52 7809 59 7750 159 137 70 7591 72 67 7519 82 54 7437 159 7278 84 7194 7148 7084 64 7064 7035 7014
is_linear=0
shrinkage=0.05


Tree=124
num_leaves=31
num_cat=0
split_feature=53 330 104 18 114 44 39 36 91 6 99 18 6 93 291 20 136 83 75 34 2 36 13 97 72 100 71 58 12 4
split_gain=3.19191 7.41913 7.50322 7.06205 7.46709 6.31462 8.00276 9.57031 7.6378 8.22962 7.67121 6.68323 9.95817 9.78148 8.37741 6.53915 6.35916 7.7081 8.11294 8.31389 6.48069 6.85392 6.34069 6.48395 6.91699 6.88395 6.68567 9.6578 7.68312 10.658
threshold=4.1959919624070894 1.0000000180025095e-35 1.4941819789948052 15.083075970669647 1.5000000000000002 3.5699738718475964 2.0017704875436624 6.3297690507315822 26.290203660877946 308.23950000000008 0.38570132065171797 16.256576412457012 385.3930000000002 25.051789935233465 1.0000000180025095e-35 2.1835299642815817 1.0000000180025095e-35 17.225000000000005 24.466999608920581 5.2642113762165605 1.5030864197530864 0.75079259224054451 0.062225394893631096 27.927317824321346 4.8978095803798452 -1.9158439238476037 14.78313046693245 19.415752410264382 -0.39504964342140897 0.37412741519903731
decision_type=2 2 2 8 2 2 2 2 2 2 2 8 2 2 2 10 2 2 2 2 2 2 10 2 2 2 2 2 10 2
left_child=5 2 3 -2 -5 16 22 8 9 10 -8 14 -13 -14 -9 -11 17 18 19 -1 -19 -22 -7 24 26 -25 28 -28 29 -24
right_child=1 -3 -4 4 -6 6 7 11 -10 15 -12 12 13 -15 -16 -17 -18 20 -20 -21 21 -23 23 25 -26 -27 27 -29 -30 -31
leaf_value=-0.0014716069011033394 0.028534895018674435 -0.0027523226240094962 0.010783486966741229 0.00091188794385532583 0.020048670238331678 -0.022546380412661368 -0.0086199972956605697 -0.00067650778684765107 -0.01469447721195008 0.052709526158869272 0.014471921351829882 -0.015258576948829788 0.014489641847709815 -0.0065510928659729172 0.037736586684530435 0.016678787307704196 -0.011054990794714337 0.0047152492698128885 0.029290708499029278 -0.026697656811614123 0.0051853391519259846 0.046083786897361284 -0.020215290719948587 0.0058034453718435203 -0.011444157129857517 -0.028210753621533514 0.011125565622040454 -0.02568953006528318 0.00043319320283742216 -0.0039923421459401153
leaf_weight=489 24 971 239 2585 52 45 51 40 28 20 122 141 90 143 22 34 91 742 20 35 21 20 122 21 215 51 163 20 773 595
leaf_count=489 24 971 239 2585 52 45 51 40 28 20 122 141 90 143 22 34 91 742 20 35 21 20 122 21 215 51 163 20 773 595
internal_value=-4.32773e-12 0.00103057 0.00229719 0.00153499 0.00128925 -0.0009697 -0.00239036 0.00224996 0.00994423 0.0129834 0.00766448 -0.00225012 -0.00477058 0.00157623 0.0129539 0.0300235 0.00173135 0.00260819 -0.00196364 -0.00315655 0.00578452 0.0251358 -0.00398959 -0.00356354 -0.00300194 -0.0182899 -0.00191702 0.00710206 -0.00302473 -0.00675273
internal_weight=7985 3871 2900 2661 2637 4114 2696 691 255 227 173 436 374 233 62 54 1418 1327 544 524 783 41 2005 1960 1888 72 1673 183 1490 717
internal_count=7985 3871 2900 2661 2637 4114 2696 691 255 227 173 436 374 233 62 54 1418 1327 544 524 783 41 2005 1960 1888 72 1673 183 1490 717
is_linear=0
shrinkage=0.05


Tree=125
num_leaves=31
num_cat=0
split_feature=138 4 100 130 255 67 49 25 162 57 225 205 51 369 71 25 323 105 15 48 61 91 74 59 44 25 36 100 289 87
split_gain=3.26249 5.48476 5.20904 5.10105 4.16671 7.04414 6.76622 7.07833 5.30544 4.69758 4.44492 5.45724 7.93985 4.85418 7.76638 10.0605 14.2052 9.94083 10.5659 7.27557 10.8602 7.80174 7.65295 6.70735 6.88566 6.53856 7.53136 6.19012 6.05709 6.05637
threshold=1.0000000180025095e-35 0.6490024919831473 0.010228778239691151 -0.99924999999999997 1.0000000180025095e-35 26.073988458182225 5.6954836539521478 0.05999540492194997 1.0000000180025095e-35 11.705504793147133 1.0000000180025095e-35 1.0000000180025095e-35 5.5490960737176769 1.0000000180025095e-35 4.155243278773777 -0.3844641594411991 1.0000000180025095e-35 0.089572192513368995 0.95916666666666683 10.542980432701336 10.418911024200812 5.8197357992654402 16.038576819119861 23.973486443310684 3.2249464015776437 0.10214998547230027 5.2105275769347754 -1.5612318909045093 1.0000000180025095e-35 104.72353538931416
decision_type=2 2 2 2 2 2 2 10 2 2 2 2 2 2 2 10 2 2 2 2 2 2 2 2 2 8 2 2 2 2
left_child=4 3 -3 -2 10 6 7 -6 -9 -8 11 13 -13 19 15 -15 23 18 -16 29 21 -21 -22 24 -17 -20 -27 -26 -25 -1
right_child=1 2 -4 -5 5 -7 9 8 -10 -11 -12 12 -14 14 17 16 -18 -19 25 20 22 -23 -24 28 27 26 -28 -29 -30 -31
leaf_value=-0.00078853836192762413 -0.021922505795597458 -0.0062072043375271122 -0.03418428170261905 0.0017952955389753155 0.039415985225267444 -0.021469400825333738 0.009501281416467262 0.00062333237542331504 0.02592871967593537 -0.0095292305143676315 -0.016865905225038148 0.01855110965226521 -0.0065817616695615774 -0.010965753571979483 -0.0028902153913335569 0.0088276603427758626 0.027086756630262859 0.00084081025401382733 -0.010012677377457486 -0.0095143211242774955 -1.1773890551717524e-05 -0.045883393567055467 -0.0268349954347697 0.031810444702859972 0.01738038818972806 -0.060918674389831722 -0.018965779714610265 -0.00063487228999069376 0.001160643147347771 0.019806111699694564
leaf_weight=4255 26 41 28 177 28 21 72 53 34 59 39 91 48 102 157 368 71 1070 38 29 187 30 31 40 51 20 23 733 27 36
leaf_count=4255 26 41 28 177 28 21 72 53 34 59 39 91 48 102 157 368 71 1070 38 29 187 30 31 40 51 20 23 733 27 36
internal_value=-7.73599e-12 -0.00538189 -0.0175602 -0.00124245 0.000189793 0.00632686 0.00869971 0.0175501 0.0105128 0.000930287 -3.0271e-05 5.83735e-05 0.00987213 -0.000129314 0.00155143 0.00415088 0.00534615 -0.00121496 -0.0104573 -0.00112275 -0.00897655 -0.0280071 -0.00382609 0.00407988 0.00318543 -0.0251243 -0.0384788 0.000537039 0.019459 -0.000615756
internal_weight=7985 272 69 203 7713 267 246 115 87 131 7446 7407 139 7268 2700 1392 1290 1308 238 4568 277 59 218 1219 1152 81 43 784 67 4291
internal_count=7985 272 69 203 7713 267 246 115 87 131 7446 7407 139 7268 2700 1392 1290 1308 238 4568 277 59 218 1219 1152 81 43 784 67 4291
is_linear=0
shrinkage=0.05


Tree=126
num_leaves=31
num_cat=0
split_feature=122 57 57 89 122 87 37 87 89 93 41 200 353 130 47 119 67 83 232 21 101 95 55 62 84 235 30 44 98 62
split_gain=3.16061 8.22664 4.58052 6.37937 4.89657 6.66685 4.89439 7.11136 4.91802 4.23432 4.83995 3.91319 3.99925 3.71685 8.34741 5.3408 4.50006 8.7548 4.16999 4.68232 4.0325 3.88184 5.71788 7.14277 5.6131 5.39527 4.50944 5.60308 5.35083 5.90435
threshold=27.500000000000004 129.17080582366719 95.398621960453411 63.532899894449436 19.500000000000004 42.882182421680817 5.4069079766410741 16.749444735405365 6.4827890144192937 27.691638715288374 -1.1050000000000009 1.0000000180025095e-35 1.0000000180025095e-35 -13.786900000000003 66.918818032667545 7.5000000000000009 49.100688793119112 83.870000000000019 1.0000000180025095e-35 -2.1437636425517885 -1.563127507568518 69.096222648277191 17.294944578810345 31.627021678443953 41.322197469144648 1.0000000180025095e-35 4.632747831363746 26.024056617042962 3.0570001889644751 35.696414422045031
decision_type=2 2 2 2 2 2 2 2 2 2 2 2 2 2 2 2 2 2 2 10 2 2 2 2 2 2 2 2 2 2
left_child=1 2 3 4 11 -6 8 -8 -4 -2 -11 13 -13 -1 15 16 18 -18 20 -20 -15 22 25 -24 -23 26 28 -28 -22 -30
right_child=9 -3 6 -5 5 -7 7 -9 -10 10 -12 12 -14 14 -16 -17 17 -19 19 -21 21 24 23 -25 -26 -27 27 -29 29 -31
leaf_value=0.018025975779164583 0.0063323988512690582 0.023010508856998804 -0.015013686298496193 0.022068909442786014 0.035305708403820579 -0.0031943373085761614 -0.041996905207633974 -0.0050430530107890567 0.014894205840703632 -0.0062837899301990147 -0.036487959236616178 0.0034469049800044068 0.030947242872789507 -0.018300457060104237 -0.030300859321394692 0.025047009580192115 0.002244953926781128 -0.040755918155191473 -0.029218201926694467 0.00078923280995625729 0.00059103567300176126 0.029057474117036221 0.00060121114216506101 -0.030752791669767573 0.0031611280731095748 -0.019246079958975315 -0.00029082560625422091 -0.025569981167262251 0.0061484787209572199 0.030398143220830849
leaf_weight=28 28 39 27 33 23 22 23 30 28 36 21 39 20 30 23 21 29 20 26 26 747 27 39 34 93 36 6031 22 357 27
leaf_count=28 28 39 27 33 23 22 23 30 28 36 21 39 20 30 23 21 29 20 26 26 747 27 39 34 93 36 6031 22 357 27
internal_value=2.42704e-11 0.000103184 -1.04635e-05 0.000131987 3.82157e-05 0.0164835 -0.0102366 -0.0210796 0.00021215 -0.00959008 -0.0174116 -5.8206e-05 0.0127691 -0.000157577 -0.000224675 -0.000133234 -0.000203327 -0.0153064 -0.000104588 -0.0142145 -6.00994e-06 6.80267e-05 -7.87406e-05 -0.014002 0.00898781 6.2035e-05 0.000158791 -0.000382704 0.00305682 0.00785353
internal_weight=7985 7900 7861 7753 7720 45 108 53 55 85 57 7675 59 7616 7588 7565 7544 49 7495 52 7443 7413 7293 73 120 7220 7184 6053 1131 384
internal_count=7985 7900 7861 7753 7720 45 108 53 55 85 57 7675 59 7616 7588 7565 7544 49 7495 52 7443 7413 7293 73 120 7220 7184 6053 1131 384
is_linear=0
shrinkage=0.05


Tree=127
num_leaves=31
num_cat=0
split_feature=101 92 53 53 25 330 104 18 61 55 4 15 45 7 5 72 23 20 97 14 37 22 22 27 36 58 215 68 30 83
split_gain=3.03427 4.11245 3.45552 8.17225 6.66116 6.12556 6.56213 6.29486 6.17317 7.02738 6.85981 7.07919 7.14208 6.94357 6.71626 6.66907 6.60624 6.8707 5.89242 7.42991 16.6124 8.11654 7.62999 11.152 7.5822 6.75115 7.94965 6.85165 6.98708 9.88422
threshold=33.18583703336126 78.401698749457196 4.1959919624070894 4.5660739663613432 0.48295507092817641 1.0000000180025095e-35 1.4941819789948052 15.083075970669647 9.5902066512317301 10.44996239492243 0.73696793782754089 0.81365740740740755 1.7475701962531416 312.29550000000012 15.803225806451616 5.9162607414237529 -2.2344129135883732 2.1925781989812285 0.19168249244142146 0.62813473830534172 0.13040279620681233 2.2659560034571369 2.3167334528595371 2.2361300394552228 11.551170691914399 12.137560656109358 7.5000000000000009 29.307052888183296 13.960673034408495 52.345000000000013
decision_type=2 2 2 2 10 2 2 8 2 2 2 2 2 2 2 2 10 8 2 10 2 10 10 2 2 2 2 2 2 2
left_child=1 2 18 4 -4 6 7 -5 9 10 11 12 -9 -13 15 -12 17 -10 -1 20 -20 24 23 -23 25 -22 27 28 29 -27
right_child=-2 -3 3 5 -6 -7 -8 8 16 -11 14 13 -14 -15 -16 -17 -18 -19 19 -21 21 22 -24 -25 -26 26 -28 -29 -30 -31
leaf_value=0.00057372443043686363 -0.015365620253578528 0.020309101073071364 0.020423491860760357 0.026605097941743833 -0.0087160738930106164 -0.0028059339525217785 0.009919654996259325 -0.043080841982737185 -0.006510994693920677 -0.02935360696089144 0.0075602255305092713 -0.00269056807363908 -0.0092011400175813062 0.027270588246174156 -0.012600642334048949 0.039522859628777954 0.0068892939185482092 0.0025727357661477759 0.020513286565740904 -0.016573613978959997 -0.0013628291976189801 0.036425819273446562 -0.0020161384176130277 0.0027296555757981866 0.024967361614108088 0.0015821615120400496 -0.03111728117801249 -0.013418764539143159 0.022876978335746877 -0.016297978015306094
leaf_weight=2403 32 25 91 24 25 947 231 20 276 24 51 584 70 20 24 24 586 847 75 99 457 37 224 73 20 208 39 302 24 123
leaf_count=2403 32 25 91 24 25 947 231 20 276 24 51 584 70 20 24 24 586 847 75 99 457 37 224 73 20 208 39 302 24 123
internal_value=1.20897e-11 6.18257e-05 -2.02164e-06 0.00107394 0.0141434 0.00066727 0.00184998 0.00111897 0.000876817 -0.00269811 -0.00189139 -0.0036478 -0.01673 -0.00169848 0.0104213 0.0177883 0.00258584 0.000340225 -0.00101475 -0.00328549 -0.00245393 -0.00359696 0.00327966 0.0140638 -0.005555 -0.00608445 -0.00918471 -0.00788277 -0.00317328 -0.00506212
internal_weight=7985 7953 7928 3844 116 3728 2781 2550 2526 817 793 694 90 604 99 75 1709 1123 4084 1681 1582 1507 334 110 1173 1153 696 657 355 331
internal_count=7985 7953 7928 3844 116 3728 2781 2550 2526 817 793 694 90 604 99 75 1709 1123 4084 1681 1582 1507 334 110 1173 1153 696 657 355 331
is_linear=0
shrinkage=0.05


Tree=128
num_leaves=31
num_cat=0
split_feature=180 66 20 43 53 330 76 44 21 93 4 49 97 26 34 95 47 27 39 66 0 99 17 173 94 105 85 24 56 16
split_gain=3.08552 4.88666 4.82766 5.25866 3.65241 7.11977 5.79061 6.59805 8.32717 6.25195 5.59738 7.9812 9.36233 8.00684 9.40366 8.2716 6.55654 6.39756 10.4788 8.58806 8.26858 7.68927 7.10539 6.02888 5.77057 5.62921 5.60192 5.57217 9.21506 5.94687
threshold=1.0000000180025095e-35 39.444804616075878 2.3413862195953743 11.388661247577234 4.1959919624070894 1.0000000180025095e-35 4.608611554785349 3.8657306092290975 -2.0563717805686736 19.929704295001986 0.5900474148494006 5.7851780494677687 23.16012335800086 2.661777179512403 8.1833508993085111 27.507812500000004 5.0413301646241235 2.1876219181270069 1.6178403273288324 33.106509212857169 11.334691397392293 4.6138095663917635 1.9913793103448278 1.0000000180025095e-35 5.6798078397109215 0.14039408866995076 8.1264804015451251 7.9329778515916871 10.212931933930436 1.8651515151515154
decision_type=2 2 8 2 2 2 2 2 10 2 2 2 2 2 2 2 2 2 2 2 2 2 2 2 2 2 2 10 2 2
left_child=4 2 3 -2 -1 10 9 -8 27 -7 17 12 13 14 15 25 -15 -6 20 24 21 -19 -23 26 -20 -12 -22 28 29 -9
right_child=1 -3 -4 -5 5 6 7 8 -10 -11 11 -13 -14 16 -16 -17 -18 18 19 -21 23 22 -24 -25 -26 -27 -28 -29 -30 -31
leaf_value=-0.00086912767616422826 0.00017651965841650964 -0.024432685281029876 0.0029189962012882847 -0.032589971933824319 0.0058141278694971129 -0.0050772806194153766 0.013304380946518743 -0.0038369144049796217 -0.017269090659966745 -0.025191519427009756 -0.0068499925794700788 -0.0043775198439358724 0.019720142733548648 -0.029436727455602243 0.031695255694763835 0.034470280492678286 2.4979799164229658e-05 0.0021759038006853694 -0.011595938390676391 -0.0034654647417355273 0.0070696898024338725 -0.03456558792293072 -0.005403824342876732 -0.0072157373866782743 -0.037166019975201282 0.007103968254507491 0.031648199952074456 -0.01298450487520313 0.031109747846386638 0.0089664683198659775
leaf_weight=4113 25 31 113 24 499 273 85 245 74 45 90 159 138 26 38 24 69 720 57 228 44 25 127 26 36 367 49 64 27 144
leaf_count=4113 25 31 113 24 499 273 85 245 74 45 90 159 138 26 38 24 69 720 57 228 44 25 127 26 36 367 49 64 27 144
internal_value=-1.27113e-13 -0.00624515 -0.00276481 -0.0158724 0.000154686 0.00129928 -0.00241032 0.000333399 -0.00165673 -0.00792364 0.00260349 0.00580031 0.00795228 0.00530738 0.00775022 0.00585851 -0.00803822 0.000995374 -0.000837368 -0.0086887 0.0017058 1.8607e-05 -0.0102002 0.0140691 -0.021494 0.00435592 0.0200197 0.000750171 0.0028632 0.000902641
internal_weight=7985 193 162 49 7792 3679 957 639 554 318 2722 911 752 614 519 481 95 1811 1312 321 991 872 152 119 93 457 93 480 416 389
internal_count=7985 193 162 49 7792 3679 957 639 554 318 2722 911 752 614 519 481 95 1811 1312 321 991 872 152 119 93 457 93 480 416 389
is_linear=0
shrinkage=0.05


Tree=129
num_leaves=31
num_cat=0
split_feature=244 5 27 21 18 118 319 130 66 5 8 71 224 75 11 130 0 85 95 21 45 13 6 4 83 47 98 12 27 45
split_gain=3.00282 4.69523 3.1388 3.0641 5.54298 8.62425 3.71004 3.66338 3.4497 10.2689 7.98134 7.60746 7.56995 8.23607 11.337 7.31855 6.99652 12.0026 9.34496 7.2659 6.92831 6.82713 17.161 6.59481 6.50386 7.52508 6.05139 5.80656 5.59499 5.50112
threshold=1.0000000180025095e-35 9.5505050505050519 2.9641432756821806 -1.7142372772483483 35.497218641179707 1.0000000180025095e-35 1.0000000180025095e-35 0.23835000000000048 5.2479573351914928 11.254032258064518 452.99900434199998 9.2281435434457251 1.0000000180025095e-35 25.264708369258035 2.5000000000000004 -1.5533499999999993 13.318329239103051 27.454507552737347 28.553298453874465 -2.2494516338745716 17.885537190082648 0.058733935515505015 144.22700000000003 0.28853790530748319 40.500000000000007 24.800359763788208 6.1830644132653072 -0.80046929178418502 2.6703327725968911 0.58847645860948294
decision_type=2 2 2 10 10 2 2 2 2 2 2 2 2 2 8 2 2 2 2 10 2 10 2 2 2 2 2 10 2 2
left_child=3 -2 -3 8 5 -5 7 -7 9 10 12 -12 13 21 15 23 17 18 19 -11 -14 22 -1 -15 25 -23 -25 -26 -17 -10
right_child=1 2 -4 4 -6 6 -8 -9 29 16 11 -13 20 14 -16 28 -18 -19 -20 -21 -22 24 -24 26 27 -27 -28 -29 -30 -31
leaf_value=0.006490606897407109 -0.02156623654385529 -0.010057958946735772 0.015384373712268744 -0.013229165335876808 0.022902179499849296 0.02155643557037773 -0.010277562896676716 0.0041415905062523158 -0.025597825963050127 -0.035474715058080621 -0.043870082497596746 -0.0028527907767476376 -0.0016970959678292274 0.01213808934390545 0.038713437942071605 0.019166640127750947 0.012105579541197845 -0.048951388830319048 0.0084271812420939254 -0.01007244689957215 0.037446518079377711 0.0016361134284111822 -0.052999769252809616 -0.039835210623485703 -0.022300850223143435 0.032856548279523855 -0.0050729033064037081 -0.0033105287909884714 0.0025745163604133686 0.00067230335167016994
leaf_weight=27 41 27 22 62 39 58 21 63 20 32 20 26 20 25 26 83 35 20 62 234 26 552 22 21 43 20 31 630 131 5546
leaf_count=27 41 27 22 62 39 58 21 63 20 32 20 26 20 25 26 83 35 20 62 234 26 552 22 21 43 20 31 630 131 5546
internal_value=-2.0737e-11 -0.00908138 0.00136513 0.000103524 0.00563103 0.0023292 0.00912229 0.0124892 -7.20096e-05 -0.00180616 -0.000142492 -0.0206864 0.000427827 -0.000143239 0.00707979 0.00425342 -0.00920363 -0.0113468 -0.00905384 -0.0131284 0.0204276 -0.00191271 -0.0202194 -0.00896555 -0.00119221 0.00272774 -0.0191115 -0.00452388 0.00900978 0.000577908
internal_weight=7985 90 49 7895 243 204 142 121 7652 2086 1703 46 1657 1611 317 291 383 348 328 266 46 1294 49 77 1245 572 52 673 214 5566
internal_count=7985 90 49 7895 243 204 142 121 7652 2086 1703 46 1657 1611 317 291 383 348 328 266 46 1294 49 77 1245 572 52 673 214 5566
is_linear=0
shrinkage=0.05


Tree=130
num_leaves=31
num_cat=0
split_feature=41 41 235 52 104 36 71 55 99 45 67 77 232 45 79 25 81 35 89 27 11 2 76 95 31 57 87 17 41 93
split_gain=3.01903 6.42328 3.75036 6.34264 4.99955 5.98916 7.77332 4.77169 6.18765 7.86518 5.79092 6.6167 5.62502 6.44867 5.75976 9.36724 8.19753 7.29459 7.46213 5.69345 7.15324 5.37307 7.36672 10.254 8.17601 13.168 6.43537 5.73898 6.93458 6.54767
threshold=3.2583766233766238 2.491688311688312 1.0000000180025095e-35 25.791714684659926 -8.8002043648696944 12.731431502372635 11.434608547899295 5.1000446670203816 2.2258073638405995 37.204678447056459 11.456000545543715 5.4121370375941522 1.0000000180025095e-35 151.4169127866945 58.326730017914578 1.7081870095144418 21.610135109434918 3.7670631070096632 12.504190048391351 -7.1999997409500128e-08 1.0499536332980961 0.0097130102040815531 19.864929096240349 9.954643644494837 18.483064867771052 58.015741796116565 30.244302322009371 1.1026315789473686 -0.27499999999999997 13.815915838302468
decision_type=2 2 2 2 2 2 2 2 2 2 2 2 2 2 2 8 2 2 2 2 8 2 2 2 2 2 2 2 2 2
left_child=1 2 4 -4 5 6 -1 12 9 -9 -10 -12 13 14 16 -16 21 -18 -19 -15 -21 22 24 26 25 -6 -24 28 -23 -30
right_child=-2 -3 3 -5 7 -7 -8 8 10 -11 11 -13 -14 19 15 -17 17 18 -20 20 -22 27 23 -25 -26 -27 -28 -29 29 -31
leaf_value=0.043704942435674049 0.018088943478853807 -0.026437201772047128 -0.032672316070808019 0.0053341704465094068 0.0081203717692308903 -1.8527198521840592e-05 0.0081045341880425156 0.00014399819353824123 -0.0040447971711959083 -0.030323465502905572 -0.01039314129933094 -0.038267162429507486 -0.015870091038369488 -0.0067096381137768434 0.009700542541041442 -0.016983477454758377 0.0056130137560623031 -0.052374041322618727 -0.0091822414193302396 0.003313446348614019 0.040652221338502298 -0.015110165373329735 -0.028544288782609836 0.013755089684607501 0.033685085835999683 -0.025615961885740682 -0.0027196319137986463 4.2730500101365748e-05 0.012214347397765288 -0.0094671870209276678
leaf_weight=23 23 23 23 21 432 82 46 570 134 22 60 33 53 21 296 37 21 20 20 23 29 141 45 47 28 31 52 5489 65 75
leaf_count=23 23 23 23 21 432 82 46 570 134 22 60 33 53 21 296 37 21 20 20 23 29 141 45 47 28 31 52 5489 65 75
internal_value=-2.66135e-12 -5.22539e-05 2.41857e-05 -0.0145329 0.000105314 0.00911591 0.0199713 -7.03832e-05 -0.00367942 -0.000988239 -0.0106978 -0.0202839 0.000356447 0.000481594 0.000322884 0.00673565 -7.37409e-06 -0.01825 -0.0307781 0.0152633 0.024137 0.000166366 0.00453175 -0.00541267 0.00744824 0.00586157 -0.0147001 -0.000314054 -0.00728342 0.00059924
internal_weight=7985 7962 7939 44 7895 151 69 7744 819 592 227 93 6925 6872 6799 333 6466 61 40 73 52 6405 635 144 491 463 97 5770 281 140
internal_count=7985 7962 7939 44 7895 151 69 7744 819 592 227 93 6925 6872 6799 333 6466 61 40 73 52 6405 635 144 491 463 97 5770 281 140
is_linear=0
shrinkage=0.05


Tree=131
num_leaves=31
num_cat=0
split_feature=182 180 66 20 43 22 41 80 89 89 42 151 3 70 84 58 11 12 103 16 91 3 95 41 215 58 98 93 11 27
split_gain=2.76961 2.79585 4.45833 4.22626 4.61199 3.54259 3.45783 3.41459 2.95401 6.48705 7.76365 6.2755 7.15208 6.15674 7.98209 6.42374 5.95578 9.79637 6.04046 5.87795 5.79754 5.39447 6.68033 5.1412 4.75663 10.1857 12.8824 7.06839 6.65481 6.90842
threshold=1.0000000180025095e-35 1.0000000180025095e-35 39.444804616075878 2.3413862195953743 11.388661247577234 2.2392498154618985 -1.6349999999999996 39.731567316008572 24.305381835895151 23.819684785655092 8483.0030562753982 1.0000000180025095e-35 -0.49979237528344661 5.7184490539837345 11.711917159983875 54.292085862996871 0.2470953216095583 -0.28716824045993722 0.96416762349191731 0.9298029556650248 13.642296007711662 -0.39035165107709729 5.6118285068657103 -2.7099999999999991 1.0000000180025095e-35 19.324432260271315 17.543611677125188 11.349477154933245 0.33205565502720175 2.5077263602273283
decision_type=2 2 2 8 2 10 2 2 2 2 2 2 2 2 2 2 10 10 2 2 2 2 2 2 2 2 2 2 10 2
left_child=1 7 3 4 -3 -5 -7 8 9 24 -11 13 -13 16 19 -16 18 20 -10 -15 23 -20 -23 -18 -1 26 27 -26 29 -27
right_child=-2 2 -4 5 -6 6 -8 -9 11 10 -12 12 -14 14 15 -17 17 -19 21 -21 -22 22 -24 -25 25 28 -28 -29 -30 -31
leaf_value=0.00048653478957258684 -0.015697765239747242 0.00020078912284225226 -0.023261447821653659 0.021283050229595531 -0.030484934290871027 0.0057728837784853278 -0.014437876423030641 -0.017226125165221415 0.026831697673714235 -0.039187821612247958 -0.0030492300699864116 0.039589290724446377 0.0043518013113902675 0.010112394155934453 0.030489417780241324 -0.0043857373657726481 0.025481035412047749 -0.029575410408254427 0.019077681899943855 -0.016482078682108808 -0.011409502415849336 0.0066541998776192051 -0.017105410678777844 0.0028226893843925926 0.00017331291668790769 0.025373969080433118 -0.040779576823115352 -0.012356877060207168 -0.0068395241059065947 0.0019276480442411933
leaf_weight=5961 28 25 31 21 24 59 33 28 42 23 42 24 36 25 23 31 27 26 64 123 68 166 36 344 235 57 28 216 69 70
leaf_count=5961 28 25 31 21 24 59 33 28 42 23 42 24 36 25 23 31 27 26 64 123 68 166 36 344 235 57 28 216 69 70
internal_value=-2.20108e-11 5.52391e-05 -0.00588927 -0.00256497 -0.014829 0.00275305 -0.00147663 0.00020301 0.000266093 -0.000117895 -0.0158367 0.00275219 0.0184468 0.00178636 -0.00598607 0.0104685 0.00381745 0.000245562 0.00921008 -0.0119898 0.00201172 0.00642772 0.00241981 0.00447168 3.60719e-05 -0.00394202 -0.00787095 -0.00582784 0.00565982 0.0124508
internal_weight=7985 7957 193 162 49 113 92 7764 7736 6701 65 1035 60 975 202 54 773 465 308 148 439 266 202 371 6636 675 479 451 196 127
internal_count=7985 7957 193 162 49 113 92 7764 7736 6701 65 1035 60 975 202 54 773 465 308 148 439 266 202 371 6636 675 479 451 196 127
is_linear=0
shrinkage=0.05


Tree=132
num_leaves=31
num_cat=0
split_feature=101 92 77 67 47 255 25 67 65 173 60 41 22 314 90 5 15 58 122 75 78 13 51 58 130 66 23 42 22 7
split_gain=2.81829 3.52328 3.1199 5.64659 5.79162 5.46802 5.14021 8.29157 6.49857 7.78333 7.99383 7.54018 8.34731 7.05037 7.75 8.20186 8.88106 8.09352 9.65257 8.84623 10.1844 9.01867 7.76311 6.96962 7.65469 6.5779 6.31176 6.13621 6.04207 5.69596
threshold=33.18583703336126 78.401698749457196 1.0000000180025095e-35 45.223377991643765 20.548508345236858 1.0000000180025095e-35 0.048179229793466435 52.482302364501287 5.1473432321792414 1.5000000000000002 19.828439736028482 -3.2499999999999987 2.3659311861211996 1.0000000180025095e-35 23.104923462671429 13.186342592592593 0.71240601503759404 51.186343987334503 16.500000000000004 22.083658706628128 80.309040732765993 0.47763893751522418 6.5311825656108278 25.704224508608515 3.5801600000000025 45.634727278833594 -2.0047084833978679 586.72074160737918 2.228536849830093 464.82250000000039
decision_type=2 2 2 2 2 2 8 2 2 2 2 2 10 2 2 2 2 2 2 2 2 8 2 2 2 2 10 2 10 2
left_child=1 2 6 4 5 -4 7 -1 9 11 -11 12 -8 14 22 17 -17 18 19 20 -16 -21 29 26 -25 28 -15 -24 -10 -13
right_child=-2 -3 3 -5 -6 -7 8 -9 25 10 -12 13 -14 23 15 16 -18 -19 -20 21 -22 -23 27 24 -26 -27 -28 -29 -30 -31
leaf_value=0.0022342316537918307 -0.014808662432187703 0.018800466038286688 -0.0022815803024905409 -0.026605175067247317 0.0071970094636829643 0.0099494590887211666 -0.0025562807358801365 0.027497089436898631 0.0015846142870121463 -0.002861500683235982 -0.025037109090343998 0.00089872163940773054 0.042578431786525817 -0.018646055184406776 -0.0015928896309600937 0.035791686246520842 -0.0024516928601004775 -0.041014064059016253 0.014876631088554859 -0.012068879362777807 -0.039023151532525113 -0.052149435665458446 0.0016647139065233724 0.010829588795340071 -0.024480268415063622 0.032929087243974212 0.010082383851774714 0.033715715472817466 0.022069315427755257 -0.017942713364595322
leaf_weight=2060 32 25 2397 22 192 95 20 33 295 101 68 1853 21 146 135 20 63 21 37 32 21 25 28 66 20 21 22 32 41 41
leaf_count=2060 32 25 2397 22 192 95 20 33 295 101 68 1853 21 146 135 20 63 21 37 32 21 25 28 66 20 21 22 32 41 41
internal_value=1.63818e-11 5.95847e-05 4.87598e-07 -0.0013774 -0.00117061 -0.00181531 0.000714497 0.00263255 -0.000568494 -0.00138623 -0.0117842 -0.00071114 0.0205615 -0.00105157 -0.000181436 -0.00698856 0.00676358 -0.0112005 -0.00869612 -0.0127909 -0.00663158 -0.0296481 0.00105179 -0.00895813 0.00261799 0.00578099 -0.014884 0.0187586 0.00408424 0.000490855
internal_weight=7985 7953 7928 2706 2684 2492 5222 2093 3129 2772 169 2603 41 2562 2308 354 83 271 250 213 156 57 1954 254 86 357 168 60 336 1894
internal_count=7985 7953 7928 2706 2684 2492 5222 2093 3129 2772 169 2603 41 2562 2308 354 83 271 250 213 156 57 1954 254 86 357 168 60 336 1894
is_linear=0
shrinkage=0.05


Tree=133
num_leaves=31
num_cat=0
split_feature=41 41 235 52 104 36 71 55 78 67 22 232 45 27 11 79 25 81 35 89 85 2 93 98 76 22 89 77 44 11
split_gain=2.80082 5.76562 3.38113 5.62731 4.38151 5.41398 6.83045 4.32223 5.68204 6.69197 7.56514 5.05374 5.72057 5.14151 6.44602 4.9715 8.12129 7.55033 6.60103 6.53821 5.0045 6.51551 5.76964 5.37674 6.35642 4.89178 4.79778 8.32476 7.58416 8.12371
threshold=3.2583766233766238 2.491688311688312 1.0000000180025095e-35 25.791714684659926 -8.8002043648696944 12.731431502372635 11.434608547899295 5.1000446670203816 78.781297738856296 4.915188854954752 2.3502992597398333 1.0000000180025095e-35 151.4169127866945 -7.1999997409500128e-08 1.0499536332980961 58.326730017914578 1.7081870095144418 21.610135109434918 3.7670631070096632 12.504190048391351 14.318304311985548 0.34375000000000017 4.9379410899166176 2.9132304461136314 4.7419427035088049 2.2438806941659846 5.8989547455658675 37.533905513208836 8.1126446805365582 -0.0048919568026113674
decision_type=2 2 2 2 2 2 2 2 2 2 8 2 2 2 8 2 8 2 2 2 2 2 2 2 2 10 2 2 2 10
left_child=1 2 4 -4 5 6 -1 11 9 10 25 12 15 -14 -15 17 20 26 -19 -20 21 23 -22 -17 -25 -9 27 28 -6 -30
right_child=-2 -3 3 -5 7 -7 -8 8 -10 -11 -12 -13 13 14 -16 16 -18 18 19 -21 22 -23 -24 24 -26 -27 -28 -29 29 -31
leaf_value=0.041103122840918931 0.017422984767219294 -0.025048070433347121 -0.030885783845113347 0.0049133924501282835 0.0009768618197472012 -0.00015034249347702761 0.0077315696717604344 0.0023426192997456447 0.022172509382168453 -0.00778678555178316 -0.011256333003774377 -0.015039611612183024 -0.0064990107324861355 0.00304696054359817 0.038491931763188596 -0.012780231712836652 -0.015817577579385927 0.005195730368030213 -0.04963698395527899 -0.0092074003629386419 0.038039891055918172 0.015204710313422687 0.0097915049757598457 -0.0076716806914191695 0.024096385794015782 0.019855446704717068 -0.001165804396593846 -0.030582959987223147 -0.018494170112535357 0.011851945775978333
leaf_weight=23 23 23 23 21 2809 82 46 171 21 492 83 53 21 23 29 62 37 21 20 20 28 92 51 32 31 52 3280 20 24 272
leaf_count=23 23 23 23 21 2809 82 46 171 21 492 83 53 21 23 29 62 37 21 20 20 28 92 51 32 31 52 3280 20 24 272
internal_value=-1.24906e-11 -5.03302e-05 2.20905e-05 -0.0137998 9.91221e-05 0.00853441 0.0188554 -6.53573e-05 -0.00350022 -0.00417582 0.00163005 0.000340874 0.000459495 0.0143817 0.0228143 0.000310014 0.00626783 3.18575e-06 -0.0175045 -0.0294222 0.0090285 0.00510577 0.0198036 -0.00232704 0.00796023 0.00642633 0.000169926 0.00157191 0.00177903 0.00939145
internal_weight=7985 7962 7939 44 7895 151 69 7744 819 798 306 6925 6872 73 52 6799 333 6466 61 40 296 217 79 125 63 223 6405 3125 3105 296
internal_count=7985 7962 7939 44 7895 151 69 7744 819 798 306 6925 6872 73 52 6799 333 6466 61 40 296 217 79 125 63 223 6405 3125 3105 296
is_linear=0
shrinkage=0.05


Tree=134
num_leaves=31
num_cat=0
split_feature=102 57 22 21 57 89 122 87 15 13 100 90 90 39 97 122 12 215 105 130 47 41 27 11 6 83 0 100 58 38
split_gain=2.73343 5.2103 11.1681 5.10291 4.42525 5.10099 4.11163 5.09412 3.89763 4.68341 3.53778 4.05345 7.12159 5.612 3.52418 10.7036 9.30627 5.79823 11.5928 12.4747 8.56913 5.88128 9.81128 5.76014 11.8164 8.34179 7.38103 6.30826 5.97296 7.70647
threshold=34.868031564779393 123.00144198912346 2.2989489653571771 -2.057357839928446 95.398621960453411 63.532899894449436 19.500000000000004 42.882182421680817 0.55409356725146208 0.46197243927568732 2.45427491878938 70.691005243679427 69.776494240143265 2.6151623611486241 0.19168249244142146 10.500000000000002 -0.39369491232287418 1.0000000180025095e-35 0.9104278074866311 2.560550000000001 20.638192561116153 -0.11000000000000004 1.8439249328864038 0.048481774955112737 263.23000000000008 50.770000000000003 8.5188652683295558 0.83831597222222254 47.69206229713199 6.5742179234010445
decision_type=2 2 8 8 2 2 2 2 2 10 2 2 2 2 2 2 10 2 2 2 2 2 2 10 2 2 2 2 2 2
left_child=1 4 -3 -2 5 6 10 -8 9 -6 11 12 14 -13 15 23 -17 -16 20 -20 21 22 -19 24 25 26 27 -1 -25 -30
right_child=3 2 -4 -5 8 -7 7 -9 -10 -11 -12 13 -14 -15 17 16 -18 18 19 -21 -22 -23 -24 28 -26 -27 -28 -29 29 -31
leaf_value=0.0011054206185641359 0.0021752329090157069 0.03381666376848113 -0.012174352741038258 -0.025837213928201076 -0.0047316129293499725 0.019440815499161976 0.030908268604738016 -0.0016689484589733185 0.0027374643256495661 -0.030809192813820011 -0.0065891277695093124 -0.0026088646528395743 -0.029048900873888107 0.033104656907645143 -4.9135379004186477e-05 0.046031750958645722 0.0044037361344290453 -0.036303118849173192 -0.046892994087829723 -0.0082359428059620172 0.025635852270688004 0.020702543579365896 -0.0033677212997724349 0.002042697575321654 -0.024987970279021696 0.023276507636696541 -0.024462850729801824 -0.016348144636039848 0.027369244733395488 -0.0055559040219695481
leaf_weight=482 37 33 22 29 36 34 24 24 38 33 202 22 21 22 4405 25 29 24 32 60 26 23 391 1650 55 34 35 58 52 27
leaf_count=482 37 33 22 29 36 34 24 24 38 33 202 22 21 22 4405 25 29 24 32 60 26 23 391 1650 55 34 35 58 52 27
internal_value=-1.87961e-11 8.44545e-05 0.0154203 -0.0101333 -2.28025e-05 0.000116501 3.14271e-05 0.0146197 -0.0101217 -0.0172035 -5.98088e-05 0.000116683 2.70648e-05 0.0152479 0.000109489 0.00166229 0.023676 -0.000656428 -0.0054678 -0.0216819 -0.00225294 -0.00390844 -0.00527242 0.00116554 -0.00279295 -0.00078847 -0.00221144 -0.000769222 0.00268574 0.0161163
internal_weight=7985 7919 55 66 7864 7757 7723 48 107 69 7675 7473 7429 44 7408 2447 54 4961 556 92 464 438 415 2393 664 609 575 540 1729 79
internal_count=7985 7919 55 66 7864 7757 7723 48 107 69 7675 7473 7429 44 7408 2447 54 4961 556 92 464 438 415 2393 664 609 575 540 1729 79
is_linear=0
shrinkage=0.05


Tree=135
num_leaves=31
num_cat=0
split_feature=138 4 260 130 255 21 49 25 89 225 205 51 369 25 48 95 15 17 196 16 84 38 92 59 75 85 48 61 91 74
split_gain=2.67564 4.69104 4.77003 3.76783 3.7284 6.04714 4.8224 4.1338 3.72669 3.71952 4.83524 6.78346 4.23567 6.38342 8.01786 7.26732 7.17952 6.92775 8.40382 8.29598 6.6291 12.1076 7.82607 6.51374 6.32981 6.18075 6.11745 9.4504 6.71736 6.11566
threshold=1.0000000180025095e-35 0.67109314294315581 1.0000000180025095e-35 1.0076999999999998 1.0000000180025095e-35 -2.2624116183793164 5.8175418094404625 -7.6519908398882056e-06 6.055231422689042 1.0000000180025095e-35 1.0000000180025095e-35 5.5490960737176769 1.0000000180025095e-35 -0.38363256129454659 17.234339277092065 58.272300430891939 0.71714285714285719 2.0506410256410259 1.0000000180025095e-35 1.4954545454545458 10.843732499080771 1.7274807264455327 5.4029270837881507 38.166413584806897 46.75187164493569 30.835980042613006 10.542980432701336 10.418911024200812 6.7942814019615811 16.038576819119861
decision_type=2 2 2 2 2 8 2 10 2 2 2 2 2 10 2 2 2 2 2 2 2 2 2 2 2 2 2 2 2 2
left_child=4 2 -2 -3 9 -6 7 -7 -4 10 12 -12 26 14 20 16 23 18 -18 -19 21 -14 24 -15 -22 -16 -1 28 -28 -29
right_child=1 3 8 -5 5 6 -8 -9 -10 -11 11 -13 13 15 25 -17 17 19 -20 -21 22 -23 -24 -25 -26 -27 27 29 -30 -31
leaf_value=-0.00059496446992835775 0.0034412092935914799 -0.0013246824397988941 -0.021505510396811936 -0.027095407599935662 -0.017434203390497716 0.034434650075854736 0.0018986154371985406 0.010995557107802097 0.0047178243380039935 -0.015436992406224212 0.017304475635679051 -0.0059262019213444242 -0.004876487141268121 -0.0091938928882012144 0.025275868107564749 0.031709433185114037 0.0067544319111577898 -0.028206459987584667 0.033370660486980341 0.0020383447624097444 -0.0051399292699484669 -0.045107768848174606 0.015448740304564126 0.015366585312351104 -0.033563611866987274 -0.00067860805429518231 -0.0094263785928099739 -4.7189211423065576e-05 -0.043173425561226081 -0.024025485850870609
leaf_weight=4291 150 23 42 37 25 24 131 87 20 39 91 48 45 209 32 21 405 23 32 1594 132 32 40 31 23 81 30 187 29 31
leaf_count=4291 150 23 42 37 25 24 131 87 20 39 91 48 45 209 32 21 405 23 32 1594 132 32 40 31 23 81 30 187 29 31
internal_value=1.89517e-12 -0.00487387 -0.00138063 -0.0172166 0.000171878 0.00597719 0.00839572 0.0160635 -0.0130464 -3.62903e-05 4.47989e-05 0.00928237 -0.000131869 0.00143815 -0.00452341 0.0024296 0.00216156 0.00311771 0.00870345 0.00160815 -0.00917417 -0.021596 -0.00426915 -0.0060215 -0.00935764 0.00667133 -0.00105986 -0.0082615 -0.0260139 -0.00345695
internal_weight=7985 272 212 60 7713 267 242 111 62 7446 7407 139 7268 2700 385 2315 2294 2054 437 1617 272 77 195 240 155 113 4568 277 59 218
internal_count=7985 272 212 60 7713 267 242 111 62 7446 7407 139 7268 2700 385 2315 2294 2054 437 1617 272 77 195 240 155 113 4568 277 59 218
is_linear=0
shrinkage=0.05


Tree=136
num_leaves=31
num_cat=0
split_feature=244 5 88 2 11 22 99 34 101 147 94 75 59 48 48 12 198 55 22 45 53 24 100 5 75 89 90 40 73 76
split_gain=2.66172 4.09733 2.88857 6.99535 6.66234 6.17625 8.06801 11.1074 9.5088 7.42821 6.72827 5.96892 5.87051 5.77772 6.58881 8.1652 11.6788 7.12979 6.27553 8.2074 9.19324 8.48353 7.16136 6.83898 7.21367 7.35747 6.09718 5.50756 5.42641 5.29174
threshold=1.0000000180025095e-35 9.8708333333333353 17.708946526444915 0.25385314342417992 0.48986544889031619 2.1851751443220904 2.2546200029502934 8.2935198045181995 13.355643189201082 2.5000000000000004 14.333374868354866 80.785992891545007 6.5458838797968317 15.040755137887656 16.59654964502516 -0.50766944954962312 1.0000000180025095e-35 10.237185163472246 2.2374134026581385 1.6252545102389664 4.9058106890514717 6.310393192006484 1.7690466619546148 17.696153846153852 73.914926892799045 38.772799303529197 24.220925690756168 3.1465102948271935 1.0000000180025095e-35 34.070943295197267
decision_type=2 2 2 2 8 10 2 2 2 2 2 2 2 2 2 10 2 2 10 2 2 10 2 2 2 2 2 2 2 2
left_child=2 -2 13 5 -5 10 8 28 -7 -9 11 12 -4 18 -15 26 17 -17 23 20 22 -22 -20 24 25 29 -16 -27 -8 -1
right_child=1 -3 3 4 -6 6 7 9 -10 -11 -12 -13 -14 14 15 16 -18 -19 19 -21 21 -23 -24 -25 -26 27 -28 -29 -30 -31
leaf_value=-0.00035864203290227915 -0.018092160532251 0.0033775885449722413 -0.011883752891749498 -0.0058703661146812169 -0.035415706019848586 -0.00083388528596240732 -0.052514687366783622 0.0010787934765364203 0.026049696115983859 -0.028039730715358424 0.018967194807983912 -0.024141763458028438 0.0093284534387711501 -0.02811153421884981 0.024119223877787591 -0.0012149704411868476 -0.034668347824897083 -0.028791215285085714 0.0056249056557856232 0.0052785546948288312 -0.0074136542541003471 -0.039285380952060224 -0.021208896102117642 0.0079441608083434413 -0.022255928353651575 0.036814821373833261 -0.0012556345250200609 0.0022128549935903565 -0.01652941816825081 -0.014324181931822198
leaf_weight=4001 50 40 42 415 20 381 20 116 36 27 79 20 146 29 40 238 35 26 222 1359 106 26 28 250 38 23 58 23 22 69
leaf_count=4001 50 40 42 415 20 381 20 116 36 27 79 20 146 29 40 238 35 26 222 1359 106 26 28 250 38 23 58 23 22 69
internal_value=-1.13812e-11 -0.00855005 9.74673e-05 -0.00203316 -0.00722877 0.000509128 -0.00236843 -0.0110588 0.001487 -0.00441911 0.00654498 0.00182693 0.00458956 0.00052677 -0.00510427 -0.00342364 -0.00752885 -0.00393081 0.00091714 0.00345845 -0.00301672 -0.0136914 0.00261952 -8.74986e-05 -0.000570868 -0.000370665 0.00910145 0.0195138 -0.0336653 -0.000595404
internal_weight=7985 90 7895 1324 435 889 602 185 417 143 287 208 188 6571 426 397 299 264 6145 1741 382 132 250 4404 4154 4116 98 46 42 4070
internal_count=7985 90 7895 1324 435 889 602 185 417 143 287 208 188 6571 426 397 299 264 6145 1741 382 132 250 4404 4154 4116 98 46 42 4070
is_linear=0
shrinkage=0.05


Tree=137
num_leaves=31
num_cat=0
split_feature=41 41 5 5 3 235 52 104 36 71 55 14 99 13 16 2 326 66 89 99 48 77 59 41 83 16 131 14 44 79
split_gain=2.7466 4.97843 3.03569 5.18998 3.22426 2.98991 4.98663 3.91411 4.87954 5.99371 3.56719 5.31194 6.07925 6.1585 5.87067 6.68771 6.53705 5.14826 4.89662 6.23867 5.82934 5.59641 6.77243 5.68237 8.32947 5.53888 6.54354 7.41071 6.1351 5.52321
threshold=3.2583766233766238 2.491688311688312 51.752012882447673 47.547348484848492 -0.73645917317544296 1.0000000180025095e-35 25.791714684659926 -8.8002043648696944 12.731431502372635 11.434608547899295 5.1000446670203816 0.74727695429543095 2.2258073638405995 0.49731239594951215 1.2037735849056606 0.012449976904341799 1.0000000180025095e-35 19.453655887469164 5.8989547455658675 7.094610151098923 24.681724816293478 37.533905513208836 38.719189446956833 0.87006493506493521 89.820000000000007 1.1558704453441297 7.1165000000000012 0.75618073480488446 26.024056617042962 60.633615905995363
decision_type=2 2 2 2 2 2 2 2 2 2 2 8 2 10 2 2 2 2 2 2 2 2 2 2 2 2 2 8 2 2
left_child=1 2 3 5 -5 7 -7 8 9 -1 18 12 13 14 -12 -16 -17 -15 21 20 -20 22 23 25 -25 28 -27 29 -9 -28
right_child=-2 -3 -4 4 -6 6 -8 10 -10 -11 11 -13 -14 17 15 16 -18 -19 19 -21 -22 -23 -24 24 -26 26 27 -29 -30 -31
leaf_value=0.038682021484102894 0.017253496076749721 -0.023278491199016572 -0.0099275032536273733 0.001760496385395527 0.024524173779147014 -0.029082850265600115 0.0046168666155565353 -0.0054218068503722469 -0.00020180669266775978 0.0074212594443689222 -0.014554710879123637 -0.025900041297078132 -0.0096222427640686517 0.004985405750838774 0.027300407737493516 0.0025031672160477059 -0.012702735046332236 0.033082139516330288 -0.0011879626121888151 0.0091179676809958338 -0.016665430032017252 -0.020215870687288459 0.023116503540124442 0.013054748849760071 -0.020930163955781608 -0.019234696661846507 0.0015339391641832341 0.023318313935589863 0.022924135439097881 0.017011794029001021
leaf_weight=23 23 23 76 28 35 23 21 419 82 46 77 25 217 56 22 305 92 23 3240 145 62 29 37 183 20 36 2497 41 20 59
leaf_count=23 23 23 76 28 35 23 21 419 82 46 77 25 217 56 22 305 92 23 3240 145 62 29 37 183 20 36 2497 41 20 59
internal_value=-1.29215e-11 -4.98406e-05 1.74549e-05 0.000113578 0.014407 -1.86858e-06 -0.0129989 7.18639e-05 0.00804315 0.0178415 -8.64089e-05 -0.00320777 -0.00249147 0.000199622 -0.0018655 0.000466404 -0.00102062 0.0131655 0.000289276 -0.00103283 -0.00147858 0.00165332 0.00184481 0.00160449 0.00970648 0.0010691 0.00193602 0.00222949 -0.00413042 0.00189121
internal_weight=7985 7962 7939 7863 63 7800 44 7756 151 69 7605 817 792 575 496 419 397 79 6788 3447 3302 3341 3312 3275 203 3072 2633 2597 439 2556
internal_count=7985 7962 7939 7863 63 7800 44 7756 151 69 7605 817 792 575 496 419 397 79 6788 3447 3302 3341 3312 3275 203 3072 2633 2597 439 2556
is_linear=0
shrinkage=0.05


Tree=138
num_leaves=31
num_cat=0
split_feature=98 173 274 280 58 67 36 24 98 88 15 2 4 48 60 6 61 78 55 4 172 237 0 27 23 60 89 13 128 94
split_gain=2.6045 5.26192 4.88604 4.60639 6.09759 3.98213 4.1015 3.81674 4.73236 5.00995 5.06773 4.36471 6.38666 3.95139 3.81345 3.76475 5.2906 5.22765 3.71542 4.62904 6.39835 4.4872 6.53629 4.81646 7.46126 7.2 5.663 5.09589 4.89935 9.16942
threshold=25.730016688113007 1.5000000000000002 1.0000000180025095e-35 1.0000000180025095e-35 12.643857140405801 5.4529439976157947 2.6379266603226714 5.8040914558606405 27.664462063198602 18.62682129531979 0.67117117117117131 0.031875925453658145 0.27108405688648129 17.017821316896896 52.830651314809039 280.33100000000007 49.42628401840539 13.596016610998943 20.059764388526187 0.048455044417232356 1.0000000180025095e-35 1.0000000180025095e-35 5.7773518203577732 3.7910641148372348 -2.3516515674638963 4.4775460350185501 63.532899894449436 0.47565638662479159 3.2372775847949842 4.602462349164866
decision_type=2 2 2 2 2 2 2 8 2 2 2 2 2 2 2 2 2 2 2 2 2 2 2 2 8 2 2 8 2 2
left_child=3 7 -3 14 5 6 -5 8 -2 10 -10 15 -13 -14 18 -9 17 -17 19 20 -1 23 -23 26 25 -25 -21 28 -26 -30
right_child=1 2 -4 4 -6 -7 -8 11 9 -11 -12 12 13 -15 -16 16 -18 -19 -20 21 -22 22 -24 24 27 -27 -28 -29 29 -31
leaf_value=-0.036935348215047271 0.018202139750123025 -0.029712794286509355 -0.00039918537209318448 -0.00055075358762485553 -0.012713781300477595 -0.0067734816927561715 0.019369241585955026 0.015463892864698375 -0.033174884754698729 0.015656729216623883 -0.0047667973587920964 0.036219774426094128 0.01454740698592594 -0.0075545455687321163 0.019548989340662959 -0.032278307730501353 0.0071494914701260215 4.3676228358827792e-05 -0.010051306180277287 -0.00010838959839324456 0.0013568016283291703 0.0090960163512222841 -0.025503436170327361 -0.017950193477112669 -0.010141424686643849 0.0051953124813735492 0.021313792142656544 0.020545905164624678 0.026337230092083871 0.0016176146149272258
leaf_weight=20 25 21 44 73 168 113 40 44 20 22 73 28 91 26 25 22 72 29 91 6389 24 21 39 56 39 84 31 82 55 118
leaf_count=20 25 21 44 73 168 113 40 44 20 22 73 28 91 26 25 22 72 29 91 6389 24 21 39 56 39 84 31 82 55 118
internal_value=-6.02273e-12 0.00343204 -0.00986974 -0.000237595 -0.00549938 -0.000136455 0.00650057 0.0053449 -0.00151409 -0.00580022 -0.0108761 0.00842265 0.0147693 0.00963586 5.54695e-05 0.00291209 -0.00157799 -0.0138991 -1.36663e-05 0.000117611 -0.0160487 0.000220492 -0.0133936 0.00033967 0.00543749 -0.00406289 -4.94916e-06 0.00996148 0.0058675 0.00947645
internal_weight=7985 517 65 7468 394 226 113 452 140 115 93 312 145 117 7074 167 123 51 7049 6958 44 6914 60 6854 434 140 6420 294 212 173
internal_count=7985 517 65 7468 394 226 113 452 140 115 93 312 145 117 7074 167 123 51 7049 6958 44 6914 60 6854 434 140 6420 294 212 173
is_linear=0
shrinkage=0.05


Tree=139
num_leaves=31
num_cat=0
split_feature=144 98 130 180 20 87 85 22 75 53 330 104 18 114 76 57 59 59 2 93 40 44 92 18 5 26 33 95 44 11
split_gain=2.60187 4.19977 3.15741 2.98694 4.28266 4.36629 3.91235 3.6918 3.24159 3.05779 6.05182 5.44436 5.12297 4.70159 4.68217 5.8654 5.56698 5.39489 5.60281 5.25689 4.96592 4.58006 7.05142 6.55137 6.62827 5.95627 5.65836 9.06182 13.2374 9.34981
threshold=1.0000000180025095e-35 8.9671799414210138 0.35315000000000007 1.0000000180025095e-35 2.3903479207829421 13.058608199632042 14.687484158340627 2.311543230786854 18.027542245040355 4.1959919624070894 1.0000000180025095e-35 1.4941819789948052 15.083075970669647 1.5000000000000002 4.608611554785349 6.0711935876477465 22.798035232455785 6.0541039488047863 0.13833333333333367 19.929704295001986 3.2518705615803145 3.5699738718475964 11.832257784126197 14.421827392368675 10.324561403508774 3.1954606305504631 6.2160143215106656 11.034850699895346 4.3007729246931747 1.0499536332980961
decision_type=2 2 2 2 8 2 2 10 2 2 2 2 8 2 2 2 2 2 2 2 2 2 2 8 2 2 2 2 2 8
left_child=3 2 -2 9 5 -5 7 -6 -9 21 11 12 -11 -14 19 -16 17 18 -17 -12 -18 -1 26 -24 -25 -26 27 -23 -29 -30
right_child=1 -3 -4 4 6 -7 -8 8 -10 10 14 -13 13 -15 15 16 20 -19 -20 -21 -22 22 23 24 25 -27 -28 28 29 -31
leaf_value=0.0016217186028567984 0.0033466485235840084 0.0085012612398713827 -0.019691841671813343 -0.006545986898179929 0.0064205881493466614 -0.032713014706969266 0.018648985730992121 -0.0042180874765649244 -0.029202587995678188 0.024827545035320024 -0.0044552945828833061 0.0099318199891034586 0.0012960489793093295 0.01678790803346783 0.0070859132965940029 0.013772558277986688 0.02870770525187254 -0.0099297785215572386 -0.01155926749243268 -0.022899516945083936 0.0012775673164111196 -0.003382336030379616 0.024980315146967771 -0.0074344336329434449 0.0048837004009189763 -0.018365932615666554 0.0010429721199040236 -0.04252834203386946 -0.0051447982559858991 -0.037821867957711225
leaf_weight=1401 20 29 58 44 43 25 22 37 20 24 273 227 2390 50 215 58 22 242 35 45 66 1135 30 173 550 29 486 35 176 25
leaf_count=1401 20 29 58 44 43 25 22 37 20 24 273 227 2390 50 215 58 22 242 35 45 66 1135 30 173 550 29 486 35 176 25
internal_value=1.42522e-11 -0.00774446 -0.0137845 0.000105186 -0.00607124 -0.0160268 -0.00044064 -0.00464036 -0.0129846 0.000258653 0.00130824 0.00252224 0.00183962 0.00161351 -0.00210898 0.000361423 -0.00305646 -0.00599634 0.00423908 -0.00706533 0.0081351 -0.000688833 -0.00191547 0.00206736 0.00115328 0.00371921 -0.00359267 -0.00523594 -0.0141505 -0.00920911
internal_weight=7985 107 78 7878 191 69 122 100 57 7687 3647 2691 2464 2440 956 638 423 335 93 318 88 4040 2639 782 752 579 1857 1371 236 201
internal_count=7985 107 78 7878 191 69 122 100 57 7687 3647 2691 2464 2440 956 638 423 335 93 318 88 4040 2639 782 752 579 1857 1371 236 201
is_linear=0
shrinkage=0.05


Tree=140
num_leaves=31
num_cat=0
split_feature=41 41 5 235 75 107 104 36 71 84 96 96 43 46 25 83 7 4 13 58 100 99 130 38 37 22 130 7 26 5
split_gain=2.57737 4.34025 2.81393 2.60839 4.65481 3.5382 3.37833 4.69633 5.34672 4.14774 3.81271 3.50822 3.56417 5.86045 6.4869 5.28195 5.1559 7.93712 3.35108 3.32337 6.74213 6.44231 7.2949 10.7306 8.55148 6.52066 5.48213 9.1334 11.9821 5.39969
threshold=3.2583766233766238 2.491688311688312 55.181818181818194 1.0000000180025095e-35 34.529336331846643 10.500000000000002 -8.8002043648696944 12.731431502372635 11.434608547899295 74.796511645968494 -3.2589379044437128 -1.8761342592592591 4.6800000000000006 31.968695459030087 -0.12558998074215025 17.225000000000005 50.023500000000006 0.4081764639448639 0.36946659276556232 5.9798734376546774 -3.6054258058521507 1.7705003621819106 -0.24964999999999998 0.17064354645876392 1.758036746878582 2.0166894525353247 -1.1661499999999998 190.29750000000001 1.2843709923056101 9.9023809523809536
decision_type=2 2 2 2 2 2 2 2 2 2 2 2 2 2 10 2 2 2 10 2 2 2 2 2 2 8 2 2 2 2
left_child=1 2 3 5 -5 6 7 8 -1 10 -8 -12 13 15 -15 16 -13 -18 -17 21 -21 22 26 -24 25 -25 27 29 -29 -14
right_child=-2 -3 -4 4 -6 -7 9 -9 -10 -11 11 12 19 14 -16 18 17 -19 -20 20 -22 -23 23 24 -26 -27 -28 28 -30 -31
leaf_value=0.03678941619784936 0.016713536093416421 -0.021737077443496042 -0.014338850331328371 -0.027603312703254432 0.0049558993428945545 0.021147792115807536 0.020354851043742638 -0.00069633268401958059 0.0072640422731637955 -0.016531931204869916 -0.018732782796025277 -0.022141046227409027 0.013402193844584482 0.039424958550149491 0.0086268241588107267 0.017819920470755476 0.009587121680073564 -0.025444824066521095 -0.001946031806103231 0.014692551058251411 8.1122339140323436e-05 -0.010800896134547657 -0.03032763892613155 -0.0057366003888467002 -0.013525897982585973 0.0071690485700035902 0.0116912049256498 -0.045403465841497695 -0.0033231027855205979 -0.0060947054083674004
leaf_weight=23 23 23 34 23 21 20 23 80 46 38 25 37 112 21 92 51 61 22 37 80 6015 200 38 189 138 203 150 21 87 52
leaf_count=23 23 23 34 23 21 20 23 80 46 38 25 37 112 21 92 51 61 22 37 80 6015 200 38 189 138 203 150 21 87 52
internal_value=-5.88655e-12 -4.82808e-05 1.45536e-05 7.62887e-05 -0.0120637 0.000144239 9.06656e-05 0.00754762 0.0171058 -5.37815e-05 2.8028e-05 -3.32375e-05 2.82256e-05 0.00518447 0.0143504 0.000204915 -0.00661825 0.000301546 0.00950924 -0.000198975 0.000272905 -0.00261587 -0.000962329 -0.00466184 -0.00282165 0.000946682 0.00401711 -0.000214933 -0.0115054 0.00722025
internal_weight=7985 7962 7939 7905 44 7861 7841 149 69 7692 7654 7631 7606 321 113 208 120 83 88 7285 6095 1190 990 568 530 392 422 272 108 164
internal_count=7985 7962 7939 7905 44 7861 7841 149 69 7692 7654 7631 7606 321 113 208 120 83 88 7285 6095 1190 990 568 530 392 422 272 108 164
is_linear=0
shrinkage=0.05


Tree=141
num_leaves=31
num_cat=0
split_feature=198 73 94 184 57 26 42 183 97 116 21 103 48 60 21 37 3 5 17 98 11 140 58 59 119 93 20 109 5 15
split_gain=2.44773 3.65645 6.67028 2.91198 4.79941 6.15038 5.43019 5.35413 3.44437 5.75815 7.60224 12.5946 10.7049 6.8557 7.65857 7.33452 9.93798 9.40603 6.83457 6.84201 6.46581 7.51873 5.95086 5.92103 8.12921 7.54765 5.68219 5.50659 7.88139 8.03458
threshold=2.5000000000000004 14.634732589512696 10.251131773292093 1.0000000180025095e-35 68.351434111102051 2.3677135965077984 2905.6955075667838 1.5000000000000002 0.19168249244142146 1.0000000180025095e-35 -2.3175189111105681 3.6538156651549514 5.7183352983704792 30.588189091583626 -2.2494516338745716 0.13040279620681233 -1.7626123039211858 5.916666666666667 1.1854497354497358 20.608019403085695 1.0499536332980961 1.5000000000000002 61.093671450514968 11.985608924800919 1.5000000000000002 11.473090184386676 2.3092498173331149 1.0000000180025095e-35 13.337899543378997 0.90803382663847787
decision_type=2 2 2 2 2 2 2 2 2 2 8 2 2 2 10 2 2 2 2 2 10 2 2 2 2 2 8 2 2 2
left_child=1 3 -3 8 5 6 7 -5 -1 10 11 12 -10 15 22 16 17 -12 19 -11 27 -22 -15 -20 25 26 -25 -17 -29 -30
right_child=-2 2 -4 4 -6 -7 -8 -9 9 18 13 -13 -14 14 -16 20 -18 -19 23 -21 21 -23 -24 24 -26 -27 -28 28 29 -31
leaf_value=0.0013069490321886311 0.014022511877720396 -0.034918864378705623 -0.0035498232050035316 0.0089952832630163498 0.026794448715306562 -0.0031217646223226205 0.029897527382881556 -0.017876886736069405 -0.015246230799376087 -0.037882198566304787 -0.025371773121878508 -0.0017121488364476166 -0.061346453130245206 -0.017356358712319941 0.020674635675999933 -0.0017315263010527528 0.019657099176335829 0.013272727313902109 0.00014085981122055971 -0.00012747541602168763 -0.04220308807085861 -0.0021247447291389107 0.013770627104012029 0.013703755431232 -0.000124290435236636 0.022379167011526768 -0.0098725717124897375 -0.028046242455590745 0.022371567477998528 -0.011752200115681288
leaf_weight=2614 31 20 111 158 22 213 27 21 34 21 32 89 20 34 72 2919 88 31 767 28 22 25 28 63 189 122 43 49 23 69
leaf_count=2614 31 20 111 158 22 213 27 21 34 21 32 89 20 34 72 2919 88 31 767 28 22 25 28 63 189 122 43 49 23 69
internal_value=-1.43273e-11 -5.46515e-05 -0.00833899 8.40738e-05 0.00403087 0.00283565 0.0089955 0.00584268 -0.000151708 -0.000951399 -0.00197759 -0.0132705 -0.0323204 -0.00150151 0.00958235 -0.00195738 0.00880386 -0.00635623 0.0019907 -0.0163081 -0.00248038 -0.0208848 -0.00329901 0.00274799 0.00754337 0.0138994 0.00413977 -0.0021977 -0.0118484 -0.00322126
internal_weight=7985 7954 131 7823 441 419 206 179 7382 4768 3535 143 54 3392 134 3258 151 63 1233 49 3107 47 62 1184 417 228 106 3060 141 92
internal_count=7985 7954 131 7823 441 419 206 179 7382 4768 3535 143 54 3392 134 3258 151 63 1233 49 3107 47 62 1184 417 228 106 3060 141 92
is_linear=0
shrinkage=0.05


Tree=142
num_leaves=31
num_cat=0
split_feature=101 92 98 280 58 60 138 53 24 22 40 57 97 59 25 59 3 26 58 99 48 89 158 122 77 5 57 68 58 128
split_gain=2.41294 3.00336 2.69362 4.28711 6.28084 3.95939 3.63788 4.69875 5.60885 7.49436 9.85245 7.96561 7.48419 8.17432 12.339 10.3912 7.4289 9.13315 6.87799 8.79835 6.77067 8.06013 6.57807 7.98334 9.58282 7.14131 6.31105 6.00913 5.80769 5.69435
threshold=33.18583703336126 78.401698749457196 25.730016688113007 1.0000000180025095e-35 31.176942353880246 45.536540571667409 1.0000000180025095e-35 4.1959919624070894 5.7596564219098045 2.4091142755682786 2.2689022997039174 18.189488389607927 10.190324074074075 28.421606855572332 0.069697297957260637 21.176996130062783 -0.43259259259259258 2.5687476902418234 24.624749347496977 1.7490162037037036 9.825691812197034 31.308228817347928 1.0000000180025095e-35 21.500000000000004 5.867563443603645 10.069047619047621 6.0711935876477465 35.302466793957244 36.98741675233024 3.9885541997166709
decision_type=2 2 2 2 2 2 2 2 8 10 2 2 2 2 10 2 2 2 2 2 2 2 2 2 2 2 2 2 2 2
left_child=1 2 3 6 -5 -4 7 8 9 10 11 -1 13 15 -15 20 -12 18 -18 -20 21 -10 23 24 26 -26 -14 -13 -19 -11
right_child=-2 -3 5 4 -6 -7 -8 -9 12 29 16 27 22 14 -16 -17 17 28 19 -21 -22 -23 -24 -25 25 -27 -28 -29 -30 -31
leaf_value=0.0049367658928930608 -0.013702386448858307 0.017358072932809592 0.0047234625086941956 -0.0033160937318372275 -0.025228485280078733 -0.012475282497083148 -0.0059298910228989844 0.00172963796451653 0.00058199893269228573 -0.0039086355654788874 0.043408947091083977 -0.0065607182049056481 -0.011407990001262754 0.037767728352371382 -0.0045245697881494251 -0.016611340917529339 0.0029274373765914674 0.010744923781603575 0.058077502027153977 0.012732867283098723 -0.0098619695061322819 0.032584439208731053 -0.031845246758311983 0.025391808059066535 -0.03778909184290348 -0.01132698030411209 -0.00021785346733556481 0.0042021205374502936 -0.026902837802966435 -0.029945116859550275
leaf_weight=638 32 25 475 357 36 36 246 3017 1211 70 20 404 189 34 35 103 31 20 20 23 159 20 25 20 37 82 378 191 21 30
leaf_count=638 32 25 475 357 36 36 246 3017 1211 70 20 404 189 34 35 103 31 20 20 23 159 20 25 20 37 82 378 191 21 30
internal_value=1.43147e-12 5.51335e-05 5.70706e-07 -0.000241339 -0.00532334 0.00351181 4.30041e-05 0.000259784 -0.000919304 0.0014939 0.0024598 0.00105574 -0.00246426 -0.000510108 0.0163151 -0.0012877 0.0152835 0.0103921 0.0208805 0.0338234 -0.000152204 0.00110194 -0.00663989 -0.00574735 -0.0066552 -0.0195547 -0.0039479 -0.00310576 -0.00853808 -0.0117196
internal_weight=7985 7953 7928 7417 393 511 7024 6778 3761 1468 1368 1233 2293 1562 69 1493 135 115 74 43 1390 1231 731 706 686 119 567 595 41 100
internal_count=7985 7953 7928 7417 393 511 7024 6778 3761 1468 1368 1233 2293 1562 69 1493 135 115 74 43 1390 1231 731 706 686 119 567 595 41 100
is_linear=0
shrinkage=0.05


Tree=143
num_leaves=31
num_cat=0
split_feature=244 5 27 99 99 364 62 45 103 25 27 41 13 15 12 99 19 22 13 89 89 48 24 63 66 93 99 316 24 65
split_gain=2.37201 3.69785 2.76574 2.51635 8.46908 8.64343 6.07869 5.45279 4.29663 4.14992 6.92648 7.88301 5.05111 4.72185 4.5045 4.63504 4.18676 9.92368 5.51964 4.8456 6.79934 6.19239 5.61817 5.39203 5.60138 5.19249 7.89994 6.89834 6.46574 6.62432
threshold=1.0000000180025095e-35 9.5505050505050519 2.9641432756821806 -0.54808641975308547 -0.6932000346434869 1.0000000180025095e-35 33.972209150277642 3.6734436644621087 0.96416762349191731 -0.23176806203627021 6.9699847774111806e-06 -0.28499999999999998 0.39435899267313346 1.1639784946236562 -0.34053331606998499 -1.0000000180025095e-35 10.22742967971754 2.543548745243537 0.72559674731152224 24.305381835895151 22.513824896804689 15.841061416217391 4.7835344033307212 5.3273714384385489 13.058608199632042 5.1000446670203816 0.64494598765432176 1.0000000180025095e-35 6.1534135996062549 20.213309716530137
decision_type=2 2 2 2 2 2 2 2 2 8 2 2 10 2 10 2 10 10 10 2 2 2 8 2 2 2 2 2 10 2
left_child=3 -2 -3 4 5 6 -1 -6 -7 10 11 -5 13 -12 -15 -16 19 18 -18 20 23 -22 -21 25 -25 27 -27 -11 29 -28
right_child=1 2 -4 9 7 8 -8 -9 -10 16 12 -13 -14 14 15 -17 17 -19 -20 22 21 -23 -24 24 -26 26 28 -29 -30 -31
leaf_value=0.0086447687375031494 -0.019151070330110265 -0.0095233183630086763 0.014359228088605134 0.023387169917325742 0.01040732056600973 -0.030407561250030996 -0.0079814634344074886 0.042382283806800841 -0.0055263358476671277 0.0015348083735652824 -0.0089439267507185252 -0.011338603829678435 -0.010802002903178717 0.019301802687710382 0.019506834959611297 -0.0075643187818059234 0.0012487881781816249 0.028418865195625198 0.021558642011437128 0.025702373712668376 -0.0072535930729999741 -0.036481036738647769 0.0020810796373612666 -0.0015202696435153485 0.035900921989232303 -0.0067336334733236851 0.001079387129809029 -0.011811371827588499 -0.0070068251053992383 0.026254934783059139
leaf_weight=287 41 27 22 44 40 20 68 20 131 1614 98 26 278 41 21 64 2080 35 34 26 74 24 791 20 20 829 810 103 270 27
leaf_count=287 41 27 22 44 40 20 68 20 131 1614 98 26 278 41 21 64 2080 35 34 26 74 24 791 20 20 829 810 103 270 27
internal_value=-8.46893e-12 -0.00807134 0.00119946 9.20102e-05 0.00330415 0.00119804 0.00546003 0.0210656 -0.00882186 -0.000156055 -0.00424533 0.010489 -0.00629992 -0.000712517 0.00568969 -0.000876151 0.000190114 0.00201263 0.00157544 -0.000659837 -0.00141254 -0.0144113 0.0028328 -0.00106759 0.0171903 -0.00126751 -0.00304279 0.000734193 -0.000278822 0.0018915
internal_weight=7985 90 49 7895 566 506 355 60 151 7329 572 70 502 224 126 85 6757 2149 2114 4608 3791 98 817 3693 40 3653 1936 1717 1107 837
internal_count=7985 90 49 7895 566 506 355 60 151 7329 572 70 502 224 126 85 6757 2149 2114 4608 3791 98 817 3693 40 3653 1936 1717 1107 837
is_linear=0
shrinkage=0.05


Tree=144
num_leaves=31
num_cat=0
split_feature=102 173 57 40 88 57 89 19 95 100 90 90 23 122 62 215 4 23 102 25 76 5 59 59 102 83 100 2 3 104
split_gain=2.35089 4.33403 3.41875 6.94797 4.31226 3.66211 3.78504 3.60992 5.44897 3.2343 3.24536 5.64124 5.4988 3.35983 5.00726 3.53839 5.9152 9.30543 4.58724 5.10472 3.57254 3.29033 3.04618 3.4509 7.73311 3.25615 7.13523 6.03616 9.1485 8.09039
threshold=40.068718362557576 1.0000000180025095e-35 123.00144198912346 5.5429589974226632 12.996640808138759 95.398621960453411 63.532899894449436 10.078812410475505 5.6451206616906031 2.45427491878938 70.691005243679427 69.776494240143265 -1.9984433668045967 18.500000000000004 29.517862009092898 6.5000000000000009 0.26122145809105463 -2.0380779604813655 10.56870605137294 0.04046342093169817 9.4917393108388808 21.808333333333337 46.618682784307346 41.439325842369584 0.51654870609017245 16.840000000000003 0.83831597222222254 0.44204540509194218 -4.8647595126359322 3.5166352914495054
decision_type=2 2 2 2 2 2 2 8 2 2 2 2 8 2 2 2 2 10 2 8 2 2 2 2 2 2 2 2 2 2
left_child=2 -2 5 4 -4 6 9 8 -7 10 11 13 -12 15 -15 18 -17 20 22 21 -18 -20 23 25 -25 26 -1 29 -29 -27
right_child=1 -3 3 -5 -6 7 -8 -9 -10 -11 12 -13 -14 14 -16 16 17 -19 19 -21 -22 -23 -24 24 -26 27 -28 28 -30 -31
leaf_value=-0.0012585071151282375 -0.028824335485696795 0.001430857881646732 0.039020632071928546 -0.0088109749886724677 0.007344236047494979 -0.0061193563036795245 0.016742290055160137 0.009937137921806425 -0.034494165561931293 -0.0062047854132131382 0.027641155334588677 -0.025176465104926715 -0.0053537005963532822 0.030202260228764752 -0.0021241115368902685 0.013534529288501844 -0.046096608284860854 0.003226166363119295 -0.013201325454495171 0.026000488307585737 -0.017988249012985482 0.011475061529449056 -0.011637724486010319 0.034068932189889579 -0.008442172358045355 -0.00042093474342854434 -0.016370862779371879 0.037721012476831677 0.0035286607652838873 0.013473183831426306
leaf_weight=963 20 29 22 27 21 64 34 20 23 203 28 22 23 23 25 23 20 38 22 36 26 35 55 23 20 5033 85 20 895 107
leaf_count=963 20 29 22 27 21 64 34 20 23 203 28 22 23 23 25 23 20 38 22 36 26 35 55 23 20 5033 85 20 895 107
internal_value=1.30382e-11 -0.0109182 6.74133e-05 0.0110684 0.0235508 -3.04849e-05 9.62066e-05 -0.0092174 -0.0136207 2.29423e-05 0.000191013 0.000105205 0.0127611 0.000179872 0.0133656 9.43544e-05 -0.00893213 -0.0150837 0.000226769 0.0112604 -0.0302093 0.00195084 8.42715e-05 0.000174491 0.0142963 8.90007e-05 -0.00248422 0.000534375 0.00427603 -0.000131699
internal_weight=7985 49 7936 70 43 7866 7759 107 87 7725 7522 7471 51 7449 48 7401 107 84 7294 93 46 57 7201 7146 43 7103 1048 6055 915 5140
internal_count=7985 49 7936 70 43 7866 7759 107 87 7725 7522 7471 51 7449 48 7401 107 84 7294 93 46 57 7201 7146 43 7103 1048 6055 915 5140
is_linear=0
shrinkage=0.05


Tree=145
num_leaves=31
num_cat=0
split_feature=41 41 5 5 3 358 88 47 21 75 33 2 47 48 39 131 75 2 130 21 47 83 77 59 89 118 87 57 58 131
split_gain=2.32663 3.8066 2.433 4.59126 2.78632 2.61599 2.50072 6.35784 6.97998 6.87701 6.29652 8.85018 6.12501 6.02577 7.36792 6.12636 6.11947 5.92179 5.88804 7.18311 7.1011 5.32109 8.87829 5.11505 4.96653 5.06066 4.96436 4.84012 4.7416 10.7179
threshold=3.2583766233766238 2.491688311688312 51.752012882447673 47.547348484848492 -0.73645917317544296 1.0000000180025095e-35 17.557377644692277 13.57571672665148 -2.1764459627223909 58.092334820856713 16.536587114732011 0.2728753306878306 10.30727377228577 15.040755137887656 5.1405999917742591 150.77354999999983 80.785992891545007 0.2450123023746538 -5.1065499999999977 -2.2087363208844613 10.236730374496172 197.32500000000002 37.533905513208836 13.058608199632042 12.504190048391351 5.5000000000000009 27.354129602932748 54.602130135340637 37.67586029295223 96.653200000000055
decision_type=2 2 2 2 2 2 2 2 8 2 2 2 2 2 2 2 2 2 2 10 2 2 2 2 2 2 2 2 2 2
left_child=1 2 3 6 -5 -4 13 12 9 24 11 27 28 14 15 16 21 -16 -15 20 -20 22 -1 -13 -9 -26 -21 -10 29 -8
right_child=-2 -3 5 4 -6 -7 7 8 10 -11 -12 23 -14 18 17 -17 -18 -19 19 26 -22 -23 -24 -25 25 -27 -28 -29 -30 -31
leaf_value=0.00080615495443073617 0.015879756552369697 -0.020357572773228524 -0.015776184229750415 0.0017864493120993887 0.02294775275912668 0.0036065420687750533 -0.0038600978909831838 -0.00039523716463008896 0.013909715459957509 0.0083739502203845698 -0.010368824824629549 -0.023574179123776656 -0.018456733951965967 0.017070177181327986 0.025084040742155846 -0.022753277979791167 -0.023515176715759131 -0.0035076791524059243 -0.029501379030190556 -0.0033989482140168547 -0.0080759829340968283 0.019445313662780742 -0.027931050087014839 0.0098035649735141884 -0.026566398607736286 -0.0028394484818962062 0.019014130880435309 0.039627769518466222 -0.010474605183133444 0.017033493882955157
leaf_weight=5898 23 23 49 28 35 27 453 90 142 86 38 24 75 27 55 28 26 27 51 140 160 38 27 22 55 38 30 21 178 71
leaf_count=5898 23 23 49 28 35 27 453 90 142 86 38 24 75 27 55 28 26 27 51 140 160 38 27 22 55 38 30 21 178 71
internal_value=4.97157e-12 -4.58722e-05 1.29726e-05 9.90266e-05 0.0135427 -0.00889022 -9.55714e-06 -0.00201794 0.00228446 -0.00328797 0.00835322 0.0117572 -0.00487514 0.000389527 0.000783065 0.000580189 0.000689279 0.0156697 -0.00549329 -0.00709227 -0.0132546 0.000794816 0.000675201 -0.00761091 -0.00876843 -0.0168715 0.000556301 0.0172231 -0.00342411 -0.0010291
internal_weight=7985 7962 7939 7863 63 76 7800 1293 516 269 247 209 777 6507 6099 6017 5989 82 408 381 211 5963 5925 46 183 93 170 163 702 524
internal_count=7985 7962 7939 7863 63 76 7800 1293 516 269 247 209 777 6507 6099 6017 5989 82 408 381 211 5963 5925 46 183 93 170 163 702 524
is_linear=0
shrinkage=0.05


Tree=146
num_leaves=31
num_cat=0
split_feature=122 57 45 21 57 89 15 16 87 90 90 23 93 24 27 28 33 31 5 11 122 103 215 23 84 57 43 95 57 81
split_gain=2.24313 6.44621 7.40494 3.19128 3.0344 3.57753 3.349 4.24011 5.37074 3.06009 4.63807 4.60432 3.18025 6.06566 5.24203 7.31172 7.44591 6.5961 5.97668 4.87256 4.75228 6.91162 6.64043 7.84721 6.2206 4.39129 3.94917 3.9718 3.55282 3.49108
threshold=27.500000000000004 123.00144198912346 19.664263873242113 -2.0411997714927463 95.398621960453411 63.532899894449436 0.55409356725146208 0.69337606837606847 26.497225732921734 70.691005243679427 69.776494240143265 -1.9984433668045967 41.473965871662735 5.2540517464788481 2.9999970420030105e-06 400.56743459737294 8.1402391461800203 10.255255791178106 13.575187969924814 0.12220869583163287 16.500000000000004 9.4910561787020349 7.5000000000000009 -2.0107858484011834 7.7502706615087202 48.533952068518452 30.041353823244545 4.888173185941044 84.052653705139022 21.909004450695857
decision_type=2 2 2 8 2 2 2 2 2 2 2 8 2 8 2 2 2 2 2 10 2 2 2 10 2 2 2 2 2 2
left_child=1 4 -3 -2 5 9 7 -6 -9 10 12 -11 20 -14 -15 17 18 -16 19 25 22 -22 28 24 -24 -17 27 -18 29 -1
right_child=3 2 -4 -5 6 -7 -8 8 -10 11 -12 -13 13 14 15 16 26 -19 -20 -21 21 -23 23 -25 -26 -27 -28 -29 -30 -31
leaf_value=0.0003093972508609783 -0.0027050709910690788 -0.00087851214815269814 0.040630645233960379 -0.025544778630137446 0.0014542596414685251 0.016522842268177278 0.0033220715195822871 -0.04277065340429545 -0.0070110658848924305 0.02536323558185892 -0.022476443551156834 -0.0045932972560758182 0.016575671609250772 0.018253161758184432 -0.0094824891966566738 -0.021602046934347002 -0.010767475403069209 -0.038171206097203224 0.025311882414475635 0.019695826649496501 0.032903148923759111 -0.0028729609075795722 -0.043228869132984148 0.0097847226297571553 -0.0061383202485740182 0.0024433607311577215 -0.00051457223881568232 -0.036413581239489408 0.015521424364813262 -0.010260180977196727
leaf_weight=7046 65 22 21 20 24 33 38 21 21 29 23 23 31 20 51 31 36 33 27 22 27 27 26 21 20 49 35 26 38 79
leaf_count=7046 65 22 21 20 24 33 38 21 21 29 23 23 31 20 51 31 36 33 27 22 27 27 26 21 20 49 35 26 38 79
internal_value=-1.03471e-11 8.69272e-05 0.0193934 -0.00807912 -1.87338e-05 9.50708e-05 -0.00850265 -0.0153108 -0.0248909 2.48485e-05 -5.7128e-05 0.0121132 1.03205e-05 -0.0045705 -0.00655696 -0.00815761 -0.00347612 -0.0207531 0.00439372 -0.00114344 0.000237349 0.0150151 0.000126976 -0.0155409 -0.0271025 -0.00687423 -0.0139422 -0.0215223 0.000273527 0.000192205
internal_weight=7985 7900 43 85 7857 7753 104 66 42 7720 7668 52 7645 361 330 310 226 84 129 102 7284 54 7230 67 46 80 97 62 7163 7125
internal_count=7985 7900 43 85 7857 7753 104 66 42 7720 7668 52 7645 361 330 310 226 84 129 102 7284 54 7230 67 46 80 97 62 7163 7125
is_linear=0
shrinkage=0.05


Tree=147
num_leaves=31
num_cat=0
split_feature=158 10 15 9 4 28 2 77 12 45 90 61 98 11 53 78 5 93 336 87 17 3 58 76 76 41 12 184 54 41
split_gain=2.24691 2.37299 8.65319 4.45293 5.95627 4.40671 8.25539 2.57551 7.45523 7.88537 3.23439 3.2934 3.23211 4.63744 5.12442 4.74388 6.96962 5.33623 3.88858 4.5697 6.6612 7.7223 5.76219 6.26845 5.73955 5.98127 5.32647 5.26328 6.96539 4.83935
threshold=6.5000000000000009 1.5000000000000002 0.44130895601483838 8.5000000000000018 0.3716185524122797 2.3774437510817346 0.96814814814814831 29.187044634751416 -0.48768232473929546 12.578159567086367 12.492015210573756 14.639543407209873 25.730016688113007 0.32247063638746748 10.198510687007518 25.912514565140885 13.337899543378997 15.326420145690848 1.0000000180025095e-35 117.82983926576419 0.58089500860585208 -1.0000000180025095e-35 86.179579709006063 45.27398868577815 35.472293116946929 -0.91883116883116867 -0.46235446828566179 1.0000000180025095e-35 4.3079236804599113 -1.0266233766233761
decision_type=2 2 2 2 2 2 2 2 10 2 2 2 2 10 2 2 2 2 2 2 2 2 2 2 2 2 10 2 2 2
left_child=1 3 -3 4 -1 6 -5 12 -9 10 11 -10 18 15 -15 17 -17 -14 19 20 21 -7 23 24 27 -26 -24 -22 29 -29
right_child=-2 2 -4 5 -6 7 -8 8 9 -11 -12 -13 13 14 -16 16 -18 -19 -20 -21 22 -23 26 -25 25 -27 -28 28 -30 -31
leaf_value=0.0016053958498078455 0.016737976744771007 0.016706974469125273 -0.023744740967567152 -0.039467641296796502 0.035992816612124445 -0.041069861306875413 0.0049174364625452494 -0.026619243887918337 -0.027594190727298459 0.028248479161411523 0.0041696494038939019 -0.0047457300045568012 0.00033611141828941986 0.0053803095007660222 0.023833775322656243 -0.029062797632368822 0.0017473804320131119 0.025591717660427095 -0.0034491707930553645 0.022553587316170985 -6.5719707135488496e-05 -0.00064277236384374127 -0.00019458235307995763 0.023844749162838394 -0.0002455922086601672 -0.037153507981981547 0.034286496074249349 -0.0029234993386207456 0.025865369408232409 0.010725865603723963
leaf_weight=34 20 20 39 20 20 21 22 35 24 20 49 46 128 162 49 31 45 25 772 23 5935 27 21 28 23 21 24 134 41 126
leaf_count=34 20 20 39 20 20 21 22 35 24 20 49 46 128 162 49 31 45 25 772 23 5935 27 21 28 23 21 24 134 41 126
internal_value=5.99531e-12 -4.20288e-05 -0.0100323 3.25254e-05 0.0143415 -6.58805e-05 -0.0162183 2.09828e-05 -0.005994 -0.000800588 -0.00568278 -0.0125795 0.000158045 0.0043181 0.00966571 -0.000609168 -0.0108199 0.00446284 -9.63223e-05 0.000306604 0.000226666 -0.0183296 0.000366868 0.000239684 0.000134438 -0.0178607 0.0181953 0.000261409 0.0067116 0.00369119
internal_weight=7985 7965 59 7906 54 7852 42 7810 174 139 119 70 7636 440 211 229 76 153 7196 6424 6401 48 6353 6308 6280 44 45 6236 301 260
internal_count=7985 7965 59 7906 54 7852 42 7810 174 139 119 70 7636 440 211 229 76 153 7196 6424 6401 48 6353 6308 6280 44 45 6236 301 260
is_linear=0
shrinkage=0.05


Tree=148
num_leaves=31
num_cat=0
split_feature=138 4 99 260 100 62 39 255 49 25 16 97 62 24 97 369 205 51 71 105 15 25 323 25 93 64 48 61 91 68
split_gain=2.16337 4.1135 4.04965 4.19129 3.49023 3.26904 3.74364 3.18626 5.39772 5.0615 4.11991 3.99712 3.00124 3.57192 3.49078 2.94906 6.17787 7.00667 5.28755 7.81841 8.45156 6.86866 10.2858 6.26921 6.83119 5.25133 5.08559 7.78157 5.8404 4.91835
threshold=1.0000000180025095e-35 0.67109314294315581 7.2465006530387548 1.0000000180025095e-35 -0.10205433253548289 35.475256315541685 1.6928815770637753 1.0000000180025095e-35 5.6954836539521478 -0.11374157718899879 1.7350877192982459 16.407234032501893 11.757217591853953 7.8995248208280335 37.557576919198439 1.0000000180025095e-35 1.0000000180025095e-35 5.5490960737176769 4.155243278773777 0.089572192513368995 0.94804318488529027 -0.3844641594411991 1.0000000180025095e-35 0.10214998547230027 4.2468584011366479 4.9371265901661001 10.542980432701336 10.418911024200812 6.7942814019615811 83.93511458382055
decision_type=2 2 2 2 2 2 2 2 2 10 2 2 2 8 2 2 2 2 2 2 2 10 2 8 2 2 2 2 2 2
left_child=7 2 3 5 -3 6 -2 15 9 -9 -11 -12 -10 14 -14 16 26 -18 21 20 -20 -17 29 -22 -25 -21 -1 28 -28 -23
right_child=1 4 -4 -5 -6 -7 -8 8 12 10 11 -13 13 -15 -16 18 17 -19 19 25 23 22 -24 24 -26 -27 27 -29 -30 -31
leaf_value=-0.00061773474978939018 0.0030644396700980989 -0.00064523960261241248 0.019197040212086656 -0.015248158171824698 -0.025448458090210586 0.019885719814337791 -0.017926207301206889 0.036270926892757419 0.012794764767656284 -0.0084184802638796654 0.0073204629631988989 0.032604248474606058 -0.016326016425252117 0.011948166841641069 0.0048016438196445341 -0.0090886187608560376 0.024791843032616438 -0.0050123787343953601 -0.0018595411884001435 -0.001332631040858545 -0.0074949524665458333 0.0028749813500470564 0.022753364292051024 -0.053977686217562715 -0.016121159006769841 0.006249150713602292 -0.0084142418043132144 -0.003264818438012235 -0.039630936972539998 0.026215364638230078
leaf_weight=4298 88 23 22 54 37 20 28 20 31 26 54 22 60 25 29 102 49 33 156 804 45 1209 72 22 26 319 31 228 29 23
leaf_count=4298 88 23 22 54 37 20 28 20 31 26 54 22 60 25 29 102 49 33 156 804 45 1209 72 22 26 319 31 228 29 23
internal_value=-1.36949e-12 -0.00438253 -0.00111139 -0.00346289 -0.0159406 0.00121655 -0.00200227 0.00015455 0.00552122 0.0132716 0.00876194 0.0146395 -0.000999803 -0.00475096 -0.00944172 -3.78884e-05 -0.000805516 0.0127975 0.00125199 -0.000956251 -0.00897197 0.00340683 0.00438424 -0.0209025 -0.0334721 0.000821054 -0.00104874 -0.00748096 -0.0235023 0.00331072
internal_weight=7985 272 212 190 60 136 116 7713 267 122 102 76 145 114 89 7446 4668 82 2778 1372 249 1406 1304 93 48 1123 4586 288 60 1232
internal_count=7985 272 212 190 60 136 116 7713 267 122 102 76 145 114 89 7446 4668 82 2778 1372 249 1406 1304 93 48 1123 4586 288 60 1232
is_linear=0
shrinkage=0.05


Tree=149
num_leaves=31
num_cat=0
split_feature=102 21 57 22 57 37 62 89 89 100 90 90 23 102 215 18 23 102 92 18 27 5 0 316 68 184 100 49 21 20
split_gain=2.17926 4.20727 4.00563 8.25965 2.88835 3.29489 6.06281 5.19696 2.90586 2.87129 3.10327 4.67863 3.85222 3.01852 3.44476 5.89067 6.41892 3.1423 7.55902 4.40978 3.30967 3.22312 3.54697 3.09219 4.84539 4.71227 4.19233 4.23985 4.18558 5.21303
threshold=34.868031564779393 -2.057357839928446 123.00144198912346 2.2989489653571771 95.398621960453411 5.4069079766410741 17.170166859775637 6.4827890144192937 63.532899894449436 2.45427491878938 70.691005243679427 69.776494240143265 -1.9984433668045967 14.694983082737899 6.5000000000000009 32.117125008226573 -2.0139035478067782 9.0698211672052782 6.8564066497923983 16.560530191374554 2.5954091515927584 14.134848484848487 10.764214808359831 1.0000000180025095e-35 11.108306458947482 1.0000000180025095e-35 -2.5156172839506161 11.467835609825629 -2.2433273907619884 2.2845866358809883
decision_type=2 8 2 8 2 2 2 2 2 2 2 2 8 2 2 8 10 2 2 8 2 2 2 2 2 2 2 2 8 10
left_child=2 -2 4 -4 8 7 -7 -6 9 10 11 13 -12 14 17 16 -16 23 19 21 -20 -19 -23 25 -25 -1 -27 -28 -26 -30
right_child=1 -3 3 -5 5 6 -8 -9 -10 -11 12 -13 -14 -15 15 -17 -18 18 20 -21 -22 22 -24 24 28 26 27 -29 29 -31
leaf_value=0.00018638981995248907 0.0021283073803863013 -0.023307310802669363 0.029342584712713057 -0.01020899394696409 -0.016227160720154645 -0.036289929161253183 -0.0026349410327384248 0.015480307918707177 0.014679165170801915 -0.0058530129742402921 0.02490460296560611 -0.022919217293912716 -0.0030542906373739243 0.014228711337292275 -0.029867701941671283 0.01466608762741089 -0.0003725504296432649 -0.017731860076310113 0.033200848104071715 0.020975529588758948 0.0074925494845956564 0.01678021982224891 -0.0081763552421970035 0.012545252490788698 0.0021648513150639777 0.027017015707679094 0.0080191492380276702 -0.010450112758632247 -0.0036985838026037405 -0.016428159780681451
leaf_weight=5956 37 29 33 22 24 23 32 28 34 202 28 22 22 38 39 20 35 32 31 20 21 24 35 50 242 24 194 37 557 94
leaf_count=5956 37 29 33 22 24 23 32 28 34 202 28 22 22 38 39 20 35 32 31 20 21 24 35 50 242 24 194 37 557 94
internal_value=3.43166e-12 -0.00904795 7.54091e-05 0.013522 -1.86346e-05 -0.00817747 -0.0167088 0.000846092 9.39083e-05 2.96977e-05 0.000187696 0.000104608 0.0126027 0.000172607 0.000100535 -0.00941019 -0.0159173 0.000222717 0.0070872 -0.000282487 0.0228187 -0.00495458 0.00197547 6.63133e-05 -0.00260149 0.000471358 0.00712733 0.00506087 -0.00344957 -0.00553665
internal_weight=7985 66 7919 55 7864 107 55 52 7757 7723 7521 7471 50 7449 7411 94 74 7317 163 111 52 91 59 7154 943 6211 255 231 893 651
internal_count=7985 66 7919 55 7864 107 55 52 7757 7723 7521 7471 50 7449 7411 94 74 7317 163 111 52 91 59 7154 943 6211 255 231 893 651
is_linear=0
shrinkage=0.05


Tree=150
num_leaves=31
num_cat=0
split_feature=198 73 94 92 18 3 58 52 58 39 26 24 295 23 196 130 57 67 67 5 237 37 160 139 77 5 105 75 84 26
split_gain=2.17029 3.00664 5.74934 2.75243 4.83885 5.2889 7.1449 10.3206 6.95296 4.58378 4.41535 5.02188 4.70141 5.4782 4.6259 4.40805 4.24417 3.6969 4.04059 6.9331 3.86142 5.29493 3.65097 3.41484 6.89052 4.19152 3.67645 3.34778 7.21204 5.38339
threshold=2.5000000000000004 14.634732589512696 10.251131773292093 32.444651850176101 14.696929450354569 -0.67547170256991684 54.292085862996871 6.7200130158908129 36.371560305528639 4.4818487720204603 2.8601008615987431 6.3928222209523993 1.0000000180025095e-35 -2.2521160325521694 1.0000000180025095e-35 3.9094000000000033 45.671358470697008 66.991296177574185 48.060385093700944 12.418859649122808 1.0000000180025095e-35 1.5018730261808977 1.0000000180025095e-35 1.5000000000000002 6.1968383914346985 12.301515151515153 0.075498575498575513 12.578498813431359 28.890494842914446 2.0560097991311257
decision_type=2 2 2 2 8 2 2 2 2 2 2 8 2 10 2 2 2 2 2 2 2 2 2 2 2 2 2 2 2 2
left_child=1 3 -3 17 -5 6 7 8 -6 10 11 12 13 14 -7 -13 -8 18 20 -20 22 -22 23 27 25 26 -25 28 29 -1
right_child=-2 2 -4 4 5 9 16 -9 -10 -11 -12 15 -14 -15 -16 -17 -18 -19 19 -21 21 -23 -24 24 -26 -27 -28 -29 -30 -31
leaf_value=0.00027601870705863148 0.013203929370689777 -0.032240546154789627 -0.0031174110254453213 0.025921884434216697 -0.0012999116186589257 0.002980213040400314 0.011366310193469483 0.04459837474143849 0.02764515862800181 0.020944930511574391 -0.018419749070054444 -0.032227906238819874 0.024638129753822631 -0.005653850138750225 0.029831991790105469 -0.0025587867795219348 -0.01401487662922591 0.020280526707541536 0.0024630443914042364 -0.032547896727919579 0.0011080930790593546 -0.029178564798914727 0.017368626339981954 0.010062837623991072 -0.017342249914072457 0.0032256721224831909 0.039089034206699583 0.00061505268831107203 -0.030146001016890463 -0.0044352280322905715
leaf_weight=1705 31 20 111 23 59 53 28 26 32 22 39 21 22 136 23 31 40 22 31 26 31 27 30 20 20 38 24 4331 22 941
leaf_count=1705 31 20 111 23 59 53 28 26 32 22 39 21 22 136 23 31 40 22 31 26 31 27 30 20 20 38 24 4331 22 941
internal_value=1.40975e-11 -5.14611e-05 -0.00756369 7.43349e-05 0.00346826 0.00249752 0.00932524 0.0168163 0.00887857 -0.00114262 -0.00263777 -0.000485686 0.00263762 0.000354545 0.0111064 -0.0145405 -0.0035638 -0.000184833 -0.000246969 -0.0135069 -0.000141834 -0.0129909 -3.73263e-05 -0.000110862 0.00897181 0.0153899 0.0258953 -0.000243229 -0.00163649 -0.00139945
internal_weight=7985 7954 131 7823 555 532 185 117 91 347 325 286 234 212 76 52 68 7268 7246 57 7189 58 7131 7101 102 82 44 6999 2668 2646
internal_count=7985 7954 131 7823 555 532 185 117 91 347 325 286 234 212 76 52 68 7268 7246 57 7189 58 7131 7101 102 82 44 6999 2668 2646
is_linear=0
shrinkage=0.05


Tree=151
num_leaves=31
num_cat=0
split_feature=244 5 97 20 19 65 120 102 78 90 23 20 21 44 45 9 17 4 78 23 66 58 58 24 16 6 94 61 77 14
split_gain=2.14216 3.2007 2.41852 5.26044 7.20062 5.57063 4.78313 8.53985 9.24268 12.6764 5.4062 5.19124 7.78185 5.03786 6.27028 12.1843 11.3642 7.83295 4.85571 4.86203 4.84924 4.38982 5.69704 8.0183 6.48225 5.96127 5.14868 4.36365 5.28983 7.98376
threshold=1.0000000180025095e-35 9.8708333333333353 0.19168249244142146 2.506772823980302 10.086666213026874 10.778026574295708 1.5000000000000002 0.70953766691861941 100.25196408556535 49.820710026842214 -2.1707619032035272 2.4470837385511084 -2.2308053005461006 16.991478827575996 4.0442948848046454 8.5000000000000018 1.1026315789473686 0.36641158199886187 21.550129910738544 -1.7501651324832344 66.815824283876637 48.38730204457881 20.895146382058442 5.4073444957534607 0.9298029556650248 435.39500000000032 9.7803903114812645 79.630856421351538 10.178729283359052 0.20699676662860658
decision_type=2 2 2 10 10 2 2 2 2 2 8 10 8 2 2 2 2 2 2 10 2 2 2 10 2 2 2 2 2 8
left_child=2 -2 3 6 5 -5 10 11 9 20 -1 12 -8 14 15 -12 -17 -16 19 21 -9 22 25 -24 -25 27 -26 28 -14 -30
right_child=1 -3 -4 4 -6 -7 7 8 -10 -11 13 -13 18 -15 17 16 -18 -19 -20 -21 -22 -23 23 24 26 -27 -28 -29 29 -31
leaf_value=0.0098791123122497597 -0.016103988922201096 0.0028717620926909152 -0.00052878203820292194 0.015307516524834293 -0.03381283971636246 -0.012864946812856324 -0.012813469739057837 0.0078417494548168997 -0.012382699723266775 0.044097674552126438 0.034166791352132957 0.022277923947970929 0.0030127227001863219 0.017824858387133904 -0.039142767932604662 -0.031602086286030472 -0.00018050481900680194 -0.0076451616515896608 0.018476274462286817 0.010484818195870433 0.031678401816474355 0.018460597150260584 -0.034823133853142674 -0.03050859346985817 0.014802039549686015 -0.023725407028740104 -0.0049905668427843762 0.022047449182718993 0.0071031665601185533 -0.037037706410601022
leaf_weight=93 50 40 5278 28 24 47 96 295 42 29 24 29 649 28 22 31 401 192 43 130 23 32 23 21 40 22 184 28 20 21
leaf_count=93 50 40 5278 28 24 47 96 295 42 29 24 29 649 28 22 31 401 192 43 130 23 32 23 21 40 22 184 28 20 21
internal_value=6.99638e-12 -0.00767032 8.74388e-05 0.00133024 -0.00997525 -0.00234723 0.00177474 0.00324956 0.00977038 0.0124517 -0.00144526 0.00135375 0.000890187 -0.0029541 -0.00382247 -0.000508869 -0.00243529 -0.0108832 0.00197473 0.00136826 0.00956578 0.000228694 -0.000350096 -0.00659625 -0.00394638 0.00191202 -0.00145617 0.00269757 0.00191236 -0.0155056
internal_weight=7985 90 7895 2617 99 75 2518 1727 389 347 791 1338 1309 698 670 456 432 214 1213 1170 318 1040 1008 268 245 740 224 718 690 41
internal_count=7985 90 7895 2617 99 75 2518 1727 389 347 791 1338 1309 698 670 456 432 214 1213 1170 318 1040 1008 268 245 740 224 718 690 41
is_linear=0
shrinkage=0.05


Tree=152
num_leaves=31
num_cat=0
split_feature=180 66 20 43 22 144 64 87 64 20 104 104 16 103 4 24 303 105 139 77 48 63 61 27 92 52 90 87 3 25
split_gain=2.11539 3.50333 3.22653 3.67152 2.84524 2.62319 3.99649 3.17746 2.54075 6.57832 5.97748 5.82117 7.44104 7.40145 8.81831 8.12087 7.34164 5.23121 5.04519 5.82498 5.36852 9.07542 5.55718 11.7039 5.39329 8.17403 5.55623 5.32794 5.54957 5.09368
threshold=1.0000000180025095e-35 39.444804616075878 2.3413862195953743 11.388661247577234 2.2392498154618985 1.0000000180025095e-35 5.3712900005583588 6.6377865767060316 4.780752649731185 2.6922742493898437 1.7914560402759936 1.3775448435656721 1.8956442831215974 3.9983626380100046 0.33519178650479126 5.9283647944594611 1.0000000180025095e-35 0.089572192513368995 1.5000000000000002 10.02188981268282 9.8025487195060581 5.3273714384385489 47.748610179232877 2.0624984960914179e-06 33.918128320571888 6.012561772299656 11.098653420575211 46.783051913623403 -4.1498914186674218 0.026121366713965005
decision_type=2 2 8 2 10 2 2 2 2 10 2 2 2 2 2 10 2 2 2 2 2 2 2 2 2 2 2 2 2 8
left_child=5 2 3 -2 -4 8 7 -7 11 10 -10 18 13 14 15 -13 -15 -16 20 29 21 24 23 -22 -1 26 -26 28 -25 -20
right_child=1 -3 4 -5 -6 6 -8 -9 9 -11 -12 12 -14 16 17 -17 -18 -19 19 -21 22 -23 -24 27 25 -27 -28 -29 -30 -31
leaf_value=1.2995765908814159e-06 0.00047018838766962293 -0.020570558252473992 0.019028857385828383 -0.026908684692656001 -0.0013681000042909189 -0.0081591502570643511 -0.024725092911662964 0.014539495571738198 0.00080829831310188528 -0.026775425966334299 0.0080937980447214515 -0.057924397403839978 0.0028589738560454731 -0.0097068367902572988 -0.031201113123446707 -0.013902402478693563 0.025588389385778173 -0.0068169809271304118 0.035110463450352354 -0.010802608040726878 -0.033175681340130596 0.028478063537000581 0.005687728676486821 0.021393507960337132 0.00095896160968056204 0.035611026772918802 0.024063656405515731 -0.027775099776361303 -0.0042216624946912118 0.0090919851349538262
leaf_weight=4053 25 31 21 24 92 58 26 21 1661 20 339 20 169 34 25 22 26 183 24 28 37 29 124 22 162 24 31 23 544 87
leaf_count=4053 25 31 21 24 92 58 26 21 1661 20 339 20 169 34 25 22 26 183 24 28 37 29 124 22 162 24 31 23 544 87
internal_value=-1.06493e-11 -0.00517099 -0.00222415 -0.0129399 0.00242248 0.00012808 -0.00772146 -0.00212533 0.0002353 0.00175786 0.00204319 -0.000307415 -0.0055813 -0.0101826 -0.0139675 -0.0348653 0.00558776 -0.00974777 0.000179515 0.00957684 -7.9195e-05 0.000601796 -0.00398264 -0.00589817 0.000412472 0.00809212 0.00467008 -0.00418464 -0.00322602 0.0147176
internal_weight=7985 193 162 49 113 7792 105 79 7687 2020 2000 5667 479 310 250 42 60 208 5188 139 5049 4299 750 626 4270 217 193 589 566 111
internal_count=7985 193 162 49 113 7792 105 79 7687 2020 2000 5667 479 310 250 42 60 208 5188 139 5049 4299 750 626 4270 217 193 589 566 111
is_linear=0
shrinkage=0.05


Tree=153
num_leaves=31
num_cat=0
split_feature=41 41 235 52 104 52 15 118 47 47 222 103 52 15 64 101 314 104 75 56 344 108 347 25 90 88 103 88 44 122
split_gain=2.01051 3.46053 2.46092 3.95445 3.06721 5.24029 3.81206 3.58747 3.87409 4.69727 3.66876 3.50098 4.81693 4.63821 3.27294 3.01123 2.97698 6.91542 7.60686 5.05872 7.64525 10.0674 4.72739 4.55313 5.73861 4.58845 4.5163 6.62801 4.65337 8.41738
threshold=3.2583766233766238 2.491688311688312 1.0000000180025095e-35 25.791714684659926 -9.2488378239592279 48.294736218204385 0.56330128205128216 14.500000000000002 37.558001556970169 34.777023113453502 1.0000000180025095e-35 7.9168055555555563 39.377110030460493 0.5887605042016808 24.444740795638094 -1.563127507568518 1.0000000180025095e-35 1.5528226355841799 63.580322163271127 5.8349730760697751 1.0000000180025095e-35 4.5000000000000009 1.0000000180025095e-35 0.10340618892926888 12.510501313300738 18.277641617421104 5.8693760475251731 11.164190120532339 13.590072234275283 7.5000000000000009
decision_type=2 2 2 2 2 2 2 2 2 2 2 2 2 2 2 2 2 2 2 2 2 2 2 10 2 2 2 2 2 2
left_child=1 2 4 -4 5 -1 -7 8 9 10 14 12 13 -10 15 -6 19 18 23 -17 21 22 -21 26 25 -25 28 -28 29 -18
right_child=-2 -3 3 -5 7 6 -8 -9 11 -11 -12 -13 -14 -15 -16 16 17 -19 -20 20 -22 -23 -24 24 -26 -27 27 -29 -30 -31
leaf_value=0.023011467407176939 0.014761594925885616 -0.019409067734428076 -0.026101424982366356 0.0039085492314327331 -0.015471641923631391 -0.010757810236790623 0.0096025580956068425 -0.019351588337061309 0.040869332386646418 -0.018404750765434335 -0.020433948086627591 -0.0051189017758588307 -0.0072428449592553089 0.012027466336629638 -0.016468220362439751 0.0010346183417882322 -0.0016281181121312162 0.0061392932250504658 -0.028848156422890466 -0.0019875658219088931 -0.017410342221458753 0.020456977737968434 -0.019305626981788213 -0.0093479623525248214 0.0016379403828371626 -0.028407150004059079 -0.0076837206136302228 0.019959212886373791 0.020315361395478251 -0.024467944351653028
leaf_weight=39 23 23 23 21 31 39 56 24 20 35 22 32 20 46 30 5659 652 219 29 317 90 47 45 150 96 40 35 57 22 43
leaf_count=39 23 23 23 21 31 39 56 24 20 35 22 32 20 46 30 5659 652 219 29 317 90 47 45 150 96 40 35 57 22 43
internal_value=-4.12784e-12 -4.26421e-05 1.34641e-05 -0.0117785 7.91824e-05 0.00757937 0.00124409 -5.03145e-05 9.55762e-06 -0.000129681 -4.53421e-05 0.0089999 0.0142534 0.0207674 1.39741e-05 7.96228e-05 0.000143893 -0.00198906 -0.00357278 0.000609068 -0.00421696 -0.00131377 -0.00414036 -0.00290339 -0.00832601 -0.0133604 -0.000986368 0.00944288 -0.00232457 -0.00304123
internal_weight=7985 7962 7939 44 7895 134 95 7761 7737 7619 7584 118 86 66 7562 7532 7501 1343 1124 6158 499 409 362 1095 286 190 809 92 717 695
internal_count=7985 7962 7939 44 7895 134 95 7761 7737 7619 7584 118 86 66 7562 7532 7501 1343 1124 6158 499 409 362 1095 286 190 809 92 717 695
is_linear=0
shrinkage=0.05


Tree=154
num_leaves=31
num_cat=0
split_feature=67 21 96 67 97 19 103 24 2 5 118 71 88 90 335 85 28 60 45 23 93 53 42 128 19 128 6 23 8 21
split_gain=1.97367 5.06363 5.82874 5.53139 5.33468 5.27622 6.37714 7.88081 7.97299 5.70748 7.84645 8.60778 7.81062 6.88871 5.81382 7.22039 8.0657 5.4204 5.10512 5.56482 5.4688 5.07976 6.7462 6.26512 8.13098 8.26041 5.68242 9.21608 6.41631 6.84508
threshold=5.3234391255338798 -2.0792668200678484 18.196673415633157 13.120575591125323 10.987460136547249 10.022223438271407 5.5041574455452684 8.1108660662220142 0.18367283950617266 13.432234432234434 3.5000000000000004 5.7117054376828298 36.959148275566122 29.593821243242413 1.0000000180025095e-35 14.687484158340627 578.58056235104743 23.316036099247253 6.0001329484108306 -2.2463668656121687 19.778321216442219 4.1959919624070894 3255.4886297401504 17.449697472748685 10.101229571407567 4.4981037713512615 350.46000000000009 -2.2463668656121687 302.0322810400001 -2.2067567868678761
decision_type=2 10 2 2 2 8 2 10 2 2 2 2 2 2 2 2 2 2 2 10 2 2 2 2 10 2 2 10 2 10
left_child=-1 2 5 4 -3 9 21 8 18 12 11 -11 14 -12 15 16 -2 -16 20 -20 -8 23 -23 24 25 -7 28 -28 -24 -30
right_child=1 3 -4 -5 -6 6 7 -9 -10 10 13 -13 -14 -15 17 -17 -18 -19 19 -21 -22 22 26 -25 -26 -27 27 -29 29 -31
leaf_value=0.00082391185970010947 0.00068614303644139781 -0.0024715907091499155 -0.014835136525048795 0.001563440585095215 -0.0096946416071585842 -0.012770293955061887 0.018392468820952003 -0.010625704332314273 0.0035211856170925971 0.0034819389326595377 -0.001485536431836099 0.029499120761950812 0.021192680308151815 -0.024390436135031085 -0.013077811300844098 0.020039201708062105 -0.030232760336648137 -0.039439212821889669 0.0205352443636262 0.05126033598557115 -0.010686496992341497 0.010981218687459791 0.0011990671491508781 -0.025827680158846341 -0.00716467782438872 0.014571882473356133 0.0027646639684534187 0.032990048227033449 -0.028478102854695982 -0.0031079427538705726
leaf_weight=3805 66 832 59 501 369 37 61 47 163 172 291 39 21 37 104 27 31 24 56 20 22 213 205 29 254 109 254 28 46 63
leaf_count=3805 66 832 59 501 369 37 61 47 163 172 291 39 21 37 104 27 31 24 56 20 22 213 205 29 254 109 254 28 46 63
internal_value=3.67715e-12 -0.000749996 0.000692259 -0.00284983 -0.00469083 0.00107098 0.00273088 0.00850017 0.0112918 -0.00221408 0.000769243 0.0082908 -0.00810424 -0.00406932 -0.0105457 -0.00282961 -0.00919516 -0.0180206 0.019258 0.0286208 0.0106848 0.00101128 0.00334359 -0.00338694 -0.00175998 0.0076427 0.00061403 0.00576577 -0.00401269 -0.0138146
internal_weight=7985 4180 2478 1702 1201 2419 1607 369 322 812 539 211 273 328 252 124 97 128 159 76 83 1238 809 429 400 146 596 282 314 109
internal_count=7985 4180 2478 1702 1201 2419 1607 369 322 812 539 211 273 328 252 124 97 128 159 76 83 1238 809 429 400 146 596 282 314 109
is_linear=0
shrinkage=0.05


Tree=155
num_leaves=31
num_cat=0
split_feature=99 99 346 45 103 62 25 27 41 13 24 323 75 38 14 11 119 55 15 97 22 87 59 13 6 58 18 128 14 14
split_gain=2.05943 7.37625 8.01133 4.53728 4.48995 4.21348 3.03852 5.58143 5.43769 5.0751 3.94431 4.29719 3.9022 3.6979 4.37929 4.62694 3.57535 3.95609 3.49513 3.2414 4.74606 3.9956 5.53842 6.21464 5.88771 7.82388 6.36362 8.71214 5.6512 5.06818
threshold=-0.54808641975308547 -0.6932000346434869 1.0000000180025095e-35 3.6734436644621087 2.8108626786730153 33.972209150277642 -0.23176806203627021 6.9699847774111806e-06 -0.28499999999999998 0.39435899267313346 6.3044590811490506 1.0000000180025095e-35 22.287335376368635 1.6043445388330533 0.29286092588135831 0.2286237917891179 7.5000000000000009 20.059764388526187 1.1775210084033616 43.621679197857368 2.1868646889096439 6.0364776707430172 23.973486443310684 0.082614134587895641 221.25750000000005 50.534967388269678 16.161171234877685 3.4320162278426234 0.54821393749841552 0.046548334350879662
decision_type=2 2 2 2 2 2 8 2 2 10 10 2 2 2 10 10 2 2 2 2 8 2 2 8 2 2 10 2 10 10
left_child=1 2 5 -3 -4 -1 7 8 -2 10 11 18 -12 -11 15 -15 17 19 -9 21 -21 -8 23 -23 -24 26 28 -28 -26 -25
right_child=6 3 4 -5 -6 -7 16 9 -10 13 12 -13 -14 14 -16 -17 -18 -19 -20 20 -22 22 24 29 25 -27 27 -29 -30 -31
leaf_value=0.0071596940231733273 0.019969620352817907 0.0097545106394682085 -0.025150847051824844 0.038921964317560204 -0.0041411355127810795 -0.0059857112998878102 -0.00094824536041328603 -0.0073588737136512806 -0.008413178446116271 -0.0018160010816443348 0.022523282448299032 -0.020833462876811003 -0.0054659169002843552 -0.0087700523640960454 -0.0088482922505291346 -0.0369336780958942 0.01648964527571066 -0.011833240927995316 0.0083059537768322266 -0.029778552124099363 -0.0033527539687210257 -0.02145034573491543 0.025156459611441407 0.018093983296218308 -0.029888937663700845 0.023063943512737752 -0.015363564550888872 0.011611192222644992 0.0018983468895071541 0.00079904285675834485
leaf_weight=308 45 40 35 20 93 76 3375 76 27 92 33 30 20 25 129 35 33 70 67 21 89 31 42 43 27 50 38 141 29 2845
leaf_count=308 45 40 35 20 93 76 3375 76 27 92 33 30 20 25 129 35 33 70 67 21 89 31 42 43 27 50 38 141 29 2845
internal_value=2.45679e-12 0.00289071 0.000947005 0.019477 -0.00988598 0.004558 -0.000223052 -0.00370084 0.00932607 -0.00555081 2.73035e-05 -0.00362878 0.0119613 -0.0100371 -0.0140389 -0.0251988 7.15976e-05 -8.0665e-06 -1.94091e-05 0.000114911 -0.00839768 0.000256338 0.00150879 0.000817526 0.00767946 0.0051039 0.00128261 0.00588471 -0.0134277 0.00105655
internal_weight=7985 572 512 60 128 384 7413 579 72 507 226 173 53 281 189 60 6834 6801 143 6731 110 6621 3246 2919 327 285 235 179 56 2888
internal_count=7985 572 512 60 128 384 7413 579 72 507 226 173 53 281 189 60 6834 6801 143 6731 110 6621 3246 2919 327 285 235 179 56 2888
is_linear=0
shrinkage=0.05


Tree=156
num_leaves=31
num_cat=0
split_feature=158 59 76 41 235 75 222 30 94 104 11 76 87 5 61 131 141 104 89 24 104 31 53 97 58 60 28 130 98 5
split_gain=1.94177 2.34485 3.25104 2.53758 2.50132 3.53931 3.35687 2.32139 4.44133 7.21982 8.13647 6.77858 9.8375 12.1229 7.82709 6.66155 4.98218 3.74564 3.7225 3.60737 3.19013 4.71334 3.14618 4.90384 7.30929 7.74352 6.36559 5.68008 4.18564 7.53857
threshold=6.5000000000000009 52.925024268333978 33.15934715683472 3.2583766233766238 1.0000000180025095e-35 34.529336331846643 1.0000000180025095e-35 4.4340027521203691 3.881031846650612 1.4941819789948052 2.5000000000000004 20.075973543713275 17.923187062956707 2.0909090909090913 38.135959054401759 5.7807000000000004 1.5000000000000002 1.5945471938775513 12.137560656109358 4.2569078897921449 -4.6660093066361004 7.2117655912425844 4.1959919624070894 1.1023118622448986 38.306673085735049 5.6442185428336265 200.19836849703168 1.1777500000000003 9.3116500063638874 8.408333333333335
decision_type=2 2 2 2 2 2 2 2 2 2 8 2 2 2 2 2 2 2 2 10 2 2 2 2 2 2 2 2 2 2
left_child=1 3 -3 4 6 -6 7 8 11 10 16 12 13 -1 15 -14 20 18 19 -15 -10 -22 28 24 25 27 -27 -24 29 -9
right_child=-2 2 -4 -5 5 -7 -8 22 9 -11 -12 -13 14 17 -16 -17 -18 -19 -20 -21 21 -23 23 -25 -26 26 -28 -29 -30 -31
leaf_value=-0.039138901132074272 0.015559988878667356 -0.019516570207529838 0.0057538923807442192 0.017819973630830648 -0.024846079728255671 0.0036336098797619346 -0.018238514490425586 -0.020309576947755856 -0.011165544658899308 -0.021696522857140133 0.036842654911535128 -0.021060738791711629 0.051860830634832378 -0.022612900224824747 -0.00061104364498090508 0.012404844858278724 -0.015039448106083379 0.017429078476002013 0.016056365279946479 -0.0022820292666559305 0.0058313475362626807 0.02539515927871407 0.0052439616542930409 0.00036401311216935296 0.033898893401579699 0.014697768022729594 -0.012002021815303875 0.037513890778645878 0.0014828522817931728 -0.002049678568342882
leaf_weight=22 20 35 20 20 24 20 25 58 25 24 21 40 20 24 37 23 29 26 25 240 459 33 30 3393 25 33 69 25 919 2221
leaf_count=22 20 35 20 20 24 20 25 58 25 24 21 40 20 24 37 23 29 26 25 240 459 33 30 3393 25 33 69 25 919 2221
internal_value=-7.9277e-13 -3.90709e-05 -0.0103273 3.24655e-05 -1.26232e-05 -0.0119008 5.40449e-05 0.000112518 0.00230241 0.00516468 0.00630166 -0.00139912 0.000486888 -0.00325486 0.016249 0.0307565 0.00512701 -0.000748671 -0.00238404 -0.00413029 0.0062582 0.00714355 -0.000226329 0.000792901 0.0087886 0.00479015 -0.00336385 0.0199121 -0.00136571 -0.00251439
internal_weight=7985 7965 55 7910 7890 44 7846 7821 1048 591 567 457 417 337 80 43 546 315 289 264 517 492 6773 3575 182 157 102 55 3198 2279
internal_count=7985 7965 55 7910 7890 44 7846 7821 1048 591 567 457 417 337 80 43 546 315 289 264 517 492 6773 3575 182 157 102 55 3198 2279
is_linear=0
shrinkage=0.05


Tree=157
num_leaves=31
num_cat=0
split_feature=244 60 47 13 21 18 118 319 130 46 4 9 31 45 23 45 361 66 5 8 224 31 3 131 62 30 71 98 30 128
split_gain=1.9372 2.97894 2.47921 2.43149 2.26093 4.71668 6.35623 3.1486 3.24101 2.76164 11.0825 6.34005 5.64943 5.17431 3.09673 3.78879 3.40609 3.37064 6.89928 5.62552 5.58612 5.65551 8.4699 8.78714 7.7755 6.96025 7.79548 7.51216 7.43001 6.55252
threshold=1.0000000180025095e-35 12.12050196012974 5.2620208143918115 0.280922682759635 -1.7142372772483483 35.497218641179707 1.0000000180025095e-35 1.0000000180025095e-35 0.23835000000000048 31.055548159419345 0.39603170067953958 8.5000000000000018 2.1276068812936626 2.2718008261501859 -1.7501651324832344 0.58847645860948294 1.0000000180025095e-35 5.2479573351914928 11.254032258064518 468.7847711 1.0000000180025095e-35 7.1789468248985093 -1.8318449428382459 13.268050000000004 35.847303633425362 5.7415428997779232 24.170923015785515 0.93782399533887806 6.3907820642928925 139.65495466110892
decision_type=2 2 2 10 10 10 2 2 2 2 2 2 2 2 10 2 2 2 2 2 2 2 2 2 2 2 2 2 2 2
left_child=4 2 3 -2 9 6 -6 8 -8 10 12 -11 -1 -12 15 -13 -16 18 19 20 21 22 23 -17 29 26 27 -23 -27 -24
right_child=1 -3 -4 -5 5 -7 7 -9 -10 11 13 14 -14 -15 16 17 -18 -19 -20 -21 -22 25 24 -25 -26 28 -28 -29 -30 -31
leaf_value=-0.012255025959827684 -0.016657305389750177 0.0086985777724872936 -0.027258591856807471 0.0059281592278487309 -0.011571348594096038 0.020763186636404734 0.019247556336480995 -0.010254464662146003 0.0028673720091492647 0.025696700484938148 -0.045072086758556819 -0.020062990176181 0.021103115802009902 -0.010373680429025131 0.002137233349519538 -0.041021408126689501 0.015828696197519702 0.00046604585381619396 -0.0081233290344638245 -0.020289939876113619 0.020992792701168408 -0.016716881066560746 -0.0020901452345565611 -0.0024238203106255367 0.02633317993224963 -0.019219215443378995 0.033057983033359051 0.02131976221205184 0.0020021529815933306 -0.027359165216761606
leaf_weight=22 26 22 20 22 62 39 58 21 63 24 21 24 30 22 187 30 60 5411 369 35 31 25 515 29 23 44 37 27 659 27
leaf_count=22 26 22 20 22 62 39 58 21 63 24 21 24 30 22 187 30 60 5411 369 35 31 25 515 29 23 44 37 27 659 27
internal_value=1.31626e-11 -0.00729415 -0.0124683 -0.00630563 8.31506e-05 0.00483127 0.00178547 0.00761732 0.010719 -6.76328e-05 -0.00853949 3.88681e-05 0.00699006 -0.0273194 -4.28773e-05 -0.000229533 0.00546309 -0.000163986 -0.00200575 -0.000482546 -3.44528e-06 -0.000463109 -0.00402306 -0.0220497 -0.00214064 0.0023417 0.0155152 0.00303291 0.000673931 -0.00334893
internal_weight=7985 90 68 48 7895 243 204 142 121 7652 95 7557 52 43 7533 7286 247 7262 1851 1482 1447 1416 624 59 565 792 89 52 703 542
internal_count=7985 90 68 48 7895 243 204 142 121 7652 95 7557 52 43 7533 7286 247 7262 1851 1482 1447 1416 624 59 565 792 89 52 703 542
is_linear=0
shrinkage=0.05


Tree=158
num_leaves=31
num_cat=0
split_feature=130 44 222 13 12 19 11 4 176 24 118 45 121 84 31 16 11 103 32 7 58 131 58 93 99 38 2 45 46 14
split_gain=1.89638 6.14869 3.88831 2.22049 4.72743 4.42926 6.92787 5.08064 5.51397 6.6 5.26208 6.86303 7.5572 6.19241 9.47467 9.3712 6.14341 6.12714 5.67389 5.21442 4.70367 6.95736 5.46511 4.65517 4.5269 4.69164 4.67815 4.35061 6.49031 4.30987
threshold=-13.786900000000003 102.69262469764733 1.0000000180025095e-35 0.50740122707597679 -0.50662922283762257 10.118723992610084 0.11554821321070419 0.67868926655279804 2.5000000000000004 6.2738205623385204 1.0000000180025095e-35 5.8917179237316111 1.0000000180025095e-35 7.8645836997016243 5.7424468446046131 1.4821200510855685 1.0499536332980961 4.530522052982259 19.629247520975692 292.22000000000008 24.030513620739296 7.1165000000000012 31.028481331580029 10.2429574450664 3.2494907407407414 3.1400163049706125 0.092568027210884432 1.2473136316390663 67.279473766270414 0.24352211486085704
decision_type=2 2 2 8 10 10 8 2 2 10 2 2 2 2 2 2 10 2 2 2 2 2 2 2 2 2 2 2 2 10
left_child=-1 2 3 4 -2 6 -5 8 9 10 27 12 16 15 -15 19 20 -16 -19 -13 21 -12 -22 -9 25 26 29 -8 -29 -7
right_child=1 -3 -4 5 -6 24 7 23 -10 -11 11 13 -14 14 17 -17 -18 18 -20 -21 22 -23 -24 -25 -26 -27 -28 28 -30 -31
leaf_value=0.012147478792758194 -0.0090955970061603122 -0.025863668241578604 -0.018916104554578109 -0.015775835218899435 -5.9600815794192086e-05 0.0043591944698709991 -0.0032248037541285158 0.026100594952310388 -0.021304688762341227 -0.022500008547545546 -0.025771841802079944 -0.030940962582826616 0.015791072168697916 0.037554458083953551 0.0019064840778836682 0.012829842198536629 -0.036099041731689464 0.030761903095751622 -0.0019939764798618856 0.000253417776409714 -0.039307129675788539 0.0072704504972507219 -0.0050128238770062485 -0.0037013662699609999 -0.0079172729514539238 0.024429040317140199 0.00051035854873085821 0.045833625243976717 0.0068880655195402074 0.027427869032863983
leaf_weight=32 148 23 27 62 6588 40 20 38 28 28 21 37 30 24 276 36 22 39 20 21 21 66 26 20 41 46 121 20 23 41
leaf_count=32 148 23 27 62 6588 40 20 38 28 28 21 37 30 24 276 36 22 39 20 21 21 66 26 20 41 46 121 20 23 41
internal_value=-1.36057e-11 -4.88771e-05 2.59956e-05 9.07098e-05 -0.000258135 0.00210427 0.000337001 0.00156126 0.000469912 0.0013051 0.00225459 0.000895341 -0.00719134 0.0042157 0.00720705 -0.00720872 -0.011611 0.00503291 0.0196582 -0.0196464 -0.00759061 -0.000705275 -0.0203358 0.0158241 0.00747333 0.0100177 0.00673596 0.0160413 0.0250023 0.0160359
internal_weight=7985 7953 7930 7903 6736 1167 878 816 758 730 702 639 186 453 359 94 156 335 59 58 134 87 47 58 289 248 202 63 43 81
internal_count=7985 7953 7930 7903 6736 1167 878 816 758 730 702 639 186 453 359 94 156 335 59 58 134 87 47 58 289 248 202 63 43 81
is_linear=0
shrinkage=0.05


Tree=159
num_leaves=31
num_cat=0
split_feature=182 15 131 6 13 2 128 19 78 90 224 87 4 5 21 47 35 68 76 53 11 330 100 96 118 23 130 53 130 71
split_gain=1.8853 2.06904 6.58352 10.1394 7.36768 6.35405 7.79193 4.48297 4.36198 5.04379 3.94222 13.4222 3.86332 4.70844 3.79914 4.93745 4.44258 5.95248 4.98322 3.86732 4.63014 4.08392 4.54069 3.66369 4.36642 5.87225 4.36337 4.86674 3.69038 5.65606
threshold=1.0000000180025095e-35 1.1929280397022335 7.1165000000000012 86.136000000000024 0.06497439949152202 0.0097130102040815531 9.4569058993528916 10.107715467046431 19.166004642682463 31.1940319927232 1.0000000180025095e-35 22.264000109814898 0.34985626704399081 7.7207792207792219 -2.1723580756425398 10.214876562269112 4.4083893321224883 37.480349770794078 12.996640808138759 9.6848120411977856 0.31543744419442393 1.0000000180025095e-35 1.0936718350359225 1.679675925925926 2.5000000000000004 -2.0021364386094467 -0.99924999999999997 10.198510687007518 0.48995000000000005 10.164153848305514
decision_type=2 2 2 2 10 2 2 8 2 2 2 2 2 2 10 2 2 2 2 2 10 2 2 2 2 10 2 2 2 2
left_child=1 10 3 -3 -4 7 8 -6 12 14 -1 -12 13 -7 19 16 17 -16 -18 21 -21 22 -10 26 -25 -26 -14 28 -28 -30
right_child=-2 2 4 -5 5 6 -8 -9 9 -11 11 -13 23 -15 15 -17 18 -19 -20 20 -22 -23 -24 24 25 -27 27 -29 29 -31
leaf_value=-0.00084346855362746852 -0.012951448759330171 0.0046240487485192721 0.026285781650322266 -0.0423694477670572 0.022334851984608883 -0.021889020726343411 0.030032576637511906 0.0053828629505565358 0.0088943060189890476 0.01732415506903635 0.045137829892337326 -0.0070769865997135639 -0.0074191848747432237 -0.0011899968781829652 -0.0030204379196292867 -0.014498445384291948 -0.036869247397407892 0.023550283045253972 -0.0039403500311352589 -0.021485038482112431 0.0014010186585615956 -0.0063766046510822004 -0.0084727899678465387 0.0020929177836232641 -0.0028274168541398033 -0.024293609967646311 0.0077352724664080585 0.015617010092035264 -2.1751147162061758e-05 0.013838894769594254
leaf_weight=4346 28 24 29 22 48 36 22 208 230 32 20 32 82 116 503 117 20 22 27 39 51 87 45 403 174 39 359 91 650 83
leaf_count=4346 28 24 29 22 48 36 22 208 230 32 20 32 82 116 503 117 20 22 27 39 51 87 45 403 174 39 359 91 650 83
internal_value=4.23883e-12 4.5575e-05 0.000941855 -0.0178511 0.00118793 0.000979026 0.0003777 0.00856136 0.000174205 -0.0022538 -0.000679723 0.0130056 0.00157511 -0.0060924 -0.00280288 -0.00513972 -0.00322543 -0.001907 -0.0179526 0.00075926 -0.00851627 0.00306533 0.00605242 0.00219471 -0.000967493 -0.00675785 0.00373457 0.00450769 0.00358192 0.00154774
internal_weight=7985 7957 3559 46 3513 3484 3228 256 3206 1173 4398 52 2033 152 1141 689 572 525 47 452 90 362 275 1881 616 213 1265 1183 1092 733
internal_count=7985 7957 3559 46 3513 3484 3228 256 3206 1173 4398 52 2033 152 1141 689 572 525 47 452 90 362 275 1881 616 213 1265 1183 1092 733
is_linear=0
shrinkage=0.05


Tree=160
num_leaves=31
num_cat=0
split_feature=180 41 87 100 99 61 128 15 340 58 3 92 76 49 20 0 13 66 61 60 60 29 244 5 305 65 11 97 112 13
split_gain=1.84546 3.04862 4.34046 2.31682 6.5333 5.50614 5.02787 5.00082 5.09496 5.14083 4.83953 3.91504 3.33762 3.30531 9.65442 6.99638 5.4325 4.76978 4.63598 4.56417 5.03387 3.6332 3.61031 3.56413 9.74988 5.73636 6.22671 5.63434 5.8826 6.87207
threshold=1.0000000180025095e-35 -0.91883116883116867 18.640859350972384 -1.0174508692365827 2.2821997713035329 13.57330438227846 3.47623989051309 1.1310068649885585 1.0000000180025095e-35 38.586897129049355 -1.1342604402872256 30.177291739116992 15.957202268971169 11.51506163276594 2.097057249699239 12.997632993401167 0.36946659276556232 13.751014173285681 14.06530527027496 45.536540571667409 38.884901610441808 19.49209396872503 1.0000000180025095e-35 17.056079664570237 1.0000000180025095e-35 10.294686464358483 0.14366764151513531 0.19168249244142146 1.0000000180025095e-35 0.26895369419319431
decision_type=2 2 2 2 2 2 2 2 2 2 2 2 2 2 10 2 10 2 2 2 2 2 2 2 2 2 10 2 2 10
left_child=3 2 -2 4 5 10 -6 8 -8 -10 -1 -7 -13 19 -15 16 -16 -17 -18 20 22 -22 23 27 25 -25 -27 -5 29 -29
right_child=1 -3 -4 13 6 11 7 -9 9 -11 -12 12 -14 14 15 17 18 -19 -20 -21 21 -23 -24 24 -26 26 -28 28 -30 -31
leaf_value=0.039444416128098965 0.0012237783165677057 -0.023311911635100841 -0.01870652606491657 0.001571157783323246 -0.017364450016870134 0.0024652886108291667 0.00037898999602475674 0.0091393743930384529 -0.036459532900092503 -0.0025846482919795171 0.0058143986621871594 0.032865534052252773 0.0046436004255982965 0.014517615911944844 -0.032222888514309399 0.026082300084332627 -0.02385620182692285 -0.0054407868522892908 -0.0053267977926237838 -0.020514458864151191 0.0047435407045072521 0.03244474170729518 -0.010659411781219931 0.0083863391359247329 -0.012303380457464361 -0.009850687252437311 0.0055614352050179158 0.0079573616168151298 0.0021213905913230568 -0.0036648929211626994
leaf_weight=20 139 20 34 2163 62 901 80 75 24 21 23 20 22 52 31 21 44 28 145 27 29 20 79 469 91 111 160 135 741 2198
leaf_count=20 139 20 34 2163 62 901 80 75 24 21 23 20 22 52 31 21 44 28 145 27 29 20 79 469 91 111 160 135 741 2198
internal_value=-9.82045e-12 -0.00482982 -0.00269316 0.00011963 0.0020939 0.00395874 -0.00492416 -0.00106767 -0.0071919 -0.0206513 0.0214563 0.00316086 0.0180826 -0.000256881 -0.00520457 -0.00901703 -0.0128226 0.00806911 -0.00964052 -1.66539e-06 8.77222e-05 0.0160502 -3.95202e-05 9.87414e-05 0.00314078 0.00504 -0.000751279 -0.000383965 -0.00175967 -0.00299237
internal_weight=7985 193 173 7792 1248 986 262 200 125 45 43 943 42 6544 321 269 220 49 189 6223 6196 49 6147 6068 831 740 271 5237 3074 2333
internal_count=7985 193 173 7792 1248 986 262 200 125 45 43 943 42 6544 321 269 220 49 189 6223 6196 49 6147 6068 831 740 271 5237 3074 2333
is_linear=0
shrinkage=0.05


Tree=161
num_leaves=31
num_cat=0
split_feature=198 70 29 48 37 168 92 22 26 85 104 72 101 128 12 5 12 27 35 41 67 67 67 237 37 160 139 22 27 30
split_gain=1.78903 2.19414 3.87197 4.26636 4.08903 3.20828 2.54162 4.54404 4.36548 6.02156 3.49879 4.13877 5.57178 3.47713 3.30442 4.17019 3.59928 3.213 4.27745 3.16436 3.14211 3.31536 6.15901 3.36032 4.74757 3.01697 3.01465 4.40606 6.22783 3.86233
threshold=2.5000000000000004 17.10630504368066 17.105342622776906 11.466023355240745 4.1618060817365068 2.5000000000000004 32.444651850176101 2.5292754007674234 2.967880486106083 14.318304311985548 3.9081114181783829 10.24143753752284 14.444465860418243 5.6584345638751614 -0.39872856125344053 13.752049180327871 -0.50693949172345987 2.070725955372358 4.7403136599669091 -3.3949999999999991 66.991296177574185 48.060385093700944 52.951199607984798 1.0000000180025095e-35 1.5018730261808977 1.0000000180025095e-35 1.5000000000000002 2.2495654885647864 2.7269096431002717 12.719894811180945
decision_type=2 2 2 2 2 2 2 10 2 2 2 2 2 2 10 2 10 2 2 2 2 2 2 2 2 2 2 8 2 2
left_child=1 6 3 -3 -4 -6 20 8 9 10 11 14 -13 -10 15 16 -8 -16 -19 -15 21 23 -23 25 -25 26 -1 -28 29 -29
right_child=-2 2 4 -5 5 -7 7 -9 13 -11 -12 12 -14 19 17 -17 -18 18 -20 -21 -22 22 -24 24 -26 -27 27 28 -30 -31
leaf_value=-0.0002077353310911509 0.011988170515565624 -0.0057190427176502289 0.0165747644829339 -0.03110224270820618 -0.0093926128533770858 0.011421258609819537 0.01025556211359799 0.025685859894887971 -0.026051327426518712 0.024251366518437862 -0.015886663311781981 0.032071456220000981 0.0029902414238313214 -0.011880850752875691 0.022596733052283526 0.012140396827210983 -0.013218120914057233 0.0075541335209561265 -0.01397211456511788 0.01362866776995361 0.018711803660897371 -0.028373644141287641 0.0045027921275634852 0.0012471818815796608 -0.02743134365960874 0.015803437625678877 0.026765311222523454 0.026812586747109891 -0.021289839763194325 -0.00084006524411961436
leaf_weight=6956 31 49 29 25 81 24 20 22 21 35 24 28 40 31 25 30 89 113 29 20 22 29 28 31 27 30 25 23 20 28
leaf_count=6956 31 49 29 25 81 24 20 22 21 35 24 28 40 31 25 30 89 113 29 20 22 29 28 31 27 30 25 23 20 28
internal_value=7.58941e-12 -4.67228e-05 -0.00511448 -0.0142944 -4.49497e-05 -0.00463516 8.93596e-05 0.00344148 0.00247242 0.00436809 0.00261956 0.00380713 0.0149649 -0.00892793 0.00132763 -0.00436755 -0.00891102 0.00606793 0.00315793 -0.00187712 -0.000155351 -0.000213025 -0.0122238 -0.000117141 -0.0121032 -1.89777e-05 -8.6288e-05 0.00871358 0.00235734 0.0116307
internal_weight=7985 7954 208 74 134 105 7746 527 505 433 398 374 68 72 306 139 109 167 142 51 7219 7197 57 7140 58 7082 7052 96 71 51
internal_count=7985 7954 208 74 134 105 7746 527 505 433 398 374 68 72 306 139 109 167 142 51 7219 7197 57 7140 58 7082 7052 96 71 51
is_linear=0
shrinkage=0.05


Tree=162
num_leaves=31
num_cat=0
split_feature=99 99 345 103 3 45 6 22 122 60 60 130 44 59 76 89 89 75 51 19 13 39 103 363 55 68 87 92 94 24
split_gain=1.79143 6.63928 7.20127 5.93865 6.67497 4.0764 3.89035 3.5729 3.09396 2.98277 3.7042 2.99085 5.43621 3.97933 5.30864 3.3489 7.35421 5.48816 7.77581 6.88529 6.73293 6.56548 6.06296 8.04634 5.19486 5.13993 5.34838 5.17035 5.13051 4.96694
threshold=-0.54808641975308547 -0.6932000346434869 1.0000000180025095e-35 2.8108626786730153 -1.2147569444444446 3.6734436644621087 306.16750000000002 2.5572903683733625 1.0000000180025095e-35 52.830651314809039 47.329374071965496 -13.786900000000003 102.69262469764733 52.925024268333978 23.88617457495145 24.305381835895151 24.168831531191852 46.368241304663151 3.8532689665767532 10.118723992610084 0.35130080461040231 3.6047172207038312 0.96416762349191731 1.0000000180025095e-35 15.715534455239903 23.767379216267965 11.928701689588626 36.35179159606232 5.1227505662243251 5.6916695709135894
decision_type=2 2 2 2 2 2 2 8 2 2 2 2 2 2 2 2 2 2 2 10 10 2 2 2 2 2 2 2 2 8
left_child=1 2 7 4 -4 -3 -5 8 -1 10 11 -2 13 15 -15 16 24 18 20 21 -17 -19 23 -22 -13 26 -24 -27 -20 -28
right_child=9 5 3 6 -6 -7 -8 -9 -10 -11 -12 12 -14 14 -16 17 -18 19 28 -21 22 -23 25 -25 -26 27 29 -29 -30 -31
leaf_value=-0.0098678355254232884 0.0190944285391015 0.0092165124094753994 -0.0044563265843316916 0.01137863004314048 -0.0453065840434283 0.036862930245697499 -0.0088528588615559255 -0.0059702188081036398 0.00850957103146943 0.015269036735257797 -0.021761876270174979 -0.00020583408455183673 -0.024537426703002144 -0.0333382667552325 0.0018076500813053412 0.011182181635485487 -0.025208504749462009 0.038690455459679168 -0.023395663468167186 -0.0044131911085504632 0.03508834007058155 0.010546104563573903 -0.0039630996571902782 -0.0010199013424830306 -0.011317349544935207 -0.011861990494371364 0.031552485087674789 0.0092957302169608229 0.0065682969411136579 0.0054024790912920329
leaf_weight=25 20 40 20 35 20 20 74 65 273 31 20 6212 23 21 22 174 30 30 50 45 27 67 152 36 107 165 22 35 20 104
leaf_count=25 20 40 20 35 20 20 74 65 273 31 20 6212 23 21 22 174 30 30 50 45 27 67 152 36 107 165 22 35 20 104
internal_value=8.90063e-13 0.00269607 0.000852022 -0.00840347 -0.0248815 0.018432 -0.00235651 0.00465111 0.00696784 -0.000208034 -0.000273028 -0.00021465 -0.000267249 -0.00019098 -0.0153566 -0.000101354 -0.000511238 0.00270594 0.00106967 0.0117515 0.00262673 0.0192505 -0.000124931 0.0144551 -0.000393986 -0.00204656 0.00235116 -0.00815939 -0.0148345 0.00996835
internal_weight=7985 572 512 149 40 60 109 363 298 7413 7382 7362 7342 7319 43 7276 6349 927 785 142 715 97 541 63 6319 478 278 200 70 126
internal_count=7985 572 512 149 40 60 109 363 298 7413 7382 7362 7342 7319 43 7276 6349 927 785 142 715 97 541 63 6319 478 278 200 70 126
is_linear=0
shrinkage=0.05


Tree=163
num_leaves=31
num_cat=0
split_feature=158 59 76 41 59 23 27 3 235 12 81 222 128 30 83 138 18 44 59 114 49 38 3 26 5 28 94 76 12 68
split_gain=1.74744 1.79732 2.72531 2.31229 2.324 6.54415 3.45644 2.99573 2.81089 3.33618 2.56087 2.48483 2.07999 5.16536 2.84295 2.44967 4.89579 5.54827 3.96204 3.6658 4.38626 3.37421 3.20673 2.58232 8.25439 12.8159 4.89016 5.77412 4.66258 3.6187
threshold=6.5000000000000009 52.925024268333978 33.15934715683472 3.2583766233766238 39.2930646747891 -2.2463668656121687 2.5599987537173298e-06 -0.48514856952244206 1.0000000180025095e-35 -0.7575792397932658 33.41114218500708 1.0000000180025095e-35 0.65675145276162017 1.061196498345389 16.840000000000003 1.0000000180025095e-35 16.505525722156168 4.3748292755964551 11.178151076085152 1.5000000000000002 9.1700521002941127 2.8475300897424094 -0.45721546435518229 1.5887933226100281 7.9545454545454559 141.8021746182061 20.707220059989019 29.48867371838163 -0.26743374659342428 1.0000000180025095e-35
decision_type=2 2 2 2 2 10 2 2 2 8 2 2 2 2 2 2 8 2 2 2 2 2 2 2 2 2 2 2 10 2
left_child=1 3 -3 4 8 6 -6 -8 10 -10 11 12 14 -14 -1 19 17 22 -18 23 -21 -22 -17 26 25 29 27 28 -15 -25
right_child=-2 2 -4 -5 5 -7 7 -9 9 -11 -12 -13 13 15 -16 16 18 -19 -20 20 21 -23 -24 24 -26 -27 -28 -29 -30 -31
leaf_value=0.00045006331573757866 0.014760839883238078 -0.017457921183002847 0.0056792304851114757 0.017005142094567421 0.017742617577314376 0.030327041633427143 0.0029508802438935927 -0.021869615307077768 -0.026448452777483245 0.0017673733085393905 -0.015136142600593823 -0.015725446626543998 -0.020377733900902736 0.0048395749197351103 0.022666447347728536 -0.018749643768056889 0.011001199565177399 -0.031418853182029645 -0.0069517642156764247 0.014736186502070384 0.010858988539514352 -0.0098190942027050615 0.00049056860965691397 0.0037491593099687071 -6.442883239112631e-05 -0.050751234670169655 0.013447269639792911 -0.022289468344300987 -0.0041700504538454758 -0.020923398281245131
leaf_weight=36 20 35 20 20 20 24 31 20 22 20 28 25 31 485 24 33 63 28 60 94 34 47 63 42 6294 20 94 25 204 23
leaf_count=36 20 35 20 20 20 24 31 20 22 20 28 25 31 485 24 33 63 28 60 94 34 47 63 42 6294 20 94 25 204 23
internal_value=2.64623e-12 -3.70643e-05 -0.00904441 2.55658e-05 -1.74749e-05 0.00775565 0.000125878 -0.00678265 -0.000112208 -0.0130123 -4.23249e-05 1.23841e-05 6.3481e-05 -9.34472e-06 0.00933662 7.36386e-05 -0.00482425 -0.0118352 0.00224366 0.000237966 0.00738806 -0.00113941 -0.00612325 6.38649e-05 -0.000273446 -0.0157506 0.00272687 0.0013155 0.00217199 -0.00498113
internal_weight=7985 7965 55 7910 7890 95 71 51 7795 42 7753 7725 7700 7640 60 7609 247 124 123 7362 175 81 96 7187 6379 85 808 714 689 65
internal_count=7985 7965 55 7910 7890 95 71 51 7795 42 7753 7725 7700 7640 60 7609 247 124 123 7362 175 81 96 7187 6379 85 808 714 689 65
is_linear=0
shrinkage=0.05


Tree=164
num_leaves=31
num_cat=0
split_feature=102 21 57 22 57 62 40 89 35 131 122 70 215 18 66 18 78 30 16 35 90 59 99 18 28 367 131 8 83 77
split_gain=1.76342 3.87381 3.65611 6.85221 2.16969 3.06881 6.07315 4.14953 2.66148 6.071 7.88574 6.00295 5.99058 12.0981 5.84373 5.75525 5.05473 5.30248 5.85835 5.4182 8.60803 6.65617 4.79655 4.40094 3.98842 3.95046 3.77373 4.3637 5.11114 5.38171
threshold=34.868031564779393 -2.057357839928446 123.00144198912346 2.2989489653571771 95.398621960453411 52.571706655377611 3.5751032579716369 12.774312695953794 7.3706787267173981 108.92445000000002 16.500000000000004 8.2098681533182916 7.5000000000000009 16.532474137067364 65.651565512758552 16.567940762489378 59.29614133662794 15.245560151562904 1.6885775862068968 6.0087847206914118 49.820710026842214 11.985608924800919 0.90014930818006256 16.36811491465718 253.79101943130249 1.0000000180025095e-35 100.67500000000008 468.7847711 197.32500000000002 37.533905513208836
decision_type=2 8 2 8 2 2 2 2 2 2 2 2 2 8 2 10 2 2 2 2 2 2 2 8 2 2 2 2 2 2
left_child=2 -2 4 -4 8 6 7 -6 9 10 12 15 14 -14 16 -11 17 19 -19 20 26 25 23 -18 -15 -21 27 28 29 -1
right_child=1 -3 3 -5 5 -7 -8 -9 -10 11 -12 -13 13 24 -16 -17 22 18 -20 21 -22 -23 -24 -25 -26 -27 -28 -29 -30 -31
leaf_value=1.6192217327514166e-05 0.0025851701763836116 -0.021821664851801148 0.027324145851713239 -0.0087003760949962532 -0.014294121396683512 0.0090888682914816825 -0.025292495776721342 0.016778847340240398 0.0032456953500513922 -0.020283796827175789 0.029230012918781974 -0.02865369623260839 0.0031443748535272087 -0.048245699668214438 0.011455371391514804 0.0054749509564747945 -0.018938312323197076 0.023994441473041663 -0.0019144250347744676 -0.030468099862337113 0.032868933053687217 -0.00083008647510191295 -0.032310460645543493 0.013131627822294831 -0.017046930491924288 -0.0083822432800377839 0.01833116293751768 -0.017186179908143508 0.017631468138793804 -0.022354520121546189
leaf_weight=6281 37 29 33 22 21 23 41 22 610 35 23 35 53 21 111 57 23 48 40 40 20 123 23 20 20 41 28 37 41 27
leaf_count=6281 37 29 33 22 21 23 41 22 610 35 23 35 53 21 111 57 23 48 40 40 20 123 23 20 20 41 28 37 41 27
internal_value=-1.45271e-11 -0.00813905 6.78339e-05 0.0129143 -2.20132e-05 -0.00709337 -0.0115242 0.00160368 7.5529e-05 -0.000195046 9.60752e-07 -0.0110294 -9.51187e-05 -0.0126324 7.56049e-05 -0.00432457 -0.000110372 2.47463e-05 0.0122177 -0.000136896 0.000117467 -0.0081593 -0.0138801 -0.00402206 -0.0330268 -0.0192888 1.53423e-05 -6.49651e-05 3.4812e-05 -7.95607e-05
internal_weight=7985 66 7919 55 7864 107 84 43 7757 7147 7020 127 6997 94 6903 92 6792 6726 88 6638 6434 204 66 43 41 81 6414 6386 6349 6308
internal_count=7985 66 7919 55 7864 107 84 43 7757 7147 7020 127 6997 94 6903 92 6792 6726 88 6638 6434 204 66 43 41 81 6414 6386 6349 6308
is_linear=0
shrinkage=0.05


Tree=165
num_leaves=31
num_cat=0
split_feature=264 107 130 130 23 44 368 99 45 98 62 97 24 24 41 99 128 18 59 102 24 107 59 16 9 44 61 104 89 116
split_gain=1.72678 4.96214 4.43369 4.4578 5.166 3.43715 2.61532 2.42881 7.29451 5.47562 5.11683 5.31069 9.01322 4.7602 4.81634 4.65165 4.56343 4.71529 4.39756 7.72686 7.58082 5.98536 5.83663 5.72907 6.60278 8.24761 6.33313 5.59662 5.38744 5.35551
threshold=1.0000000180025095e-35 2.5000000000000004 1.0000000180025095e-35 4.2381600000000033 -2.2906592947193958 6.1719026385708355 1.0000000180025095e-35 2.1446210661465903 9.3950000000000031 2.6606619642848521 11.757217591853953 11.812368787792897 5.9893344770325987 5.6169626203290326 -1.3487662337662334 10.990700831111253 1.8431244988648781 16.139654923085946 11.841430170415544 2.4419675925925932 7.8585710970654139 2.5000000000000004 11.83234290295173 1.2880184331797238 8.5000000000000018 4.4235914928687539 8.8075659847281695 -1.0000000180025095e-35 42.860199343272448 1.0000000180025095e-35
decision_type=2 2 2 2 10 2 2 2 2 2 2 2 10 8 2 2 2 8 2 2 10 2 2 2 2 2 2 2 2 2
left_child=7 2 -2 4 6 -3 -4 18 10 -10 11 15 -13 -12 16 -9 -15 -18 19 -1 23 29 28 24 -20 26 -26 -25 -21 -22
right_child=1 5 3 -5 -6 -7 -8 8 9 -11 13 12 -14 14 -16 -17 17 -19 20 22 21 -23 -24 27 25 -27 -28 -29 -30 -31
leaf_value=0.00096839373445992648 0.011374328442415673 -0.0013159620704957182 -0.039954506455078011 0.009508406508851935 -0.0075727270222979053 0.022283749529419264 -0.015549170065914159 -0.0024035409318681495 0.028066776644047955 0.0041250153879026094 -0.028068351254544478 0.016334966108546529 -0.017689203191548587 -0.019910621719763561 -0.010630323139958696 0.01813990842101389 0.013771895326826038 -0.0024638674951518169 0.026652457937598229 -0.0041366802796774915 -0.012552373415515336 0.012833683794507614 -0.023538218551894297 0.022569812576208884 0.0039148016227409247 0.00078932115308322595 -0.03069172966747712 0.0051197115727429562 0.013028837233287051 0.0055774616653029366
leaf_weight=2966 29 36 21 27 141 27 23 553 31 104 22 103 24 34 231 29 49 512 22 958 176 39 37 48 20 508 39 1075 48 53
leaf_count=2966 29 36 21 27 141 27 23 553 31 104 22 103 24 34 231 29 49 512 22 958 176 39 37 48 20 508 39 1075 48 53
internal_value=1.63462e-11 -0.00369592 -0.00696202 -0.0094703 -0.0122402 0.0087982 -0.0271972 0.000146278 -0.00152649 0.00962275 -0.00249318 0.000641551 0.0099052 -0.00511409 -0.00450272 -0.0013799 -0.00212376 -0.00104577 0.000618864 -0.000333304 0.00254676 -0.00527276 -0.00403497 0.00377085 -0.000223009 -0.0012658 -0.0189607 0.00586558 -0.00331765 -0.00835639
internal_weight=7985 304 241 212 185 63 44 7681 1692 135 1557 709 127 848 826 582 595 561 5989 4009 1980 268 1043 1712 589 567 59 1123 1006 229
internal_count=7985 304 241 212 185 63 44 7681 1692 135 1557 709 127 848 826 582 595 561 5989 4009 1980 268 1043 1712 589 567 59 1123 1006 229
is_linear=0
shrinkage=0.05


Tree=166
num_leaves=31
num_cat=0
split_feature=97 44 373 62 131 31 75 87 76 24 75 61 52 325 90 66 35 98 118 48 27 368 29 92 103 84 61 61 87 46
split_gain=1.71859 4.2098 6.07584 4.62825 4.53098 4.52333 7.06095 6.39398 4.69446 7.55822 5.67253 4.76437 9.79269 4.00351 4.94469 3.90763 5.24547 5.16114 5.27485 5.12737 4.37041 3.94291 3.81614 3.58409 4.91188 4.41239 4.34712 6.61832 6.91769 4.66726
threshold=0.19168249244142146 8.1126446805365582 1.0000000180025095e-35 63.964796348710841 101.84465000000004 5.5996045450311183 5.2248398965932816 6.1175004170909162 16.646616270670375 4.5692260745322661 23.789242947107883 48.643863301001794 51.375010067741201 1.0000000180025095e-35 11.098653420575211 65.241680106787399 5.8357016819336467 9.3116500063638874 3.5000000000000004 15.040755137887656 2.4476532863739791 1.0000000180025095e-35 14.889981912617827 31.699532460256439 2.7018551587301594 30.858942944202905 29.43345741977717 20.655892228435629 22.264000109814898 51.754333588185496
decision_type=2 2 2 2 2 2 2 2 2 8 2 2 2 2 2 2 2 2 2 2 2 2 2 2 2 2 2 2 2 2
left_child=1 4 3 5 15 6 -3 13 9 -9 -11 -10 -13 14 -7 16 17 19 -19 23 21 -20 -18 25 -25 26 27 -1 -29 -28
right_child=-2 2 -4 -5 -6 7 -8 8 11 10 -12 12 -14 -15 -16 -17 22 18 20 -21 -22 -23 -24 24 -26 -27 29 28 -30 -31
leaf_value=-0.00039323861069672796 -0.00051844198501859069 0.0069792707416194465 0.025708657267558221 -0.01973372654989362 -0.021042189355939628 0.00043131633262549133 -0.032217811066657304 0.0018527165110395856 -0.0077660416261866125 0.019858630421834115 0.051166821246885735 0.041684805843979128 -0.0072016218588465747 -0.0042567616743869633 0.031596642944496121 0.018924018231752729 -0.027098417105929307 0.0093893772688563443 -0.0077646134421229364 -0.022642005086751085 -0.014861438186441471 0.023255681251175706 -0.0014325320363111262 0.0032783427804305744 0.031205501509830359 -0.021255340713721056 0.028851588886231183 -0.0042523983555535477 -0.038826445441531104 0.0025625382191859763
leaf_weight=1436 5325 27 34 20 25 35 20 33 39 39 23 20 21 134 20 28 30 274 21 26 48 20 28 74 20 26 25 39 23 52
leaf_count=1436 5325 27 34 20 25 35 20 33 39 39 23 20 21 134 20 28 30 274 21 26 48 20 28 74 20 26 25 39 23 52
internal_value=-1.35622e-11 0.00103786 0.00535952 0.00375425 0.000122336 0.00489722 -0.00970034 0.00678207 0.0136689 0.0211838 0.031473 0.00474483 0.0166454 0.000405412 0.0117642 0.000366167 0.00012358 0.000536359 0.00595426 -0.000606406 -0.00462126 0.00736724 -0.014708 -0.000268397 0.00922029 -0.000825509 -0.000488254 -0.00108381 -0.0170783 0.0110979
internal_weight=7985 2660 465 431 2195 411 47 364 175 95 62 80 41 189 55 2170 2142 2084 363 1721 89 41 58 1695 94 1601 1575 1498 62 77
internal_count=7985 2660 465 431 2195 411 47 364 175 95 62 80 41 189 55 2170 2142 2084 363 1721 89 41 58 1695 94 1601 1575 1498 62 77
is_linear=0
shrinkage=0.05


Tree=167
num_leaves=31
num_cat=0
split_feature=78 78 122 57 45 215 17 17 58 119 24 62 15 7 93 22 20 5 36 20 7 100 45 332 58 21 75 37 58 4
split_gain=1.662 1.89605 4.1524 4.73849 5.88844 1.95951 7.51615 7.36165 6.53686 8.87219 6.53459 5.87273 7.98536 4.64247 4.04672 9.11609 3.73193 7.54485 6.63689 3.71347 5.09727 3.6828 3.32937 3.1372 5.15075 5.09766 5.87998 5.15195 4.59842 4.48451
threshold=231.29803944763668 196.84089065277263 27.500000000000004 123.00144198912346 19.664263873242113 1.0000000180025095e-35 0.95119047619047625 1.0100000000000002 19.324432260271315 2.5000000000000004 5.863932072922359 17.540462538218893 0.77003205128205143 277.62950000000006 11.622627437233033 2.2156913241980845 2.00979652638576 11.16954022988506 4.829511132793896 1.9708144334070208 168.10900000000001 -0.075466177983538593 5.9600000000000009 1.0000000180025095e-35 18.912836833499767 -2.3329761765069237 43.74844322643083 4.112915239330289 5.9798734376546774 0.31387540488556037
decision_type=2 2 2 2 2 2 2 2 2 2 8 2 2 2 2 10 8 2 2 8 2 2 2 2 2 8 2 2 2 2
left_child=1 2 3 5 -5 23 -7 -8 9 14 -10 12 -12 -14 19 16 21 -18 -19 20 -9 -16 -13 24 25 26 -1 28 -27 -30
right_child=-2 -3 -4 4 -6 6 7 8 10 -11 11 22 13 -15 15 -17 17 18 -20 -21 -22 -23 -24 -25 -26 27 -28 -29 29 -31
leaf_value=-0.023713085203516213 -0.010718957975041122 0.01379660528153181 -0.019215642868740751 -0.0014648411600362687 0.03644374498166144 0.021351813462873303 -0.03293538209050894 0.0012742068769875914 0.010509146896656604 -0.03477160158380866 -0.03218819611539666 -0.003831925298575135 -0.0091102964266957277 0.018539919257164 0.013376595862209798 0.018300046230225627 -0.037503379055609305 -0.025390970578882843 0.0063346253406694718 -0.005400168683164481 0.026516211196780205 -0.0098552906512411262 0.015352498310409031 0.0025488760932110017 -0.0020116704331950611 -0.00093515801019944552 0.00026758456694298102 0.024494345486164096 -0.0088071361112479988 0.0034532726529765004
leaf_weight=44 36 25 28 21 20 33 20 100 160 25 31 42 63 20 20 28 36 32 34 147 25 116 49 1250 2342 1372 61 24 78 1703
leaf_count=44 36 25 28 21 20 33 20 100 160 25 31 42 63 20 20 28 36 32 34 147 25 116 49 1250 2342 1372 61 24 78 1703
internal_value=5.08265e-12 4.85448e-05 5.17004e-06 7.3329e-05 0.0170272 -1.51633e-05 -0.00210562 -0.00292217 -0.00227534 -0.00565422 0.00293647 -0.00297392 -0.010535 -0.00244759 -0.00430118 -0.00868623 -0.0118611 -0.0190907 -0.00904748 -1.28633e-05 0.00632261 -0.00643884 0.00649815 0.000283169 -0.000220411 0.00105781 -0.00978146 0.00141605 0.00124038 0.00291632
internal_weight=7985 7949 7924 7896 41 7855 981 948 928 563 365 205 114 83 538 266 238 102 66 272 125 136 91 6874 5624 3282 105 3177 3153 1781
internal_count=7985 7949 7924 7896 41 7855 981 948 928 563 365 205 114 83 538 266 238 102 66 272 125 136 91 6874 5624 3282 105 3177 3153 1781
is_linear=0
shrinkage=0.05


Tree=168
num_leaves=31
num_cat=0
split_feature=48 119 2 130 44 43 222 128 128 16 235 64 269 101 3 87 25 6 19 10 9 131 44 224 178 60 84 3 88 72
split_gain=1.62717 3.1062 3.38293 2.87499 5.11487 3.04997 4.33864 3.71881 3.96968 4.70974 3.73456 3.21893 2.80689 2.64441 3.28915 6.08441 13.3856 6.40106 3.35776 2.98761 5.42209 6.65668 3.84892 3.04768 2.7555 3.25713 6.58153 6.50147 5.4422 4.40111
threshold=60.563584722840467 7.5000000000000009 0.052470752476840306 -13.786900000000003 102.69262469764733 85.044772744595306 1.0000000180025095e-35 139.65495466110892 48.683834986926065 0.66458333333333341 1.0000000180025095e-35 24.444740795638094 1.0000000180025095e-35 -1.563127507568518 -5.0615492130711308 37.546417751108521 0.2959960618428798 451.58600000000041 10.142828831857591 1.5000000000000002 8.5000000000000018 2.1417500000000005 0.87743706947326683 1.0000000180025095e-35 1.0000000180025095e-35 31.933570594744836 37.293867657731276 -0.8287037037037035 33.263980617630672 21.969623874824041
decision_type=2 2 2 2 2 2 2 2 2 2 2 2 2 2 2 2 8 2 10 2 2 2 2 2 2 2 2 2 2 2
left_child=1 3 -3 -1 5 6 7 8 10 -10 11 13 -13 -5 15 16 18 -17 -15 20 22 -22 -16 24 25 29 27 -27 -29 -23
right_child=-2 2 -4 4 -6 -7 -8 -9 9 -11 -12 12 -14 14 19 17 -18 -19 -20 -21 21 23 -24 -25 -26 26 -28 28 -30 -31
leaf_value=0.017616658357640161 -0.012999499282644442 -0.001517196394325722 0.025962203182280066 -0.014698852033664785 -0.024161905143409969 0.019481280110776426 -0.020460165026955881 -0.016263002034808908 -0.0031972926237027752 0.027717279948826348 -0.01971190170540164 -0.026697556894006477 -0.00052474671509116888 0.015663566942448203 0.033686136081814769 -0.026413739528506997 0.047608407229185107 0.0059926411951892085 -0.011353999335804712 -0.017586990872708461 -0.028134466707706453 0.00017265901068043459 0.0045107530609059801 -0.017732517421245576 -0.0083464059580460586 0.023702995316125453 -0.012391816146480732 -0.0023291653057600815 0.022846140719151923 -0.011549673363261707
leaf_weight=23 24 21 24 30 22 20 26 35 22 28 24 21 20 23 20 20 25 64 23 24 21 6980 26 24 95 60 39 92 28 81
leaf_count=23 24 21 24 30 22 20 26 35 22 28 24 21 20 23 20 20 25 64 23 24 21 6980 26 24 95 60 39 92 28 81
internal_value=-1.51898e-13 3.91895e-05 0.0131385 -3.52759e-05 -8.67132e-05 -1.94213e-05 -6.90983e-05 -1.34522e-06 7.17174e-05 0.0141149 -1.90006e-05 4.22526e-05 -0.0139303 0.000116894 0.000175033 0.00738442 0.0181596 -0.00172316 0.00215478 2.58405e-05 8.24583e-05 -2.36346e-05 0.0171957 5.61502e-05 0.000114039 0.000224443 0.00622972 0.0102644 0.00354507 3.81867e-05
internal_weight=7985 7961 45 7916 7893 7871 7851 7825 7790 50 7740 7716 41 7675 7645 155 71 84 46 7490 7466 7420 46 7399 7375 7280 219 180 120 7061
internal_count=7985 7961 45 7916 7893 7871 7851 7825 7790 50 7740 7716 41 7675 7645 155 71 84 46 7490 7466 7420 46 7399 7375 7280 219 180 120 7061
is_linear=0
shrinkage=0.05


Tree=169
num_leaves=31
num_cat=0
split_feature=18 92 83 12 102 26 66 0 14 66 105 39 345 43 75 84 2 94 28 14 37 131 24 92 7 87 58 24 2 226
split_gain=1.62276 4.56122 4.25742 4.58853 4.51301 4.3118 4.06953 3.85385 3.8284 4.78943 4.96753 3.56931 7.44082 3.50268 3.2277 5.23266 5.21685 8.4765 6.43059 5.47948 4.91425 8.27442 10.0864 7.64793 4.58179 4.54877 4.4938 4.75375 5.20775 4.57511
threshold=16.13849123655616 38.082333853023208 9.4750000000000032 -0.36720018095150697 1.6278423472012264 2.4461661825249399 5.882315005936932 8.0693055555555571 0.048232854791963022 77.142889645905612 0.46547619047619054 1.3231092710916716 1.0000000180025095e-35 7.9610150280149954 12.578498813431359 28.890494842914446 1.0668752362055935 6.0257326055706644 148.4492377886929 0.23948169992930804 2.4755928154379245 84.557200000000037 5.9987965109569936 6.8564066497923983 50.023500000000006 10.803072235977304 34.184375154004634 6.3563767617037792 1.306312122071051 1.0000000180025095e-35
decision_type=8 2 2 10 2 2 2 2 10 2 2 2 2 2 2 2 2 2 2 10 2 2 8 2 2 2 2 8 2 2
left_child=1 2 8 4 -4 7 -3 11 9 10 -1 12 -5 -12 15 20 -16 19 -19 -18 24 22 25 -24 -2 -22 27 28 -26 -29
right_child=14 6 3 5 -6 -7 -8 -9 -10 -11 13 -13 -14 -15 16 -17 17 18 -20 -21 21 -23 23 -25 26 -27 -28 29 -30 -31
leaf_value=0.0035929344454401638 -0.020085471073679372 0.0030517267063260079 0.00085407976633481071 0.016529266772131644 -0.027415672695497051 -0.011436357622345289 0.034566165097057823 0.0032995465789655491 -0.018680743125474287 0.022227492500096563 -0.0048675615897032197 0.028450847903321332 -0.014162353670224549 -0.024106755991067208 0.00026982183345357813 -0.025470803941235593 -0.019340400440761678 0.039435406343545767 0.0051973686553537851 0.015470642168074847 -0.010392632056924837 0.0014862397398725834 -0.052565821508566535 -0.017506845661749443 -0.0011387346334934944 0.0069298300514313979 -0.0091350388255082137 0.0045667626165683322 -0.026308241424461205 -0.012419370562946869
leaf_weight=123 29 21 48 94 20 30 20 175 36 20 73 34 25 35 4747 23 26 32 24 20 133 205 21 60 962 53 127 706 21 42
leaf_count=123 29 21 48 94 20 30 20 175 36 20 73 34 25 35 4747 23 26 32 24 20 133 205 21 60 962 53 127 706 21 42
internal_value=1.08377e-11 0.00220736 0.00127481 0.00444609 -0.00746055 0.00670768 0.0184246 0.0083672 -0.00343238 -0.00124537 -0.00327765 0.0141635 0.0100814 -0.0111025 -0.000230168 -0.00173737 0.000510224 0.0116984 0.024762 -0.00420516 -0.00150598 -0.00606897 -0.0118698 -0.0265962 -0.000364623 -0.00545666 -5.68164e-05 0.000609235 -0.00167644 0.003613
internal_weight=7985 754 713 426 68 358 41 328 287 251 231 153 119 108 7231 2382 4849 102 56 46 2359 472 267 81 1887 186 1858 1731 983 748
internal_count=7985 754 713 426 68 358 41 328 287 251 231 153 119 108 7231 2382 4849 102 56 46 2359 472 267 81 1887 186 1858 1731 983 748
is_linear=0
shrinkage=0.05


Tree=170
num_leaves=31
num_cat=0
split_feature=101 79 16 47 27 0 41 101 52 48 57 15 55 4 106 60 35 9 23 162 122 131 25 162 13 102 35 19 58 87
split_gain=1.66777 2.45425 4.44382 5.57462 5.99233 5.13896 4.29213 6.64146 5.90559 5.08918 3.97096 3.00944 3.08147 2.96224 3.6677 4.86466 4.57421 4.107 3.52009 2.79513 2.72823 8.08346 7.46898 4.1185 3.08638 2.77865 2.67924 5.74044 2.77751 2.50589
threshold=33.18583703336126 58.326730017914578 1.462912087912088 5.0413301646241235 1.5678679082721314 11.514730757690335 -3.3949999999999991 6.4323732783019851 11.926953645051391 11.142060344245763 24.27029479303258 0.73993558776167478 5.0809497666331938 0.048455044417232356 32.500000000000007 45.142095992622878 10.34082624849726 179.00000000000003 -2.3299477717177464 2.5000000000000004 3.5000000000000004 102.68650000000005 0.099735799509131848 1.0000000180025095e-35 0.49170735963370799 0.54113960450435339 11.647658141927504 10.022223438271407 61.093671450514968 15.734316234630175
decision_type=2 2 2 2 2 2 2 2 2 2 2 2 2 2 2 2 2 2 8 2 2 2 10 2 10 2 2 8 2 2
left_child=1 6 11 -4 10 -6 7 8 -1 -9 -5 20 -13 -8 15 17 18 19 -16 -15 22 -22 -3 -24 -23 -26 -18 28 -28 -7
right_child=-2 2 3 4 5 29 13 9 -10 -11 -12 12 -14 14 16 -17 26 -19 -20 -21 21 24 23 -25 25 -27 27 -29 -30 -31
leaf_value=0.023079466731065798 -0.01139178360317601 0.036062229864976626 -0.02293824082861344 0.002311781829311734 0.027425503015518188 -0.010925701921115872 -0.014165633605994486 -0.0060112760545542607 -0.014418444645014548 -0.036475459768854343 -0.026921007107011976 0.019803840508966736 -0.0021862596096027466 5.3828478595506474e-05 0.0064487336909458534 -0.023627538860521533 -0.011597876449426017 -0.021649126615375283 0.030474132892365259 -0.014992993460187027 -0.026367922089993959 0.014328994802838446 -0.0020477250553290428 0.023639419972896578 0.0071726178302995713 -0.0097749939269345734 -0.015544450289124382 0.028951686080545186 0.0077223338700574025 0.008423887694185726
leaf_weight=21 32 22 30 21 25 27 37 26 21 29 26 66 21 7035 31 22 30 22 30 31 25 51 71 20 51 46 23 20 29 44
leaf_count=21 32 22 30 21 25 27 37 26 21 29 26 66 21 7035 31 22 30 22 30 31 25 51 71 20 51 46 23 20 29 44
internal_value=-1.24737e-12 4.58364e-05 0.00328094 -0.00334249 0.000768503 0.00793015 -0.000192636 -0.0106412 0.00433051 -0.0220742 -0.0138595 0.00635294 0.0144959 -5.39887e-05 1.78016e-05 -0.000152206 0.00743348 -7.93426e-05 0.0182645 -1.2185e-05 0.00387589 -7.0899e-05 0.00991831 0.0035978 0.00437117 -0.000864394 0.000956105 0.00618693 -0.00256874 0.00106559
internal_weight=7985 7953 546 173 143 96 7407 97 42 55 47 373 87 7310 7273 7110 163 7088 61 7066 286 173 113 91 148 97 102 72 52 71
internal_count=7985 7953 546 173 143 96 7407 97 42 55 47 373 87 7310 7273 7110 163 7088 61 7066 286 173 113 91 148 97 102 72 52 71
is_linear=0
shrinkage=0.05


Tree=171
num_leaves=31
num_cat=0
split_feature=138 4 4 18 18 59 14 255 67 49 25 162 23 57 225 205 51 100 369 25 95 48 85 84 38 92 75 56 15 17
split_gain=1.59999 3.78866 3.72677 3.43652 2.63023 3.64987 3.52075 2.5641 4.4322 4.46154 4.38685 3.49822 2.92786 2.66726 2.29817 3.22552 4.75556 3.10904 2.88536 4.28237 5.09487 5.0681 4.67902 4.67703 9.76181 6.33585 5.09239 4.2516 4.46849 4.82384
threshold=1.0000000180025095e-35 0.6490024919831473 0.59933454479021253 19.142215873518825 16.505525722156168 11.178151076085152 0.31356896762091108 1.0000000180025095e-35 26.073988458182225 5.8175418094404625 0.05999540492194997 1.0000000180025095e-35 -2.2224782221921995 11.705504793147133 1.0000000180025095e-35 1.0000000180025095e-35 5.5490960737176769 0.11537037037037041 1.0000000180025095e-35 -0.38363256129454659 58.272300430891939 17.234339277092065 30.835980042613006 10.843732499080771 1.7274807264455327 5.4029270837881507 46.75187164493569 11.520180723616827 0.71714285714285719 2.0506410256410259
decision_type=2 2 2 10 8 2 10 2 2 2 10 2 10 2 2 2 2 2 2 10 2 2 2 2 2 2 2 2 2 2
left_child=7 2 4 -3 6 -6 -2 14 9 10 -9 12 -12 -11 15 18 17 -17 -1 21 27 23 -23 24 -20 26 -25 28 -21 -30
right_child=1 3 -4 -5 5 -7 -8 8 -10 13 11 -13 -14 -15 -16 16 -18 -19 19 20 -22 22 -24 25 -26 -27 -28 -29 29 -31
leaf_value=-0.00088619095558562758 -0.0018632734088937883 -0.024888515669320311 0.019615535846068746 -0.0025692128959824059 0.015297626773214066 -0.0054441311280243104 -0.022521371723463138 0.030765205237950233 -0.017101448517115342 0.0069148659207661396 -0.014163111558272726 0.020905421871472808 0.0097191489724950363 -0.0075380168433686534 -0.012145372053894861 0.019660570020513499 -0.0051651114791942147 -0.0016054005321601162 -0.0028260166111350477 -0.0043946399345700209 0.026503518276980949 0.02138038056145888 -0.0012019715261829581 -0.0040803030528353918 -0.038950297651308578 0.014456638935080264 -0.029574751343740071 -0.010026730592220997 0.0077118315291313522 0.0016566036604235173
leaf_weight=4568 66 35 21 34 38 48 30 29 21 71 21 34 33 58 39 68 48 23 45 233 21 32 81 132 32 40 23 74 416 1571
leaf_count=4568 66 35 21 34 38 48 30 29 21 71 21 34 33 58 39 68 48 23 45 233 21 32 81 132 32 40 23 74 416 1571
internal_value=1.45607e-11 -0.00376894 -0.000328569 -0.0138906 -0.00262981 0.00372083 -0.00831893 0.000132912 0.0049472 0.0068294 0.0138998 0.00834194 0.000431603 0.000416671 -3.97195e-05 2.40203e-05 0.00756884 0.0142857 -0.000120274 0.00117554 0.0019876 -0.00370733 0.00519303 -0.0074049 -0.0178387 -0.00328489 -0.00786335 0.00176317 0.00215617 0.00292433
internal_weight=7985 272 203 69 182 86 96 7713 267 246 117 88 54 129 7446 7407 139 91 7268 2700 2315 385 113 272 77 195 155 2294 2220 1987
internal_count=7985 272 203 69 182 86 96 7713 267 246 117 88 54 129 7446 7407 139 91 7268 2700 2315 385 113 272 77 195 155 2294 2220 1987
is_linear=0
shrinkage=0.05


Tree=172
num_leaves=31
num_cat=0
split_feature=41 41 43 44 235 128 61 4 15 17 27 10 34 128 9 9 4 9 4 36 224 131 102 49 78 49 11 23 119 19
split_gain=1.56549 2.43626 2.62653 3.21746 3.02495 2.3256 4.31841 3.15022 2.58376 3.74263 7.07924 5.97336 4.72893 4.58323 3.51718 4.42946 13.1898 5.95807 4.1509 2.77122 2.64376 5.52233 2.8807 4.92071 5.12774 4.841 3.91714 3.57741 4.3442 4.94662
threshold=3.2583766233766238 2.491688311688312 149.65641697331017 55.871507825785116 1.0000000180025095e-35 48.683834986926065 54.393139732402695 0.33519178650479126 0.26376811594202904 0.7327380952380953 -3.7142856257780645e-08 1.5000000000000002 8.4082408191987081 35.1537784237373 8.5000000000000018 16.500000000000004 0.38725530540122272 18.500000000000004 0.36954946752772805 0.37272698373427832 1.0000000180025095e-35 11.757500000000002 -1.0000000180025095e-35 10.139430186389557 2.1399570970494333 11.635404587275492 0.30905788730788558 -2.1943081663991149 1.5000000000000002 10.200601777838175
decision_type=2 2 2 2 2 2 2 2 2 2 2 2 2 2 2 2 2 2 2 2 2 2 2 2 2 2 10 8 2 8
left_child=1 2 3 4 5 8 7 -7 -1 10 -10 13 -12 14 18 16 -16 -17 -11 -19 21 -21 23 24 -23 -25 -27 -26 -29 -30
right_child=-2 -3 -4 -5 -6 6 -8 -9 9 11 12 -13 -14 -15 15 17 -18 19 -20 20 -22 22 -24 25 27 26 -28 28 29 -31
leaf_value=-0.015433078857690651 0.013025801438514307 -0.016287118811970171 0.017668858135030382 -0.017268080346682972 -0.014860102619208835 0.032890155095429648 -0.0073402735074826822 0.0051628353749401876 0.035062736069614235 0.001563240271061659 -0.016950520003835359 -0.026059199891328308 0.014950474694174213 -0.019473215353985628 0.0036922192105498068 0.023574611884369344 -0.045457784288252395 -0.015381744375516629 0.030970211979001763 -0.02295917170122266 0.014675805435305642 -0.0044679442674598916 -0.00021073348103927523 -0.021476346272457807 0.0038058534675545876 -0.011356073443028259 0.0094012462451834901 0.0070509130872857539 0.038788066208196276 0.010767029593181279
leaf_weight=27 23 23 21 27 34 21 24 20 22 30 21 22 26 30 39 27 21 29 20 26 31 121 6651 36 330 41 51 127 28 36
leaf_count=27 23 23 21 27 34 21 24 20 22 30 21 22 26 30 39 27 21 29 20 26 31 121 6651 36 330 41 51 127 28 36
internal_value=3.09691e-12 -3.76279e-05 9.44833e-06 -3.73877e-05 2.15692e-05 8.59674e-05 0.00950436 0.0193646 7.40023e-06 6.10889e-05 0.0116541 -4.28503e-05 0.000696839 3.1734e-05 0.000108284 2.12565e-05 -0.0135103 0.00012902 0.013326 4.46948e-05 0.000104519 4.38626e-05 0.000124455 0.0030197 0.00480445 -0.00593191 0.000150702 0.00695792 0.0124039 0.0230262
internal_weight=7985 7962 7939 7918 7891 7857 65 41 7792 7765 69 7696 47 7674 7644 7594 60 7534 50 7507 7478 7447 7421 770 642 128 92 521 191 64
internal_count=7985 7962 7939 7918 7891 7857 65 41 7792 7765 69 7696 47 7674 7644 7594 60 7534 50 7507 7478 7447 7421 770 642 128 92 521 191 64
is_linear=0
shrinkage=0.05


Tree=173
num_leaves=31
num_cat=0
split_feature=97 44 49 60 8 41 15 52 128 21 52 36 83 103 76 131 5 23 75 75 17 41 107 128 44 84 98 45 66 65
split_gain=1.62676 3.66651 5.52038 4.06273 4.58966 5.89536 5.73286 6.43496 14.6632 10.089 4.83204 4.64268 4.07901 5.66683 7.10497 4.02553 3.96315 3.86742 3.65434 5.87464 3.53971 7.29786 6.47517 7.49698 10.88 4.90445 5.95255 3.74664 3.48481 5.11617
threshold=0.19168249244142146 8.1126446805365582 5.1547731493567506 4.8863153346095389 468.7847711 1.4184415584415586 0.48435972629521024 17.352571478463261 139.65495466110892 -1.9490528855616007 58.876757662292611 13.246655680505834 56.89500000000001 3.6800811868527039 16.646616270670375 101.84465000000004 12.301515151515153 -1.9704235481746009 61.341928942685236 50.156689868303907 1.1277173913043479 0.83500000000000008 1.0000000180025095e-35 3.3150231145400242 5.4821331682948786 24.188174280403306 4.2447831632653079 2.4991730469862321 65.241680106787399 16.696051933568992
decision_type=2 2 2 2 2 2 2 2 2 8 2 2 2 2 2 2 2 10 2 2 2 2 2 2 2 2 2 2 2 2
left_child=1 15 3 4 5 6 17 9 -9 -8 -7 -6 13 -5 -15 18 -14 -3 19 20 21 22 23 27 -25 28 -27 -1 29 -22
right_child=-2 2 -4 12 11 10 7 8 -10 -11 -12 -13 16 14 -16 -17 -18 -19 -20 -21 25 -23 -24 24 -26 26 -28 -29 -30 -31
leaf_value=-0.014393850552539032 -0.00050440102314946523 0.029931179210543637 0.025082895312516486 -0.013105588070774341 -0.033097902610898018 0.036588298687711358 -0.010086665240426859 0.007673875914479141 -0.051479987076229673 0.028862103398727336 0.0044100776713873659 0.00097071862546727061 0.010505059699394874 0.022121652489189399 -0.0064502612066765627 -0.019793805226683617 0.038406239869073037 -0.0011631150636821986 0.020659680529074236 -0.026138343803939368 0.0017337596773972942 0.0081299348064509305 0.008759149129036815 -0.060357354274019608 -0.0099330359017071532 -0.034581314417577926 0.00037275880438693125 0.008981042634695768 0.020102966831997041 -0.015155476333735429
leaf_weight=60 5325 20 32 34 20 20 60 20 22 23 28 20 35 55 36 25 20 20 22 21 1778 69 32 20 23 21 29 24 25 46
leaf_count=60 5325 20 32 34 20 20 60 20 22 23 28 20 35 55 36 25 20 20 22 21 1778 69 32 20 23 21 29 24 25 46
internal_value=-7.77316e-12 0.00100975 0.00504292 0.00356191 -0.000523273 0.0023951 -0.00209147 -0.00736363 -0.0233115 0.000706367 0.0178177 -0.0160636 0.00930385 0.00431113 0.0108185 0.000155343 0.0206509 0.014384 0.000385172 0.000177518 0.000437336 -0.00544927 -0.0113421 -0.016407 -0.0333862 0.0011441 -0.014308 -0.00771531 0.00156195 0.00130782
internal_weight=7985 2660 465 433 253 213 165 125 42 83 48 40 180 125 91 2195 55 40 2170 2148 2127 228 159 127 43 1899 50 84 1849 1824
internal_count=7985 2660 465 433 253 213 165 125 42 83 48 40 180 125 91 2195 55 40 2170 2148 2127 228 159 127 43 1899 50 84 1849 1824
is_linear=0
shrinkage=0.05


Tree=174
num_leaves=31
num_cat=0
split_feature=67 21 62 67 93 93 96 143 101 180 328 24 19 103 2 5 37 39 101 130 21 40 40 67 100 75 100 64 19 366
split_gain=1.57139 4.21902 4.81323 4.69015 4.60036 5.39439 4.59119 4.43282 4.35096 5.38871 4.23475 4.06049 4.72818 7.46966 7.03645 6.87047 5.15253 4.91088 4.82877 5.97751 4.59743 5.64689 6.05108 4.32401 4.29883 4.02923 5.1202 4.16167 8.6355 6.17473
threshold=5.3234391255338798 -2.0792668200678484 33.645209077124129 12.499211888253035 20.493133939364967 19.029829231372819 18.196673415633157 1.0000000180025095e-35 -1.3738888888888889 1.5000000000000002 1.0000000180025095e-35 7.8585710970654139 10.022223438271407 5.1207087645567722 0.20501543209876585 13.432234432234434 4.7045372722366894 3.2325975659780801 8.6433216890756253 1.7785600000000004 -2.0995845362691168 4.0020940293331408 4.7189897597966217 26.441303697332881 -1.5612318909045093 22.425183645488836 1.2524333900226761 5.3712900005583588 10.101229571407567 1.0000000180025095e-35
decision_type=2 10 2 2 2 2 2 2 2 2 2 10 8 2 2 2 2 2 2 2 10 2 2 2 2 2 2 2 8 2
left_child=-1 6 3 -3 5 -5 8 -4 -2 11 -6 12 15 25 18 24 17 -17 19 -15 21 23 -23 -13 -10 -14 27 -27 29 -29
right_child=1 2 7 4 10 -7 -8 -9 9 -11 -12 20 13 14 -16 16 -18 -19 -20 -21 -22 22 -24 -25 -26 26 -28 28 -30 -31
leaf_value=0.00073516576013541357 0.024207807950442656 -0.0038838181857901604 -0.0064215528799275714 0.0021421930620365965 0.00012053899915405998 0.028030920170602349 -0.013133515746695763 -0.029769168890097404 0.010401037149131299 -0.023842273205942052 -0.029816774002254187 -0.006771799314029628 0.0081998312296551659 0.0092496568732455663 0.0027545124080910386 0.0051981366630841769 -0.0025068892154148691 0.028382277356174129 0.0022540735220536591 0.031126279494798695 0.013716015676295179 0.016361325368500098 -0.0045282885743430463 -0.024802987985312941 -0.010416007865341553 -0.0019543590066052096 -0.022847992945268441 0.0050960273378425174 0.00032600669306702911 0.037563462695106867
leaf_weight=3805 20 1055 68 481 27 21 59 29 28 22 21 197 181 53 158 188 255 26 40 76 36 52 104 40 217 483 24 27 160 32
leaf_count=3805 20 1055 68 481 27 21 59 29 28 22 21 197 181 53 158 188 255 26 40 76 36 52 104 40 217 483 24 27 160 32
internal_value=1.44202e-12 -0.000669212 -0.00258593 -0.00193226 0.00181118 0.00322519 0.000647275 -0.0134018 0.000983392 0.000789774 -0.012977 0.00101775 0.00198755 0.00386131 0.0103401 -0.00125086 0.0022941 0.0080149 0.0174319 0.0221382 -0.00338588 -0.00495246 0.00243492 -0.00981504 -0.00803692 0.00152552 -0.000138461 0.000637933 0.00635518 0.0227055
internal_weight=7985 4180 1702 1605 550 502 2478 97 2419 2399 48 2377 1948 1234 327 714 469 214 169 129 429 393 156 237 245 907 726 702 219 59
internal_count=7985 4180 1702 1605 550 502 2478 97 2419 2399 48 2377 1948 1234 327 714 469 214 169 129 429 393 156 237 245 907 726 702 219 59
is_linear=0
shrinkage=0.05


Tree=175
num_leaves=31
num_cat=0
split_feature=21 23 16 66 5 8 224 75 11 130 13 6 10 4 98 19 78 23 27 0 85 95 48 21 63 5 128 84 102 49
split_gain=1.51321 4.36788 4.10976 2.37976 5.77993 4.8066 4.98076 6.00182 9.00271 5.92106 5.4857 15.5648 5.2788 4.7642 4.78709 4.67354 5.78868 6.96753 4.28499 4.05849 8.32874 5.49362 4.26006 4.02678 3.9349 3.74215 3.73593 3.70366 3.56808 6.15464
threshold=-1.6951168286947016 -1.8914661438304401 1.1961538461538463 5.2479573351914928 11.254032258064518 468.7847711 1.0000000180025095e-35 25.425892784833263 2.5000000000000004 -1.5533499999999993 0.058733935515505015 144.22700000000003 1.0000000180025095e-35 0.28853790530748319 6.1830644132653072 10.012459101564277 10.562929895748013 -2.0751880702683665 2.6703327725968911 13.318329239103051 27.454507552737347 28.553298453874465 5.7183352983704792 -2.2494516338745716 1.0000000180025095e-35 9.5751879699248139 3.8403127767650314 6.0869416498527409 0.13455329585537915 6.5758191852127474
decision_type=10 10 2 2 2 2 2 2 8 2 10 2 2 2 2 8 2 10 2 2 2 2 2 10 2 2 2 2 2 2
left_child=3 -2 -3 4 5 6 7 10 9 13 11 -1 -8 -9 -15 -12 24 -18 26 20 21 23 -23 -6 -17 -20 -11 -28 29 -5
right_child=1 2 -4 28 19 -7 12 8 -10 18 15 -13 -14 14 -16 16 17 -19 25 -21 -22 22 -24 -25 -26 -27 27 -29 -30 -31
leaf_value=0.0085664335155376681 0.021797036607749759 -0.020166782960295677 0.0037448707711488262 0.0030000636565883395 -0.026527814823202791 -0.018140941415284131 8.7581182985256112e-05 0.0094038557708263412 0.032878904297415704 0.034612807316616888 0.022202215600936187 -0.046184494983404878 0.033995368746532632 -0.035624869433896887 -0.0049021771046682261 -0.00029833568181452383 0.002214586170605169 -0.032632116143940952 -0.0094266546315493749 0.0091920180227524333 -0.039997299793176358 -0.0023469210797271065 0.025584865575656299 -0.0076409620384853263 -0.015698332739127584 0.0082691188958450793 -0.0012438827883946061 0.023248178781620388 -0.00060963824587791039 -0.004595560541818775
leaf_weight=27 30 20 177 1948 32 37 24 25 28 21 21 25 22 21 32 1173 26 32 47 35 20 43 20 239 43 82 33 29 3364 309
leaf_count=27 30 20 177 1948 32 37 24 25 28 21 21 25 22 21 32 1173 26 32 47 35 20 43 20 239 43 82 33 29 3364 309
internal_value=-4.33676e-12 0.00402387 0.00131729 -0.000117739 -0.00153799 -0.000311307 7.42549e-05 -0.000374144 0.00580424 0.00319013 -0.00183274 -0.0177561 0.0163043 -0.0085884 -0.0170753 -0.00119334 -0.00157898 -0.0170112 0.00752374 -0.00705019 -0.00865606 -0.00677934 0.00652031 -0.00987114 -0.000842908 0.00182182 0.0163858 0.0102121 0.000422215 0.00196017
internal_weight=7985 227 197 7758 2137 1748 1711 1665 318 290 1347 52 46 78 53 1295 1274 58 212 389 354 334 63 271 1216 129 83 62 5621 2257
internal_count=7985 227 197 7758 2137 1748 1711 1665 318 290 1347 52 46 78 53 1295 1274 58 212 389 354 334 63 271 1216 129 83 62 5621 2257
is_linear=0
shrinkage=0.05


Tree=176
num_leaves=31
num_cat=0
split_feature=41 41 43 44 235 104 52 15 118 47 47 222 12 2 314 104 101 48 20 19 61 47 41 61 3 12 143 46 57 76
split_gain=1.54517 2.03819 2.02658 2.70736 2.83732 2.08014 3.83398 3.28081 2.20536 2.38896 3.26841 2.98916 2.98076 2.52717 2.42746 5.72602 4.95775 4.33589 7.69457 4.79533 6.12794 4.74446 4.69896 5.87502 4.39177 6.64641 6.33262 5.52938 6.34017 5.04536
threshold=3.2583766233766238 2.491688311688312 149.65641697331017 55.871507825785116 1.0000000180025095e-35 -9.2488378239592279 48.294736218204385 0.56330128205128216 14.500000000000002 36.90941453582721 34.777023113453502 1.0000000180025095e-35 -0.39608813436131568 0.046983274019484218 1.0000000180025095e-35 1.5368253968253971 -1.563127507568518 15.040755137887656 1.954441134559479 10.170860532959098 9.8738433382739377 20.548508345236858 -2.8850000000000002 18.603551435623466 -3.7607151580190861 -0.2639954465707352 1.0000000180025095e-35 51.446931450999649 5.0537971661277856 20.840255562458076
decision_type=2 2 2 2 2 2 2 2 2 2 2 2 10 2 2 2 2 2 10 10 2 2 2 2 2 10 2 2 2 2
left_child=1 2 3 4 5 6 -1 -8 9 10 11 14 13 -11 16 -16 -7 21 -19 20 -20 22 23 -18 25 26 27 -24 -29 -26
right_child=-2 -3 -4 -5 -6 8 7 -9 -10 12 -12 -13 -14 -15 15 -17 17 18 19 -21 -22 -23 24 -25 29 -27 -28 28 -30 -31
leaf_value=0.019457225355868923 0.012941002740484217 -0.014900161941414296 0.015517646233950341 -0.0158413744221131 -0.014394135919728263 -0.024398956969380381 -0.010295867066209516 0.0085925736057106405 -0.015485772344729174 -0.0014537080160259982 -0.016557413420329493 -0.01885896973045809 0.023782088765239514 0.018389785695554956 -0.0033221829682747862 0.0053094417814798338 0.023239815652370453 -0.035611636303365231 -0.031751133096606841 0.0081276868676385759 -0.0039968953239034591 0.0075527905703231231 0.037975055991631486 -0.0028420819688012434 0.00031504920519214797 -0.0078310481350248057 -0.0031666523433075502 0.00054984890005510794 0.021294842583799288 -0.0075062454425794791
leaf_weight=39 23 23 21 27 34 20 39 56 23 68 30 21 22 21 1142 231 50 20 23 66 147 250 23 38 5034 66 65 69 79 215
leaf_count=39 23 23 21 27 34 20 39 56 23 68 30 21 22 21 1142 231 50 20 23 66 147 250 23 38 5034 66 65 69 79 215
internal_value=4.00902e-12 -3.73829e-05 5.67587e-06 -3.54647e-05 1.86171e-05 8.09861e-05 0.00625729 0.000838372 -2.61776e-05 2.00005e-05 -8.65115e-05 -2.11421e-05 0.00730216 0.00322846 3.13379e-05 -0.00186996 0.000454773 0.000535664 -0.00583447 -0.00331098 -0.00775188 0.00081258 0.000513758 0.0119772 0.000332029 0.00619529 0.0101179 0.0151676 0.0116232 -5.31245e-06
internal_weight=7985 7962 7939 7918 7891 7857 134 95 7723 7700 7589 7559 111 89 7538 1373 6165 6145 256 236 170 5889 5639 88 5551 302 236 171 148 5249
internal_count=7985 7962 7939 7918 7891 7857 134 95 7723 7700 7589 7559 111 89 7538 1373 6165 6145 256 236 170 5889 5639 88 5551 302 236 171 148 5249
is_linear=0
shrinkage=0.05


Tree=177
num_leaves=31
num_cat=0
split_feature=99 99 345 291 25 22 27 98 103 3 4 99 60 53 24 89 89 68 23 75 41 64 97 99 37 59 59 317 105 25
split_gain=1.5556 5.58046 5.88944 5.1525 3.79177 2.95184 3.34598 2.89828 2.77075 5.48074 2.61472 2.52809 2.41623 2.77514 2.29054 2.2866 6.66049 3.49761 6.76415 5.31405 4.88731 4.6975 4.91698 4.39303 4.30278 4.46143 4.7867 5.319 4.46883 4.11231
threshold=-0.54808641975308547 -0.6932000346434869 1.0000000180025095e-35 1.0000000180025095e-35 -0.12415092281361319 2.5802545863075856 3.4298933637709617 30.805030888348238 2.8108626786730153 -1.2147569444444446 0.46103942308839591 -0.46642023574619557 52.830651314809039 28.866156878712857 6.0252739724265503 24.305381835895151 24.168831531191852 24.210806412641585 -2.0165212824302876 50.429461868512526 -0.040000000000000015 4.7262512531791581 2.5549320908919126 1.6948730985449745 7.9098267586049582 10.885314073323785 12.113034416795708 1.0000000180025095e-35 0.37171052631578955 0.20010901959060687
decision_type=2 2 2 2 10 10 2 2 2 2 2 2 2 2 8 2 2 2 8 2 2 2 2 2 2 2 2 2 2 10
left_child=1 2 5 8 -3 6 10 -8 9 -4 14 -2 13 15 -1 16 -13 18 20 21 -17 24 -23 -24 25 28 -27 -28 -19 -20
right_child=11 4 3 -5 -6 -7 7 -9 -10 -11 -12 12 -14 -15 -16 17 -18 19 29 -21 -22 22 23 -25 -26 26 27 -29 -30 -31
leaf_value=0.0078885879107894238 -0.012575269317348127 0.0070289238727324318 -0.0042031074594706301 0.01221601377517261 0.032881369393156924 -0.011975329095730559 0.020164635523332884 -0.00075995130160742483 -0.0066597561760828265 -0.041219133972335842 0.0062646658304188092 -0.00034100868862739671 0.013804759854270566 -0.013660838053022562 -0.0099243691522564945 0.0035726392039408285 -0.023209894268075005 0.01770536900497973 0.010620114774792456 0.011554477119560555 -0.017732325069413617 0.02304614773199249 -0.01317113768613047 0.0061339245870618564 0.0097481986612145757 -0.040362253924831754 -0.0023347437903082566 -0.029975062329322101 -0.0088947253313381228 0.033509494851414974
leaf_weight=26 41 37 20 27 23 26 59 23 82 20 170 6319 31 38 59 375 32 20 80 70 29 26 46 82 29 20 46 28 75 26
leaf_count=26 41 37 20 27 23 26 59 23 82 20 170 6319 31 38 59 375 32 20 80 70 29 26 46 82 29 20 46 28 75 26
internal_value=-1.65479e-11 0.00251235 0.000821723 -0.00754841 0.016939 0.0042574 0.00550977 0.0142955 -0.0119225 -0.0227111 0.00268454 -0.000193857 -0.000124997 -0.00018382 -0.0044757 -0.000113695 -0.000456235 0.00217147 0.00499286 -0.00108399 0.00204332 -0.00346219 0.00322279 -0.000803832 -0.00818461 -0.0109362 -0.018659 -0.0127932 -0.00329471 0.0162345
internal_weight=7985 572 512 149 60 363 337 82 122 40 255 7413 7372 7341 85 7303 6351 952 510 442 404 372 154 128 218 189 94 74 95 106
internal_count=7985 572 512 149 60 363 337 82 122 40 255 7413 7372 7341 85 7303 6351 952 510 442 404 372 154 128 218 189 94 74 95 106
is_linear=0
shrinkage=0.05


Tree=178
num_leaves=31
num_cat=0
split_feature=367 168 135 58 99 130 99 6 122 57 41 376 27 15 67 24 98 19 76 366 58 58 81 79 20 68 101 95 130 183
split_gain=1.55129 4.85706 4.89525 4.91984 4.6491 4.86798 4.10118 3.96959 3.89657 4.59225 4.58102 3.94174 3.88411 6.7241 5.42491 4.97808 4.1482 6.56038 4.10041 4.87341 3.83833 3.73987 4.86267 4.11171 6.79562 5.08426 3.63126 3.525 4.0948 3.33874
threshold=1.0000000180025095e-35 1.0000000180025095e-35 1.0000000180025095e-35 35.169679723790118 5.0743750000000007 1.0903000000000003 -0.46642023574619557 182.17350000000002 4.5000000000000009 26.763348156383376 -1.3599999999999994 1.0000000180025095e-35 2.2651828354697718 0.73993558776167478 5.3346374570380499 7.8859011432971586 4.4205669424437479 10.054114713559075 11.341519254148684 1.0000000180025095e-35 37.14070429381659 25.13249144344773 16.784628122839784 35.933898987494139 2.2393776479094174 35.530968063738626 -1.563127507568518 3.3333173763332495 2.7709500000000018 1.5000000000000002
decision_type=2 2 2 2 2 2 2 2 2 2 2 2 2 2 2 10 2 10 2 2 2 2 2 2 10 2 2 2 2 2
left_child=26 2 3 4 12 -6 -5 -4 9 27 -10 -11 13 -2 -14 16 -16 -18 19 -15 -9 22 23 25 -25 -3 -1 28 -8 -28
right_child=1 21 7 6 5 -7 8 20 10 11 -12 -13 14 18 15 -17 17 -19 -20 -21 -22 -23 -24 24 -26 -27 29 -29 -30 -31
leaf_value=-0.019905869561868409 -0.011765688826950888 -0.0038612961674829023 0.0056058836708226326 0.018386059454254186 0.0063863438322316925 0.038684000903740523 -0.0073136509079227436 -0.014953745685451936 -0.0020651378047962985 -0.0074507151027115026 0.01620228502222083 -0.02924156564598282 0.0054527827763665524 0.014743893228373245 0.006828868245523605 -0.016138992144919508 -0.029444731152413979 -0.0010590689014090952 0.0057361356914043433 0.041466646489094608 0.0069724927246570595 0.00026379427896164028 -0.028971767243321823 -0.014067899715155364 0.023017199070503314 -0.022375735295160362 -0.00027549598075197475 -0.011553001089228524 0.019125986163271592 -0.012041808640370605
leaf_weight=24 30 163 55 24 28 20 27 99 156 49 44 36 696 76 143 53 23 177 85 22 25 494 23 21 30 48 5176 45 32 61
leaf_count=24 30 163 55 24 28 20 27 99 156 49 44 36 696 76 143 53 23 177 85 22 25 494 23 21 30 48 5176 45 32 61
internal_value=-7.64044e-12 0.000968524 0.00230469 0.00310329 0.00456136 0.0198437 -0.00167336 -0.00557422 -0.00291096 -0.00805875 0.0019537 -0.0166798 0.00399925 0.0101756 0.00279452 -0.00187758 0.000326076 -0.00432342 0.0137725 0.0207429 -0.0105331 -0.00236762 -0.00692873 -0.00499365 0.00774686 -0.00807311 -0.000501475 -0.00101271 0.00702649 -0.000412549
internal_weight=7985 2724 1945 1766 1353 48 413 179 389 189 200 85 1305 213 1092 396 343 200 183 98 124 779 285 262 51 211 5261 104 59 5237
internal_count=7985 2724 1945 1766 1353 48 413 179 389 189 200 85 1305 213 1092 396 343 200 183 98 124 779 285 262 51 211 5261 104 59 5237
is_linear=0
shrinkage=0.05


Tree=179
num_leaves=31
num_cat=0
split_feature=198 59 41 16 47 43 128 4 128 9 235 99 135 78 59 87 71 59 16 25 66 27 41 95 47 76 23 19 53 16
split_gain=1.58804 1.98125 1.9657 1.92173 2.10231 3.0551 2.36859 7.39057 3.95186 3.15617 2.95515 1.82134 4.4049 2.57963 1.94514 5.49881 5.62173 4.88548 7.35639 5.48399 6.86965 5.47549 4.79823 4.71047 5.28462 4.4171 5.05654 4.5408 4.8189 4.02762
threshold=2.5000000000000004 69.026084466545356 3.2583766233766238 0.33541666666666675 59.449766058647754 85.044772744595306 139.65495466110892 0.36954946752772805 48.683834986926065 40.500000000000007 1.0000000180025095e-35 10.990700831111253 1.5000000000000002 16.248712597794729 23.973486443310684 5.7597061452653096 1.0000000180025095e-35 18.76516737010617 1.8136574074074077 1.5309533068271255 33.35796700123948 3.2845312115203593 -0.93383116883116857 26.030112433862438 10.418911024200812 22.344725488882528 -2.2492953337161095 10.089986837704243 4.1959919624070894 1.6984848484848487
decision_type=2 2 2 2 2 2 2 2 2 2 2 2 2 2 2 2 2 2 2 10 2 2 2 2 2 2 10 10 2 2
left_child=1 2 3 -1 5 6 8 -8 10 -10 11 14 -13 -14 17 23 -17 -5 19 20 25 -22 -20 24 29 26 -19 -28 -29 -16
right_child=-2 -3 -4 4 -6 -7 7 -9 9 -11 -12 12 13 -15 15 16 -18 18 22 -21 21 -23 -24 -25 -26 -27 27 28 -30 -31
leaf_value=-0.012891499884426595 0.011294717328517789 -0.0157613038062118 0.015651059420779347 5.4902324886647869e-05 -0.011728869029320778 0.019105535612574647 -0.032694027501912346 0.009775393391028047 0.028973944815030947 0.0026803978327661752 -0.017532532556045529 0.019122680864027297 0.0051184321791583366 -0.01661708775907755 -0.0085851231914465167 0.013491830011480488 0.0019032636793529707 -0.0064439914832709715 -0.0017867477447725832 0.007180895302922298 0.0086677726089524534 -0.019085327301312377 0.01733337827026844 0.015959403985956064 -0.019192545654045212 -0.040741940224543222 -0.042265123814344413 -0.032323075140205521 -0.0012533974636775944 0.011368511752906915
leaf_weight=29 31 20 20 6410 38 21 21 20 21 25 24 42 43 20 66 144 383 74 150 39 52 27 42 24 63 20 25 24 26 41
leaf_count=29 31 20 20 6410 38 21 21 20 21 25 24 42 43 20 66 144 383 74 150 39 52 27 42 24 63 20 25 24 26 41
internal_value=-5.47697e-12 -4.40202e-05 -4.40008e-06 -4.3964e-05 3.28752e-06 6.01018e-05 8.99602e-06 -0.0119772 7.2122e-05 0.014684 -1.47297e-05 3.97651e-05 0.00658003 -0.00178173 -5.04751e-05 0.00242047 0.00506978 -0.000309083 -0.00517996 -0.010248 -0.0129889 -0.000817464 0.00239578 -0.00477636 -0.00770376 -0.0186785 -0.015717 -0.0248663 -0.0161668 -0.000939338
internal_weight=7985 7954 7934 7914 7885 7847 7826 41 7785 46 7739 7715 105 63 7610 721 527 6889 479 287 248 79 192 194 170 169 149 75 50 107
internal_count=7985 7954 7934 7914 7885 7847 7826 41 7785 46 7739 7715 105 63 7610 721 527 6889 479 287 248 79 192 194 170 169 149 75 50 107
is_linear=0
shrinkage=0.05


Tree=180
num_leaves=31
num_cat=0
split_feature=79 41 101 52 48 16 16 75 101 48 92 20 88 99 58 6 75 101 101 25 7 4 42 36 60 88 68 53 84 0
split_gain=1.52954 3.51648 5.74287 4.71141 4.31449 2.96845 5.01211 4.23172 3.50112 3.35116 4.56408 3.86973 2.80765 4.41111 2.67192 3.75465 2.99717 2.78342 2.58449 3.85796 5.11706 2.71409 3.43705 4.62658 3.58603 2.84101 2.51006 3.37101 2.88896 3.25521
threshold=58.326730017914578 -3.3949999999999991 6.4323732783019851 11.926953645051391 11.142060344245763 1.462912087912088 1.5055555555555558 37.731675478482309 24.262724893969935 11.345833929941893 22.829530265515622 2.2988767014111668 10.827733706740679 2.9986518959435631 43.131636151939226 406.52600000000024 59.701323875696382 33.18583703336126 16.535702329623394 0.32352348342803189 182.11600000000001 0.048455044417232356 12100433.010899702 10.269330030427552 45.142095992622878 29.969385393291834 70.804048591225424 10.000190874000316 5.9436056670566222 11.975474537037039
decision_type=2 2 2 2 2 2 2 2 2 2 2 10 2 2 2 2 2 2 2 10 2 2 2 2 2 2 2 2 2 2
left_child=1 2 3 -1 -4 8 -7 9 12 10 -8 -11 13 -2 -10 -16 17 -17 21 -20 -21 -3 24 -24 -23 -25 -14 28 -28 -30
right_child=5 18 4 -5 -6 6 7 -9 14 11 -12 -13 26 -15 15 16 -18 -19 19 20 -22 22 23 25 -26 -27 27 -29 29 -31
leaf_value=0.021017693699104712 0.0075657990816537114 -0.013665340532962648 -0.005492323028066984 -0.012475043648321714 -0.033542158942798092 -0.024739164919794901 0.010744442157870668 -0.018451447688043118 0.0090978037762014501 0.025454879545917117 -0.014520795972874532 -0.0018049800312956391 0.019707269846860852 0.028693078785602538 -0.025819608187302945 0.01574555305497987 -0.017613493301905692 -0.0080203432875516067 0.0030803130473941566 -0.001092283590696752 -0.036036760050972755 1.0088699711562564e-06 0.024812917489438289 -0.00097347300438939237 -0.020691605621860142 0.018034471102058889 -0.021030403986911885 0.010161324397866 0.015916175058200248 -0.0089844436930226427
leaf_weight=21 84 36 26 21 29 23 33 25 38 30 39 23 21 35 20 28 20 22 35 20 22 7028 31 92 21 25 22 59 21 35
leaf_count=21 84 36 26 21 29 23 33 25 38 30 39 23 21 35 20 28 20 22 35 20 22 7028 31 92 21 25 22 59 21 35
internal_value=9.05599e-12 -0.000193311 -0.0096508 0.00427133 -0.0202822 0.00247726 -0.0030052 0.000327341 0.00481914 0.0040831 -0.0029409 0.0136251 0.00797932 0.0137797 -0.00201967 -0.00671371 -0.00125488 0.00528856 -6.78148e-05 -0.00917978 -0.0193965 2.9188e-05 9.76892e-05 0.00763853 -6.06374e-05 0.00308805 0.00361067 0.00114331 -0.00567801 0.000353288
internal_weight=7985 7407 97 42 55 578 173 150 405 125 72 53 277 119 128 90 70 50 7310 77 42 7233 7197 148 7049 117 158 137 78 56
internal_count=7985 7407 97 42 55 578 173 150 405 125 72 53 277 119 128 90 70 50 7310 77 42 7233 7197 148 7049 117 158 137 78 56
is_linear=0
shrinkage=0.05


Tree=181
num_leaves=31
num_cat=0
split_feature=182 23 49 22 4 5 89 18 75 48 122 92 361 97 93 58 24 75 68 2 14 128 27 237 33 24 90 118 100 100
split_gain=1.48217 1.51624 3.84918 3.30737 3.20344 3.22162 2.64893 2.80471 2.61512 4.82204 5.7532 4.7269 6.31327 5.57951 3.94589 3.64395 3.46159 3.38878 6.12206 3.70955 7.52194 6.52507 3.80537 3.77923 4.17943 3.20055 3.15778 3.13698 3.61926 4.8061
threshold=1.0000000180025095e-35 -1.7501651324832344 5.5682780108831329 1.3771883281456405 0.36641158199886187 4.0714285714285721 4.9303913268112565 126.90835166528886 12.578498813431359 11.532707939230976 2.5000000000000004 38.082333853023208 1.0000000180025095e-35 24.543906802122446 4.9379410899166176 22.055786409838678 4.4844900209656693 12.985304599237812 29.307052888183296 1.1788406635802471 0.25254650504039428 2.5055120385959526 3.1559742800786772 1.0000000180025095e-35 4.7993485011024939 5.6916695709135894 11.999603584895295 3.5000000000000004 -1.0625250949464058 -0.84400960963088922
decision_type=2 10 2 8 2 2 2 10 2 2 2 2 2 2 2 2 8 2 2 2 8 2 2 2 2 10 2 2 2 2
left_child=1 3 4 -1 5 -3 7 -6 9 11 -11 13 25 16 -14 -15 -5 18 26 23 22 -22 -21 -19 -25 -13 -10 28 -18 -30
right_child=-2 2 -4 8 6 -7 -8 -9 17 10 -12 12 14 15 -16 -17 27 19 -20 20 21 -23 -24 24 -26 -27 -28 -29 29 -31
leaf_value=0.016727483009213003 -0.011483576321708305 -0.025073276433561532 0.021959905937314034 -0.01121858989489348 0.0084564526275470401 0.0010384957720008161 -0.0021782346833842219 -0.01072942094345178 0.010970914238867792 -0.027314862477569247 -0.0020132349392197111 0.015804651638027283 0.0075913372948499666 -0.006102286671133092 0.034136086183467078 -0.034999890866456551 0.010860292778174947 0.00022534022382090179 0.031134120061993599 0.0067726208517948795 0.043709889355869523 0.0091401374588410064 -0.022002704225014897 -0.029878089399161662 0.0017029832210391763 -0.0075523052550852303 -0.011909784302115442 -0.0084354999419229554 -0.013118545208922833 -0.00029528741078361587
leaf_weight=29 28 21 25 84 205 27 135 21 38 39 53 20 28 24 28 20 69 4737 25 27 21 39 20 22 20 55 25 129 76 1895
leaf_count=29 28 21 25 84 205 27 135 21 38 39 53 20 28 24 28 20 69 4737 25 27 21 39 20 22 20 55 25 129 76 1895
internal_value=-6.41031e-12 4.04097e-05 0.00291404 -0.000125369 0.00174986 -0.0103854 0.00336342 0.00667369 -0.000190586 -0.00150282 -0.0127389 -0.00107707 0.00816095 -0.00160392 0.0208637 -0.0192376 -0.00125955 0.000474238 0.0101989 0.000299091 0.00950635 0.0212396 -0.0054722 9.29438e-05 -0.0148395 -0.00132378 0.00189127 -0.000873858 -0.000395696 -0.000789741
internal_weight=7985 7957 434 7523 409 48 361 226 7494 2520 92 2428 131 2297 56 44 2253 4974 88 4886 107 60 47 4779 42 75 63 2169 2040 1971
internal_count=7985 7957 434 7523 409 48 361 226 7494 2520 92 2428 131 2297 56 44 2253 4974 88 4886 107 60 47 4779 42 75 63 2169 2040 1971
is_linear=0
shrinkage=0.05


Tree=182
num_leaves=31
num_cat=0
split_feature=184 5 54 101 100 21 4 5 48 57 198 31 97 20 13 4 37 3 4 19 90 20 97 97 45 18 84 24 37 46
split_gain=1.46371 3.69964 3.08395 3.02469 3.59946 2.96758 2.73323 2.85692 2.49515 4.0081 2.04575 2.03361 1.9376 3.94303 5.78821 6.66803 4.64134 8.7033 5.30939 4.44232 8.87961 6.07815 8.95763 6.42312 5.36452 5.26345 5.74216 4.41478 4.58909 9.46629
threshold=1.0000000180025095e-35 10.987804878048783 4.3079236804599113 5.8372113173973297 -2.6197582870536653 -2.5760730717320537 0.54846363482616711 16.732142857142861 11.549623336189363 24.27029479303258 2.5000000000000004 13.705319095363736 0.19168249244142146 2.0533254859746934 0.26895369419319431 0.53136363448182522 0.13040279620681233 -1.7626123039211858 0.28853790530748319 10.022223438271407 88.710388971391026 2.1711540397931248 10.037083333333335 2.4315821050642485 11.333567854988091 16.372467642177117 5.9436056670566222 5.6954995579527798 6.3283213847441671 122.84481309435806
decision_type=2 2 2 2 2 8 2 2 2 2 2 2 2 10 10 2 2 2 2 10 2 10 2 2 2 10 2 10 2 2
left_child=10 2 -2 5 -5 -3 -7 -8 9 -6 12 -11 -1 14 15 -14 17 18 -16 21 -21 22 -15 -23 25 -24 -27 28 29 -25
right_child=1 3 -4 4 8 6 7 -9 -10 11 -12 -13 13 19 16 -17 -18 -19 -20 20 -22 23 24 27 -26 26 -28 -29 -30 -31
leaf_value=0.00086820913618679794 0.0066974341351306067 -0.0089225170383643772 0.028205389296635987 0.012054505277425052 -0.031513951656719046 -0.00053309586495948092 0.028706549048157677 0.0078417424649621058 -0.0006283373106271029 0.0046869458038021226 0.014109281157143414 -0.016156615465879442 -0.00099079596952328266 -0.039946908527053897 0.0098734054792051513 0.024270158485941044 -0.0043834211309105977 0.016428938960579419 -0.020016501032007049 0.001203039718403227 0.033134095912629911 0.027076182477176192 0.002234796015545726 -0.0039644387101698498 0.015834587969055233 -0.036350528411567211 -0.0039047317020595076 -0.00017518716524585421 0.0064274319736608151 -0.038629468452305568
leaf_weight=2653 100 36 20 25 24 71 21 75 54 22 25 25 72 24 24 41 1441 77 39 2105 22 20 40 54 22 30 25 738 29 31
leaf_count=2653 100 36 20 25 24 71 21 75 54 22 25 25 72 24 24 41 1441 77 39 2105 22 20 40 54 22 30 25 738 29 31
internal_value=8.77468e-12 0.00269779 0.0102821 0.000119555 -0.0052647 0.00409807 0.0069049 0.0124059 -0.00872854 -0.0148893 -0.000169869 -0.00640005 -0.000217549 -0.000813435 -0.00275763 0.00817468 -0.003539 0.00515247 -0.00862987 0.000235439 0.00153331 -0.0024897 -0.0121213 -0.000932296 -0.00641352 -0.0115657 -0.0216024 -0.00158977 -0.0107473 -0.016607
internal_weight=7985 473 120 353 150 203 167 96 125 71 7512 47 7487 4834 1694 113 1581 140 63 3140 2127 1013 141 872 117 95 55 852 114 85
internal_count=7985 473 120 353 150 203 167 96 125 71 7512 47 7487 4834 1694 113 1581 140 63 3140 2127 1013 141 872 117 95 55 852 114 85
is_linear=0
shrinkage=0.05


Tree=183
num_leaves=31
num_cat=0
split_feature=53 53 25 4 11 18 75 45 62 15 44 104 44 13 19 36 20 75 24 130 107 40 47 43 12 0 26 102 99 79
split_gain=1.49997 3.76675 6.34945 4.14299 3.45279 3.85186 4.90192 3.6318 8.51405 4.60815 4.88519 4.58059 4.31802 4.88812 3.7748 3.5465 5.59635 5.96823 5.1019 7.93127 4.90431 5.33077 4.64364 4.21534 3.83883 3.63804 3.37761 3.30939 7.33158 4.17714
threshold=4.1959919624070894 4.5660739663613432 0.48295507092817641 0.54846363482616711 0.095263068921927221 16.478412426419386 23.962576507032342 1.6041195040234022 22.93071593958766 1.0754985754985757 3.9613150177898846 3.4309731670445962 2.1349478713768022 0.36946659276556232 10.821086128659809 4.6714583817507203 2.1143644838831759 29.500334621566576 5.6889259149076503 3.6754500000000023 1.5000000000000002 0.91069491031204219 5.0413301646241235 12.014629422178555 -0.28716824045993722 11.102082821554548 2.2414757592874062 7.0607105494386451 2.2258073638405995 59.337201949811778
decision_type=2 2 10 2 10 10 2 2 2 2 2 2 2 10 10 2 10 2 8 2 2 2 2 2 10 2 2 2 2 2
left_child=-1 2 3 -2 5 6 -3 8 9 -6 -11 12 13 -9 15 16 17 23 19 -17 21 -19 -21 25 27 -14 -22 29 -29 -20
right_child=1 4 -4 -5 7 -7 -8 11 -10 10 -12 -13 14 -15 -16 18 -18 20 24 22 26 -23 -24 -25 -26 -27 -28 28 -30 -31
leaf_value=-0.00066474147018303655 0.004793987490914085 0.014690420786306883 -0.011790384600559872 0.026142723794947281 -0.012656975200085283 0.029244924699887632 -0.010816921671991418 0.0020270582428202032 -0.023186713804983917 0.0022922185205488748 -0.023152525611221792 0.011434886736643253 -0.0023203092045914128 -0.032511812200148898 0.016544748027179694 -0.03733847038626361 0.0055407502594617269 0.034905362932075711 -0.0028513449542909713 -0.017666522201827982 -0.00852639564387077 0.0061001166158045333 0.008131728284186809 -0.010287186530092392 -0.011659280094936051 0.0084134505948934117 0.014488165356218816 0.0017173713474008053 0.025424584410594482 0.0046934058643899124
leaf_weight=4114 44 48 27 47 77 20 31 20 51 332 20 98 467 21 37 24 681 29 812 33 44 36 37 137 73 95 25 230 38 237
leaf_count=4114 44 48 27 47 77 20 31 20 51 332 20 98 467 21 37 24 681 29 812 33 44 36 37 137 73 95 25 230 38 237
internal_value=-8.23281e-12 0.00070647 0.00950257 0.0158203 0.000429908 0.00964358 0.00468121 0.000180276 -0.00387322 -0.00157721 0.000846494 0.000793281 0.000454244 -0.0156636 0.00067198 0.000476086 0.00217867 -0.000569926 -0.00126091 -0.0125345 0.00909629 0.0189517 -0.0040303 -0.00242296 -0.000498527 -0.000505884 -0.000187787 0.000120102 0.00507884 -0.00114676
internal_weight=7985 3871 118 91 3753 99 79 3654 480 429 352 3174 3076 41 3035 2998 1514 833 1484 94 134 65 70 699 1390 562 69 1317 268 1049
internal_count=7985 3871 118 91 3753 99 79 3654 480 429 352 3174 3076 41 3035 2998 1514 833 1484 94 134 65 70 699 1390 562 69 1317 268 1049
is_linear=0
shrinkage=0.05


Tree=184
num_leaves=31
num_cat=0
split_feature=61 61 61 11 67 128 87 14 102 6 62 7 130 3 100 67 130 61 122 54 24 50 27 3 2 75 4 16 14 67
split_gain=1.44558 6.41594 7.90909 6.56076 5.85098 6.36565 5.3568 3.51543 8.85403 6.2607 11.8122 5.74682 5.19523 4.66494 4.53271 3.41187 3.96996 3.06514 11.0356 3.12571 5.81304 4.02947 5.58717 3.80389 5.29753 4.50641 5.23417 3.91913 3.79683 4.76887
threshold=47.748610179232877 39.486043020296925 38.428982836384954 1.0499536332980961 25.632725912261389 4.8291534298889367 35.111051220938201 0.43745895390525708 -0.82240315570672684 274.2940000000001 43.626021402440038 208.16650000000001 -0.86064999999999903 -1.1795416692911729 -3.9542201092124416 5.3346374570380499 -3.3691999999999989 31.082639480371309 3.5000000000000004 9.5700762684411043 8.6746069835202757 11.876098786155497 2.2556089702621356 0.61349397113962423 0.29639153898984355 43.74844322643083 0.61865629001090949 1.8473193473193474 0.41161261426356538 12.350142506467407
decision_type=2 2 2 8 2 2 2 10 2 2 2 2 2 2 2 2 2 2 2 2 10 2 2 2 2 2 2 2 10 2
left_child=1 2 7 4 5 -3 -4 14 -9 11 -11 12 13 -10 -1 16 -15 19 -19 21 23 28 -23 24 -21 26 -26 -28 -16 -30
right_child=-2 3 6 -5 -6 -7 -8 8 9 10 -12 -13 -14 15 17 -17 -18 18 -20 20 -22 22 -24 -25 25 -27 27 -29 29 -31
leaf_value=0.014961323932020962 0.0026962081750869591 -0.021695546769886279 0.039579405010278734 -0.032668888175653089 -0.02614083450494541 0.0074869939604321053 0.0034225915092974905 -0.038092092387378221 -0.01591709372587502 -0.045751369649290365 0.0028345013679615385 0.022156960735547133 -0.023435163102112713 0.0016309197712689638 0.00024944073038481065 -0.0070739016029983757 0.032090113208750673 0.035394594951399731 -0.00079784338554257867 -0.001875829213430104 0.0229441730593819 0.0011086590737104417 -0.034347139610908926 0.015107802136872822 -0.0092438910863867022 0.0073486853657024247 -0.04479272211236613 -0.014917037393087926 0.0007682409613475865 0.030817233123209165
leaf_weight=51 468 25 21 27 27 74 20 20 24 22 29 29 24 20 6026 20 23 28 85 573 21 25 20 26 131 28 21 23 31 23
leaf_count=51 468 25 21 27 27 74 20 20 24 22 29 29 24 20 6026 20 23 28 85 573 21 25 20 26 131 28 21 23 31 23
internal_value=-1.24625e-12 -0.000167863 4.26926e-05 -0.010302 -0.00550916 0.000117665 0.0219419 -7.99169e-05 -0.0064401 -0.00312575 -0.0181241 0.00233793 -0.00284001 0.00284141 0.000108778 0.00998751 0.017923 1.5015e-06 0.00817019 -0.000131351 -0.00302448 0.00025739 -0.0146495 -0.00370445 -0.00433476 -0.0112755 -0.0142554 -0.0291759 0.000367721 0.0135669
internal_weight=7985 7517 7364 153 126 99 41 7323 211 191 51 140 111 87 7112 63 43 7061 113 6948 823 6125 45 802 776 203 175 44 6080 54
internal_count=7985 7517 7364 153 126 99 41 7323 211 191 51 140 111 87 7112 63 43 7061 113 6948 823 6125 45 802 776 203 175 44 6080 54
is_linear=0
shrinkage=0.05


Tree=185
num_leaves=31
num_cat=0
split_feature=99 362 37 99 45 98 12 55 58 2 60 27 21 18 64 83 101 98 23 19 89 49 39 4 331 101 59 61 12 15
split_gain=1.45434 3.54418 2.72103 1.68268 7.02912 5.23256 5.40881 4.56205 4.99731 4.50285 6.56266 4.66845 4.06846 3.87708 3.82554 5.34751 4.83122 5.83487 3.61064 3.60763 4.22635 6.31783 4.35151 3.77407 4.76179 4.60616 3.80855 6.13874 5.04458 6.5663
threshold=10.990700831111253 1.0000000180025095e-35 4.2407944659562888 2.2258073638405995 9.3950000000000031 16.666695956160243 -0.5071380449626498 5.2595634745176278 1.0000000180025095e-35 0.24796296296296308 3.653312182748814 3.1559742800786772 -2.2087363208844613 16.365151768444147 10.003420255176421 54.055000000000014 6.9522951266773418 9.4781375976316475 -2.180616436837135 10.177230084864384 4.3529552987790145 5.928409997247547 5.5071090796874769 0.73696793782754089 1.0000000180025095e-35 4.1668364197530874 17.068918428798117 19.388233644990109 -0.39872771712749083 0.68301435406698574
decision_type=2 2 2 2 2 2 8 2 2 2 2 2 8 10 2 2 2 2 8 10 2 2 2 2 2 2 2 2 10 2
left_child=3 -2 -3 -1 7 6 -6 8 9 10 -5 -11 -9 -8 19 -16 17 -17 -7 20 21 -10 23 26 25 -25 27 28 -22 -30
right_child=1 2 -4 4 5 18 13 12 14 11 -12 -13 -14 -15 15 16 -18 -19 -20 -21 22 -23 -24 24 -26 -27 -28 -29 29 -31
leaf_value=0.00029013151477901711 0.017140201782985105 -0.011670418614239404 0.0080777980739603177 -0.043571013547480109 0.0012991645212831169 -0.015495371930480291 0.016140242990821629 -0.031890817945823074 0.00020139800588726814 0.010105292331427337 -0.0097770510759551607 -0.013903860904548954 -0.0075612604406234797 0.045422156006097794 0.029238338318342966 -0.025576115876901895 0.015155592242755542 0.0096662518041937262 0.012762491069734098 0.0034169917549160783 -0.016301400209698131 0.029349632383812042 0.0081735299900174141 -0.025364797874935903 0.021376586024606417 0.0008989462126415261 -0.016798302536066789 0.013409889065143135 -0.023775870550613538 0.002757284913345107
leaf_weight=6263 42 33 37 20 29 26 26 20 162 40 51 41 122 20 24 24 41 23 20 287 118 21 56 20 23 101 111 36 29 119
leaf_count=6263 42 33 37 20 29 26 26 20 162 40 51 41 122 20 24 24 41 23 20 287 118 21 56 20 23 101 111 36 29 119
internal_value=5.48676e-12 0.00565753 -0.00123208 -8.04831e-05 -0.0015222 0.0100672 0.0182102 -0.00246398 -0.00156539 -0.0101046 -0.0192965 -0.00204749 -0.010988 0.0288715 -0.000479235 0.00831783 0.00261223 -0.00832985 -0.00320934 -0.001389 -0.00312181 0.00354628 -0.00511244 -0.0064482 0.000521938 -0.00344217 -0.00887846 -0.00596753 -0.00859003 -0.00244178
internal_weight=7985 112 70 7873 1610 121 75 1489 1347 152 71 81 142 46 1195 112 88 47 46 1083 796 183 613 557 144 121 413 302 266 148
internal_count=7985 112 70 7873 1610 121 75 1489 1347 152 71 81 142 46 1195 112 88 47 46 1083 796 183 613 557 144 121 413 302 266 148
is_linear=0
shrinkage=0.05


Tree=186
num_leaves=31
num_cat=0
split_feature=59 41 44 43 222 17 45 17 47 10 9 30 2 6 33 13 3 7 5 28 98 83 0 33 3 31 100 22 53 128
split_gain=1.49738 1.73238 1.80502 2.101 2.45366 2.29946 4.81306 3.22656 6.81455 3.42657 4.0843 5.73281 19.7581 3.79291 2.67755 3.92933 4.91921 7.33054 3.81328 8.30124 4.09528 4.77281 3.77334 3.76047 3.32841 4.40588 2.68984 3.13268 3.61553 2.94346
threshold=69.026084466545356 3.2583766233766238 102.69262469764733 85.044772744595306 1.0000000180025095e-35 0.58089500860585208 20.359222585642463 0.67028985507246386 19.794445680461596 1.5000000000000002 8.5000000000000018 1.3208373247184559 1.5030864197530864 95.15600000000002 1.3834695521042228 0.065382383222797505 -1.7278703703703704 116.07700000000001 7.9545454545454559 125.79947882971318 9.7902368022890247 42.555000000000014 4.8311857520786097 0.76053865884428273 -3.4255893125666752 5.7424468446046131 -3.718998960695389 2.543548745243537 23.631529615938412 35.1537784237373
decision_type=2 2 2 2 2 2 2 2 2 2 2 2 2 2 2 10 2 2 2 2 2 2 2 2 2 2 2 8 2 2
left_child=1 2 3 4 5 6 -1 8 -7 10 13 12 -12 -9 15 -13 17 23 19 20 21 -16 -18 -17 25 -19 27 28 -20 -28
right_child=-2 -3 -4 -5 -6 7 -8 9 -10 -11 11 14 -14 -15 18 16 22 24 26 -21 -22 -23 -24 -25 -26 -27 29 -29 -30 -31
leaf_value=-0.024078648959596952 -0.013333831080013799 0.014732207059860232 -0.013693265034817159 0.016224883934482931 -0.015964185819029808 -0.0082769406854640692 0.0027119711188501438 0.002253624631298913 0.03088009216650971 -0.01843150307238102 -0.05050617983240796 0.025259538207735334 0.014345582077900569 0.030586165819494499 -0.0024182102136934801 -0.035446004150435327 -0.002811805518447525 0.02772105979189898 0.017039198720337847 -0.037151348096362891 0.012584947283950546 -0.029386450285978971 0.011647268943927902 -0.0073584514016357188 -0.0087514855027679469 -0.0012403470753081915 7.5075466664460681e-06 -0.0022699722644662665 -0.0068213936500251295 -0.013946407901025132
leaf_weight=30 21 20 24 20 24 20 38 27 25 25 23 21 24 21 75 22 63 24 77 21 31 21 159 26 31 29 6923 62 20 38
leaf_count=30 21 20 24 20 24 20 38 27 25 25 23 21 24 21 75 22 63 24 77 21 31 21 159 26 31 29 6923 62 20 38
internal_value=1.38361e-11 3.51595e-05 -1.84209e-06 3.96471e-05 -1.32821e-06 4.73143e-05 -0.00910742 0.000127043 0.013477 4.96572e-05 0.000109366 1.8611e-05 -0.0173904 0.0146491 0.000125666 0.00424568 0.00299909 -0.00464464 -8.69101e-05 -0.00803058 -0.00321534 -0.00831751 0.00754402 -0.0202319 0.00426237 0.0118743 7.82112e-05 0.0065085 0.0121195 -6.86667e-05
internal_weight=7985 7964 7944 7920 7900 7876 68 7808 45 7763 7738 7690 47 48 7643 375 354 132 7268 148 127 96 222 48 84 53 7120 159 97 6961
internal_count=7985 7964 7944 7920 7900 7876 68 7808 45 7763 7738 7690 47 48 7643 375 354 132 7268 148 127 96 222 48 84 53 7120 159 97 6961
is_linear=0
shrinkage=0.05


Tree=187
num_leaves=31
num_cat=0
split_feature=7 41 9 9 61 0 52 4 43 76 5 106 30 224 131 15 5 17 12 84 15 102 49 25 105 98 375 66 5 331
split_gain=1.41398 8.16801 5.80549 9.99777 4.90232 2.56129 3.9199 8.65928 7.00837 5.42687 3.67864 3.79546 5.31435 3.2001 3.72073 4.4626 3.93788 3.89761 3.14379 2.89291 2.35632 2.27857 4.49385 4.76964 3.75011 6.74767 4.62538 3.56104 2.66322 6.14834
threshold=50.023500000000006 -0.035584415584415614 8.5000000000000018 14.500000000000002 22.132282554850519 2.231365740740741 17.352571478463261 0.37976232309142754 10.773771181971048 25.872751566421506 3.1000000000000005 4.5000000000000009 2.3564655521499875 1.0000000180025095e-35 13.268050000000004 1.1639784946236562 6.4142857142857155 0.49757281553398064 -0.06161308777475042 12.564938783120637 1.4907407407407409 -1.0000000180025095e-35 10.139430186389557 0.045010760401515353 0.36602870813397131 15.194247094671203 1.0000000180025095e-35 19.453655887469164 8.309523809523812 1.0000000180025095e-35
decision_type=2 2 2 2 2 2 2 2 2 2 2 2 2 2 2 2 2 2 10 2 2 2 2 8 2 2 2 2 2 2
left_child=1 -1 4 -4 -2 6 8 -8 -5 -9 -7 20 -13 14 15 -14 19 -18 21 -16 -12 22 24 27 25 -19 -27 -24 29 -23
right_child=2 -3 3 5 -6 10 7 9 -10 -11 11 12 13 -15 16 -17 17 18 -20 -21 -22 28 23 -25 -26 26 -28 -29 -30 -31
leaf_value=0.0050807620425773574 0.036302438788115975 -0.032962203841833841 -0.033704996252940461 0.0056665127995951352 0.003891080025849598 -0.016032758493222193 -0.023977849741891863 0.030323437117040161 0.037999544119728466 -0.0065101972781121736 0.020808264618972318 -0.025881309095329926 -0.032033244487829508 0.014798467478249222 0.0045471808857594932 -0.0015421277408798537 -0.020294299093075098 0.0049761501816758336 -0.015280498246497968 0.024514726320138347 0.0044301889196503913 -0.00094224432799613715 0.0157174307040607 -0.027781366698798684 0.0013366321722903039 0.041501342968937635 0.010459084599278868 -0.0064318050982343951 -0.00016076639062387123 -0.020606635644469622
leaf_weight=43 20 21 22 83 28 36 29 20 21 20 32 20 20 36 60 30 24 188 34 26 70 159 23 21 410 24 24 86 6302 53
leaf_count=43 20 21 22 83 28 36 29 20 21 20 32 20 20 36 60 30 24 188 34 26 70 159 23 21 410 24 24 86 6302 53
internal_value=-2.2156e-12 -0.00740209 5.98073e-05 -4.58866e-05 0.0173958 4.84326e-05 0.00606484 -0.00317526 0.0121953 0.0119066 -8.71286e-05 -1.20118e-05 -0.000141614 -7.31577e-05 -0.000144694 -0.0137386 -5.32637e-05 -0.000177759 -0.00011184 0.0105839 0.00956841 -4.10941e-05 0.00252003 -0.00596187 0.00422691 0.00924816 0.0259802 -0.00175811 -0.000346196 -0.00585834
internal_weight=7985 64 7921 7873 48 7851 173 69 104 40 7678 7642 7540 7520 7484 50 7434 7348 7324 86 102 7290 776 130 646 236 48 109 6514 212
internal_count=7985 64 7921 7873 48 7851 173 69 104 40 7678 7642 7540 7520 7484 50 7434 7348 7324 86 102 7290 776 130 646 236 48 109 6514 212
is_linear=0
shrinkage=0.05


Tree=188
num_leaves=31
num_cat=0
split_feature=158 59 19 59 10 42 59 15 142 3 16 78 19 45 2 50 38 328 62 46 7 131 100 21 61 26 44 19 3 59
split_gain=1.43632 1.55079 2.14809 1.81395 4.25058 5.85534 3.84127 6.13961 4.65651 4.63156 5.89978 5.77122 5.38371 6.62134 4.81399 4.69458 4.37806 3.80954 3.49435 5.86424 5.2511 6.54772 5.24181 4.90287 4.57585 4.35838 4.0012 3.79089 3.47803 3.24822
threshold=6.5000000000000009 52.925024268333978 9.9567212461330339 23.973486443310684 1.0000000180025095e-35 333.69673781284303 18.76516737010617 1.4258241758241761 2.5000000000000004 0.067396384479717533 1.8136574074074077 57.834007993717087 10.078812410475505 2.2930981972910618 0.7786185651752533 5.7717461826196912 4.1899754752799696 1.0000000180025095e-35 11.938452408796641 103.35759221988475 284.20100000000008 92.246500000000026 -0.024539695544523173 -2.1874494761680507 14.639543407209873 2.1698050752374494 5.66474721698384 10.209864201930964 -0.44089506172839482 12.230209888262836
decision_type=2 2 10 2 2 2 2 2 2 2 2 2 8 2 2 2 2 2 2 2 2 2 2 10 2 2 2 10 2 2
left_child=1 3 -3 6 5 -5 29 8 9 10 11 12 -8 -14 16 -12 -11 -9 22 25 26 23 -7 24 -22 -20 -21 -23 -15 -1
right_child=-2 2 -4 4 -6 18 7 17 -10 14 15 -13 13 28 -16 -17 -18 -19 19 20 21 27 -24 -25 -26 -27 -28 -29 -30 -31
leaf_value=-0.00041585615483521137 0.013382482370361687 -2.3116108786780389e-05 -0.02005578638661815 -0.017483544722199439 0.021141246114134919 0.023457074031719698 -0.035785617111647065 0.0250087605860944 0.00821775106402735 -0.00019786256293837843 -0.010599128045002695 0.0024829019824492522 -0.039490138478244528 -0.014597045184512223 -0.015780955542411126 0.011401426595157797 0.026062067367491271 -0.0005823320906722184 0.00096413579639584692 -0.0020411504889489155 -0.036463751777520648 0.0029342968875035588 0.0032454713902278047 0.0017470686019144276 -0.0087194331832939672 -0.026596237055491658 0.025237523765436649 0.023699541335615019 0.010145717235282063 0.0024700243257928557
leaf_weight=5482 20 32 23 38 29 46 47 26 48 65 67 29 21 49 35 38 21 33 26 20 23 261 106 55 42 32 41 24 20 1186
leaf_count=5482 20 32 23 38 29 46 47 26 48 65 67 29 21 49 35 38 21 33 26 20 23 261 106 55 42 32 41 24 20 1186
internal_value=2.75343e-12 -3.36032e-05 -0.00840041 2.45731e-05 0.0023762 0.00161403 -0.000219219 -0.00445064 -0.00648155 -0.00828146 -0.0119131 -0.0177804 -0.0220698 -0.014907 -0.00014786 -0.00263702 0.00621445 0.0106951 0.00268757 0.000751432 0.00261752 0.000557646 0.00936214 -0.00923995 -0.0185367 -0.0142416 0.0162937 0.00468295 -0.00742523 9.74393e-05
internal_weight=7985 7965 55 7910 743 714 7167 499 440 392 271 166 137 90 121 105 86 59 676 524 466 405 152 120 65 58 61 285 69 6668
internal_count=7985 7965 55 7910 743 714 7167 499 440 392 271 166 137 90 121 105 86 59 676 524 466 405 152 120 65 58 61 285 69 6668
is_linear=0
shrinkage=0.05


Tree=189
num_leaves=31
num_cat=0
split_feature=18 147 130 58 66 103 21 5 67 7 9 9 61 26 102 158 57 28 11 45 31 14 0 103 128 30 12 0 2 57
split_gain=1.41213 3.69869 3.60915 3.16573 4.08268 3.38101 2.84003 2.75472 2.67869 2.4636 5.46931 8.7024 4.36007 2.36311 2.51492 2.81581 2.20768 2.19688 2.52287 6.24155 6.58338 3.0459 5.01942 4.06222 4.94251 3.68361 3.35577 4.30731 3.50333 3.31824
threshold=16.13849123655616 1.5000000000000002 0.46153999999999989 5.9798734376546774 76.81590241192859 8.8626407820685404 -1.7398797586499708 10.418859649122808 17.939566629886993 50.023500000000006 8.5000000000000018 14.500000000000002 22.132282554850519 2.5270149516790741 1.7364945778396479 3.5000000000000004 20.347353052643506 3.0000000000000004 0.048481774955112737 17.885537190082648 10.076957017093704 0.092861427000480071 10.384996693121694 9.9043880636914619 16.928623959740339 1.7261931695516097 -0.27680215406374603 8.5562252969449606 1.0668752362055935 38.984792362015121
decision_type=8 2 2 2 2 2 10 2 2 2 2 2 2 2 2 2 2 2 8 2 2 10 2 2 2 2 10 2 2 2
left_child=1 3 -3 6 5 8 -1 -4 13 -2 12 -12 -11 14 -5 -16 -9 -13 19 20 -19 22 23 24 -20 -23 28 -28 -27 -29
right_child=9 2 7 4 -6 -7 -8 16 -10 10 11 17 -14 -15 15 -17 -18 18 21 -21 -22 25 -24 -25 -26 26 27 29 -30 -31
leaf_value=-0.013424122277490878 -0.014057288258618428 -0.0037151271364454065 0.02826289964261754 0.0085584845354862733 0.017616746735830718 -0.012583944823073094 0.0057836203577203886 -0.00022898936596024656 -0.015823725443333388 0.034498618431389336 -0.031664610169404611 0.011665302978303189 0.0039322698887969765 -0.010202083684271203 -0.0012779374056382576 0.016147496532469701 0.020046239849179984 -0.0041309671781187794 0.0021351671257048366 0.014857209163407485 -0.026595959758484052 -0.021819836497306826 0.024206777406787432 0.019341293221452473 -0.023111523773986849 -0.00012888470032733378 0.0067005001626249646 -0.0049670900616352962 0.012018007021785404 -0.0194734191071863
leaf_weight=67 32 33 29 170 39 43 27 29 20 20 22 39 28 32 214 26 25 230 631 36 38 20 27 33 20 5561 71 318 60 45
leaf_count=67 32 33 29 170 39 43 27 29 20 20 22 39 28 32 214 26 25 230 631 36 38 20 27 33 20 5561 71 318 60 45
internal_value=-3.22083e-12 0.00205913 0.0102719 0.000565897 0.00202997 0.000826233 -0.007907 0.015833 0.00207437 -0.000214712 -0.000153181 -0.000266092 0.0166682 0.00288424 0.00390561 0.000609818 0.00915769 -0.000169197 -0.000234295 -0.00469049 -0.0073163 -3.46657e-05 0.00306175 0.00222708 0.00135954 -0.000397061 -0.000326301 -0.00456245 7.74347e-07 -0.0067654
internal_weight=7985 754 116 638 544 505 94 83 462 7231 7199 7151 48 442 410 240 54 7129 7090 304 268 6786 711 684 651 6075 6055 434 5621 363
internal_count=7985 754 116 638 544 505 94 83 462 7231 7199 7151 48 442 410 240 54 7129 7090 304 268 6786 711 684 651 6075 6055 434 5621 363
is_linear=0
shrinkage=0.05


Tree=190
num_leaves=31
num_cat=0
split_feature=264 107 130 23 26 44 62 138 4 100 4 64 71 19 91 89 88 48 97 58 98 101 88 180 28 18 2 101 130 56
split_gain=1.39019 4.3441 3.83935 3.48076 4.31152 2.7769 2.73549 2.08151 3.69885 3.65985 3.30291 2.72916 4.34623 7.72947 6.85258 5.59073 4.66427 4.21691 4.13384 4.80294 4.35168 3.98812 3.23649 2.94691 3.34282 3.58101 2.6642 2.64682 2.86601 2.63339
threshold=1.0000000180025095e-35 2.5000000000000004 1.0000000180025095e-35 -2.2906592947193958 2.8111171996275783 6.1719026385708355 34.11456118032374 1.0000000180025095e-35 0.6490024919831473 0.010228778239691151 0.59933454479021253 9.298039272002196 5.5924266070649979 9.9685095653451459 1.0000000180025095e-35 12.903610637345304 26.117216399264084 12.385251551273852 11.944723048941801 25.016947035836981 7.0803579402218793 -1.563127507568518 11.378043409449576 1.0000000180025095e-35 271.00138825498669 16.534160173257742 0.28993634259259232 11.381682663545179 1.7601000000000002 6.5011427896093794
decision_type=2 2 2 10 2 2 2 2 2 2 2 2 2 8 2 2 2 2 2 2 2 2 2 2 2 10 2 2 2 2
left_child=7 2 -2 6 -5 -3 -4 11 10 -10 -9 21 13 26 15 -15 27 -18 20 22 -16 -1 -20 -23 -25 -26 -13 29 -29 -14
right_child=1 5 3 4 -6 -7 -8 8 9 -11 -12 12 16 14 18 -17 17 -19 19 -21 -22 23 -24 24 25 -27 -28 28 -30 -31
leaf_value=-0.020390158434747719 0.010691009902652225 -0.00071699525693070935 -0.029973614003894658 -0.0080755738253091378 0.016315695217677527 0.020495283469143841 -0.008438170895290871 -0.0031922757552447136 -0.0049456309730139302 -0.029163703569569266 0.017929642536633074 0.00070173450775684858 -0.00025081841940944124 -0.020922051779115977 0.02008195082390947 0.012087764147797535 -0.022758677861604251 0.0033736778566470513 0.027373695158443991 0.044659854811818708 -0.009634235370057552 0.00014110143521404165 0.0058712305749456092 -0.026753507159827723 0.011704693386412186 -0.014334327234856545 -0.022363848052918911 0.0011527050537272143 0.024629405771310516 0.015150302870509525
leaf_weight=24 29 36 29 132 21 27 30 156 39 26 21 31 371 23 28 29 38 26 42 23 22 6574 30 21 23 31 21 26 26 30
leaf_count=24 29 36 29 132 21 27 30 156 39 26 21 31 371 23 28 29 38 26 42 23 22 6574 30 21 23 31 21 26 26 30
internal_value=1.78907e-11 -0.0033162 -0.00637214 -0.00870626 -0.00472775 0.00837398 -0.0190234 0.000131249 -0.00443227 -0.0146329 -0.000686285 0.000279706 0.00310637 0.00853334 0.0130593 -0.00251273 0.000492604 -0.0121424 0.0186438 0.0247685 0.00700683 -4.47689e-05 0.0184143 2.86691e-05 -0.0098264 -0.00324363 -0.00861321 0.00227768 0.0128911 0.000901385
internal_weight=7985 304 241 212 153 63 59 7681 242 65 177 7439 766 249 197 52 517 64 145 95 50 6673 72 6649 75 54 52 453 52 401
internal_count=7985 304 241 212 153 63 59 7681 242 65 177 7439 766 249 197 52 517 64 145 95 50 6673 72 6649 75 54 52 453 52 401
is_linear=0
shrinkage=0.05


Tree=191
num_leaves=31
num_cat=0
split_feature=53 53 25 95 130 104 24 11 75 141 47 2 0 23 17 48 116 43 128 57 76 130 40 81 57 38 62 18 3 87
split_gain=1.349 3.36166 5.61949 3.95674 3.10749 2.96744 3.34311 3.06848 3.36761 3.05564 5.72028 5.05803 3.75467 5.28461 4.79891 4.4223 4.28151 4.64896 3.74803 4.06124 4.08026 6.44116 7.37019 5.1655 4.57511 4.10274 3.80829 3.62634 4.11897 4.70605
threshold=4.1959919624070894 4.5660739663613432 0.48295507092817641 23.837161755417675 0.98719000000000023 3.5166352914495054 5.8062605249733208 0.095263068921927221 22.425183645488836 1.0000000180025095e-35 9.48679997212807 0.10763888888888896 10.601400427174239 -2.1644379448530526 2.3514705882352946 17.179888437863259 1.0000000180025095e-35 13.626111049785646 48.683834986926065 155.57950967683402 4.5028476614490822 5.2063500000000067 3.0871450573024908 21.909004450695857 6.751336441644562 0.75119735614480332 22.972525496500918 16.575420181182938 -4.3106986305324586 27.675561812794552
decision_type=2 2 10 2 2 2 10 10 2 2 2 2 2 8 2 2 2 2 2 2 2 2 2 2 2 2 2 8 2 2
left_child=-1 2 3 -2 -5 7 -7 8 -3 18 11 -11 13 -12 -14 16 17 -16 19 20 21 22 26 24 27 -26 -9 -22 -29 -30
right_child=1 5 -4 4 -6 6 -8 9 -10 10 12 -13 14 -15 15 -17 -18 -19 -20 -21 23 -23 -24 -25 25 -27 -28 28 29 -31
leaf_value=-0.00063040207238721532 0.004611030808123558 0.017416311529210225 -0.011051997707949745 0.012613930227234961 0.038898791034113284 -0.0032935172771287493 0.015174525298610115 -0.0025193367579220576 -0.001538967966501202 -0.0042913242635716281 -0.0087944457136514744 0.017765125867421971 0.011193350433539206 0.0058683260421476969 -0.0026530334131856419 0.020529562309384349 0.0021677484585978521 -0.032754439277493434 0.020245143558297839 -0.021881257370114329 0.0087487748314311557 0.015507994709830537 -0.029874244779348375 -0.025077479854226117 -0.022885523397209392 -0.00063851363189721007 -0.013792535292709041 0.01031059156327198 0.00027893942376697222 -0.019785862536553078
leaf_weight=4114 46 53 27 23 22 38 69 447 42 35 174 101 142 95 29 20 87 23 21 23 253 38 30 20 21 1576 90 84 208 34
leaf_count=4114 46 53 27 23 22 38 69 447 42 35 174 101 142 95 29 20 87 23 21 23 253 38 30 20 21 1576 90 84 208 34
internal_value=2.52403e-14 0.000669975 0.00897964 0.0149231 0.0254643 0.000408707 0.00861578 0.000167852 0.00903608 -6.94001e-05 0.00287491 0.0120888 0.000676506 -0.00361614 0.00451279 -0.00145349 -0.00461652 -0.0159671 -0.000800045 -0.000956543 -0.000784723 -0.00442049 -0.00575608 0.000216934 0.000449419 -0.000931054 -0.0044087 0.00425705 0.000771134 -0.00254008
internal_weight=7985 3871 118 91 45 3753 107 3646 95 3551 706 136 570 269 301 159 139 52 2845 2824 2801 605 567 2196 2176 1597 537 579 326 242
internal_count=7985 3871 118 91 45 3753 107 3646 95 3551 706 136 570 269 301 159 139 52 2845 2824 2801 605 567 2196 2176 1597 537 579 326 242
is_linear=0
shrinkage=0.05


Tree=192
num_leaves=31
num_cat=0
split_feature=367 168 55 135 47 58 47 103 25 103 57 91 310 54 46 75 19 122 183 76 183 43 38 62 22 94 44 16 52 76
split_gain=1.35277 4.08425 4.32953 4.23349 4.59556 3.94758 4.07931 3.87358 4.13538 3.82625 4.00514 3.89036 3.75556 3.42922 3.22891 7.14598 9.14476 4.80382 4.49654 4.38632 3.90548 4.33198 6.1922 3.54704 4.66609 3.25774 3.55444 3.18184 5.61012 7.09583
threshold=1.0000000180025095e-35 1.0000000180025095e-35 17.727500099087916 1.0000000180025095e-35 15.11478629311959 41.410379466327534 10.214876562269112 5.8214403621871158 0.27316827205373967 8.8626407820685404 12.144688646859786 6.7942814019615811 1.0000000180025095e-35 4.7787241878891571 191.39044153762532 73.914926892799045 9.9567212461330339 27.500000000000004 1.5000000000000002 9.4917393108388808 1.0000000180025095e-35 15.831245544698227 3.5453624038669607 17.907757696748494 2.3586708746683018 11.270043659366053 17.459619214057145 0.72281323877068571 50.850939267638239 4.5028476614490822
decision_type=2 2 2 2 2 2 2 2 8 2 2 2 2 2 2 2 10 2 2 2 2 2 2 2 8 2 2 2 2 2
left_child=14 2 3 4 5 6 -2 8 13 10 11 12 -6 -8 15 18 -17 23 20 -20 27 22 -22 -16 -25 26 -26 28 29 -1
right_child=1 -3 -4 -5 9 -7 7 -9 -10 -11 -12 -13 -14 -15 17 16 -18 -19 19 -21 21 -23 -24 24 25 -27 -28 -29 -30 -31
leaf_value=-0.001042125233705493 0.0043513172314368657 -0.0021548124578460426 -0.01183010706703903 -0.004856638512617131 0.0086884608211582667 -0.0047312992295313085 -0.019510913291438059 0.013862835062253807 0.01350174559364942 -0.004327226706082001 0.023803169193898181 -0.0038290771250815495 0.033143719104118646 -0.0033732793299572138 0.023724224457982931 -0.040933391340076924 0.0014196417939204436 -0.0046168339023416908 -0.030258741021156312 -0.00064010164141654977 0.0074466559957284996 0.027513109452345155 -0.022194920806214213 -0.0085335896097655812 0.021104902783408763 0.030914991798345001 -0.0087046793755143886 -0.00091419586565097519 -0.011698993722287318 0.021396196595418995
leaf_weight=69 1115 779 54 176 73 178 55 27 22 40 57 46 20 82 40 25 26 74 25 25 148 22 20 35 20 20 20 4584 36 72
leaf_count=69 1115 779 54 176 73 178 55 27 22 40 57 46 20 82 40 25 26 74 25 25 148 22 20 35 20 20 20 4584 36 72
internal_value=-7.35341e-13 0.00090443 0.0021297 0.00252834 0.00328622 0.00225231 0.0032078 -0.00364717 -0.00662057 0.00976562 0.0126417 0.00806471 0.0139477 -0.00985189 -0.000468289 -0.000720233 -0.0193416 0.00562178 -0.000530333 -0.0154494 -0.000379665 0.00664997 0.0039179 0.0112341 0.00597504 0.0144384 0.00620011 -0.000660201 0.00591783 0.0104157
internal_weight=7985 2724 1945 1891 1715 1479 1301 186 159 236 196 139 93 137 5261 5052 51 209 5001 50 4951 190 168 135 95 60 40 4761 177 141
internal_count=7985 2724 1945 1891 1715 1479 1301 186 159 236 196 139 93 137 5261 5052 51 209 5001 50 4951 190 168 135 95 60 40 4761 177 141
is_linear=0
shrinkage=0.05


Tree=193
num_leaves=31
num_cat=0
split_feature=80 67 97 76 31 43 58 3 259 4 71 102 61 128 3 45 5 52 24 99 31 45 226 61 21 55 77 58 89 56
split_gain=1.40035 1.54625 1.48806 3.3264 6.315 6.14507 6.87353 5.02459 4.75418 5.93234 5.72139 5.1237 4.50271 7.54866 5.87246 7.798 6.16262 6.65992 5.60847 5.04829 4.97801 4.74914 4.35219 4.8049 4.46026 4.16841 3.75716 7.16594 4.1063 3.48877
threshold=39.731567316008572 71.853050474578637 0.19168249244142146 17.069820644245219 2.844012958870386 18.361860106842681 63.190316822085016 -4.7734837962962962 1.0000000180025095e-35 0.3052306422754627 16.943092621952268 2.4036111111111116 38.135959054401759 6.4010268646954946 0.25380857898715053 1.4209081331704774 3.1000000000000005 19.505526730992496 4.4523893458110759 0.90014930818006256 5.8295893609380505 94.944229307829104 1.0000000180025095e-35 47.748610179232877 -2.3175189111105681 5.2595634745176278 16.74699516094125 48.38730204457881 24.026504327666213 5.8349730760697751
decision_type=2 2 2 2 2 2 2 2 2 2 2 2 2 2 2 2 2 2 10 2 2 2 2 2 8 2 2 2 2 2
left_child=1 2 3 5 -5 12 8 -6 9 -7 11 -11 14 -14 15 18 -17 21 -1 20 -16 26 23 24 -9 -26 27 28 -18 -21
right_child=-2 -3 -4 4 7 6 -8 22 -10 10 -12 -13 13 -15 19 16 17 -19 -20 29 -22 -23 -24 -25 25 -27 -28 -29 -30 -31
leaf_value=0.040443100836128003 -0.010967276113685864 0.01392504047602415 -0.00047690944261412837 -0.030821551159024241 0.015747497630784184 0.0083405868218773428 -0.011141383678712431 -0.026405803063376383 -0.0048818625939580119 0.00092791410163044945 0.051736076567322022 0.035895072914321313 -0.037724140947684649 0.001433508930495009 -0.00069084625641839602 -0.02112373437870432 0.0021727929649263114 0.029104847717098894 0.011171114846430201 0.0027753109442070125 -0.010991130740708635 -0.018236634708699528 -0.024922139683495399 0.013977269078485477 0.00032211053822522558 -0.018544828624664143 -0.010996211338788272 0.030199964126572016 0.018818467033979221 -0.018027902544695062
leaf_weight=20 29 20 5307 20 36 68 31 22 26 20 20 22 20 32 269 27 741 24 90 500 208 27 23 39 179 35 45 25 39 21
leaf_count=20 29 20 5307 20 36 68 31 22 26 20 20 22 20 32 269 27 741 24 90 500 208 27 23 39 179 35 45 25 39 21
internal_value=-5.56399e-12 3.99762e-05 4.98364e-06 0.000977751 -0.00353095 0.00167932 0.0103627 -0.00189678 0.0146359 0.0185395 0.0297253 0.019244 0.00090165 -0.0136271 0.00127272 0.00390576 0.0024137 0.00311904 0.0164933 -0.00146586 -0.00518237 0.00240791 -0.0040283 -0.00228082 -0.00496754 -0.0027636 0.00306368 0.00384964 0.00300508 0.00193679
internal_weight=7985 7956 7936 2629 354 2275 187 334 156 130 62 42 2088 52 2036 1038 928 901 110 998 477 877 298 275 236 214 850 805 780 521
internal_count=7985 7956 7936 2629 354 2275 187 334 156 130 62 42 2088 52 2036 1038 928 901 110 998 477 877 298 275 236 214 850 805 780 521
is_linear=0
shrinkage=0.05


Tree=194
num_leaves=31
num_cat=0
split_feature=99 362 135 104 59 160 295 89 103 99 71 61 79 81 35 89 99 91 78 21 5 88 51 50 50 76 25 25 41 59
split_gain=1.3274 3.31416 2.32049 1.48737 1.76178 1.6144 1.82571 3.44873 4.90365 3.73356 3.5093 4.14917 3.08199 3.38607 5.09182 4.45435 2.81812 3.21406 4.98384 2.79546 2.8386 6.35261 2.78915 2.75683 3.90383 3.90363 6.31006 8.12029 4.81093 3.89037
threshold=10.990700831111253 1.0000000180025095e-35 1.5000000000000002 8.1153395351817945 64.006119530985004 1.0000000180025095e-35 1.0000000180025095e-35 16.941494901146573 2.1110355515663062 3.6506485211100577 4.7336352978531382 9.5602372530077577 59.337201949811778 21.610135109434918 3.7670631070096632 12.504190048391351 0.80225925401024678 11.885614322034387 9.7129893825878622 -2.3233037792973961 12.659420289855074 11.13172950258013 5.6395626757240223 7.7515561513042961 1.0000000180025095e-35 11.119063671123213 0.090871874740147893 -0.15116074151761863 -1.7402597402597402 11.092219373770583
decision_type=2 2 2 2 2 2 2 2 2 2 2 2 2 2 2 2 2 2 2 8 2 2 2 2 2 2 10 8 2 2
left_child=3 -2 -3 4 5 6 12 10 9 -9 11 -8 13 23 -15 -16 -12 -18 -19 -14 22 -22 -21 24 -1 26 27 -25 -27 -28
right_child=1 2 -4 -5 -6 -7 7 8 -10 -11 16 -13 19 14 15 -17 17 18 -20 20 21 -23 -24 25 -26 28 29 -29 -30 -31
leaf_value=-0.0003219019656161666 0.016508798981972394 0.01095640250435099 -0.0080426883552637378 0.011638344741529888 -0.014246626462872057 0.010341978473337116 -0.004425509232169134 0.0057420386590392274 0.01988386530993563 -0.021072104821602503 0.0087562034543799735 -0.030091920935346059 -0.010447034783040484 0.008314218389039691 -0.037121541422410781 -0.0056517941512815332 0.0032433653033484577 -0.034455653307959438 -0.0058608769009879328 0.0003727005005607175 0.029800939442855973 0.0021394060737471663 0.011863865919303204 -0.031959117067427462 0.003359164342226632 -0.0085977439358830461 -0.010450496883304031 0.00079964056309243597 0.0078554188263380408 -0.037548344077255866
leaf_weight=5769 42 25 45 27 22 37 32 34 33 21 38 31 30 22 22 23 51 20 64 225 35 51 69 22 823 75 27 135 109 26
leaf_count=5769 42 25 45 27 22 37 32 34 33 21 38 31 30 22 22 23 51 20 64 225 35 51 69 22 823 75 27 135 109 26
internal_value=1.45611e-11 0.00540499 -0.0012573 -7.68905e-05 -0.000117205 -7.74755e-05 -0.000126984 -0.00380137 0.00464639 -0.00449609 -0.00695139 -0.017055 3.2537e-05 -0.000212445 -0.0113993 -0.021037 -0.00327203 -0.00665776 -0.0126692 0.00424682 0.00540686 0.013397 0.00306961 -0.000105156 0.000137673 -0.00416792 -0.00882652 -0.00379076 0.00114897 -0.0237438
internal_weight=7985 112 70 7873 7846 7824 7787 324 88 55 236 63 7463 7053 67 45 173 135 84 410 380 86 294 6986 6592 394 210 157 184 53
internal_count=7985 112 70 7873 7846 7824 7787 324 88 55 236 63 7463 7053 67 45 173 135 84 410 380 86 294 6986 6592 394 210 157 184 53
is_linear=0
shrinkage=0.05


Tree=195
num_leaves=31
num_cat=0
split_feature=48 130 44 43 222 128 128 16 128 96 96 119 2 64 25 17 10 31 122 18 31 59 88 89 341 97 107 374 220 11
split_gain=1.34062 2.22368 4.63079 2.2968 2.9794 2.60417 2.46428 2.93349 2.14672 2.21165 3.30614 2.04804 2.55144 2.40963 2.05837 1.81974 6.60148 10.0256 4.90317 4.14973 4.28212 6.58702 3.71209 4.96585 5.80986 3.63989 3.88779 3.61306 3.18399 4.88446
threshold=60.563584722840467 -13.786900000000003 102.69262469764733 85.044772744595306 1.0000000180025095e-35 139.65495466110892 48.683834986926065 0.66458333333333341 39.894095108156172 -3.2589379044437128 -1.8761342592592591 7.5000000000000009 0.052470752476840306 24.444740795638094 -0.14081140760458602 1.1026315789473686 1.0000000180025095e-35 4.1556834456716105 20.500000000000004 35.53943078786687 11.495806454847802 13.058608199632042 6.4154584645210662 5.8989547455658675 1.0000000180025095e-35 25.452617542251236 1.0000000180025095e-35 1.0000000180025095e-35 1.0000000180025095e-35 2.5000000000000004
decision_type=2 2 2 2 2 2 2 2 2 2 2 2 2 2 10 2 2 2 2 10 2 2 2 2 2 2 2 2 2 8
left_child=1 -1 3 4 5 6 8 -8 9 -3 -11 13 -13 15 -15 16 19 -18 28 20 21 25 23 24 -22 26 -12 -28 29 -17
right_child=-2 2 -4 -5 -6 -7 7 -9 -10 10 11 12 -14 14 -16 18 17 -19 -20 -21 22 -23 -24 -25 -26 -27 27 -29 -30 -31
leaf_value=0.015559958313394379 -0.011799478402826935 0.014950167775154115 -0.022917228107425303 0.016567971335635298 -0.016887529810460714 -0.013542105012706349 -0.0018518736120313407 0.021970196702334632 -0.01428868349355001 -0.01887410285923144 -0.0099664118111031045 -0.001803045948036015 0.022872154220451857 -0.00084691583120729782 -0.023531550858169797 0.00020576864568280927 -0.012762641635808078 0.030555300814483096 0.020168205848219056 0.010206713781930334 -0.019799667290811028 -0.032151047769002621 -0.0068956779879338756 0.019262493383593676 0.012131318282978289 -0.027535119817475792 0.022648340348331703 -0.0057503610461329428 -0.019200630344095686 0.0192029876045554
leaf_weight=23 24 25 22 21 26 35 24 28 26 23 109 20 22 20 20 7007 22 34 31 43 28 32 130 41 29 20 21 24 21 34
leaf_count=23 24 25 22 21 26 35 24 28 26 23 109 20 22 20 20 7007 22 34 31 43 28 32 130 41 29 20 21 24 21 34
internal_value=-4.88149e-12 3.55718e-05 -9.40937e-06 5.42556e-05 1.03306e-05 6.61629e-05 0.000126961 0.0109754 5.44704e-05 0.000102552 5.45389e-05 0.00011102 0.0111221 5.06938e-05 -0.0121892 0.000114895 -0.00270269 0.0135375 0.000326621 -0.0046093 -0.00607725 -0.0113023 -0.0013564 0.00599163 -0.00355408 -0.00746802 -0.0048619 0.00750237 0.000239523 0.000297504
internal_weight=7985 7961 7938 7916 7895 7869 7834 52 7782 7756 7731 7708 42 7666 40 7626 533 56 7093 477 434 206 228 98 57 174 154 45 7062 7041
internal_count=7985 7961 7938 7916 7895 7869 7834 52 7782 7756 7731 7708 42 7666 40 7626 533 56 7093 477 434 206 228 98 57 174 154 45 7062 7041
is_linear=0
shrinkage=0.05


Tree=196
num_leaves=31
num_cat=0
split_feature=43 6 87 131 25 130 31 94 130 4 27 18 20 59 65 26 136 45 361 85 46 76 87 50 98 3 78 37 21 24
split_gain=1.35443 4.32069 7.52946 7.28763 6.77375 5.60746 3.91475 7.31325 3.04382 2.9963 3.21646 3.08283 2.77046 4.08074 4.30475 7.14708 6.19413 6.19687 4.16534 4.64608 4.07464 9.56069 3.58901 3.30684 3.38009 3.70077 3.10833 4.25087 8.92913 7.27489
threshold=6.0856172862961229 191.23400000000001 17.923187062956707 7.1165000000000012 -0.53670961584730315 -0.17179999999999773 4.0094920922090447 10.171744792058281 -0.79339999999999811 0.35800193024689236 2.9936260158692005 16.581266712474434 2.0678463119700408 27.323166258546976 10.324464248931966 2.0298397102140697 1.0000000180025095e-35 1.4672251509856213 1.0000000180025095e-35 9.8575975334445491 54.511243193693964 14.347463021776099 5.9125428877564508 5.5278129849998043 11.686593747115024 -0.49185544742588333 5.6286897432727292 2.6847661850980606 -2.0373248390510827 4.9961886689096877
decision_type=2 2 2 2 10 2 2 2 2 2 2 10 8 2 2 2 2 2 2 2 2 2 2 2 2 2 2 2 10 8
left_child=1 2 3 5 -5 -1 7 8 -2 10 11 -6 13 14 16 -16 18 -18 -8 23 21 -14 -17 24 25 -20 -22 -28 29 -29
right_child=6 -3 -4 4 9 -7 12 -9 -10 -11 -12 -13 20 -15 15 22 17 -19 19 -21 26 -23 -24 -25 -26 -27 27 28 -30 -31
leaf_value=-0.037880789637565616 0.010718788765370846 -0.01895145829766989 0.027150190422932308 0.031460232567042112 0.010471778013743461 -0.00043929246719926602 -0.0024090571930359891 -0.03747324384748936 -0.012903958518678944 0.0030666043776090661 -0.02265561815390053 -0.015230471310205758 0.0021007518174030403 -0.018542524679963077 -0.0074879099860003118 0.032368730877836545 0.0043761963194066831 -0.028381264332260583 -0.015172448894008995 -0.015222519640034685 -0.0019608159147765807 0.030575861629551733 0.0067174947652965779 0.021768965552161849 0.019998389007202511 0.00404473143662013 0.0029968407950741642 0.021044693593867125 -0.027106186978879478 -0.00048863639270337554
leaf_weight=20 25 24 30 20 28 20 1577 20 30 619 24 20 145 35 38 30 22 42 28 30 1180 37 25 28 29 238 1530 40 31 2020
leaf_count=20 25 24 30 20 28 20 1577 20 30 619 24 20 145 35 38 30 22 42 28 30 1180 37 25 28 29 238 1530 40 31 2020
internal_value=2.86036e-12 0.0019448 0.00258694 0.00160572 0.00277398 -0.01916 -0.000218046 -0.0115815 -0.00216635 0.0019437 -0.0077102 -0.000237493 -9.80934e-05 -0.00161109 -0.00132714 0.00918773 -0.00181755 -0.0171209 -0.00131008 0.00359951 0.000546211 0.00788965 0.0207091 0.00534768 0.00378905 0.00202187 0.00026783 0.000994095 -0.000471329 -7.05135e-05
internal_weight=7985 805 781 751 711 40 7180 75 55 691 72 48 7105 2122 2087 93 1994 64 1930 353 4983 182 55 323 295 266 4801 3621 2091 2060
internal_count=7985 805 781 751 711 40 7180 75 55 691 72 48 7105 2122 2087 93 1994 64 1930 353 4983 182 55 323 295 266 4801 3621 2091 2060
is_linear=0
shrinkage=0.05


Tree=197
num_leaves=31
num_cat=0
split_feature=19 0 20 20 263 89 96 22 20 27 94 4 23 13 88 67 315 118 131 16 17 44 48 16 105 28 90 99 66 37
split_gain=1.32641 3.79794 3.51195 5.29432 3.07701 2.8483 2.81988 5.09115 9.18691 4.53056 5.34691 5.2888 5.51198 4.94472 4.14676 3.58843 3.69918 3.48778 3.88108 3.23952 3.32291 3.0595 2.83557 2.77099 2.76211 2.69374 2.80852 2.56441 3.46832 4.99011
threshold=10.219165069557219 12.746248047839748 2.506772823980302 2.4385409985050335 1.0000000180025095e-35 5.0429255193533384 2.1654811103048881 2.4417115638662668 2.2370252157228023 3.2478347337367035 5.1491228163554785 0.43947298380921368 -2.0560686557853525 0.47924273156896496 24.363507450560132 5.3346374570380499 1.0000000180025095e-35 1.0000000180025095e-35 17.335300000000007 1.3771551724137934 2.1639784946236564 4.8200690193794449 5.7183352983704792 2.4058823529411768 0.73993558776167478 157.59223299221296 1.0000000180025095e-35 7.2465006530387548 32.105029787757907 5.2822247713950938
decision_type=10 2 10 10 2 2 2 10 10 2 2 2 10 10 2 2 2 2 2 2 2 2 2 2 2 2 2 2 2 2
left_child=23 2 3 4 6 -6 7 9 -9 14 22 12 13 -12 17 16 21 24 -19 -13 -21 -8 25 27 -2 -11 -27 -1 -29 -30
right_child=1 -3 -4 -5 5 -7 15 8 -10 10 11 19 -14 -15 -16 -17 -18 18 -20 20 -22 -23 -24 -25 -26 26 -28 28 29 -31
leaf_value=-0.00075818716754927286 -0.002376127628262201 0.018323342105553999 -0.015489101378868024 0.025349414818496868 0.013539692726484392 -0.0015639670696869796 0.0019244984868143141 0.040472419657137083 -0.00069254595701667395 -0.0074285804126411675 0.0014760104699000237 -0.015611771879983799 -0.041403408060696999 -0.0284111022236757 0.016291156248646042 -0.0055847199344032901 -0.013292584859300405 0.013789425166914058 0.0017123917853159023 0.018122407820863794 -0.0071564413087729086 0.019421314062284575 0.010281368836256691 0.016503606096375734 -0.022399133117869497 -0.0061358593990681349 0.015464067875462421 0.0010266138973778914 0.032018552381545308 0.002770506089021053
leaf_weight=5124 61 31 33 22 86 49 232 23 33 100 31 28 22 25 51 387 36 71 1055 26 26 28 61 24 24 27 34 175 25 35
leaf_count=5124 61 31 33 22 86 49 232 23 33 100 31 28 22 25 51 387 36 71 1055 26 26 28 61 24 24 27 34 175 25 35
internal_value=-2.30514e-11 0.000926893 0.000717134 0.000927853 0.00071431 0.00805762 0.000297953 0.00138926 0.0162145 0.00088365 -0.00390262 -0.010933 -0.0201974 -0.0118665 0.00232484 -0.00241514 0.00172888 0.00173666 0.00247391 -0.00190018 0.00548298 0.00380877 0.00110097 -0.000448036 -0.00802968 -0.00237732 0.00590344 -0.000523953 0.00458336 0.0149572
internal_weight=7985 2602 2571 2538 2516 135 2381 1698 56 1642 380 158 78 56 1262 683 296 1211 1126 80 52 260 222 5383 85 161 61 5359 235 60
internal_count=7985 2602 2571 2538 2516 135 2381 1698 56 1642 380 158 78 56 1262 683 296 1211 1126 80 52 260 222 5383 85 161 61 5359 235 60
is_linear=0
shrinkage=0.05


Tree=198
num_leaves=31
num_cat=0
split_feature=158 262 47 225 205 41 12 51 57 4 66 244 25 6 97 102 57 52 343 105 5 2 128 89 0 97 97 45 99 23
split_gain=1.3062 1.4569 4.05099 2.36745 1.97821 4.34331 2.87028 2.79026 2.39723 2.24331 2.3327 1.99249 2.62902 2.28582 1.89232 1.8877 5.4544 7.34414 5.7277 4.28723 4.20855 4.30967 3.90147 3.85665 3.73035 3.46117 5.78378 5.15114 5.99647 5.34414
threshold=6.5000000000000009 1.0000000180025095e-35 14.795744410684719 1.0000000180025095e-35 1.0000000180025095e-35 -1.2699999999999996 -0.49648475498826589 5.1215277623766253 6.751336441644562 0.69023102921730173 12.903610637345304 1.0000000180025095e-35 0.049757800731263131 277.34350000000006 15.689140605316204 0.2675206687954183 5.9934006936586277 10.802844932642989 1.0000000180025095e-35 0.37171052631578955 17.056079664570237 0.030370370370370717 7.0257677715441238 12.347560733442114 11.563131940375429 0.19168249244142146 8.0033333333333356 8.3164652212783956 0.92238202842865613 -1.8463401061290476
decision_type=2 2 2 2 2 2 10 2 2 2 2 2 8 2 2 2 2 2 2 2 2 2 2 2 2 2 2 2 2 10
left_child=1 3 14 4 11 6 -6 9 -9 -8 -11 15 -13 -14 -3 -1 17 19 -19 23 25 -22 -23 -17 -21 27 -27 -18 29 -29
right_child=-2 2 -4 -5 5 -7 7 8 -10 10 -12 12 13 -15 -16 16 20 18 -20 24 21 22 -24 -25 -26 26 -28 28 -30 -31
leaf_value=0.00078292283862760673 0.012761886771768333 -0.0058484620042145259 0.007844246537597091 -0.013759188287921491 -0.013844595347409665 0.027213640958070759 0.0030198433073010387 0.011017507715150714 -0.010273863864728274 0.0075884778611361977 0.031737492205575112 0.0038707178025957079 -0.0053684206151713926 -0.02631939403388811 -0.027098783359608872 0.0037953773004764505 -0.002282494870261055 -0.017847256996901706 0.0066091586441661306 0.0087809982540955605 0.010242371461238743 -0.0012805470830893942 0.012659762593155557 -0.017469946710237615 0.027664248642201225 -0.01561004154125948 -0.0032336007520389811 0.0073269162930294195 0.024939812157446378 -0.018714178601900736
leaf_weight=4063 20 20 27 31 23 20 41 20 39 20 20 31 30 23 22 191 517 62 39 204 121 574 55 24 30 101 1444 110 39 24
leaf_count=4063 20 20 27 31 23 20 41 20 39 20 20 31 30 23 22 191 517 62 39 204 121 574 55 24 30 101 1444 110 39 24
internal_value=-9.31805e-12 -3.20449e-05 -0.00726591 3.11689e-05 8.55238e-05 0.00522322 0.00252501 0.0052143 -0.00305645 0.0112387 0.019663 -3.6866e-05 -0.00769531 -0.0144604 -0.0169796 4.78023e-05 -0.000797118 0.00377839 -0.00840369 0.00651868 -0.00164018 0.00160077 -6.16011e-05 0.00142157 0.0112019 -0.00272775 -0.00404268 0.000216556 0.00768482 0.00266284
internal_weight=7985 7965 69 7896 7865 183 163 140 59 81 40 7682 84 53 42 7598 3535 550 101 449 2985 750 629 215 234 2235 1545 690 173 134
internal_count=7985 7965 69 7896 7865 183 163 140 59 81 40 7682 84 53 42 7598 3535 550 101 449 2985 750 629 215 234 2235 1545 690 173 134
is_linear=0
shrinkage=0.05


Tree=199
num_leaves=31
num_cat=0
split_feature=187 12 319 289 16 103 25 92 139 53 103 76 50 70 71 19 16 99 183 59 64 100 25 100 3 2 100 19 38 19
split_gain=1.272 4.41835 6.92688 3.21608 3.3848 3.42051 3.19539 3.18649 2.6848 3.02486 4.12412 3.20481 2.37752 3.61297 2.99502 2.19939 2.08646 2.0205 2.09942 5.3768 3.46507 3.83359 3.5278 4.29335 3.23134 4.02066 3.72898 3.07357 2.95465 2.82009
threshold=1.0000000180025095e-35 -0.5059815860193061 1.0000000180025095e-35 1.0000000180025095e-35 1.2788888888888892 6.4268427973041069 -0.15263483967455752 24.172892062148666 1.5000000000000002 9.5742893742853354 4.4354256424792142 4.7419427035088049 8.7848772226755063 6.0398430761895563 14.727990615257948 10.140187265477559 1.5797962648556878 10.990700831111253 1.0000000180025095e-35 6.5458838797968317 4.9371265901661001 -0.33241688854375478 0.09769211834653925 -0.024539695544523173 -0.81437925170068015 0.067188681027966948 -1.7396960981872593 10.040825004863139 2.5210400189354956 9.9339114869709828
decision_type=2 8 2 2 2 2 10 2 2 2 2 2 2 2 2 10 2 2 2 2 2 2 10 2 2 2 2 8 2 8
left_child=8 2 -2 4 -3 7 -5 12 17 10 11 16 13 14 -6 -9 -10 18 29 27 22 -22 24 -24 26 -26 -21 -20 -29 -1
right_child=1 3 -4 6 5 -7 -8 15 9 -11 -12 -13 -14 -15 -16 -17 -18 -19 19 20 21 -23 23 -25 25 -27 -28 28 -30 -31
leaf_value=-0.0033884484907929866 -0.027835988969002901 -0.020100032075840449 0.0085174972843378785 -0.010509086830605722 0.00047733460022353157 0.015788944877684116 0.0076022546354675138 -0.0046820215435455677 0.017498300910961849 -0.0063436135607737344 -0.0061373303910451276 0.027112322074134609 -0.013724432680090624 -0.016506644482884941 0.020706098126247525 -0.026548181170516688 -0.0025475547662936154 0.0070345070464171329 0.019391995598943751 0.0076871942893108908 0.00056276774205463501 0.025773271083831789 -0.02792257756270744 0.0026421158295124769 0.012635725186630274 -0.0025772673424751483 -0.011779081639689866 0.0093868361376450368 -0.012021738523617388 4.2906412527349302e-05
leaf_weight=667 38 28 20 29 215 25 152 23 27 34 28 37 35 29 20 23 25 102 61 34 38 25 27 20 78 98 89 83 20 5855
leaf_count=667 38 28 20 29 215 25 152 23 27 34 28 37 35 29 20 23 25 102 61 34 38 25 27 20 78 98 89 83 20 5855
internal_value=1.25856e-11 -0.00214334 -0.0153003 -0.000825374 -0.00333837 -0.00206992 0.00470044 -0.00336404 0.000185807 0.00678406 0.0105989 0.0158643 -0.00147926 0.000144152 0.00219893 -0.0156151 0.00786087 4.73692e-05 -5.30801e-05 0.00284865 -0.000218361 0.0105669 -0.00218216 -0.0149163 -0.000180466 0.00416485 -0.00639816 0.0104975 0.00522983 -0.000308016
internal_weight=7985 637 58 579 398 370 181 345 7348 151 117 89 299 264 235 46 52 7197 7095 573 409 63 346 47 299 176 123 164 103 6522
internal_count=7985 637 58 579 398 370 181 345 7348 151 117 89 299 264 235 46 52 7197 7095 573 409 63 346 47 299 176 123 164 103 6522
is_linear=0
shrinkage=0.05


Tree=200
num_leaves=31
num_cat=0
split_feature=80 180 45 25 98 128 111 91 21 27 100 104 31 31 15 10 10 128 87 128 104 23 80 58 16 58 2 118 45 53
split_gain=1.24017 1.35702 2.44253 2.90115 3.53432 2.29963 1.98353 1.911 1.78595 4.14461 4.6671 4.00498 3.63077 6.03737 4.9946 5.63705 5.13127 6.71508 4.68578 5.35672 4.59802 4.25815 4.19864 4.17622 3.47584 3.48415 3.26414 3.41779 4.69022 4.57986
threshold=39.731567316008572 1.0000000180025095e-35 3.5887305826042097 -0.15003475706280192 8.9671799414210138 5.856303296822996 1.5000000000000002 6.7942814019615811 -2.0661905353356294 4.040693655797873 -1.0000000180025095e-35 -7.6879941874461837 9.1312565305189768 9.2206045954479396 0.45141620771046426 1.5000000000000002 1.0000000180025095e-35 4.9973503966548467 58.307166390490529 139.65495466110892 -4.6660093066361004 -2.1977139762904065 15.166297904812703 34.184375154004634 1.1961538461538463 11.634645079344743 0.0097130102040815531 3.5000000000000004 1.3827534207676762 4.8625797684963734
decision_type=2 2 2 8 2 2 2 2 8 2 2 2 2 2 2 2 2 2 2 2 2 8 2 2 2 2 2 2 2 2
left_child=1 8 3 -3 6 -4 7 -5 11 12 -11 -1 14 -14 -10 16 18 -18 19 20 -16 24 -23 -22 -15 -26 -13 29 -29 -28
right_child=-2 2 5 4 -6 -7 -8 -9 9 10 -12 26 13 21 15 -17 17 -19 -20 -21 23 22 -24 -25 25 -27 27 28 -30 -31
leaf_value=0.01667952762916684 -0.010320997710243383 -0.018913520285859704 -0.027071508038789036 -0.007650186787213898 0.020879634339362383 -0.0033814330125183224 -0.013462044054592429 0.007937415086381211 0.022380307406187058 0.030284667045444899 -0.00036550807050877705 0.0065480046758660026 -0.02757791554927826 0.0029750513593451338 -0.017897728173476127 -0.02324153561718189 0.037430743234498159 0.002200143654389601 0.023379350631009967 -0.025485667621805555 0.00044313885524051213 -0.0010679424958257473 -0.021452631471821897 -0.010166380725665175 -0.0023922878034088927 -0.026060376779969377 0.00064349288901341178 -0.018726437107512827 -0.00093627012259497172 0.0070613052481648458
leaf_weight=40 29 20 20 32 20 21 28 51 25 23 27 229 25 26 36 26 21 38 21 21 2743 888 26 96 23 48 1524 38 1480 340
leaf_count=40 29 20 20 32 20 21 28 51 25 23 27 229 25 26 36 26 21 38 21 21 2743 888 26 96 23 48 1524 38 1480 340
internal_value=1.00376e-11 3.76205e-05 -0.00411486 -0.00117624 0.00153174 -0.0149376 -0.00195437 0.00192774 0.000140309 -0.000574168 0.0137336 0.000945198 -0.000750242 -0.00330513 0.000124177 -6.11667e-05 0.00014135 0.0147398 -0.000153923 -0.000324572 -0.000140786 -0.00270492 -0.00164781 8.43809e-05 -0.0126657 -0.0183932 0.000770904 0.000379729 -0.00138161 0.00181412
internal_weight=7985 7956 192 151 131 41 111 83 7764 4113 50 3651 4063 1036 3027 3002 2976 59 2917 2896 2875 1011 914 2839 97 71 3611 3382 1518 1864
internal_count=7985 7956 192 151 131 41 111 83 7764 4113 50 3651 4063 1036 3027 3002 2976 59 2917 2896 2875 1011 914 2839 97 71 3611 3382 1518 1864
is_linear=0
shrinkage=0.05


Tree=201
num_leaves=31
num_cat=0
split_feature=60 23 83 94 22 14 24 60 41 24 5 78 98 37 4 375 100 89 89 98 131 38 247 32 0 99 31 83 57 55
split_gain=1.26434 3.51926 4.11829 4.78327 5.80241 4.69976 3.97041 2.95117 3.86752 3.4264 7.74839 3.32471 2.85665 2.84094 2.64914 2.62258 2.59884 2.50071 4.41551 3.75928 3.65799 5.01787 3.80094 4.05221 4.50369 4.4616 4.87886 4.98615 3.66839 3.53952
threshold=26.377959302014244 -2.2872214274246407 72.870000000000019 4.9386950618498426 2.2327916105307275 0.29979506961953489 5.7500380200888044 21.307596810917712 -1.71525974025974 5.9818249026290511 10.794736842105264 27.667331674995381 18.066658202632912 6.3283213847441671 0.31387540488556037 1.0000000180025095e-35 -0.064222804862685487 24.305381835895151 24.168831531191852 32.5504410600456 106.51535000000005 4.9861843184483972 1.0000000180025095e-35 11.570008266936687 13.250303300579493 0.97162391345427124 14.911524373244529 72.575000000000017 11.960159282076228 12.780341628441878
decision_type=2 10 2 2 10 10 8 2 2 8 2 2 2 2 2 2 2 2 2 2 2 2 2 2 2 2 2 2 2 2
left_child=7 6 14 -4 -5 -6 15 17 9 12 -11 -10 -9 16 -3 -2 -12 18 20 29 22 -22 23 24 -1 28 27 -27 -25 -19
right_child=1 2 3 4 5 -7 -8 8 11 10 13 -13 -14 -15 -16 -17 -18 19 -20 -21 21 -23 -24 25 -26 26 -28 -29 -30 -31
leaf_value=-4.168359558901974e-05 -0.028255054306937383 -0.015425747069530189 -0.0044154684545229311 0.0020596413019423683 0.050568381920456887 0.018049997337162494 0.0013401583924529737 -0.029505074035489201 -0.0032474342151544988 0.017397543951740552 -0.026930288139394382 0.014318512532756561 -0.0070979773500002927 0.0016277606692165138 0.0046330785361288858 -0.003739583678543568 -0.0056890980185319989 0.0015406013973589122 -0.018828777811722833 0.023989659999497235 -0.025442052217981511 -0.0034519560942602046 -0.017747693577160436 0.014187584417231848 -0.019794735199257989 -0.013587945007852147 0.028133965787909384 0.019169142921097004 -0.0062478513456881053 0.022327860382695994
leaf_weight=5821 20 20 23 24 20 25 264 33 107 29 36 36 25 25 93 24 24 824 32 20 31 159 30 32 29 21 41 26 70 21
leaf_count=5821 20 20 23 24 20 25 264 33 107 29 36 36 25 25 93 24 24 824 32 20 31 159 30 32 29 21 41 26 70 21
internal_value=-2.46174e-12 0.00240118 0.00747734 0.0153314 0.0219138 0.0325026 -0.000977433 -0.000164856 -0.00490137 -0.00995304 -0.00491935 0.00117476 -0.0198468 -0.0125333 0.00108284 -0.014883 -0.0184338 4.36114e-05 -0.000302926 0.00256432 -0.000208225 -0.00703981 5.61421e-06 9.37929e-05 -0.000139605 0.00727998 0.0155289 0.004533 0.000163266 0.00205721
internal_weight=7985 513 205 92 69 45 308 7472 315 172 114 143 58 85 113 44 60 7157 6292 865 6260 190 6070 6040 5850 190 88 47 102 845
internal_count=7985 513 205 92 69 45 308 7472 315 172 114 143 58 85 113 44 60 7157 6292 865 6260 190 6070 6040 5850 190 88 47 102 845
is_linear=0
shrinkage=0.05


Tree=202
num_leaves=31
num_cat=0
split_feature=138 4 99 260 31 72 114 37 47 53 64 12 307 64 24 58 299 101 90 56 93 15 208 98 344 325 98 98 26 311
split_gain=1.21077 2.76414 2.76105 2.7512 2.62237 2.40079 1.96304 2.80051 2.40686 2.63447 2.17487 4.30499 2.56407 2.48252 4.93687 5.51985 4.06346 3.23741 3.16695 2.80428 4.39072 3.47583 3.16827 2.84271 4.07772 3.56859 2.86125 3.44309 2.76945 2.31178
threshold=1.0000000180025095e-35 0.67109314294315581 7.2465006530387548 1.0000000180025095e-35 9.8579673776621402 5.4094723772614488 1.5000000000000002 2.8653423574816794 5.0413301646241235 13.885383993574996 14.732096228472434 -0.32348462736251316 1.0000000180025095e-35 10.11838119944141 6.0816325047341682 17.6424256638449 1.0000000180025095e-35 -1.563127507568518 7.0787347619773628 5.8349730760697751 36.193116990929191 0.71240601503759404 1.5000000000000002 27.004364107538489 1.0000000180025095e-35 1.0000000180025095e-35 10.754518168569847 3.4220617205215427 2.8295615375147345 1.0000000180025095e-35
decision_type=2 2 2 2 2 2 2 2 2 2 2 10 2 2 10 2 2 2 2 2 2 2 2 2 2 2 2 2 2 2
left_child=6 2 3 5 -3 -2 10 -8 -9 -10 13 12 -12 17 15 -15 -16 -1 -17 22 21 -21 -19 24 28 26 27 -26 29 -23
right_child=1 4 -4 -5 -6 -7 7 8 9 -11 11 -13 -14 14 16 18 -18 19 -20 20 -22 23 -24 -25 25 -27 -28 -29 -30 -31
leaf_value=-0.018040325798094274 -0.0019002836860447854 -0.0045116717033591627 0.016171769045302594 -0.012087124051457203 -0.026011159368183302 0.015250548798081583 0.01109350298017686 -0.014642209205582428 -0.0021012741953811863 0.019089699814212508 0.0032459280396834379 -0.022575266848528577 -0.012761374368953207 0.0012182064624962359 0.0016546911669997719 0.03001320581974053 -0.021620737625793977 0.00022171544744149704 0.0092039165228153721 0.012224865451111998 -0.023018392272017622 -0.0011824085219996052 0.019674347846635753 0.01504796851426363 -0.014807599981625875 0.002025154121220112 -0.0059886384118969247 -0.041590270809829237 0.014315094172954561 -0.012138556680854477
leaf_weight=25 111 37 22 54 23 25 97 24 55 20 82 31 36 71 127 41 22 6441 33 38 27 310 21 20 30 30 30 20 25 57
leaf_count=25 111 37 22 54 23 25 97 24 55 20 82 31 36 71 127 41 22 6441 33 38 27 310 21 20 30 30 30 20 25 57
internal_value=-1.01156e-11 -0.00327861 -0.000597139 -0.0025388 -0.0127531 0.00125244 0.000115621 0.00505551 -0.000860496 0.00354965 -1.31833e-05 -0.0059938 -0.00163766 0.00010776 0.0046097 0.0111777 -0.00178195 -7.93434e-05 0.0207334 -1.56429e-05 -0.00332453 -0.002375 0.000284932 -0.00343783 -0.00417431 -0.0126813 -0.0181962 -0.0255207 -0.00178716 -0.00288404
internal_weight=7985 272 212 190 60 136 7713 196 99 75 7517 149 118 7368 294 145 149 7074 74 7049 587 560 6462 522 502 110 80 50 392 367
internal_count=7985 272 212 190 60 136 7713 196 99 75 7517 149 118 7368 294 145 149 7074 74 7049 587 560 6462 522 502 110 80 50 392 367
is_linear=0
shrinkage=0.05


Tree=203
num_leaves=31
num_cat=0
split_feature=79 41 101 52 48 11 3 35 38 84 55 279 79 92 359 71 24 25 102 15 113 41 101 78 4 42 36 60 370 5
split_gain=1.20059 2.74925 4.56578 3.56813 3.54876 2.46628 3.28137 3.28729 5.75217 2.65043 2.72219 2.5992 3.70103 3.8096 3.7576 3.22803 2.73258 2.24877 2.17618 2.11263 3.67404 2.21877 2.05471 3.53652 2.13557 2.92023 3.925 2.90715 2.32074 2.33247
threshold=58.326730017914578 -3.3949999999999991 6.4323732783019851 11.926953645051391 11.142060344245763 0.33739486642330307 -0.639282276182078 6.2280724917499031 5.9465168618492292 26.150979514681087 8.1202470537305569 1.0000000180025095e-35 66.734864272263863 11.703858506766915 1.0000000180025095e-35 10.457469483758382 6.2738205623385204 0.098002937029289736 1.9252596468113996 0.58477011494252884 2.5000000000000004 -2.2287662337662333 16.535702329623394 13.093101034234328 0.048455044417232356 12100433.010899702 10.269330030427552 45.142095992622878 1.0000000180025095e-35 11.935416666666669
decision_type=2 2 2 2 2 10 2 2 2 2 2 2 2 2 2 2 8 10 2 2 2 2 2 2 2 2 2 2 2 2
left_child=1 2 3 -1 -4 9 7 -7 -9 10 11 12 15 16 -15 19 -14 -13 -10 -2 21 -21 24 -24 -3 27 -27 -26 -28 -30
right_child=5 22 4 -5 -6 6 -8 8 18 -11 -12 17 13 14 -16 -17 -18 -19 -20 20 -22 -23 23 -25 25 26 28 -29 29 -31
leaf_value=0.018453566455060529 0.018417212731825807 -0.012121459244776311 -0.0045996930163640249 -0.010693568000126453 -0.030038930527095137 0.013423322321920606 -0.019015603840351107 -0.028016080013476316 0.0044761647663936754 0.019253289204990046 -0.0089161546948628555 0.028225510585166161 -0.028166900929950535 0.014750682844573426 -0.0092092528504629928 0.025740470109588427 -0.0029512742534279824 0.005086341479216658 -0.0096979175569808958 0.017405975876996917 -0.017188619328662752 -0.00048781792440156385 -0.016981473670381567 0.0048681274657287913 -3.480835854303843e-06 0.022856466255841718 0.015703197658337928 -0.018634734347107867 0.011284955328813306 -0.0062800192392416425
leaf_weight=21 24 36 26 21 29 38 25 20 101 29 39 21 21 36 30 23 22 21 37 30 20 41 46 31 7028 31 27 21 27 63
leaf_count=21 24 36 26 21 29 38 25 20 101 29 39 21 21 36 30 23 22 21 37 30 20 41 46 31 7028 31 27 21 27 63
internal_value=4.77461e-12 -0.000171267 -0.00853362 0.00388 -0.0180131 0.00219476 -0.00195636 0.000219563 -0.00295602 0.00476451 0.00348349 0.00515679 0.00320147 -0.00368519 0.0038598 0.00864094 -0.0152659 0.0166559 0.000675867 0.00522104 0.00174073 0.00707294 -6.03026e-05 -0.00818488 2.61889e-05 8.69524e-05 0.00703777 -5.89861e-05 0.00284649 -0.00101053
internal_weight=7985 7407 97 42 55 578 221 196 158 357 328 289 247 109 66 138 43 42 138 115 91 71 7310 77 7233 7197 148 7049 117 90
internal_count=7985 7407 97 42 55 578 221 196 158 357 328 289 247 109 66 138 43 42 138 115 91 71 7310 77 7233 7197 148 7049 117 90
is_linear=0
shrinkage=0.05


Tree=204
num_leaves=31
num_cat=0
split_feature=158 59 59 23 94 2 128 226 4 43 128 222 52 23 10 44 4 27 4 2 4 15 2 87 198 83 97 102 61 52
split_gain=1.22625 1.37594 2.39717 5.42729 2.18503 1.96552 3.08192 1.6667 12.2095 2.15732 2.83262 3.03566 2.74174 6.57088 14.5983 7.84547 6.258 5.64233 5.03071 5.37199 5.64187 7.48469 3.6908 4.38897 3.91514 3.34223 5.45782 4.8239 4.04521 5.52209
threshold=6.5000000000000009 49.09884082577112 39.2930646747891 -2.2463668656121687 4.602462349164866 0.1291771215296649 15.063074057712795 1.0000000180025095e-35 0.39178514398687408 85.044772744595306 139.65495466110892 1.0000000180025095e-35 17.617433582326015 -1.0000000180025095e-35 1.0000000180025095e-35 2.9171162213962569 0.5624678969789435 2.8288846752651913 0.49922323964817539 0.30160029289493612 0.42159505396855473 0.81365740740740755 0.062788126112761647 31.499958678540008 1.0000000180025095e-35 83.085000000000022 19.671316334404136 1.5774768518518518 61.324659197721751 24.073273436025485
decision_type=2 2 2 10 2 2 2 2 2 2 2 2 2 8 2 2 2 2 2 2 2 2 2 2 2 2 2 2 2 2
left_child=1 2 7 4 -4 6 -3 9 -9 10 11 12 13 -1 -15 -16 18 -18 19 22 21 -21 24 -24 25 26 27 -14 29 -27
right_child=-2 5 3 -5 -6 -7 -8 8 -10 -11 -12 -13 16 14 15 -17 17 -19 -20 20 -22 -23 23 -25 -26 28 -28 -29 -30 -31
leaf_value=-6.3421731119409875e-05 0.01236517170444131 0.014341898618731648 0.010088059566272744 0.031240218728780744 -0.010082921041641386 -0.017558742211096819 -0.011171268925456139 0.0078324358206656244 -0.035747933983802792 0.012973539112135769 -0.014227646589279176 -0.019425266608595851 0.009135862327469834 -0.045081942827136331 0.025187304820865394 -0.019100031363777817 0.036295948448913318 0.0022984780725496617 -0.015606936033910666 0.0060284678451716905 -0.0063380523584783081 0.045119689148850742 -0.024296716594233596 0.0061496336443815384 -0.019080994450487197 0.012991528520765511 0.031267637164210493 -0.012890542224631646 0.0047714508914699161 -0.015103665259602952
leaf_weight=6922 20 20 29 20 25 27 29 45 25 32 35 20 145 26 20 20 26 23 39 25 20 24 29 20 20 23 23 30 150 73
leaf_count=6922 20 20 29 20 25 27 29 45 25 32 35 20 145 26 20 20 26 23 39 25 20 24 29 20 20 23 23 30 150 73
internal_value=-9.98127e-12 -3.10488e-05 3.34531e-05 0.00899034 0.000749643 -0.00672651 -0.000757731 -5.13594e-05 -0.00773198 1.80587e-05 -3.56915e-05 2.90023e-05 7.981e-05 -0.000213135 -0.0159149 0.00304364 0.00313519 0.020338 0.0017778 0.00294276 0.0160409 0.0251752 0.00118102 -0.0118696 0.00255921 0.003534 0.00836939 0.00535991 -0.000357906 -0.00837253
internal_weight=7985 7965 7889 74 54 76 49 7815 70 7745 7713 7678 7658 6988 66 40 670 49 621 582 69 49 513 49 464 444 198 175 246 96
internal_count=7985 7965 7889 74 54 76 49 7815 70 7745 7713 7678 7658 6988 66 40 670 49 621 582 69 49 513 49 464 444 198 175 246 96
is_linear=0
shrinkage=0.05


Tree=205
num_leaves=31
num_cat=0
split_feature=18 147 23 19 29 40 43 28 102 0 89 25 2 20 7 9 9 61 101 4 215 59 0 7 7 30 28 131 25 90
split_gain=1.1876 3.14144 3.10239 3.34625 2.60238 4.45823 2.97409 2.529 2.98474 2.46205 3.65969 2.45049 3.63381 2.1562 2.0656 4.39565 7.2055 3.97734 1.85481 2.19089 5.03463 7.71525 4.80615 4.36726 6.21467 6.88894 5.00037 4.68906 3.87036 3.77632
threshold=16.13849123655616 1.5000000000000002 -1.9207366970682138 10.170860532959098 10.436016360093353 3.8033106787262478 7.598153253012863 49.479392277925882 3.8133352929649234 2.3776388888888893 6.4154584645210662 1.1112292961910688 0.625 1.9968583672469971 50.023500000000006 8.5000000000000018 14.500000000000002 22.132282554850519 33.18583703336126 0.24254902207191634 6.5000000000000009 6.0711935876477465 10.843497260015118 380.30650000000026 418.02200000000022 15.687455160530364 368.93361873654186 108.92445000000002 0.090871874740147893 49.820710026842214
decision_type=8 2 10 10 2 2 2 2 2 2 2 10 2 10 2 2 2 2 2 2 2 2 2 2 2 2 2 2 10 2
left_child=1 4 3 -3 6 9 -1 -8 11 -6 -11 12 -9 -5 -2 17 -17 -16 19 23 29 -22 28 26 -25 -26 -18 -27 -23 -21
right_child=14 2 -4 13 5 -7 7 8 -10 10 -12 -13 -14 -15 15 16 18 -19 -20 20 21 22 -24 24 25 27 -28 -29 -30 -31
leaf_value=0.0017016406664680705 -0.01287210919399513 0.020188201542588928 0.020310963841066475 -0.014913702197372914 0.00041161805807434496 -0.013767728302627803 -0.023197700288146734 -0.0068740488693583767 0.0028122959416482206 0.032794063467355 0.008829473457158064 0.0042764707747846844 -0.032173192339144986 0.0054345766641199595 0.031969485171139241 -0.02881252950226719 0.0051167763297216623 0.0027755411092324983 -0.012997184856794776 -0.000292969932247501 -0.029839300105555189 0.018081692245323213 -0.016602657484408055 -0.019496803408538974 -0.022125389402000501 0.025967187548733575 0.026041263207379317 0.0022265884942572816 -0.0091613952324471684 0.013367804243941517
leaf_weight=302 32 21 42 23 47 24 20 40 76 21 66 20 22 30 20 22 138 28 28 6282 36 32 36 37 28 22 36 381 22 51
leaf_count=302 32 21 42 23 47 24 20 40 76 21 66 20 22 30 20 22 138 28 28 6282 36 32 36 37 28 22 36 381 22 51
internal_value=-5.92797e-12 0.00188834 0.0094572 0.00329695 0.000512185 0.00607811 -0.00131993 -0.00644642 -0.004326 0.00963259 0.014614 -0.010942 -0.0158512 -0.00339581 -0.000196904 -0.000140561 -0.000241785 0.0149397 -0.000153616 -0.000102973 -0.000379862 -0.0102766 -0.00245147 0.00268274 0.000168196 0.00185637 0.00944598 0.0035226 0.00698266 -0.000182959
internal_weight=7985 754 116 74 638 158 480 178 158 134 87 82 62 53 7231 7199 7151 48 7129 7101 6459 126 90 642 468 431 174 403 54 6333
internal_count=7985 754 116 74 638 158 480 178 158 134 87 82 62 53 7231 7199 7151 48 7129 7101 6459 126 90 642 468 431 174 403 54 6333
is_linear=0
shrinkage=0.05


Tree=206
num_leaves=31
num_cat=0
split_feature=48 130 44 43 222 128 128 16 128 45 13 45 44 77 25 33 76 45 59 5 5 2 128 24 27 130 0 0 85 0
split_gain=1.20982 1.86527 4.10425 2.01456 2.3675 2.1383 2.14316 2.44453 1.92722 1.92603 5.43227 2.19902 7.00786 1.87597 3.37615 2.53031 6.05143 4.80196 4.62121 3.57874 4.44513 3.91416 3.0301 4.58156 4.37049 3.20173 2.6668 4.57753 5.9233 3.56279
threshold=60.563584722840467 -13.786900000000003 102.69262469764733 85.044772744595306 1.0000000180025095e-35 139.65495466110892 48.683834986926065 0.66458333333333341 39.894095108156172 274.58676742449973 0.50414373892048081 62.628507673170454 3.1625203512207714 37.533905513208836 -0.17047710388596357 1.3834695521042228 17.069820644245219 2.2718008261501859 14.079722853587901 7.9545454545454559 7.0250000000000012 0.25385314342417992 2.1087159430094009 6.6832821828178757 3.1384666775600523 0.18095000000000028 4.6684027777777795 8.5433333333333348 4.4777316663030753 8.221259802532126
decision_type=2 2 2 2 2 2 2 2 2 2 8 2 2 2 10 2 2 2 2 2 2 2 2 8 2 2 2 2 2 2
left_child=1 -1 3 4 5 6 8 -8 9 11 -11 13 -13 15 -15 16 18 -18 22 20 -17 -22 23 24 25 -3 -24 29 -29 -28
right_child=-2 2 -4 -5 -6 -7 7 -9 -10 10 -12 12 -14 14 -16 19 17 -19 -20 -21 21 -23 26 -25 -26 -27 27 28 -30 -31
leaf_value=0.014252128324511906 -0.011209094128571451 0.018352225317950038 -0.02157357479022308 0.015518359724609626 -0.015051630282631288 -0.012269963387932098 -0.001476329293412467 0.020269931856143689 -0.013541437757129855 -0.010061963103711605 0.019247717899811823 0.011452742072817108 -0.025445725303143263 -0.023741445722787278 0.001062175809570095 0.005165230976750276 -0.030737388763754144 0.0030756979914648192 0.029596522587817167 9.8256324603369875e-05 -0.028228759517272314 -0.0065200832701520998 0.00021098912257002669 -0.021989152749831029 -0.013709355052560568 -0.0025351338117616251 0.014168593643202646 -0.017195282709629587 0.015664539614226671 0.038486597351729872
leaf_weight=23 24 43 22 21 26 35 24 28 26 25 43 22 31 23 34 42 21 21 20 7059 33 56 64 22 28 32 61 24 32 20
leaf_count=23 24 43 22 21 26 35 24 28 26 25 43 22 31 23 34 42 21 21 20 7059 33 56 64 22 28 32 61 24 32 20
internal_value=3.37359e-12 3.3792e-05 -7.40497e-06 5.25313e-05 1.13936e-05 6.11634e-05 0.000116255 0.0102332 4.8653e-05 9.42103e-05 0.0084721 2.01082e-05 -0.0101294 9.05631e-05 -0.0089463 0.000158536 0.00409157 -0.0138308 0.00626713 -5.37055e-05 -0.00824224 -0.0145694 0.00483588 -0.00127682 0.00314718 0.00944029 0.0086373 0.0125737 0.00158176 0.020173
internal_weight=7985 7961 7938 7916 7895 7869 7834 52 7782 7756 68 7688 53 7635 57 7578 388 42 346 7190 131 89 326 125 103 75 201 137 56 81
internal_count=7985 7961 7938 7916 7895 7869 7834 52 7782 7756 68 7688 53 7635 57 7578 388 42 346 7190 131 89 326 125 103 75 201 137 56 81
is_linear=0
shrinkage=0.05


Tree=207
num_leaves=31
num_cat=0
split_feature=145 19 0 20 20 12 99 48 26 49 336 42 71 19 99 0 38 43 27 89 88 2 53 15 4 61 4 4 93 2
split_gain=1.17116 1.20667 3.41129 3.11661 4.78057 2.68748 2.77054 3.23367 2.75813 2.80658 2.85422 3.47263 3.24309 3.127 2.79179 2.70584 5.71844 4.4727 4.28011 3.43705 3.34375 2.83591 2.98536 3.34823 2.65819 2.98255 2.58889 2.43526 2.58363 2.43092
threshold=1.0000000180025095e-35 10.219165069557219 12.746248047839748 2.506772823980302 2.4385409985050335 -0.5059815860193061 3.2494907407407414 5.7597061452653096 0.72206074145469235 16.623123528345825 1.0000000180025095e-35 62.53971007814291 16.289437018909101 11.195010797913264 0.60986682494393563 10.948130488021173 3.3824518388578317 13.328211854477109 3.8058118621230479 11.502365440030696 13.182701149725666 0.46539635298563903 14.368090443803395 1.2094298245614037 0.53475691331857766 5.1568902098089984 0.56660507134572324 0.4265845537420655 15.294287916018749 0.23261030801209373
decision_type=2 10 2 10 10 10 2 2 2 2 2 2 2 10 2 2 2 2 2 2 2 2 2 2 2 2 2 2 2 2
left_child=1 -1 3 4 5 6 7 -3 -7 10 12 14 13 15 -12 16 17 18 -10 -18 -19 22 23 -17 25 -15 -11 28 -13 -14
right_child=-2 2 -4 -5 -6 8 -8 -9 9 26 11 27 29 24 -16 21 19 20 -20 -21 -22 -23 -24 -25 -26 -27 -28 -29 -30 -31
leaf_value=-0.00046206056368293456 0.011028570468867354 0.01677749765322854 0.017337543855331119 -0.014615253180575868 0.024056516464968977 -0.014569028436146195 -0.0077801166512072089 -0.00055079004239468347 -3.0738756783446879e-05 0.00033947077833793379 -0.006530598263877134 -0.00086343393267060702 -0.018301291616323094 0.012543673483930803 -0.029470291059641614 -0.003061167959215268 -0.01772467542142455 0.0034127481728792189 0.016398999490207289 0.00074633505893871186 0.029829135749732023 0.017887660015273737 0.020943357584917027 0.0063318037148206068 0.026190227460825728 -0.0089568286607770824 -0.023652050538879376 -0.0054013486939378189 0.016492157700122335 0.002242182125337422
leaf_weight=5360 24 75 31 33 22 31 25 42 1195 22 36 65 36 54 21 163 68 25 41 40 23 37 23 227 21 23 23 143 32 24
leaf_count=5360 24 75 31 33 22 31 25 42 1195 22 36 65 36 54 21 163 68 25 41 40 23 37 23 227 21 23 23 143 32 24
internal_value=-7.764e-12 -3.32478e-05 0.000850426 0.000651554 0.000850137 0.000647139 0.00732871 0.0105571 0.000247315 0.000443432 0.000685698 -0.00388803 0.0013649 0.00171898 -0.0149821 0.00125596 0.000166372 0.00109581 0.000514261 -0.0108836 0.0160706 0.00462642 0.00343837 0.00240602 0.0104219 0.00612145 -0.0119229 -0.0012532 0.00486212 -0.0100839
internal_weight=7985 7961 2601 2570 2537 2515 142 117 2373 2342 2297 297 2000 1940 57 1842 1392 1284 1236 108 48 450 413 390 98 77 45 240 97 60
internal_count=7985 7961 2601 2570 2537 2515 142 117 2373 2342 2297 297 2000 1940 57 1842 1392 1284 1236 108 48 450 413 390 98 77 45 240 97 60
is_linear=0
shrinkage=0.05


Tree=208
num_leaves=31
num_cat=0
split_feature=367 168 58 14 47 25 67 79 3 23 24 13 343 87 50 23 5 17 19 55 76 35 77 65 73 48 31 75 19 87
split_gain=1.16249 3.46089 4.01848 3.12604 3.66058 4.4719 3.61043 3.87084 3.28504 4.02606 3.01423 4.61965 5.93667 3.66043 3.57439 3.30262 3.51351 3.78377 3.96855 4.58916 3.74597 3.5374 2.84459 4.02216 3.99077 3.28141 2.80054 5.96793 8.60261 5.3359
threshold=1.0000000180025095e-35 1.0000000180025095e-35 18.912836833499767 0.068583033964200499 15.212623283840573 0.09769211834653925 5.3346374570380499 39.98623175194961 -1.4885236625514398 -2.1053668244993715 6.3509684826278319 0.50567238533587389 1.0000000180025095e-35 11.519725847446985 5.964429928347843 -2.387249874032189 10.794736842105264 1.6631205673758866 10.084429078331318 5.0360651244599408 14.239425976536035 3.9143435549933154 16.052326386035016 5.4595822028148939 5.9783863000240949 10.102780416108262 18.483064867771052 73.914926892799045 9.9567212461330339 11.928701689588626
decision_type=2 2 2 10 2 8 2 2 2 10 8 8 2 2 2 10 2 2 10 2 2 2 2 2 2 2 2 2 10 2
left_child=26 2 3 -2 6 -6 8 -8 9 -5 11 14 -13 -14 15 -4 17 -17 21 -20 -18 -19 23 24 -12 -25 27 -1 -29 -28
right_child=1 -3 10 4 5 -7 7 -9 -10 -11 22 12 13 -15 -16 16 20 18 19 -21 -22 -23 -24 25 -26 -27 29 28 -30 -31
leaf_value=-0.00053482319568257011 0.016866954861689012 -0.0019777083819671848 0.016240965724864508 0.0057459397923066138 0.0067889151335082422 0.030089484914564171 -0.0032108397724817574 0.019539389703422786 0.0037308097597439785 0.034100399946882611 -0.0054120317063541317 0.0011718113620906691 -0.0069653436258111309 -0.035493072325533087 -0.0086312982947371591 0.024080167154104198 -0.0043915868014219031 0.0059185924201021686 0.0058515718345236237 0.031679758873014226 0.013557116190592447 -0.021323133283294739 -0.015549841852382172 0.025236718372806263 0.01534735793620348 -0.0014719146587278532 -0.0051303682908257278 -0.040287609661564881 0.0025045778757582112 0.0095956110424104454
leaf_weight=4942 48 779 64 31 99 26 287 20 351 21 313 94 23 22 48 33 151 26 95 21 36 22 43 23 25 23 94 23 24 178
leaf_count=4942 48 779 64 31 99 26 287 20 351 21 313 94 23 22 48 33 151 26 95 21 36 22 43 23 25 23 94 23 24 178
internal_value=-1.22373e-11 0.000838413 0.00196631 0.00445874 0.00374545 0.0116354 0.00235637 -0.00172874 0.00546835 0.0171968 -0.000106021 0.00207833 -0.0059777 -0.0209122 0.00433597 0.00572532 0.00397271 0.00863246 0.00552408 0.0105274 -0.000936222 -0.0065672 -0.00335441 -0.00198878 -0.00387657 0.0118824 -0.000434107 -0.000703468 -0.0184363 0.00450649
internal_weight=7985 2724 1945 883 835 125 710 307 403 52 1062 635 139 45 496 448 384 197 164 116 187 48 427 384 338 46 5261 4989 47 272
internal_count=7985 2724 1945 883 835 125 710 307 403 52 1062 635 139 45 496 448 384 197 164 116 187 48 427 384 338 46 5261 4989 47 272
is_linear=0
shrinkage=0.05


Tree=209
num_leaves=31
num_cat=0
split_feature=138 73 20 3 90 350 29 114 71 100 64 12 130 64 93 98 53 0 97 94 87 7 66 12 2 98 93 3 16 41
split_gain=1.15911 2.53314 2.57601 5.36887 2.79934 3.46028 2.36212 1.71608 2.55575 2.09722 1.99181 3.79968 2.31337 2.13819 1.86893 2.2117 1.80227 3.35852 3.09588 4.51042 6.09765 4.68102 6.32704 4.5063 4.06383 3.87544 3.87491 3.86451 7.00084 7.90593
threshold=1.0000000180025095e-35 1.0000000180025095e-35 2.0551503103920603 -0.44715720533124487 10.633521962132816 1.0000000180025095e-35 14.889981912617827 1.5000000000000002 5.4921352671771055 0.19509093259217267 14.732096228472434 -0.32348462736251316 0.48995000000000005 13.001195822005071 19.929704295001986 0.51919663853195619 4.1959919624070894 4.48416716532292 0.19168249244142146 29.242966162209139 51.686414739978765 411.24100000000021 97.914101244977459 -0.48768232473929546 1.3582812500000003 2.2094079005629008 27.691638715288374 -1.8318449428382459 1.112698412698413 0.64149350649350667
decision_type=2 2 8 2 2 2 2 2 2 2 2 10 2 2 2 2 2 2 2 2 2 2 2 8 2 2 2 2 2 2
left_child=7 2 3 -2 5 -4 -6 10 14 -10 13 12 -12 16 -9 -16 18 -18 -1 21 23 22 24 -21 27 -25 -23 28 -20 -30
right_child=1 -3 4 -5 6 -7 -8 8 9 -11 11 -13 -14 -15 15 -17 17 -19 19 20 -22 26 -24 25 -26 -27 -28 -29 29 -31
leaf_value=0.00044230146726004422 -0.024560848501278088 -0.017742944350121199 0.001051273303390998 -0.00014669657868676279 0.003003526415723639 0.023438563778264716 -0.016684798002243043 0.00011987882899120451 0.0041579375332820752 -0.010897938579631349 0.0068161670370803524 -0.021308647159246671 -0.0074354471941478553 0.015329677239060403 0.030882722241804009 0.0085750232990831135 0.018142792093567551 0.00075503591926187716 -0.034821612307300361 0.033336468897759916 -0.015498564578592777 0.019463141150772575 -0.03058300250294534 -0.0086326943089564644 0.017287722796849585 0.014567650382027585 -0.0024105245652807331 -0.0028289797571456055 -0.011763079926628658 0.020237657124095639
leaf_weight=2402 32 27 45 76 39 28 25 20 101 30 48 31 70 23 20 25 28 3405 26 20 25 40 22 27 23 54 41 1089 120 23
leaf_count=2402 32 27 45 76 39 28 25 20 101 30 48 31 70 23 20 25 28 3405 26 20 25 40 22 27 23 54 41 1089 120 23
internal_value=5.30261e-12 -0.00320791 -0.00160609 -0.00738052 0.00294602 0.00963818 -0.00468723 0.000113127 0.00473184 0.000710027 -7.30214e-06 -0.00573069 -0.00163818 0.00010844 0.0128373 0.0184896 6.07761e-05 0.000896853 -0.000672928 -0.00244696 0.00660981 -0.00327149 -0.00399649 0.0120822 -0.0035399 0.0068342 0.00839129 -0.00392069 -0.0109554 -0.00661611
internal_weight=7985 272 245 108 137 73 64 7713 196 131 7517 149 118 7368 65 45 7345 3433 3912 1510 126 1384 1303 101 1281 81 81 1258 169 143
internal_count=7985 272 245 108 137 73 64 7713 196 131 7517 149 118 7368 65 45 7345 3433 3912 1510 126 1384 1303 101 1281 81 81 1258 169 143
is_linear=0
shrinkage=0.05


Tree=210
num_leaves=31
num_cat=0
split_feature=92 102 3 56 9 84 92 168 76 100 162 93 45 6 61 97 66 7 23 77 3 224 46 76 61 0 33 44 3 61
split_gain=1.12648 3.9495 4.01516 4.29894 3.78797 4.50865 4.83726 3.24053 4.47238 3.54703 4.03819 3.40424 5.26904 3.68337 3.36096 5.28195 4.50692 4.18106 3.86841 3.30071 3.24295 3.23038 4.79142 3.58115 6.53448 4.79493 4.90026 8.73225 4.77932 3.76457
threshold=1.0000000180025095e-35 6.9631301373089807 -0.59291961923658387 5.8349730760697751 121.00000000000001 21.831101807605737 13.547550635939444 1.0000000180025095e-35 20.230582651549526 -3.718998960695389 1.0000000180025095e-35 5.4529439976157947 1.2079771073383812 56.06450000000001 10.418911024200812 -0.25268518518518474 7.1751949880729322 204.21450000000002 -1.9163897940058805 4.8042254826031492 -0.98138888888888842 1.0000000180025095e-35 51.754333588185496 20.075973543713275 47.386757007071985 8.2564920713655852 0.76053865884428273 5.3982366014432932 -0.19766203703703719 90.169093570861932
decision_type=2 2 2 2 2 2 2 2 2 2 2 2 2 2 2 2 2 2 10 2 2 2 2 2 2 2 2 2 2 2
left_child=7 -2 4 -4 -3 6 -6 11 9 -9 -11 12 -1 -14 16 -16 -15 19 21 -18 -20 23 -23 25 28 -17 27 -27 -25 -26
right_child=1 2 3 -5 5 -7 -8 8 -10 10 -12 -13 13 14 15 18 17 -19 20 -21 -22 22 -24 24 29 26 -28 -29 -30 -31
leaf_value=0.010155945824447406 0.00017141389656921555 0.014807741676600858 0.013916444721130225 -0.0084171001828508459 -0.0025110955954202128 0.013708055708557369 -0.03171095055244539 0.013069536996519436 0.0045901194261434314 -0.0091737198466930077 0.0033133302188406775 -0.0015576747207881947 -0.020161715203097889 0.0013650499118337796 -0.025412850543147042 0.013241437823838881 0.012446201495199561 0.031821756600956652 -0.029547659531235695 -0.0047081344099225188 -0.0025353653207421303 0.028216021716594698 -0.0037780685561963102 -0.0091354991478676158 0.010402665401629188 -0.039466166602713723 0.00079335656589356752 0.0061310561462527237 -0.035190840135328472 -0.013946967809037729
leaf_weight=158 3101 27 156 25 37 20 23 23 123 381 78 1858 21 462 21 74 107 21 20 38 25 25 22 66 57 21 928 21 24 22
leaf_count=158 3101 27 156 25 37 20 23 23 123 381 78 1858 21 462 21 74 107 21 20 38 25 25 22 66 57 21 928 21 24 22
internal_value=2.27949e-11 0.00069159 0.00629252 0.0108317 -0.00138591 -0.00685127 -0.0137044 -0.000509965 -0.00391994 -0.00609159 -0.00705174 6.95654e-06 0.00136987 0.000666979 0.000890829 -0.000536248 0.00390405 0.0109704 -0.000135935 0.00795058 -0.0145408 0.000378526 0.0132401 -0.000119819 -0.00687222 0.000973241 3.73171e-05 -0.0166676 -0.0160836 0.00362175
internal_weight=7985 3389 288 181 107 80 60 4596 605 482 459 3991 2133 1975 1954 1326 628 166 1305 145 45 1260 47 1213 169 1044 970 42 90 79
internal_count=7985 3389 288 181 107 80 60 4596 605 482 459 3991 2133 1975 1954 1326 628 166 1305 145 45 1260 47 1213 169 1044 970 42 90 79
is_linear=0
shrinkage=0.05


Tree=211
num_leaves=31
num_cat=0
split_feature=180 41 87 98 22 19 76 26 4 104 290 27 25 4 40 20 92 162 17 136 19 56 50 76 35 118 41 12 2 15
split_gain=1.13828 2.3373 2.83369 1.59609 1.52572 4.79602 5.41246 3.48753 5.72857 3.48503 3.75796 5.30563 6.5794 3.31726 3.31071 3.09761 2.92246 4.43192 4.32004 5.24525 4.19993 3.75091 6.7202 3.55247 3.69083 3.19206 4.72678 3.29171 3.14086 3.83941
threshold=1.0000000180025095e-35 -0.91883116883116867 18.640859350972384 8.9671799414210138 2.2374134026581385 9.9105581739185844 9.4917393108388808 1.8294599609836666 0.54846363482616711 -7.8110561539430572 1.0000000180025095e-35 2.4573983585779957 0.44602148015734661 0.62105430032099307 4.3884220655951118 2.274541095652566 4.915188854954752 1.0000000180025095e-35 2.4031250000000006 1.0000000180025095e-35 9.8540183694002401 5.8349730760697751 5.1166494176223489 15.923384645661995 2.7102401958984133 4.5000000000000009 -2.4149999999999987 -0.33601687001932018 1.1286574074074076 1.1270161290322582
decision_type=2 2 2 2 10 8 2 2 2 2 2 2 10 2 2 10 2 2 2 2 10 2 2 2 2 2 2 10 2 2
left_child=4 2 3 -2 5 6 -1 8 -6 -9 16 12 -12 -10 15 -13 18 21 19 28 -19 -18 -23 24 -20 26 -22 -28 29 -11
right_child=1 -3 -4 -5 7 -7 -8 9 13 10 11 14 -14 -15 -16 -17 17 20 23 -21 25 22 -24 -25 -26 -27 27 -29 -30 -31
leaf_value=-0.0045891623106500551 -0.0013274921872344001 -0.019976091560092755 -0.014861023154876689 0.012412318909684054 -0.0015743751040038962 -0.00022747158405262886 -0.034504342948397 0.017879228859112181 0.030147587494267259 -0.0025505348524061684 -0.003108829039770721 -0.012686429382301868 0.027939757403163686 0.0080606656457187943 -0.0032335446490982518 -0.035204185314831285 0.0051105224597468805 -0.016973950662079972 0.0024658968581165049 0.020056940289214256 0.025475425450574785 -0.012762921193304161 0.015942906508488314 0.014282861775295301 -0.0094430116088717979 -0.015258297471098978 0.0054607902179230694 -0.017126570164185503 0.0118433143195164 0.006787303546344505
leaf_weight=54 113 20 34 26 66 5021 21 29 34 502 91 56 21 34 61 21 905 49 87 36 21 75 28 22 258 26 54 23 56 141
leaf_count=54 113 20 34 26 66 5021 21 29 34 502 91 56 21 34 61 21 905 49 87 36 21 75 28 22 258 26 54 23 56 141
internal_value=1.20823e-11 -0.00379318 -0.00192232 0.00124254 9.39532e-05 -0.000414941 -0.0129654 0.00105587 0.00891919 0.000644595 0.000447278 -0.00537257 0.00271278 0.0191041 -0.0119346 -0.0188276 0.00108458 0.00281263 -0.000767354 0.00144478 -0.00458083 0.00408155 -0.0049594 -0.00519766 -0.0064399 0.00031645 0.00444853 -0.00128608 0.000486219 -0.000502891
internal_weight=7985 193 173 139 7792 5096 75 2696 134 2562 2533 250 112 68 138 77 2283 1181 1102 735 173 1008 103 367 345 124 98 77 699 643
internal_count=7985 193 173 139 7792 5096 75 2696 134 2562 2533 250 112 68 138 77 2283 1181 1102 735 173 1008 103 367 345 124 98 77 699 643
is_linear=0
shrinkage=0.05


Tree=212
num_leaves=31
num_cat=0
split_feature=48 130 44 76 0 222 235 96 96 103 83 26 14 31 17 5 5 23 11 42 131 102 61 61 87 83 77 87 4 41
split_gain=1.11459 1.67477 3.641 1.92258 4.42094 2.85823 2.17593 2.14427 2.66369 2.11353 1.81092 2.03109 1.6574 6.31407 2.01011 3.28062 3.25987 3.54338 4.9101 2.67093 3.90653 2.60565 2.49065 5.23857 4.74212 4.38701 3.99525 3.47341 4.60788 3.8027
threshold=60.563584722840467 -13.786900000000003 102.69262469764733 44.736769662106717 8.5433333333333348 1.0000000180025095e-35 1.0000000180025095e-35 -3.2589379044437128 -1.8761342592592591 1.9576364900681733 251.38 3.1696842036076975 1.5000000000000002 5.9376946119430682 1.1277173913043479 22.294258373205746 16.267647058823531 -1.9207366970682138 -0.0048919568026113674 10006.775256092282 52.457050000000038 23.414461114405089 36.593637569657467 28.767706988822621 45.209315943750575 80.65000000000002 10.178729283359052 21.533849702077266 0.33167432518409468 0.54168831168831177
decision_type=2 2 2 2 2 2 2 2 2 2 2 2 8 2 2 2 2 10 10 2 2 2 2 2 2 2 2 2 2 2
left_child=1 -1 3 5 -5 6 7 -3 -9 -6 12 -12 14 -14 15 16 17 18 -10 20 -19 -16 23 24 27 -25 -24 29 -29 -20
right_child=-2 2 -4 4 9 -7 -8 8 10 -11 11 -13 13 -15 21 -17 -18 19 22 -21 -22 -23 26 25 -26 -27 -28 28 -30 -31
leaf_value=0.013505145791698495 -0.010758899268694222 0.01643176252953708 -0.020319232632490723 0.028152737366908698 -0.011296197697943586 -0.01762600644775059 -0.01259545938604895 -0.016951456478715914 0.021396343499098136 0.0088357223823550164 0.015907918226376577 -0.0038688738876589929 0.023758179116092862 -0.0096532289941723536 0.00014457483734524288 0.010717340171824963 -0.021416204780340196 -0.0064677981325449094 -0.0049868573870798447 0.0016472015667844703 -0.030467011364817154 0.016647730437883489 -0.0035501468055170135 0.0281428463490946 0.018877934138088123 -0.001693719621239738 -0.024744508987558742 -0.0033371128398796608 -0.03368268080733039 0.014605002974470458
leaf_weight=23 24 20 22 20 22 23 34 23 23 32 37 20 31 26 6986 42 25 39 142 27 30 24 108 28 23 22 28 29 22 30
leaf_count=23 24 20 22 20 22 23 34 23 23 32 37 20 31 26 6986 42 25 39 142 27 30 24 108 28 23 22 28 29 22 30
internal_value=-4.01244e-12 3.24348e-05 -6.60176e-06 4.98507e-05 0.00807137 -2.58433e-05 2.59285e-05 8.10508e-05 3.89369e-05 0.000633829 8.94121e-05 0.00896869 2.35541e-05 0.00851789 -3.99195e-05 -0.00277355 -0.00375726 -0.00295603 -0.00111427 -0.0116852 -0.0169022 0.000201076 -0.00231276 0.000260647 -0.00273816 0.0150148 -0.00791369 -0.00496762 -0.0164274 -0.00156967
internal_weight=7985 7961 7938 7916 74 7842 7819 7785 7765 54 7742 57 7685 57 7628 618 576 551 455 96 69 7010 432 296 246 50 136 223 51 172
internal_count=7985 7961 7938 7916 74 7842 7819 7785 7765 54 7742 57 7685 57 7628 618 576 551 455 96 69 7010 432 296 246 50 136 223 51 172
is_linear=0
shrinkage=0.05


Tree=213
num_leaves=31
num_cat=0
split_feature=104 59 41 16 18 45 100 88 22 99 131 21 372 358 147 75 75 2 14 128 75 68 84 237 33 59 59 98 89 34
split_gain=1.13432 1.50627 1.52963 1.38615 1.30582 3.9526 3.94387 3.26366 3.51338 3.43951 2.89854 2.59683 3.62564 2.52448 2.50166 2.19495 2.08533 3.911 5.66481 4.37533 3.7714 3.88463 3.68155 3.52109 3.97046 3.06965 3.58113 3.93174 3.37984 4.52543
threshold=8.1153395351817945 64.006119530985004 3.2583766233766238 0.33541666666666675 16.13849123655616 15.893030065756241 1.2524333900226761 5.5780623358557557 2.1930731500334306 5.5887822683085586 64.70985000000006 -2.0037679983784016 1.0000000180025095e-35 1.0000000180025095e-35 1.5000000000000002 6.1658320734911181 12.578498813431359 1.1788406635802471 0.25254650504039428 2.5055120385959526 13.078944662122323 29.307052888183296 28.890494842914446 1.0000000180025095e-35 4.7993485011024939 28.236479182383651 21.176996130062783 1.0545821523053669 28.981938503074435 8.9209860023939722
decision_type=2 2 2 2 8 2 2 2 10 2 2 10 2 2 2 2 2 2 8 2 2 2 2 2 2 2 2 2 2 2
left_child=1 2 3 -1 5 6 7 11 9 14 -10 12 15 -8 -9 -5 22 20 -19 -20 21 -18 25 -22 -25 26 28 -28 29 -6
right_child=-2 -3 -4 4 16 -7 13 8 10 -11 -12 -13 -14 -15 -16 -17 17 18 19 -21 23 -23 -24 24 -26 -27 27 -29 -30 -31
leaf_value=-0.010942218822009605 0.010046052162735058 -0.012050378408569557 0.013814237155020238 0.005400138715842993 -0.0012467484169344893 0.019195156373098144 -0.0014676079482716672 0.0034598377558722861 0.0097411972497190753 -0.0091287271645015631 0.033602391223248561 0.0034753076206599032 -0.012146572421105313 -0.021548721672774392 0.020190742284420037 -0.010461022155680533 0.0026076839266655346 -0.0094561950587060146 0.038059281185269356 0.009190666579774449 0.00014725924906833058 0.023965358827263118 -0.022254339663223141 -0.029755706836779913 0.0013727440498769285 0.013688629000064205 -0.028030094131827357 -0.0032897462092694786 -0.013015078516387991 0.010455633471395042
leaf_weight=29 28 26 20 88 2098 32 34 80 35 39 20 241 84 29 31 29 60 23 21 35 4562 33 21 21 20 34 26 42 58 86
leaf_count=29 28 26 20 88 2098 32 34 80 35 39 20 241 84 29 31 29 60 23 21 35 4562 33 21 21 20 34 26 42 58 86
internal_value=1.28628e-12 -3.53512e-05 4.03737e-06 -3.08765e-05 9.26922e-06 0.00200564 0.0012309 0.00239374 0.00760814 0.00364453 0.018418 -2.47067e-05 -0.00422124 -0.0107113 0.00813243 0.00146874 -0.000198196 0.000403168 0.0114358 0.0200164 0.000217568 0.0101862 -0.00141237 1.61594e-05 -0.0145711 -0.00122564 -0.00144516 -0.0127493 -0.00110231 -0.00078594
internal_weight=7985 7957 7931 7911 7882 742 710 647 205 150 55 442 201 63 111 117 7140 4775 79 56 4696 93 2365 4603 41 2344 2310 68 2242 2184
internal_count=7985 7957 7931 7911 7882 742 710 647 205 150 55 442 201 63 111 117 7140 4775 79 56 4696 93 2365 4603 41 2344 2310 68 2242 2184
is_linear=0
shrinkage=0.05


Tree=214
num_leaves=31
num_cat=0
split_feature=80 104 59 41 43 17 16 4 52 4 120 122 16 90 15 57 90 10 85 103 16 103 62 62 90 130 12 162 43 55
split_gain=1.11029 1.28364 1.36709 1.3737 1.36966 2.64052 1.74089 5.06308 7.31436 6.34609 4.07564 3.43877 5.56941 4.15924 4.95048 3.27462 4.20747 2.81542 2.50035 2.39941 2.20584 3.13808 3.02846 5.23856 2.38709 2.51417 2.14358 2.05588 2.02378 2.00345
threshold=39.731567316008572 8.1153395351817945 64.006119530985004 3.2583766233766238 149.65641697331017 0.49757281553398064 0.72281323877068571 0.37700365553888499 21.09202920543002 0.34077123515683927 2.5000000000000004 27.500000000000004 0.58578637510513043 18.144153114770248 0.52086956521739147 129.17080582366719 96.560193909863315 1.5000000000000002 9.477701165099667 7.6581254129802128 0.81365740740740755 17.722796924704941 35.475256315541685 23.031995810559071 88.710388971391026 7.9280000000000026 -0.39231275766867718 2.5000000000000004 28.192357130484059 29.144935254074927
decision_type=2 2 2 2 2 2 2 2 2 2 2 2 2 2 2 2 2 2 2 2 2 2 2 2 2 2 10 2 2 2
left_child=1 2 3 4 5 -1 7 9 10 11 -9 13 19 14 18 16 17 20 -7 -13 22 24 23 26 25 27 -8 29 -15 -22
right_child=-2 -3 -4 -5 -6 6 15 8 -10 -11 -12 12 -14 28 -16 -17 -18 -19 -20 -21 21 -23 -24 -25 -26 -27 -28 -29 -30 -31
leaf_value=-0.013358334844579567 -0.0097656164013234723 0.010919187207602793 -0.011447859806671311 0.013123524989932776 0.012186641424246457 -0.023715509492903949 -0.014585753005336634 0.022429872802458704 0.041180500319751449 -0.026013289338776044 -0.0071226361706586824 0.016528324000537397 -0.0275156054468382 0.0064969604106053062 0.017937242069646069 0.016956360821079996 -0.023077193405479195 -0.017211221360291042 0.00071141970851881938 -0.0079635423526633522 0.00012522099256141893 0.018109070354451737 0.0041112589384125469 -0.03423324515111744 0.017249804725870493 -0.013817489356028313 0.00283311176800022 -0.012074071506337663 0.025817764067853039 -0.013275341865872698
leaf_weight=37 29 27 26 20 23 20 33 20 20 21 28 20 21 23 23 28 20 24 22 20 7203 24 46 20 20 33 38 35 33 28
leaf_count=37 29 27 26 20 23 20 33 20 20 21 28 20 21 23 23 28 20 24 22 20 7203 24 46 20 20 33 38 35 33 28
internal_value=-2.61046e-11 3.55961e-05 -1.46492e-06 3.61925e-05 2.98852e-06 -3.26634e-05 3.03623e-05 0.00396781 0.0157761 1.23289e-05 0.00519091 0.00301528 -0.00666446 0.00789516 -0.000709268 -0.000110931 -0.000174446 -0.000113404 -0.0109205 0.00428239 -5.85451e-05 5.87364e-05 -0.00634466 -0.0116301 -4.53111e-07 -4.77206e-05 -0.00526298 1.48176e-05 0.0178824 7.33311e-05
internal_weight=7985 7956 7929 7903 7883 7860 7823 271 68 203 48 182 61 121 65 7552 7524 7504 42 40 7480 7343 137 91 7319 7299 71 7266 56 7231
internal_count=7985 7956 7929 7903 7883 7860 7823 271 68 203 48 182 61 121 65 7552 7524 7504 42 40 7480 7343 137 91 7319 7299 71 7266 56 7231
is_linear=0
shrinkage=0.05


Tree=215
num_leaves=31
num_cat=0
split_feature=60 23 71 24 19 60 41 24 5 78 83 58 4 21 375 89 75 59 19 39 2 58 20 89 130 31 83 141 76 47
split_gain=1.08712 3.05703 3.46748 3.3403 3.15931 2.53129 3.35335 2.9958 6.36406 2.80668 2.77069 2.57222 2.38741 2.62692 2.27023 2.24468 3.98554 5.93585 3.82368 6.49829 3.69474 3.7936 4.39351 3.36737 7.16948 3.35565 4.45256 4.40213 3.70309 5.97042
threshold=26.377959302014244 -2.2872214274246407 10.59747537982016 5.7500380200888044 10.209864201930964 21.307596810917712 -1.71525974025974 5.9818249026290511 10.794736842105264 27.667331674995381 95.505000000000024 31.548486547187604 0.30015002556980602 -2.1328247129508306 1.0000000180025095e-35 24.40581791026894 46.368241304663151 44.617403545950062 10.118723992610084 3.6047172207038312 0.43749999999999989 54.292085862996871 2.172557432300152 23.819684785655092 1.4314500000000001 16.484737135524067 197.32500000000002 1.0000000180025095e-35 33.232189506877795 17.778323161738339
decision_type=2 10 2 8 10 2 2 8 2 2 2 2 2 10 2 2 2 2 10 2 2 2 8 2 2 2 2 2 2 2
left_child=5 3 4 14 12 15 7 10 -9 -8 -7 -10 -3 -14 -2 23 20 18 19 -18 -17 22 -22 25 -25 26 28 -27 -1 -30
right_child=1 2 -4 -5 -6 6 9 8 11 -11 -12 -13 13 -15 -16 16 17 -19 -20 -21 21 -23 -24 24 -26 27 -28 -29 29 -31
leaf_value=8.1536526458862439e-05 -0.026118280850350856 -0.013421038531794631 0.021803537660250158 0.0012033608642785553 0.012803610387759713 -0.030204440501553045 -0.0029447867217360538 0.015688681987852889 -0.02235543703392261 0.01319476852917837 -0.0082958251267911936 -0.0045080492585279552 0.018021232811522417 -0.0023696165764704349 -0.003309028345393017 -0.00064647642701002228 0.043784578129028279 -0.0097481801622995631 -0.0008047342138445897 0.011689816843009675 0.0071320605161114756 -0.011215733036044099 0.031462489700187807 -0.035628975018681515 0.00060763478231353645 -0.0032804167692871244 0.018974860640422954 -0.023018242325633764 0.0031563758003440774 -0.034589598327875136
leaf_weight=5893 20 29 33 264 65 27 107 29 33 36 31 52 22 56 24 598 24 27 23 46 96 21 23 21 39 241 31 32 22 20
leaf_count=5893 20 29 33 264 65 27 107 29 33 36 31 52 22 56 24 598 24 27 23 46 96 21 23 21 39 241 31 32 22 20
internal_value=-4.35901e-12 0.00222654 0.00695761 -0.000922386 0.00410926 -0.000152866 -0.00453951 -0.00924341 -0.00453663 0.00111832 -0.0184947 -0.011437 -0.00117235 0.00338165 -0.0136769 4.02029e-05 0.00243944 0.0108904 0.0168823 0.0226937 0.0010653 0.00837703 0.0118346 -0.000286603 -0.0120752 -0.000173233 7.48179e-05 -0.00559401 -2.39018e-05 -0.0148179
internal_weight=7985 513 205 308 172 7472 315 172 114 143 58 85 107 78 44 7157 858 120 93 70 738 140 119 6299 60 6239 5966 273 5935 42
internal_count=7985 513 205 308 172 7472 315 172 114 143 58 85 107 78 44 7157 858 120 93 70 738 140 119 6299 60 6239 5966 273 5935 42
is_linear=0
shrinkage=0.05


Tree=216
num_leaves=31
num_cat=0
split_feature=61 61 4 61 87 83 24 130 34 25 241 100 54 24 76 76 5 3 89 74 83 48 48 67 87 28 59 42 87 43
split_gain=1.07766 5.13127 5.18329 4.22318 4.32957 3.65827 5.8658 2.92389 3.32905 2.2836 2.40544 2.17205 2.11959 4.48382 2.82776 5.49075 5.29574 4.32181 3.1179 2.95901 3.24531 3.56832 2.92864 3.72755 2.97817 5.23261 3.95061 3.46402 3.21328 2.82103
threshold=47.748610179232877 39.64075599728141 0.38989041270040325 38.428982836384954 35.294997174945088 113.71500000000002 5.7061791426796011 -4.0691999999999995 2.2286715014279936 -0.14112586517700929 1.0000000180025095e-35 -3.9542201092124416 9.5700762684411043 8.6746069835202757 20.772380054084461 20.230582651549526 2.0909090909090913 -3.4255893125666752 59.688707444376071 18.249449705127955 46.210000000000008 6.0812306918653452 23.3106926258918 18.936195983227961 38.526731342109706 634.89108065952757 17.109729918804394 3519754743.4833689 49.441578858745181 16.366027466969122
decision_type=2 2 2 2 2 2 10 2 2 10 2 2 2 10 2 2 2 2 2 2 2 2 2 2 2 2 2 2 2 2
left_child=1 3 5 7 -5 -3 -7 8 -1 10 -2 -9 14 -14 15 18 -16 -18 22 20 -19 -22 24 -24 27 28 -27 -13 -26 -23
right_child=9 2 -4 4 -6 6 -8 11 -10 -11 -12 12 13 -15 16 -17 17 19 -20 -21 21 29 23 -25 25 26 -28 -29 -30 -31
leaf_value=0.00051987228382911006 0.00075739084378413928 0.0056842848574742673 -0.026306045933493546 0.02529191469039881 -0.0033436433454467496 -0.033742579179150717 6.108008938926188e-05 0.0099043522809039476 -0.027983575947000645 0.018858280298300088 0.017712108816538768 0.00035697925151441547 -0.0029597348940679563 0.020429794951563791 -0.024688139705565468 0.023874430637806657 0.015690869747583446 0.0082808463512552225 0.017039350227319769 -0.016337738030178604 -0.013428440117337681 0.01729007036026035 -0.0012850950880930192 -0.026433815620839598 0.0094399234416554321 -0.01527373013259084 0.010515514701943507 -0.018678033578908071 0.035736354697673098 -0.0036754142787471856
leaf_weight=21 426 50 35 33 22 21 33 55 20 20 22 5789 844 21 29 25 30 57 28 43 77 21 41 23 26 27 33 24 21 68
leaf_count=21 426 50 35 33 22 21 33 55 20 20 22 5789 844 21 29 25 30 57 28 43 77 21 41 23 26 27 33 24 21 68
internal_value=-5.71821e-12 -0.000144936 -0.00966242 3.43718e-05 0.0138377 -0.00406119 -0.0130848 -6.92992e-05 -0.0133842 0.00232795 0.00158999 5.66829e-06 -6.96642e-05 -0.0023919 0.000246075 0.000490657 -0.00429714 -0.00229937 0.000393419 -0.00432835 -0.00201264 -0.00554715 0.000315531 -0.0103229 0.000430541 0.00869647 -0.00108965 0.00027839 0.0211894 0.0012715
internal_weight=7985 7517 139 7378 55 104 54 7323 41 468 448 7282 7227 865 6362 6037 325 296 6012 266 223 166 5984 64 5920 107 60 5813 47 89
internal_count=7985 7517 139 7378 55 104 54 7323 41 468 448 7282 7227 865 6362 6037 325 296 6012 266 223 166 5984 64 5920 107 60 5813 47 89
is_linear=0
shrinkage=0.05


Tree=217
num_leaves=31
num_cat=0
split_feature=99 364 286 103 75 60 23 62 60 47 89 186 60 94 32 42 13 27 32 89 42 94 43 43 5 246 59 93 26 32
split_gain=1.05496 4.14006 3.85992 3.08836 2.77745 2.4652 2.55331 2.53088 2.36796 2.3731 2.25118 1.89825 3.27778 1.90676 4.07404 4.60284 4.19645 3.78325 4.10017 3.25212 3.52079 2.31646 6.02724 4.3 3.41154 3.21031 7.01677 4.53805 3.34798 2.95939
threshold=-0.54808641975308547 1.0000000180025095e-35 1.0000000180025095e-35 1.7176533107506089 38.940735997066867 24.929652556318882 -1.9866366360439462 28.655568110137004 6.0726207098130782 19.259414231244907 12.120357261653142 1.0000000180025095e-35 12.802551608756366 28.963089471830632 5.5600783348673914 586.72074160737918 0.48034546929755045 1.975096549271764 9.7389484229429524 18.737319577067954 2268.7544591884748 23.099406046203399 8.3723236240191863 17.803041277184487 11.201941747572816 1.0000000180025095e-35 5.7322693047587459 4.2468584011366479 2.4308457677321025 5.8472095434828795
decision_type=2 2 2 2 2 2 10 2 2 2 2 2 2 2 2 2 10 2 2 2 2 2 2 2 2 2 2 2 2 2
left_child=1 2 4 -3 5 6 7 -1 -5 10 -10 13 -13 21 -15 -16 17 -17 -19 20 -18 25 -23 -24 -25 -2 27 -27 29 -28
right_child=11 3 -4 8 -6 -7 -8 -9 9 -11 -12 12 -14 14 15 16 19 18 -20 -21 -22 22 23 24 -26 26 28 -29 -30 -31
leaf_value=0.0080101095862864027 -0.00044480222381153268 -0.018778953580335985 0.025177250074392019 0.0077936567257138644 -0.005207418604469341 0.019315644923287134 -0.011726063392732454 -0.0048254289010420766 -0.00054842156916856764 0.0051478066256329903 -0.020313184029039213 0.016003983285692004 -0.0071990085603750274 0.010477192860488441 -0.023152414970099927 0.013816083293702259 0.002744243113556877 -0.0010247488904423713 -0.02079873380476031 -0.0048953265716342939 0.027467668025443953 0.0076061432788075952 -0.013054931781000713 0.016369315750896934 -0.0058445149404828308 0.0067540310404222946 0.0074494251360495882 -0.01676740767937657 9.4889747825535863e-06 0.030531006944706531
leaf_weight=210 6287 31 22 47 72 30 23 47 25 31 34 45 23 126 20 38 24 273 29 22 36 77 165 25 56 46 21 37 22 41
leaf_count=210 6287 31 22 47 72 30 23 47 25 31 34 45 23 126 20 38 24 273 29 22 36 77 165 25 56 46 21 37 22 41
internal_value=-1.40269e-11 0.00206895 0.00481204 -0.00452751 0.00363917 0.00569386 0.00423439 0.00566275 -0.00130274 -0.00605308 -0.0119383 -0.000159644 0.00815591 -0.000236629 0.00254607 0.000285167 0.00139595 -0.00105267 -0.00292358 0.0115488 0.0175783 -0.000469856 -0.00460201 -0.00842327 0.00101161 -0.000263056 0.0065791 -0.00373143 0.0167669 0.0227131
internal_weight=7985 572 404 168 382 310 280 257 137 90 59 7413 68 7345 568 442 422 340 302 82 60 6777 323 246 81 6454 167 83 84 62
internal_count=7985 572 404 168 382 310 280 257 137 90 59 7413 68 7345 568 442 422 340 302 82 60 6777 323 246 81 6454 167 83 84 62
is_linear=0
shrinkage=0.05


Tree=218
num_leaves=31
num_cat=0
split_feature=314 83 363 316 57 333 5 96 25 2 26 107 162 65 62 28 359 66 27 176 88 143 53 4 20 2 23 5 92 103
split_gain=1.03895 3.64774 4.77362 5.37523 5.45104 3.69674 3.33085 4.71319 3.54353 3.23516 3.05249 3.02538 3.28325 3.18462 2.71127 2.68655 2.56787 3.93712 6.28358 5.60969 4.29545 4.2568 4.97988 4.89694 4.45814 4.17043 3.69189 5.49833 3.673 3.39366
threshold=1.0000000180025095e-35 41.960000000000008 1.0000000180025095e-35 1.0000000180025095e-35 42.698118573518862 1.0000000180025095e-35 10.794736842105264 5.6137024439405394 -0.25843324364384285 0.04829527798773859 2.4763473685072452 1.5000000000000002 1.0000000180025095e-35 4.8776579621710807 22.292435312011317 656.38014623285937 1.0000000180025095e-35 12.190804002584704 3.1384666775600523 1.5000000000000002 5.7115810733004455 2.5000000000000004 4.8151924448185826 0.71993616980016406 2.1549666949261237 0.037490610827664368 -2.0047084833978679 11.120606060606063 30.177291739116992 6.9893075239355005
decision_type=2 2 2 2 2 2 2 2 8 2 2 2 2 2 2 2 2 2 2 2 2 2 2 2 10 2 10 2 2 2
left_child=16 5 3 4 11 10 7 9 -8 -4 -2 15 13 14 -13 -3 -1 18 19 -18 -20 22 23 26 -25 -24 27 -19 -27 -29
right_child=1 2 6 -5 -6 -7 8 -9 -10 -11 -12 12 -14 -15 -16 -17 17 21 20 -21 -22 -23 25 24 -26 28 -28 29 -30 -31
leaf_value=-0.00017928266756802187 0.010722630270253365 0.0065361044353862063 -0.0070516000846745797 -0.024428912774218541 -0.026161983898944325 0.024582554469816387 -0.010305515863706894 0.028778091969434174 -0.00023064070284158734 0.007558672768558837 -0.01279593873769045 -0.011313449415648658 0.0083161614192970874 -0.0017941767063278419 -0.032100371058498112 -0.010394611185377774 0.0037590454715095336 -0.01072483152189913 -0.017593082548542457 -0.015587622981245925 0.0044493852949310693 -0.012111094551801217 -0.0018429918613817012 -0.025630815004786624 0.00059630961406456184 0.01155739091701611 0.026496658490796111 0.0044477835090623958 0.028207303007895299 0.022363163407758943
leaf_weight=5368 37 107 54 38 27 26 99 20 737 127 22 62 29 65 21 30 435 48 77 41 31 32 42 26 43 134 20 108 44 35
leaf_count=5368 37 107 54 38 27 26 99 20 737 127 22 62 29 65 21 30 435 48 77 41 31 32 42 26 43 134 20 108 44 35
internal_value=4.43995e-12 -0.00118539 -0.0017893 -0.0065914 -0.00460365 0.00887498 -3.42347e-05 0.00574491 -0.00142372 0.00319981 0.00195299 -0.0027499 -0.00706777 -0.0100822 -0.0165728 0.00282865 0.000274409 0.00245668 -0.000377815 0.00209263 -0.0112661 0.00556824 0.00669972 0.00227662 -0.00928638 0.0123291 0.00605788 0.00391769 0.0156731 0.00883267
internal_weight=7985 1501 1416 379 341 85 1037 201 836 181 59 314 177 148 83 137 6484 1116 584 476 108 532 500 280 69 220 211 191 178 143
internal_count=7985 1501 1416 379 341 85 1037 201 836 181 59 314 177 148 83 137 6484 1116 584 476 108 532 500 280 69 220 211 191 178 143
is_linear=0
shrinkage=0.05


Tree=219
num_leaves=31
num_cat=0
split_feature=367 23 96 37 89 22 45 20 22 22 96 83 100 43 6 20 21 130 39 38 128 44 16 0 3 43 4 91 0 66
split_gain=1.07553 2.96141 2.59927 5.30904 4.08987 3.92225 6.94377 4.99486 4.49276 4.21349 3.39546 3.3875 3.3172 3.09467 3.74973 3.08985 3.61951 2.76433 2.6902 5.49861 4.28472 6.64842 3.35191 6.6956 6.89222 5.98931 4.25762 3.81018 4.54211 7.16078
threshold=1.0000000180025095e-35 -1.7501651324832344 3.1856577341584784 0.54403457722854498 29.347722865324716 2.4311584947247353 1.4209081331704774 2.2370252157228023 2.60427148895899 2.4135070239442622 4.3292283950617287 42.555000000000014 -0.8319090803220357 21.340660333505586 312.27100000000002 2.0406198303844127 -2.0243752649745956 0.11 3.2325975659780801 4.689841137797452 7.0924620245831038 18.486426608599896 1.4821200510855685 11.707070003642235 -0.34270092592592588 17.803041277184487 0.52679395932132389 24.717507198162 8.5433333333333348 12.343350791020589
decision_type=2 10 2 2 2 10 2 10 10 10 2 2 2 2 2 8 10 2 2 2 2 2 2 2 2 2 2 2 2 2
left_child=2 -2 5 10 15 9 -7 -8 13 18 -4 12 -12 14 -9 16 -5 -17 22 -20 -21 -22 23 27 26 -24 -25 28 -1 -30
right_child=1 -3 3 4 -6 6 7 8 -10 -11 11 -13 -14 -15 -16 17 -18 -19 19 20 21 -23 25 24 -26 -27 -28 -29 29 -31
leaf_value=0.0012554783791133631 0.00055277845160137931 0.011520843259368412 -0.0079524082077953688 -0.028031290844082835 0.012054963354021312 -0.012850720972682424 0.027078478356512888 -0.0019967916158718929 0.021113517495970697 -0.017338738912884663 0.027695210295773688 -0.011746081705628471 0.0063005852042062388 -0.015868729033640453 0.018665115499649856 0.012710546394405159 -0.0090167884582488655 -0.0052865950028378505 0.026249383824567003 -0.011399539071652625 0.029214462867149939 0.0016827815134144788 0.00022503324135285667 -0.017702486766250553 -0.031735458929796477 0.01495588219029383 0.0058300190092995773 0.014664171268749568 -0.01166304948495088 -0.00096478237769232411
leaf_weight=630 2661 63 52 30 30 39 36 62 39 36 21 22 132 21 34 23 151 295 27 45 26 140 2452 37 37 71 40 36 237 460
leaf_count=630 2661 63 52 30 30 39 36 62 39 36 21 22 132 21 34 23 151 295 27 45 26 140 2452 37 37 71 40 36 237 460
internal_value=-1.00993e-12 0.000806445 -0.000417555 -0.00313054 -0.00587529 3.77211e-05 0.00638374 0.0102907 0.00641665 -0.000305267 0.0032658 0.00659922 0.0092371 0.00151769 0.00532097 -0.00695326 -0.0121684 -0.00398491 -0.000160575 0.00500386 0.00228524 0.00599497 -0.000467859 -0.00235957 -0.014 0.000639576 -0.00547781 -0.00138597 -0.0018214 -0.0046025
internal_weight=7985 2724 5261 756 529 4505 231 192 156 4274 227 175 153 117 96 499 181 318 4238 238 211 166 4000 1477 114 2523 77 1363 1327 697
internal_count=7985 2724 5261 756 529 4505 231 192 156 4274 227 175 153 117 96 499 181 318 4238 238 211 166 4000 1477 114 2523 77 1363 1327 697
is_linear=0
shrinkage=0.05


Tree=220
num_leaves=31
num_cat=0
split_feature=187 12 319 289 16 25 50 35 130 358 70 48 92 139 78 2 27 62 16 99 362 0 58 101 30 46 17 76 89 88
split_gain=1.03793 3.57129 5.53408 2.7749 2.89848 2.78283 2.76154 3.30985 3.72403 3.25488 2.64322 2.50693 2.64139 2.2386 2.62606 3.30955 2.25925 3.1723 2.01461 1.74864 1.89686 1.75643 3.41144 3.45692 3.23358 9.22893 7.91314 5.27704 5.77685 4.68949
threshold=1.0000000180025095e-35 -0.50533587783459277 1.0000000180025095e-35 1.0000000180025095e-35 1.2788888888888892 -0.15263483967455752 8.7848772226755063 6.0087847206914118 0.64595000000000014 1.0000000180025095e-35 6.0398430761895563 5.7543383524700413 19.025862516409358 1.5000000000000002 11.63635510014513 0.10100035255871888 2.6278609250229787 10.068706624866138 1.9110671936758896 10.990700831111253 1.0000000180025095e-35 10.634498850466114 68.717370592368368 -0.96784507012681587 12.852342180583124 139.11044208796153 0.9240384615384617 5.3931039811995918 22.513824896804689 9.0395363972136114
decision_type=2 10 2 2 2 10 2 2 2 2 2 2 2 2 2 2 2 2 2 2 2 2 2 2 2 2 2 2 2 2
left_child=13 2 -2 4 -3 -5 7 8 -6 -9 11 12 -10 19 15 -15 17 -16 -13 21 -21 22 23 -1 -25 -26 -27 29 -29 -28
right_child=1 3 -4 5 6 -7 -8 9 10 -11 -12 18 -14 14 16 -17 -18 -19 -20 20 -22 -23 -24 24 25 26 27 28 -30 -31
leaf_value=-0.015005679753404567 -0.024969587700539517 -0.018596314189822546 0.0075241707405075443 -0.0098121154117538478 0.0090518118341093561 0.0070896404531116501 -0.014870506786816829 -0.00092110745608806619 -0.0035991147346281006 0.024116184979677199 -0.022809803429991008 -0.0040628358453977855 -0.020220230140819632 0.029501994153859259 0.017203213409944015 0.0036916478364555924 -0.013495862197596582 -0.0029350362997623354 0.018110588849300429 0.014691193315333554 0.00083678810934846603 0.00084413192030470844 -0.012575431676038232 -0.00078493492851062704 0.019623240790525943 0.013501983792599988 -0.035439019791643926 0.014834718013916053 -0.015223805257870305 -0.003935303290685018
leaf_weight=41 38 28 20 29 55 152 37 27 136 25 20 20 29 23 33 27 20 48 21 42 60 3088 60 3659 76 59 27 33 31 21
leaf_count=41 38 28 20 29 55 152 37 27 136 25 20 20 29 23 33 27 20 48 21 42 60 3088 60 3659 76 59 27 33 31 21
internal_value=-1.26416e-11 -0.00193611 -0.0137648 -0.000751198 -0.00308547 0.00438162 -0.00191168 -0.000471809 -0.00261618 0.0111161 -0.00545574 -0.00377088 -0.0065204 0.000167842 0.0061929 0.0155644 0.00155354 0.00526944 0.00729428 4.14308e-05 0.00654154 -5.20169e-05 -0.000742635 -0.00056276 -0.000411157 0.0051259 -0.00131737 -0.00912399 0.000275121 -0.0216561
internal_weight=7985 637 58 579 398 181 370 333 281 52 226 206 165 7348 151 50 101 81 41 7197 102 7095 4007 3947 3906 247 171 112 64 48
internal_count=7985 637 58 579 398 181 370 333 281 52 226 206 165 7348 151 50 101 81 41 7197 102 7095 4007 3947 3906 247 171 112 64 48
is_linear=0
shrinkage=0.05


Tree=221
num_leaves=31
num_cat=0
split_feature=102 57 62 18 343 130 98 30 35 332 58 4 64 78 66 64 2 215 105 47 18 28 18 26 92 102 90 57 57 11
split_gain=1.07994 4.02292 6.13147 6.41754 3.83074 3.71346 4.34249 7.29567 8.905 3.65487 3.53081 3.45252 3.23833 3.46193 3.21197 3.09449 3.0102 4.93234 4.90455 4.35955 3.19229 3.07097 3.04702 2.89917 2.83501 3.67411 6.59672 4.1724 5.74746 4.67924
threshold=0.13455329585537915 6.0711935876477465 11.938452408796641 32.716974431198203 1.0000000180025095e-35 2.7113500000000008 20.608019403085695 14.07416881515034 4.5053298990900998 1.0000000180025095e-35 57.41284869418535 0.59933454479021253 4.9964455224508706 15.962745172280554 24.886124583397638 4.8678787182079111 0.05391851992523234 4.5000000000000009 0.43614130434782611 18.972428027347178 16.526665945396566 775.60140036181735 16.62840178714055 2.7045806342251848 5.4029270837881507 14.694983082737899 63.182119505551178 52.37240413693732 46.429128825852992 0.055800071732757119
decision_type=2 2 2 10 2 2 2 2 2 2 2 2 2 2 2 2 2 2 2 2 8 2 10 2 2 2 2 2 2 10
left_child=9 2 -2 4 11 6 16 8 -8 -1 -9 14 -11 -14 -4 -13 17 18 22 21 -20 -18 23 -3 25 27 -27 28 -7 -30
right_child=1 5 3 -5 -6 24 7 10 -10 12 -12 15 13 -15 -16 -17 19 -19 20 -21 -22 -23 -24 -25 -26 26 -28 -29 29 -31
leaf_value=0.00013380908560045007 0.0077132701550596469 0.012462013416252166 -0.0092105821463922717 0.01809460806370889 0.0035407303209547287 -0.003950260414350747 -0.0085929632973696657 0.016137834583752834 -0.051345642270254233 0.0029801663882996067 -0.011427273588308778 -0.011512980317562134 0.0040837061979497472 0.026011397615851212 -0.029309823680669068 0.0070408299508827365 -0.0036677907106456679 -0.016708891862823119 0.0020679546348554524 0.010352397627959198 0.017634899918145191 -0.021038995941097923 -0.011914388590062467 -0.0066284526844282406 0.0025449808957224204 0.025818117534549073 0.00020677075258126022 -0.011111113898084495 0.00053355444162603348 0.029607301011681561
leaf_weight=3809 335 43 97 37 114 297 29 21 21 244 26 38 36 36 25 55 1186 31 57 55 78 26 52 37 775 29 189 151 31 25
leaf_count=3809 335 43 97 37 114 297 29 21 21 244 26 38 36 36 25 55 1186 31 57 55 78 26 52 37 775 29 189 151 31 25
internal_value=-7.00223e-12 -0.000601104 0.00282549 -0.00164829 -0.00386862 -0.00136149 -0.00298846 -0.0132543 -0.0265491 0.000562488 0.000889051 -0.0077973 0.0057297 0.0150476 -0.0133293 -0.000540297 -0.00235217 0.00216941 0.00436128 -0.00341565 0.0110622 -0.00404044 -0.00249193 0.00363267 0.000444811 -0.00180953 0.00361378 -0.00415532 -0.0011799 0.0135129
internal_weight=7985 3860 701 366 329 3159 1662 97 50 4125 47 215 316 72 122 93 1565 298 267 1267 135 1212 132 80 1497 722 218 504 353 56
internal_count=7985 3860 701 366 329 3159 1662 97 50 4125 47 215 316 72 122 93 1565 298 267 1267 135 1212 132 80 1497 722 218 504 353 56
is_linear=0
shrinkage=0.05


Tree=222
num_leaves=31
num_cat=0
split_feature=7 41 9 9 61 0 4 46 30 83 5 5 131 3 37 95 62 75 16 12 5 28 99 68 22 34 16 62 43 16
split_gain=1.0262 6.16359 3.95443 6.1296 3.09242 2.13928 3.23278 7.14061 2.55211 2.83305 2.54858 2.97277 2.53745 4.13675 3.11408 4.18249 3.27723 6.18186 2.90159 2.18843 2.12832 4.90266 3.07556 2.21879 1.99745 1.81689 1.47191 2.20807 1.80503 5.79721
threshold=50.023500000000006 -0.035584415584415614 8.5000000000000018 14.500000000000002 22.132282554850519 2.231365740740741 0.37412741519903731 54.511243193693964 2.1836225904276225 69.865000000000023 3.1000000000000005 4.0714285714285721 11.757500000000002 -3.4255893125666752 0.19578207818757118 0.68541666666666701 35.847303633425362 19.157624515770269 1.2152509652509653 -0.06161308777475042 7.9545454545454559 141.8021746182061 4.4730214873994205 10.089445486496386 2.0759546801178241 2.5906358677205845 2.4409722222222228 11.597752947133793 10.101712755777035 1.2679487179487181
decision_type=2 2 2 2 2 2 2 2 2 2 2 2 2 2 2 2 2 2 2 10 2 2 2 2 8 2 2 2 2 2
left_child=1 -1 4 -4 -2 6 7 -5 -8 24 -7 -12 13 -13 15 25 17 18 -17 20 21 22 23 -16 -10 -14 28 -28 29 -22
right_child=2 -3 3 5 -6 10 8 -9 9 -11 11 12 14 -15 19 16 -18 -19 -20 -21 26 -23 -24 -25 -26 -27 27 -29 -30 -31
leaf_value=0.0045376404561508488 0.029374997857958079 -0.028509429842233661 -0.026391519809311089 0.012627249568700791 0.0036327721066689786 -0.013358667709204989 0.025182248093187809 -0.026430321378972044 0.0032860567010092462 -0.0099686418970425933 0.016854326212062284 0.0017555703112686226 0.0078679137185816584 -0.024373768110360419 0.0067221158289943227 -0.019376259612972322 -0.01711660782540483 0.026093601861170365 0.0031245213590170209 -0.013043822167497693 -0.0094323966601075494 -0.029111770046874881 -0.018995008237012057 -0.0085737302244917775 0.018827379745646165 0.021837071345986003 0.0098005145685314109 -0.0048070844590059813 0.00047776014236399785 -0.00048579368449045286
leaf_weight=43 20 21 22 25 28 36 22 22 44 21 26 33 138 28 66 23 28 21 38 33 197 20 23 37 39 28 86 37 4541 2239
leaf_count=43 20 21 22 25 28 36 22 22 44 21 26 33 138 28 66 23 28 21 38 33 197 20 23 37 39 28 86 37 4541 2239
internal_value=6.39704e-12 -0.00630593 5.09506e-05 -3.62807e-05 0.0143587 3.75717e-05 0.00553605 -0.00565502 0.00971049 0.00643762 -8.63195e-05 -2.3796e-05 -8.14156e-05 -0.0102382 5.91686e-07 0.00521373 -0.00234747 0.00269565 -0.00535938 -0.000197076 -0.000138569 -0.00611431 -0.00246392 0.00122749 0.0105886 0.0102242 -1.56878e-05 0.00540636 -0.000111275 -0.00120931
internal_weight=7985 64 7921 7873 48 7851 173 47 126 104 7678 7642 7616 61 7555 276 110 82 61 7279 7246 146 126 103 83 166 7100 123 6977 2436
internal_count=7985 64 7921 7873 48 7851 173 47 126 104 7678 7642 7616 61 7555 276 110 82 61 7279 7246 146 126 103 83 166 7100 123 6977 2436
is_linear=0
shrinkage=0.05


Tree=223
num_leaves=31
num_cat=0
split_feature=118 6 83 44 46 59 20 10 75 104 89 103 48 22 16 75 12 75 87 17 4 76 45 45 3 16 15 5 97 41
split_gain=1.02475 4.68983 3.99393 5.63112 4.30809 3.92436 4.86195 4.05059 5.2892 5.35744 4.07863 4.14984 3.70415 3.46381 3.44708 3.28595 2.96596 2.92397 2.86559 4.94248 3.12372 2.89164 4.01753 2.76083 3.99016 3.09045 4.71696 4.46438 4.15136 3.80956
threshold=3.5000000000000004 129.16050000000001 44.070000000000007 6.8347557233190948 52.245618533150534 31.379030301308529 2.315646671648548 1.5000000000000002 36.983878952357252 4.2343117139504232 26.179183790757364 5.751329483182162 12.509458256980734 2.382152923857487 1.1270161290322582 15.261310150153447 -0.32194895333332646 38.574558069148495 58.307166390490529 0.50490196078431382 0.34985626704399081 20.862522069959279 2.2718008261501859 4.0908573401388049 0.61349397113962423 1.1830143540669857 0.94804318488529027 13.337899543378997 -1.0000000180025095e-35 -3.0349999999999988
decision_type=2 2 2 2 2 2 8 2 2 2 2 2 2 8 2 2 10 2 2 2 2 2 2 2 2 2 2 2 2 2
left_child=5 -2 3 13 -4 7 -7 8 9 12 11 17 18 -3 -11 -14 -5 -10 19 -1 -20 -21 -23 24 25 27 -27 -6 -28 -30
right_child=1 2 4 16 23 6 -8 -9 10 14 -12 -13 15 -15 -16 -17 -18 -19 20 21 -22 22 -24 -25 -26 26 28 -29 29 -31
leaf_value=-0.02448283919133246 -0.022769613471367245 -0.035180823189707909 0.022412052608671643 -0.0065822926685440404 -0.021063216157759038 0.0032295017796396108 0.030276557151228192 -0.01806761200229327 0.01407287862856646 -0.0016393086779862643 0.030330294505693019 0.024776002991944553 -0.021422506852873738 -0.0075035039708018312 -0.029488792385905984 -0.0030541605153121057 0.014773619228175709 -0.0028279073098786624 -0.0005069703939149068 0.00059391515303647887 0.02645297176204622 -0.027741957615528792 -0.0023858983264319969 0.0011310787661347654 0.016549938947926942 0.0077413182533024975 -0.021240079976463072 0.00057683911846569656 -0.016212772695407114 -0.0016033796526842342
leaf_weight=20 24 26 21 72 52 54 24 30 37 20 20 25 35 20 25 80 21 83 21 4557 22 21 61 1467 28 116 30 44 47 882
leaf_count=20 24 26 21 72 52 54 24 30 37 20 20 25 35 20 25 80 21 83 21 4557 22 21 61 1467 28 116 30 44 47 882
internal_value=9.02046e-12 -0.000760307 -0.000573391 -0.00883777 -0.00014587 0.000421981 0.0115517 0.000250315 0.000359632 6.08569e-05 0.00916355 0.006244 0.000221277 -0.0231472 -0.0171112 -0.00864453 -0.00175999 0.00238317 0.000438114 0.000319531 0.0132865 0.000426461 -0.00887952 -0.000323558 -0.00210334 -0.00254936 -0.00178176 -0.0111449 -0.00293366 -0.0023425
internal_weight=7985 2850 2826 139 2687 5135 78 5057 5027 4862 165 145 4817 46 45 115 93 120 4702 4659 43 4639 82 2666 1199 1171 1075 96 959 929
internal_count=7985 2850 2826 139 2687 5135 78 5057 5027 4862 165 145 4817 46 45 115 93 120 4702 4659 43 4639 82 2666 1199 1171 1075 96 959 929
is_linear=0
shrinkage=0.05


Tree=224
num_leaves=31
num_cat=0
split_feature=102 57 62 130 66 47 95 59 24 4 98 62 51 35 99 215 3 7 105 130 28 332 90 0 335 19 5 5 16 45
split_gain=1.06734 3.7966 4.97151 4.49353 3.97903 3.65416 5.85276 4.83439 4.45695 3.71342 3.6439 6.93398 3.62197 4.33526 3.40847 3.5413 10.4461 3.29773 4.37573 3.25013 3.71906 3.22273 3.21188 3.05218 2.98075 2.86466 2.99401 2.99097 2.81015 3.37319
threshold=0.13455329585537915 12.49810586610702 11.938452408796641 2.7113500000000008 51.429667848785634 9.8201776137095536 16.495132713619224 26.067512127427623 8.4141721866915553 0.41975806807493671 20.608019403085695 10.119655429114756 3.8532689665767532 3.3851487307985413 5.3537909423028482 4.5000000000000009 -0.93988685752078593 276.19550000000004 0.10620300751879701 0.83549999999999991 66.935374679788765 1.0000000180025095e-35 11.344836925954082 12.827536047598054 1.0000000180025095e-35 10.177230084864384 11.33854166666667 12.743421052631581 2.2554347826086958 2.5578278297568948
decision_type=2 2 2 2 2 2 2 2 10 2 2 2 2 2 2 2 2 2 2 2 2 2 2 2 2 10 2 2 2 2
left_child=21 2 4 10 19 7 17 8 9 -4 12 -12 13 -3 15 -15 -17 18 -7 20 -2 28 -19 25 -20 26 -23 -28 -1 -30
right_child=1 3 5 -5 -6 6 -8 -9 -10 -11 11 -13 -14 14 -16 16 -18 22 24 -21 -22 23 -24 -25 -26 -27 27 -29 29 -31
leaf_value=0.00041699136833739332 -0.00066461799821505949 -0.0046287525524259729 0.0093624647968170941 0.00029387806725059574 0.026337355783297902 -0.022921703128621074 0.0055039670235842849 0.022856319337510145 0.022297207674100289 -0.0053012345111771919 -0.038772027921818553 -0.0053895509937622902 -0.0098651756593108892 0.002151778368884842 0.014839509161918061 0.012413616720587016 -0.038077423189367569 -0.011708054512344076 0.0073857071500613679 3.22082330687688e-05 0.011105854965400811 -0.0014450176494816939 -0.037101152623072266 -0.012552309060199399 -0.0098826027712693408 0.0024215936068170537 0.02944870204214127 0.010665457985892114 -0.014432060233855121 0.0013963720830361126
leaf_weight=3674 96 612 57 1443 21 31 79 26 21 178 21 60 169 323 46 20 21 33 49 260 223 30 20 22 51 166 31 67 71 64
leaf_count=3674 96 612 57 1443 21 31 79 26 21 178 21 60 169 323 46 20 21 33 49 260 223 30 20 22 51 166 31 67 71 64
internal_value=-8.48613e-12 -0.00059759 0.00181707 -0.00161593 0.0049571 -0.00163984 -0.00587932 0.00231399 0.000227664 -0.00174451 -0.00378248 -0.0140443 -0.00308457 -0.00196332 0.00201534 0.0003947 -0.0134476 -0.0107667 -0.00650905 0.00418165 0.00756364 0.000559199 -0.0212904 0.00541132 -0.00142113 0.00675554 0.0123761 0.0166071 0.00015666 -0.00692821
internal_weight=7985 3860 1145 2715 600 545 263 282 256 235 1272 81 1191 1022 410 364 41 184 131 579 319 4125 53 316 100 294 128 98 3809 135
internal_count=7985 3860 1145 2715 600 545 263 282 256 235 1272 81 1191 1022 410 364 41 184 131 579 319 4125 53 316 100 294 128 98 3809 135
is_linear=0
shrinkage=0.05


Tree=225
num_leaves=31
num_cat=0
split_feature=67 21 130 59 12 71 3 93 24 362 265 43 101 84 61 12 94 101 50 62 50 67 5 23 79 59 53 58 267 130
split_gain=1.03198 2.66256 3.60803 4.73971 3.95812 4.27045 4.28209 3.31908 3.31215 4.05833 3.28474 3.25704 3.22817 3.40029 3.76148 4.55721 4.17559 5.05444 3.45241 7.44054 3.97715 4.12006 3.23739 3.17 3.0995 3.09579 3.11545 3.97467 3.96238 3.6423
threshold=5.3234391255338798 -2.0792668200678484 0.62779000000000029 23.198871612276466 -0.50693949172345987 10.043464309295215 -0.74543981481481503 12.229199623371827 6.2482229176749113 1.0000000180025095e-35 1.0000000180025095e-35 10.302397044669734 -1.3738888888888889 22.449858121096902 28.6230375287515 -0.74777257379013162 17.613658418093337 23.560688409752185 9.3893245309778042 16.101981685665702 5.88745306194346 5.9714260881453027 13.575187969924814 -2.2272543124203605 12.402859671328782 15.613544638365786 4.8151924448185826 24.188343159539951 1.0000000180025095e-35 3.7118000000000015
decision_type=2 10 2 2 10 2 2 2 10 2 2 2 2 2 2 10 2 2 2 2 2 2 2 10 2 2 2 2 2 2
left_child=-1 12 8 4 11 10 -7 -8 9 24 25 -4 -2 14 16 -16 17 18 20 -20 21 -14 -21 -15 -3 26 28 -28 29 -6
right_child=1 2 3 -5 5 6 7 -9 -10 -11 -12 -13 13 23 15 -17 -18 -19 19 22 -22 -23 -24 -25 -26 -27 27 -29 -30 -31
leaf_value=0.00059577082052099611 0.020510118776001035 0.0029646408848083873 -0.0038173162797465925 -0.021418395286632908 -0.0041410294166680231 0.020497700026435025 0.0063635120569513403 -0.01477411175863101 -0.0052904083421736053 -0.017402293355691999 -0.019057239525753892 -0.032010804577952343 0.020167870845956108 -0.0035839738082574777 -0.0070635020000589721 0.014931314726234225 -0.0044191946654808922 -0.022996611918788407 -0.029737666134650894 0.012538479632966108 0.010190104974264449 0.0013895241031543807 -0.012955247301142664 0.015746290649456735 0.015076186953542327 -0.015819403644030294 -0.00078593632314614091 0.019001977161193888 -0.019282789413180009 0.0058121736856996823
leaf_weight=3805 20 282 20 36 652 37 65 26 132 21 33 21 30 590 31 98 314 20 26 33 165 1109 20 22 65 45 86 36 38 107
leaf_count=3805 20 282 20 36 652 37 65 26 132 21 33 21 30 590 31 98 314 20 26 33 165 1109 20 22 65 45 86 36 38 107
internal_value=-1.10297e-12 -0.000542322 -0.00206498 -0.00354975 -0.00299806 -0.00244192 0.0061556 0.000324191 0.0015044 0.00394167 -0.00354571 -0.0182579 0.000503506 0.000340718 0.00141149 0.00964574 0.000792843 0.00195933 0.00232023 -0.0078293 0.00293511 0.00188412 0.00291821 -0.0028891 0.00523337 -0.00301472 -0.00238772 0.00505312 -0.00352672 -0.00273788
internal_weight=7985 4180 1702 1202 1166 1125 128 91 500 368 997 41 2478 2458 1846 129 1717 1403 1383 79 1304 1139 53 612 347 964 919 122 797 759
internal_count=7985 4180 1702 1202 1166 1125 128 91 500 368 997 41 2478 2458 1846 129 1717 1403 1383 79 1304 1139 53 612 347 964 919 122 797 759
is_linear=0
shrinkage=0.05


Tree=226
num_leaves=31
num_cat=0
split_feature=48 130 44 52 119 45 75 39 26 60 60 60 18 93 48 46 22 68 316 0 89 24 148 20 14 15 24 122 49 102
split_gain=1.0199 1.5199 2.9654 1.73826 1.45767 1.98374 1.79899 9.54265 4.50619 2.12904 2.87061 2.58015 2.44214 1.70203 3.7404 5.42853 8.66316 5.1439 4.26238 4.13348 3.62505 3.50533 3.8213 3.5852 4.17091 3.92682 5.47348 4.00497 3.48516 3.33411
threshold=60.563584722840467 -13.786900000000003 102.69262469764733 123.84895392551529 7.5000000000000009 16.469014611270165 80.785992891545007 1.8781893729917976 3.0999638849659257 51.983565103822883 45.142095992622878 38.27385558663439 35.495692549334983 5.1000446670203816 12.509458256980734 95.227939644097731 2.2374134026581385 80.461188563239503 1.0000000180025095e-35 10.191059460821368 38.202776259168793 7.8585710970654139 1.0000000180025095e-35 2.1214174902884912 0.23754543828079525 0.94590643274853814 5.8397792251653469 2.5000000000000004 12.391907027052007 2.5691465774030484
decision_type=2 2 2 2 2 2 2 2 2 2 2 2 8 2 2 2 8 2 2 2 2 10 2 10 10 2 10 2 2 2
left_child=1 -1 3 4 6 -6 9 -8 -9 10 11 13 -13 14 17 16 -16 18 20 29 21 23 -23 28 -25 26 -26 -28 -3 -20
right_child=-2 2 -4 -5 5 -7 7 8 -10 -11 -12 12 -14 -15 15 -17 -18 -19 19 -21 -22 22 -24 24 25 -27 27 -29 -30 -31
leaf_value=0.012865728540561143 -0.010291754229304692 0.00024328129426955222 -0.018337654749947516 0.01377040949123709 0.018798044646973724 -0.0022447245594646253 -0.035760970485650682 0.015128946210161837 -0.0096293662654352383 0.016330015175044538 -0.017269961213848242 0.018170310381652885 0.00057548905066895958 -0.00069786532197218566 -0.0056302705756164735 -0.00023079987303047125 -0.043680591703880403 0.022237119701658859 0.012212330648084968 -0.012871884568896628 0.01856026449991811 -0.0054381829105433176 0.01426430530673652 -0.00078075851185755146 -0.0015245187428566474 0.0047533106436559898 0.039559529057663419 0.015019840148743241 0.021249791411682966 -0.0080775967589579532
leaf_weight=23 24 1548 22 23 24 21 22 34 40 20 24 38 41 4318 52 167 21 29 41 104 31 278 27 276 36 558 23 60 20 40
leaf_count=23 24 1548 22 23 24 21 22 34 40 20 24 38 41 4318 52 167 21 29 41 104 31 278 27 276 36 558 23 60 20 40
internal_value=2.00022e-11 3.10265e-05 -6.16144e-06 4.47851e-05 4.78899e-06 0.00897809 -4.66634e-05 -0.00684929 0.00174607 3.75797e-05 -4.56322e-06 4.91952e-05 0.00903882 -4.38944e-05 0.000808974 -0.00520254 -0.0165763 0.00127878 0.00107898 -0.00627608 0.00155524 0.0013687 -0.00369403 0.00198121 0.00439983 0.00651185 0.0147578 0.02182 0.000511221 0.00219261
internal_weight=7985 7961 7938 7916 7893 45 7848 96 74 7752 7732 7708 79 7629 3311 240 73 3071 3042 185 2857 2826 305 2521 953 677 119 83 1568 81
internal_count=7985 7961 7938 7916 7893 45 7848 96 74 7752 7732 7708 79 7629 3311 240 73 3071 3042 185 2857 2826 305 2521 953 677 119 83 1568 81
is_linear=0
shrinkage=0.05


Tree=227
num_leaves=31
num_cat=0
split_feature=15 131 6 13 2 128 68 95 19 136 22 47 22 54 101 352 43 43 7 128 87 26 16 14 130 51 13 19 136 95
split_gain=1.02987 3.64586 6.68341 5.27631 4.10951 5.53041 2.85695 3.94527 2.83853 2.62342 4.2521 2.82324 2.51032 2.47679 3.21713 2.92719 2.35645 4.69083 3.65335 3.36455 3.26841 8.74083 2.79618 3.6589 2.85099 3.63142 2.77008 2.55732 2.55662 5.7278
threshold=1.1929280397022335 7.1165000000000012 86.136000000000024 0.06497439949152202 0.0097130102040815531 9.4569058993528916 41.966480421652797 0.4254629629629631 10.107715467046431 1.0000000180025095e-35 2.1259784552336773 9.8924764153551088 2.2676809489476955 8.3919839248141788 8.8016362223901918 1.0000000180025095e-35 7.9209164969450105 9.3114463967405161 112.06750000000001 1.7047260263068 17.698118534459805 0.72206074145469235 1.8304597701149428 0.1653989362641182 3.2827400000000027 5.8888668403964921 0.50209246480073 10.137438096602336 1.0000000180025095e-35 4.6646527777777793
decision_type=2 2 2 10 2 2 2 2 8 2 10 2 10 2 2 2 2 2 2 2 2 2 2 10 2 2 8 8 2 2
left_child=16 2 -2 -3 8 6 9 -8 12 -6 -11 -12 -5 14 -9 -15 20 18 -18 -20 21 -1 28 -24 25 -25 -21 -28 -19 -30
right_child=1 3 -4 4 5 -7 7 13 -10 10 11 -13 -14 15 -16 -17 17 22 19 26 -22 -23 23 24 -26 -27 27 -29 29 -31
leaf_value=-0.029897328705659938 0.0048908501436623437 0.022050986519276068 -0.033262349453500727 0.027771400217035853 -1.3688928910406692e-05 0.025138595260002394 0.020335046619845507 -0.01359814892594631 0.0042040976124222982 -0.019234358361783499 0.0097607125074749713 -0.0070448015314169641 0.0047217801745448804 0.0006509334789977099 0.0079812883970237555 0.025345696288859472 -0.023980559189138669 -0.00027468568332730944 -0.023014347903275244 -0.0058407275789476333 0.018663947119687992 0.0030719049724207939 0.0050726286649447061 0.0013747240710807475 -0.017804140179214303 -0.019169700539981325 -0.0046211835280384706 0.018480797215830538 0.017016905574128032 -0.010714136257215782
leaf_weight=21 24 29 22 27 2912 22 39 39 209 47 38 73 21 30 31 20 28 3244 24 221 30 471 58 76 64 30 23 25 60 27
leaf_count=21 24 29 22 27 2912 22 39 39 209 47 38 73 21 30 31 20 28 3244 24 221 30 471 58 76 64 30 23 25 60 27
internal_value=-1.07717e-11 0.0006294 -0.0133563 0.000811289 0.000635704 0.00015454 -1.56827e-05 0.0065195 0.00672234 -0.00035415 -0.00662898 -0.00129156 0.0176872 0.00202945 -0.00404154 0.0105288 -0.000512299 -0.000936619 -0.00672545 -0.00507649 0.00264165 0.00166468 -0.000414502 -0.00577134 -0.00947104 -0.00443974 -0.00347609 0.0074111 -4.78378e-05 0.00841072
internal_weight=7985 3583 46 3537 3508 3251 3229 159 257 3070 158 111 48 120 70 50 4402 3880 321 293 522 492 3559 228 170 106 269 48 3331 87
internal_count=7985 3583 46 3537 3508 3251 3229 159 257 3070 158 111 48 120 70 50 4402 3880 321 293 522 492 3559 228 170 106 269 48 3331 87
is_linear=0
shrinkage=0.05


Tree=228
num_leaves=31
num_cat=0
split_feature=43 128 41 222 52 4 4 5 2 15 27 102 38 4 36 52 52 52 356 271 105 24 21 43 5 41 22 19 99 108
split_gain=1.02927 1.09445 7.32511 2.4871 1.52231 5.68043 4.84608 11.3343 9.31495 5.26474 4.706 3.63515 3.29977 7.38708 3.32955 2.82948 2.65828 6.30838 4.71812 3.78607 3.47682 4.78414 3.90761 5.23294 7.89418 4.75669 3.60231 3.97265 3.06912 9.89631
threshold=149.65641697331017 139.65495466110892 1.4184415584415586 1.0000000180025095e-35 17.617433582326015 0.5624678969789435 0.42159505396855473 8.0312500000000018 0.30160029289493612 0.81365740740740755 2.8288846752651913 -2.3062499999999999 1.7837812783352058 0.33167432518409468 1.7511746629823584 58.106687750190297 8.9261956331155918 11.184853214129996 1.0000000180025095e-35 1.0000000180025095e-35 0.88117647058823534 5.6916695709135894 -2.2283457493277758 10.930834891250978 9.8024390243902459 -1.0661688311688309 2.2374134026581385 10.028322028109164 0.60986682494393563 5.5000000000000009
decision_type=2 2 2 2 2 2 2 2 2 2 2 2 2 2 2 2 2 2 2 2 2 10 10 2 2 2 10 10 2 2
left_child=1 3 -3 4 16 6 8 -8 12 -10 -7 -9 14 -14 -6 -16 -1 18 -18 20 22 -22 23 -19 -25 -26 28 -28 -24 -30
right_child=-2 2 -4 -5 5 10 7 11 9 -11 -12 -13 13 -15 15 -17 17 19 -20 -21 21 -23 26 24 25 -27 27 -29 29 -31
leaf_value=0.0002008137145832254 0.0097457808938256844 -0.022664765229053571 0.012105351992483651 -0.01716570861282803 0.0017397928256163927 0.033241625585091798 -0.039102650858694687 -0.017165838173102767 0.0071639752514394269 0.038108146902070282 0.0025380599467704698 0.0074151421095385167 0.0002617801454417953 -0.023766097757551407 0.024470489787765677 0.0013764342914024989 -0.032311055784424149 -0.030958587236025115 -0.0051063347402412231 -0.011094576661454757 0.029467087562873286 0.0017304764607512691 0.00027786958630935949 0.024336731750518086 -0.0046413928535716823 -0.03003626561359219 0.024500867243789668 0.0032611658633912655 -0.038966156057590115 0.0026032411788658397
leaf_weight=6276 27 33 28 21 148 26 24 21 28 27 24 53 287 36 36 21 30 22 34 92 22 53 286 20 93 23 28 103 22 41
leaf_count=6276 27 33 28 21 148 26 24 21 28 27 24 53 287 36 36 21 30 22 34 92 22 53 286 20 93 23 28 103 22 41
internal_value=1.31909e-11 -3.30656e-05 -0.00670471 1.84692e-05 6.42879e-05 0.00223755 0.00104325 -0.00924432 0.00277255 0.0223548 0.0185039 0.000439459 0.000732734 -0.00241625 0.0056943 0.0159622 -0.000158057 -0.00274985 -0.0178585 -0.00154866 -0.000316934 0.00986655 -0.00151405 -0.00833442 -0.00467463 -0.00967658 0.000730984 0.00780095 -0.00192278 -0.0119131
internal_weight=7985 7958 61 7897 7876 731 681 98 583 55 50 74 528 323 205 57 7145 869 64 805 713 75 638 158 136 116 480 131 349 63
internal_count=7985 7958 61 7897 7876 731 681 98 583 55 50 74 528 323 205 57 7145 869 64 805 713 75 638 158 136 116 480 131 349 63
is_linear=0
shrinkage=0.05


Tree=229
num_leaves=31
num_cat=0
split_feature=180 66 20 43 27 372 80 22 19 76 104 26 131 59 21 104 15 20 147 27 141 66 92 59 18 162 196 0 42 93
split_gain=1.00622 2.18074 1.90856 2.09661 1.81134 1.4431 1.3007 1.26993 4.10785 4.77829 3.46426 3.50306 4.78649 5.7038 3.67037 2.94283 5.01995 3.67805 2.8974 2.57788 2.50057 3.60528 2.26838 3.48275 3.46168 3.29813 3.98269 3.65214 3.36703 3.53146
threshold=1.0000000180025095e-35 39.444804616075878 2.3413862195953743 11.388661247577234 2.2651828354697718 1.0000000180025095e-35 39.731567316008572 2.2374134026581385 9.9105581739185844 9.4917393108388808 -7.8110561539430572 1.8406724612029353 41.47300000000002 4.5188839003818719 -2.1222975114509728 -3.247142335965012 0.71714285714285719 2.2271442821704208 1.0000000180025095e-35 2.4573983585779957 1.5000000000000002 18.345201327744771 4.915188854954752 4.1193904968181334 16.137403134626386 1.0000000180025095e-35 1.0000000180025095e-35 6.0715859805856498 9644.6053009043408 35.529947724632429
decision_type=2 2 8 2 2 2 2 10 8 2 2 2 2 2 10 2 2 10 2 2 2 2 2 2 10 2 2 2 2 2
left_child=6 2 3 -2 -4 -6 7 8 9 -1 -9 12 14 -14 -12 16 -13 19 -19 -18 22 -22 23 -17 -24 27 -27 28 -26 -30
right_child=1 -3 4 -5 5 -7 -8 10 -10 -11 11 15 13 -15 -16 20 17 18 -20 -21 21 -23 24 -25 25 26 -28 -29 29 -31
leaf_value=-0.0040808779218760149 0.00065076391771435747 -0.01571616410548168 0.01286189989342044 -0.020038796893883652 -0.011235295407039722 0.0029792665261387206 -0.010668820443762732 0.017362603366927944 -0.00016236090206560912 -0.032188914849289825 -0.015369408573800078 -0.029664218327961862 0.041450283252634113 0.0076112481497341046 0.008269341598497704 0.0036367753729672145 0.021075947038480081 -0.0014372849852036409 -0.019906077443489007 -0.0028644892549061257 0.028269661935046316 -0.001392786872262756 0.020883927280859402 -0.0027801461096507024 -0.011971290662574272 -0.0080326153908067185 0.012893715162796002 0.0038893535311824417 -0.0072471815672132279 0.017739991929668648
leaf_weight=54 25 31 30 24 26 57 28 32 5018 21 24 20 20 33 52 289 22 54 35 23 20 21 24 788 75 144 27 911 31 26
leaf_count=54 25 31 30 24 26 57 28 32 5018 21 24 20 20 33 52 289 22 54 35 23 20 21 24 788 75 144 27 911 31 26
internal_value=8.64595e-12 -0.00356635 -0.00124139 -0.0094829 0.00233237 -0.00147349 8.83349e-05 0.000127129 -0.000335963 -0.0119511 0.00101014 0.000811857 0.00884742 0.0203807 0.000804473 0.000398874 -0.00629755 -0.00280999 -0.00870029 0.00883972 0.000836586 0.0130767 0.000619807 -0.00105824 0.00207963 0.00170788 -0.00472846 0.00276312 -0.00500962 0.00415048
internal_weight=7985 193 162 49 113 83 7792 7764 5093 75 2671 2639 129 53 76 2510 154 134 89 45 2356 41 2315 1077 1238 1214 171 1043 132 57
internal_count=7985 193 162 49 113 83 7792 7764 5093 75 2671 2639 129 53 76 2510 154 134 89 45 2356 41 2315 1077 1238 1214 171 1043 132 57
is_linear=0
shrinkage=0.05


Tree=230
num_leaves=31
num_cat=0
split_feature=160 77 67 27 4 24 4 196 55 47 4 97 23 11 88 57 72 78 251 27 102 65 20 67 45 27 83 101 0 24
split_gain=0.980566 1.11693 3.04158 3.17629 4.29136 7.85546 7.1479 3.2474 5.1697 3.79176 4.58327 2.6859 3.66219 3.61909 4.0634 3.36705 3.9836 3.3958 3.27255 2.99865 3.76738 2.98306 2.89102 3.83056 8.68277 3.4367 3.27 2.9657 2.98164 2.75092
threshold=1.0000000180025095e-35 1.0000000180025095e-35 48.060385093700944 1.5678679082721314 0.57743538546075845 5.8473400666026505 0.49710650598277067 1.0000000180025095e-35 5.1078288256845612 9.7273905079034702 0.63710663691083302 26.2190437409234 -2.2430343094874803 0.31000512448828194 28.023800894119823 19.766644581889771 5.7526245262592957 121.78961730343003 1.0000000180025095e-35 3.8571236556828725 -1.0000000180025095e-35 4.8776579621710807 2.071749407754953 23.200377561667743 4.4813925893478341 3.011640842183589 32.685000000000009 1.4151978615520284 10.191059460821368 5.4841046488382794
decision_type=2 2 2 2 2 10 2 2 2 2 2 2 8 10 2 2 2 2 2 2 2 2 10 2 2 2 2 2 2 10
left_child=1 -1 3 4 6 -6 -3 11 9 10 -9 13 -13 15 18 22 17 -17 19 20 -15 -14 25 24 -24 -5 -27 -28 -29 -22
right_child=-2 2 -4 7 5 -7 -8 8 -10 -11 -12 12 21 14 -16 16 -18 -19 -20 -21 29 -23 23 -25 -26 26 27 28 -30 -31
leaf_value=0.00038753746733132574 0.0079088442075328953 0.0038074627733501662 -0.019817888397457347 0.0034372619152153758 -0.03271493725478649 0.0084008316330325145 0.031868678137660027 0.0059905113740663591 -0.012759674832341262 -0.0033922831341624258 0.028157029071679485 -0.00080173587910795574 0.0056668264464171834 0.0067307303845882422 -0.027238427367146042 -0.0037009321192623401 -0.02166095300888022 0.016758244094394505 -0.02410796101797711 0.005083096806537098 0.0083555010108587648 0.026926623202267699 0.0036077507676075676 -0.013107075099030446 0.035473399081409139 4.4489578353835547e-05 -0.023478128863498569 0.0033486856518512862 -0.02014166526919739 -0.0092015143930350134
leaf_weight=5237 39 246 21 154 21 26 25 58 32 40 39 263 66 50 22 593 30 21 22 71 24 22 303 29 23 94 40 35 22 317
leaf_count=5237 39 246 21 154 21 26 25 58 32 40 39 263 66 50 22 593 30 21 22 71 24 22 303 29 23 94 40 35 22 317
internal_value=-5.24953e-12 -3.88176e-05 -0.000863041 -0.000714956 0.00397724 -0.00997004 0.00639614 -0.00134454 0.00533475 0.00956119 0.0149028 -0.0018574 0.00215253 -0.0026182 -0.0062224 -0.00126127 -0.00387043 -0.00300119 -0.00526712 -0.00436994 -0.00608647 0.0109818 0.00113916 0.00430685 0.00585594 -0.00212034 -0.00660134 -0.0130416 -0.00571777 -0.00796583
internal_weight=7985 7946 2709 2688 318 47 271 2370 169 137 97 2201 351 1850 506 1344 644 614 484 462 391 88 700 355 326 345 191 97 57 341
internal_count=7985 7946 2709 2688 318 47 271 2370 169 137 97 2201 351 1850 506 1344 644 614 484 462 391 88 700 355 326 345 191 97 57 341
is_linear=0
shrinkage=0.05


Tree=231
num_leaves=31
num_cat=0
split_feature=41 43 17 97 20 23 4 15 58 16 4 52 120 57 90 4 10 122 90 90 6 103 44 90 11 130 76 17 10 17
split_gain=0.97074 1.32981 2.39586 1.20108 2.71932 3.33876 2.62417 2.85416 2.457 1.57897 3.68855 6.89464 3.90528 3.5357 4.09159 3.27778 3.00676 2.68374 4.99026 4.03437 4.10038 2.3726 2.57228 2.91084 2.4489 4.68445 5.47585 6.34112 2.51709 2.84544
threshold=3.2583766233766238 149.65641697331017 0.49757281553398064 45.620711745635347 2.2370252157228023 -2.3773848828978248 0.3052306422754627 0.54950980392156878 48.38730204457881 0.72281323877068571 0.37700365553888499 21.09202920543002 2.5000000000000004 129.17080582366719 91.375105016323303 0.33912291085640034 1.5000000000000002 27.500000000000004 163.06298336843409 18.144153114770248 429.79450000000026 19.594642926739613 26.024056617042962 82.395200726931208 1.0499536332980961 -2.8833499999999996 29.70372346304293 1.3900966183574881 1.0000000180025095e-35 1.1277173913043479
decision_type=2 2 2 2 8 10 2 2 2 2 2 2 2 2 2 2 2 2 2 2 2 2 2 2 10 2 2 2 2 2
left_child=1 2 -1 9 -5 6 7 -6 -7 10 15 12 -12 14 16 17 21 19 -19 20 -4 22 23 24 28 -26 27 -27 29 -11
right_child=-2 -3 3 4 5 8 -8 -9 -10 13 11 -13 -14 -15 -16 -17 -18 18 -20 -21 -22 -23 -24 -25 25 26 -28 -29 -30 -31
leaf_value=-0.012426717010422205 0.010257257342986438 0.011975669897282902 0.010827694540577276 -0.017062261006371541 -0.014628327280282974 0.021865405335980047 -0.021352284365212141 0.007240930282687014 -0.0010453869461780414 -0.0050939631285511627 0.020839565321803095 0.037654476133840431 -0.00749948010291724 0.018015433735800564 -0.018539008774484198 -0.017915560084987771 -0.016691501928424394 -0.022236035705114215 0.0074670598391563666 0.017289057065499946 -0.017031643971800802 0.014551481997062053 -0.013181128362948831 0.016126014930861337 -0.022829571014324972 0.019322164008687987 -0.023669255115091801 -0.012723155677891696 0.014543898304303488 0.00022460157205949559
leaf_weight=39 23 23 28 33 25 22 23 37 25 261 20 21 31 27 30 22 27 26 31 52 25 28 37 28 34 38 20 26 30 6893
leaf_count=39 23 23 28 33 25 22 23 37 25 261 20 21 31 27 30 22 27 26 31 52 25 28 37 28 34 38 20 26 30 6893
internal_value=-3.67809e-12 -2.96304e-05 -6.44108e-05 -3.3817e-06 -0.00422453 -0.00101509 -0.00692819 -0.00157732 0.00967881 8.66621e-05 0.00394792 0.0135424 0.00361387 -4.55054e-05 -0.000110944 0.000193559 -3.64567e-05 0.00265282 -0.00608172 0.00739443 -0.0023135 2.43528e-05 -3.08609e-05 3.55183e-05 -2.61817e-05 -0.00717077 -0.000832678 0.00630375 9.11708e-05 3.05639e-05
internal_weight=7985 7962 7939 7900 165 132 85 62 47 7735 256 72 51 7479 7452 184 7422 162 57 105 53 7395 7367 7330 7302 118 84 64 7184 7154
internal_count=7985 7962 7939 7900 165 132 85 62 47 7735 256 72 51 7479 7452 184 7422 162 57 105 53 7395 7367 7330 7302 118 84 64 7184 7154
is_linear=0
shrinkage=0.05


Tree=232
num_leaves=31
num_cat=0
split_feature=89 262 55 110 51 104 14 45 4 71 46 11 41 356 30 130 43 128 46 87 44 42 31 60 93 19 31 46 22 308
split_gain=0.960359 2.6904 2.6306 3.32731 2.95788 3.00082 2.79217 5.93865 2.65671 5.64363 3.626 3.47982 4.85854 4.91121 3.62454 3.13476 3.13159 4.07335 2.95564 5.42067 4.30472 5.20514 6.25284 5.73304 2.94707 2.84615 2.91915 2.80222 2.72066 2.85368
threshold=5.8989547455658675 1.0000000180025095e-35 5.1000446670203816 1.0000000180025095e-35 11.630455302521376 -10.434023548926001 0.34681322704859907 4.1665154708343115 0.36954946752772805 23.92074936080984 159.57050156631985 2.5000000000000004 0.54168831168831177 1.0000000180025095e-35 1.3208373247184559 -2.6707999999999976 9.8399398503594337 18.165599345520615 138.11447103374869 12.462662452073971 8.1126446805365582 2181.4120154164739 6.8927805509149049 6.0726207098130782 5.3013366624845206 11.813541950164437 2.4255813122786511 148.88363620634979 2.4744986374443254 1.0000000180025095e-35
decision_type=2 2 2 2 2 2 10 2 2 2 2 10 2 2 2 2 2 2 2 2 2 2 2 2 2 10 2 2 10 2
left_child=1 2 4 6 5 -1 -4 -8 11 10 15 12 14 16 -7 -10 -14 -18 20 -20 25 22 -22 -24 -23 26 -17 -21 29 -16
right_child=-2 -3 3 -5 -6 8 7 -9 9 -11 -12 -13 13 -15 28 18 17 -19 19 27 21 24 23 -25 -26 -27 -28 -29 -30 -31
leaf_value=-0.016645670868456364 -0.000541582333314894 -0.013050974357045358 0.00012380057852973239 -0.019233347388819377 0.012557542143622414 -0.021191066655295868 -0.026046114320428495 0.0015114208885832975 -0.01596946635713371 0.018607869508203444 0.020829129630389312 -0.016432468196083055 0.026453041916506159 -0.010060135600403608 -0.0032786164515737088 -0.016622471813436436 -0.00044866385832128511 0.021086402156609386 -0.024786999182154736 -0.0074158136101980373 0.025933595063785717 0.01028661650859497 -0.018341164360088962 0.015216734781861306 0.035151582526472901 0.015673620801638154 0.0012779248519660539 0.016589651202666571 -0.015689647165792329 0.007169274268132385
leaf_weight=24 4042 36 361 29 56 27 34 46 26 49 24 38 27 34 322 23 62 34 30 31 21 22 35 20 26 34 2335 20 35 82
leaf_count=24 4042 36 361 29 56 27 34 46 26 49 24 38 27 34 322 23 62 34 30 31 21 22 35 20 26 34 2335 20 35 82
internal_value=-7.85573e-12 0.00055518 0.000680551 -0.00282791 0.00116032 0.000971549 -0.00174909 -0.0102005 0.0010975 0.00179398 0.00148272 -0.0017432 -0.000847227 0.00675992 -0.00341015 0.00130571 0.0114094 0.00717834 0.00147866 -0.00792231 0.00178131 0.0108649 0.00272368 -0.00613829 0.0237551 0.00131043 0.00110332 0.00199809 -0.00231656 -0.001158
internal_weight=7985 3943 3907 470 3437 3381 441 80 3357 2696 2647 661 623 157 466 2623 123 96 2597 81 2516 124 76 55 48 2392 2358 51 439 404
internal_count=7985 3943 3907 470 3437 3381 441 80 3357 2696 2647 661 623 157 466 2623 123 96 2597 81 2516 124 76 55 48 2392 2358 51 439 404
is_linear=0
shrinkage=0.05


Tree=233
num_leaves=31
num_cat=0
split_feature=244 27 39 31 24 24 75 26 57 26 104 57 343 9 15 94 32 59 42 89 13 71 74 2 66 23 9 3 98 93
split_gain=0.963882 2.01481 1.66564 1.63957 1.30617 5.58918 4.51078 3.03431 4.0203 4.70224 1.89891 1.82196 1.82081 1.89013 1.8956 1.7681 3.26207 3.33343 2.84164 2.81147 4.60971 2.93526 2.6923 4.08354 6.34854 4.19592 3.81572 3.78256 4.05855 3.19602
threshold=1.0000000180025095e-35 3.1524508809618608 1.1533312227284498 6.9796130650203594 8.4141721866915553 8.6746069835202757 35.917201571245705 2.7125891046556325 39.530760891085293 2.2047982887822193 8.1153395351817945 31.558139585559875 1.0000000180025095e-35 72.500000000000014 1.3190909090909093 28.963089471830632 5.5600783348673914 33.758595485426859 608.51436269730823 13.774386671377657 0.48034546929755045 10.59747537982016 11.862295596319308 0.012449976904341799 5.9798734376546774 -1.8125345490190565 50.500000000000007 -1.0416666666666667 0.87639866517594756 9.0715645846460884
decision_type=2 2 2 2 10 10 2 2 2 2 2 2 2 2 2 2 2 2 2 2 10 2 2 2 2 8 2 2 2 2
left_child=4 2 3 -2 10 -6 7 8 11 -10 15 12 13 14 -7 22 -17 18 -18 20 -20 -22 -1 24 26 27 -24 -25 29 -29
right_child=1 -3 -4 -5 5 6 -8 -9 9 -11 -12 -13 -14 -15 -16 16 17 -19 19 -21 21 -23 23 25 -26 -27 -28 28 -30 -31
leaf_value=-7.5770146256758238e-05 -0.0049006795588259905 0.0084154774434864518 0.0028872627206146719 -0.023196748143061996 0.024498928607707578 -0.0067962147018595324 -0.018354108791660381 0.020444380451479685 0.0044407428940758109 -0.027892796606149364 0.013680556200444699 0.013426812617002393 -0.0068776696010730987 0.018732891763959612 0.007303877538000581 0.0095849997130237289 -0.018001373865726322 0.016735636779728037 -0.00065127949288392199 -0.0099370267176837265 0.02191870151353734 0.0010190846764349512 0.0093698691565077749 -9.5528160514713267e-05 0.021647267477788234 0.0039808859409721092 -0.020491750562644524 -0.0092645789710553116 -0.0068137243906334485 -0.028648817677982153
leaf_weight=6421 24 21 20 25 28 37 27 23 22 23 25 44 43 21 67 127 22 30 309 57 42 28 20 97 37 86 23 37 149 50
leaf_count=6421 24 21 20 25 28 37 27 23 22 23 25 44 43 21 67 127 22 30 309 57 42 28 20 97 37 86 23 37 149 50
internal_value=-4.23327e-12 -0.00514516 -0.00927232 -0.0142354 5.86529e-05 0.0031138 0.00116336 0.0030454 0.0014883 -0.0120853 -7.67272e-05 0.00436948 0.00199733 0.00505032 0.0022875 -0.000122372 0.00244683 0.000589145 -0.000468485 0.000416202 0.00197328 0.0135589 -0.000350704 -0.00388848 0.00646295 -0.00586488 -0.00660263 -0.00840763 -0.011824 -0.0204049
internal_weight=7985 90 69 49 7895 335 307 280 257 45 7560 212 168 125 104 7535 615 488 458 436 379 70 6920 499 80 419 43 333 236 87
internal_count=7985 90 69 49 7895 335 307 280 257 45 7560 212 168 125 104 7535 615 488 458 436 379 70 6920 499 80 419 43 333 236 87
is_linear=0
shrinkage=0.05


Tree=234
num_leaves=31
num_cat=0
split_feature=15 131 22 131 6 13 2 128 28 33 128 101 101 78 130 127 83 76 83 14 14 15 12 58 253 25 54 25 99 130
split_gain=0.954572 3.40626 3.52726 2.97908 5.63123 4.6896 3.23228 4.20727 2.91139 7.03373 2.70182 3.81987 3.35755 2.7856 2.61754 2.5694 2.79097 2.51478 3.35596 3.70458 4.4225 4.84171 3.16061 4.91262 2.82278 2.92164 3.35197 2.7892 2.87021 3.48007
threshold=1.1929280397022335 96.653200000000055 2.3777692850514249 7.1165000000000012 86.136000000000024 0.06497439949152202 0.016393936784449007 8.8115153195616021 436.17259074331787 4.6558084511809801 5.7712006393281543 6.2529523513525742 8.1815451918651263 5.6286897432727292 1.6533 1.0000000180025095e-35 87.055000000000021 14.347463021776099 40.500000000000007 0.3375499084945171 0.30968042700792148 1.5419580419580423 -0.49676821883142358 18.497563204575933 1.0000000180025095e-35 0.48295507092817641 4.9419441258988437 0.25117853666869466 1.1533141726582843 0.21030999999999997
decision_type=2 2 8 2 2 10 2 2 2 2 2 2 2 2 2 2 2 2 2 10 10 2 10 2 2 10 2 10 2 2
left_child=-1 3 -3 4 -2 -5 8 10 9 -7 12 -12 17 14 -14 16 -10 18 19 20 -8 -22 23 -20 25 27 -27 28 29 -24
right_child=1 2 -4 5 -6 6 7 -9 15 -11 11 -13 13 -15 -16 -17 -18 -19 22 -21 21 -23 24 -25 -26 26 -28 -29 -30 -31
leaf_value=-0.0004932137920881937 0.0045200669594729938 0.024522774790724122 -0.00063867212917942265 0.020601427657850859 -0.030501352817836131 0.0050234824376688761 0.0015335044591257548 0.020363341212272647 -0.022634563303512076 0.03308607183396816 -0.0025671558411886511 -0.019438837682350708 0.0060201228529074479 0.0085064522748580212 -0.014243027816119139 0.010310531172739425 0.0012762735150038051 0.0046942438495757976 5.6179433033384126e-06 0.012613063713070007 -0.021445895533543081 0.001031245245365426 0.0089810270597187117 -0.016358403185173658 -0.01570577458238832 -0.018523629568517209 0.00026974391809705159 0.0096083343866517519 -0.0044371554069319126 -0.00080888322364814865
leaf_weight=4402 24 30 26 29 22 209 929 25 23 25 240 39 34 200 30 23 26 228 87 67 46 50 117 97 34 49 46 67 356 405
leaf_count=4402 24 30 26 29 22 209 929 25 23 25 240 39 34 200 30 23 26 228 87 67 46 50 117 97 34 49 46 67 356 405
internal_value=-4.93881e-12 0.000605952 0.0128407 0.000411695 -0.0122293 0.000578741 0.000410532 -6.66351e-05 0.00531631 0.00802162 -0.000230284 -0.00492556 0.000230653 0.00560107 -0.00347823 -0.00347597 -0.00994718 -0.000319305 -0.000805726 0.0012223 0.000477733 -0.00973905 -0.00256614 -0.00862107 -0.0015288 -0.00106532 -0.00942368 -0.000225065 -0.00097545 0.00138541
internal_weight=7985 3583 56 3527 46 3481 3452 3146 306 234 3121 279 2842 264 64 72 49 2578 2350 1092 1025 96 1258 184 1074 1040 95 945 878 522
internal_count=7985 3583 56 3527 46 3481 3452 3146 306 234 3121 279 2842 264 64 72 49 2578 2350 1092 1025 96 1258 184 1074 1040 95 945 878 522
is_linear=0
shrinkage=0.05


Tree=235
num_leaves=31
num_cat=0
split_feature=90 17 17 78 102 26 78 215 122 6 143 22 76 90 17 94 314 37 90 25 26 37 27 93 24 28 22 102 43 42
split_gain=0.940163 3.62457 4.37188 2.64146 2.06942 2.63833 3.58063 1.42561 4.16404 5.47623 5.31378 6.75555 3.79995 1.84629 4.1287 3.51148 5.46597 3.33735 3.3019 2.79021 2.25988 2.65527 2.28949 1.94641 4.02312 3.8638 4.517 4.15664 2.92994 3.41918
threshold=109.21593498123551 0.83469945355191266 0.99444444444444458 231.29803944763668 21.298478959241834 2.5635730313696468 135.84308523497552 7.5000000000000009 16.500000000000004 424.75600000000037 1.0000000180025095e-35 2.1153159430706854 4.608611554785349 38.962289700418218 0.95119047619047625 9.6418555877936178 1.0000000180025095e-35 2.8186856432302214 38.250438477257852 -0.10733778029990675 3.1337802341217587 4.8644482125006769 2.0807289763766961 39.613610330462905 5.2540517464788481 400.56743459737294 2.2676809489476955 0.51654870609017245 9.9011340729543083 601260.55409744324
decision_type=2 2 2 2 2 2 2 2 2 2 2 8 2 2 2 2 2 2 2 8 2 2 2 2 8 2 10 2 2 2
left_child=4 3 -3 -2 7 -6 -7 13 10 -10 12 -12 -9 18 -15 17 -17 -16 23 -20 21 22 -19 -1 -25 26 -26 28 -27 -30
right_child=1 2 -4 -5 5 6 -8 8 9 -11 11 -13 -14 14 15 16 -18 20 19 -21 -22 -23 -24 24 25 27 -28 -29 29 -31
leaf_value=0.00020733162080375275 0.018288528993725777 -0.031148286299272018 0.00074631368077548576 -0.0056856541273494566 0.024069938007742167 -0.013456835923716427 0.015188615551839271 -0.012580288611158419 0.025915041574361648 -0.0064906545740086585 -0.0072533457105358442 -0.044768759356811648 0.012801695255369977 0.025439224673789885 -0.014497640847253638 0.032004923134556287 0.0011223989612373867 0.018327530426904558 0.0012350485771007481 -0.022528058908258874 0.017479753205996186 -0.0093731565362944903 -0.000130489856071238 0.014623838222386049 -0.0057307754582447464 -0.011473047538172632 -0.028106584305436735 -0.0081143817590857061 0.01763985047940738 -0.0019448785541149286
leaf_weight=6990 20 22 21 27 20 20 24 30 22 32 30 20 29 21 37 23 38 24 21 30 21 49 56 28 67 21 34 117 52 39
leaf_count=6990 20 22 21 27 20 20 24 30 22 32 30 20 29 21 37 23 38 24 21 30 21 49 56 28 67 21 34 117 52 39
internal_value=1.04807e-12 -0.00508146 -0.0155719 0.00451613 5.79268e-05 0.00901233 0.00216796 -1.52544e-05 -0.00464236 0.00671167 -0.0102673 -0.0222595 -0.000104398 8.31049e-05 0.00415211 0.00234958 0.0127666 -0.0010485 -6.48291e-05 -0.0127432 0.00226896 -0.00020722 0.00540692 2.31675e-05 -0.00357266 -0.00511661 -0.0132632 -0.00152356 0.0053615 0.0092464
internal_weight=7985 90 43 47 7895 64 44 7831 163 54 109 50 59 7668 269 248 61 187 7399 51 150 129 80 7348 358 330 101 229 112 91
internal_count=7985 90 43 47 7895 64 44 7831 163 54 109 50 59 7668 269 248 61 187 7399 51 150 129 80 7348 358 330 101 229 112 91
is_linear=0
shrinkage=0.05


Tree=236
num_leaves=31
num_cat=0
split_feature=67 101 27 75 44 26 118 14 12 89 14 14 7 6 7 0 26 14 47 79 71 46 87 102 79 0 61 2 141 92
split_gain=0.941717 2.29648 5.91793 2.38899 8.99428 4.56976 4.12232 3.63876 3.10483 7.75667 6.61556 7.74107 5.41385 7.50345 7.14754 5.19127 4.72954 3.93236 4.39793 3.69095 4.76417 3.52837 4.65179 3.28555 3.80457 3.26475 3.15358 4.81971 2.99742 3.39166
threshold=5.3234391255338798 -0.45516203703703711 3.2115203562990775 25.425892784833263 3.0256722506939262 0.81704866244086438 1.5000000000000002 0.19357197740070112 -0.50796663584744339 18.737319577067954 0.3358242461539625 0.32747019312984949 114.08499999999999 135.21350000000004 92.055000000000021 8.3340509259259274 0.81704866244086438 0.33844921568780378 5.3712900005583588 24.342044759406082 34.717242277855725 54.511243193693964 76.669362994282253 2.0920401077097508 12.654797969980732 10.601400427174239 29.287463332882869 1.0000000180025095e-35 1.0000000180025095e-35 22.678535740122125
decision_type=2 2 2 2 2 2 2 8 10 2 10 10 2 2 2 2 2 10 2 2 2 2 2 2 2 2 2 2 2 2
left_child=1 2 -1 8 -5 6 -6 -7 9 12 11 26 14 -14 -3 -12 21 -17 -19 20 -18 -15 -23 24 -13 -26 27 -10 -29 -30
right_child=-2 3 -4 4 5 7 -8 -9 10 -11 15 23 13 16 -16 17 19 18 -20 -21 -22 22 -24 -25 25 -27 -28 28 29 -31
leaf_value=0.0035984913531707666 -0.00051806231988970448 0.00011887509147373011 -0.016139935856086335 0.032858962981173627 0.0025279556214809419 -0.011489766373327284 -0.02957469874992967 0.0059535890144776296 -0.017852776433740346 -0.027520683663897219 0.030770520752538805 0.011665416400964287 -0.030677348224876017 0.021399365067481996 0.034021210916001687 0.018891902931262645 -0.016687046084553004 0.012353856347700847 -0.0020606363643208272 0.0060626431983203076 0.0091867342125624418 -0.018423223638674244 0.015270353450129429 -0.023638978966046127 -0.022409552079310793 -0.00094688435715130153 0.020503349928185345 0.00038039493939070681 0.010843788531029554 -0.010420753305185248
leaf_weight=83 4180 53 70 26 20 33 20 318 35 32 23 22 26 30 22 49 93 84 143 39 22 20 21 40 37 34 20 2241 127 22
leaf_count=83 4180 53 70 26 20 33 20 318 35 32 23 22 26 30 22 49 93 84 143 39 22 20 21 40 37 34 20 2241 127 22
internal_value=2.88899e-12 0.00056912 -0.00543216 0.000820543 0.00438244 0.00248886 -0.0135234 0.00431362 0.000361405 -0.00402977 0.000907821 9.12808e-05 -0.00172391 -0.00524606 0.0100636 0.00794809 -0.00230733 0.00604622 0.00327336 -0.00722951 -0.0117373 0.00836893 -0.00116554 -0.0116561 -0.00650224 -0.0121317 0.000730302 0.000567226 0.000836975 0.00770406
internal_weight=7985 3805 153 3652 417 391 40 351 3235 358 2877 2578 326 251 75 299 225 276 227 154 115 71 41 133 93 71 2445 2425 2390 149
internal_count=7985 3805 153 3652 417 391 40 351 3235 358 2877 2578 326 251 75 299 225 276 227 154 115 71 41 133 93 71 2445 2425 2390 149
is_linear=0
shrinkage=0.05


Tree=237
num_leaves=31
num_cat=0
split_feature=49 11 49 13 173 49 3 130 58 138 114 100 18 44 59 330 25 16 41 3 97 118 45 108 24 130 38 62 103 4
split_gain=0.943568 1.67551 1.26206 3.09859 3.66068 1.55291 2.17381 1.65708 1.44406 1.34512 2.57421 2.27969 2.21906 2.91438 2.86285 1.87561 2.5906 1.62433 1.59113 1.53069 1.43552 1.35887 5.1267 5.55669 4.88866 5.1781 6.09879 5.15584 4.46773 4.80161
threshold=23.204787598533496 0.26955026519005559 17.178783148143292 0.47819550634861019 1.0000000180025095e-35 12.57618725246477 -1.9163850308641972 1.4881500000000007 13.406526214109919 1.0000000180025095e-35 1.5000000000000002 0.19509093259217267 16.509408378319879 4.2727509901353082 11.178151076085152 1.0000000180025095e-35 0.4870071680099079 2.1348484848484852 -1.3649999999999995 -0.44715720533124487 14.157223167044597 3.5000000000000004 4.0002848336698911 4.5000000000000009 6.007299099360714 1.0076999999999998 2.5064367813276065 23.069163230334304 1.5216925705467375 0.82710458775378148
decision_type=2 10 2 10 2 2 2 2 2 2 2 2 8 2 2 2 8 2 2 2 2 2 2 2 8 2 2 2 2 2
left_child=2 -2 5 4 -4 9 -7 -8 -5 10 21 15 13 17 -14 16 -12 19 -16 -11 -21 -1 23 24 -23 -26 -27 -28 29 -25
right_child=1 -3 3 8 -6 6 7 -9 -10 12 11 -13 14 -15 18 -17 -18 -19 -20 20 -22 22 -24 28 25 26 27 -29 -30 -31
leaf_value=0.00049915525430023662 -0.014492988575560351 0.0030334816239774229 0.013230686506167764 0.021574298471993339 -0.012548924787843136 0.00050983647138557657 -0.0033992298878729346 -0.022542644677182231 0.0068339695727142203 -0.017305735978987758 0.029145226295551531 -0.0045016870015879744 0.0089894333418699037 -0.020310428738594056 -0.00038011467882565094 0.0036478065903793322 0.0078844248065970055 0.0053349384490181421 -0.016978934095029468 -0.011741488883271815 0.0067670645618239759 -0.0028270521173676985 0.00090848246284844735 0.0029507246183207896 -0.038156098352434741 0.0075197382198114483 -0.036295965301065609 -0.0091405994565734137 -0.0067752243814017095 -0.01923223099169823
leaf_weight=4923 30 25 21 24 40 55 20 26 54 27 23 37 62 35 42 64 38 34 22 20 22 110 1427 395 24 28 29 44 258 26
leaf_count=4923 30 25 21 24 40 55 20 26 54 27 23 37 62 35 42 64 38 34 22 20 22 110 1427 395 24 28 29 44 258 26
internal_value=3.14748e-12 -0.00652641 4.52652e-05 0.00476766 -0.00367398 -3.89876e-05 -0.00619854 -0.0142194 0.0113695 4.19116e-05 0.000166596 0.00640028 -0.00346531 -0.00784555 0.00133209 0.00962726 0.0159008 -0.00360992 -0.00608596 -0.00801753 -0.00204653 2.7574e-05 -0.000964137 -0.0038878 -0.0105146 -0.0172797 -0.012319 -0.0199283 -0.00159427 0.00158076
internal_weight=7985 55 7930 139 61 7791 101 46 78 7690 7426 162 264 138 126 125 61 103 64 69 42 7264 2341 914 235 125 101 73 679 421
internal_count=7985 55 7930 139 61 7791 101 46 78 7690 7426 162 264 138 126 125 61 103 64 69 42 7264 2341 914 235 125 101 73 679 421
is_linear=0
shrinkage=0.05


Tree=238
num_leaves=31
num_cat=0
split_feature=158 99 66 37 135 44 130 34 18 11 105 17 4 105 55 26 371 59 0 255 18 68 96 54 76 40 89 40 36 76
split_gain=0.919276 0.973872 3.20645 3.45041 2.18978 3.04852 5.8005 3.15685 2.71235 2.46911 2.18338 2.26201 1.90655 1.78654 1.74317 2.3148 2.24544 1.66225 1.65595 1.64819 2.66409 3.88427 2.93328 2.07678 3.05817 5.05389 4.78158 3.50331 7.35761 4.24282
threshold=6.5000000000000009 7.2465006530387548 32.105029787757907 5.4901600962892898 1.0000000180025095e-35 7.01035610131279 -1.4168299999999976 6.5920042673865709 35.495691640771774 0.32090237413081124 0.45700245700245706 1.4946808510638301 0.63078933628405565 0.70900537634408611 4.8937403420532961 2.4553464767575313 1.0000000180025095e-35 61.388044934089763 9.6455092592592617 1.0000000180025095e-35 32.166636212466649 54.443542852569337 5.6994996378180902 5.0006586282951018 10.07070900622057 4.4860593252231817 10.926300319121426 0.58833723653501002 3.4125001316508965 10.209428411933136
decision_type=2 2 2 2 2 2 2 2 8 10 2 2 2 2 2 2 2 2 2 2 8 2 2 2 2 2 2 2 2 2
left_child=1 4 10 -4 17 7 -7 8 -6 -9 11 18 14 -12 15 -13 -16 19 -3 23 21 -21 -22 -1 25 26 -25 -26 -29 -30
right_child=-2 2 3 -5 5 6 -8 9 -10 -11 13 12 -14 -15 16 -17 -18 -19 -20 20 22 -23 -24 24 27 -27 -28 28 29 -31
leaf_value=0.00026467185841394834 0.010706154415383936 0.0017573689798945965 0.026393654883873685 0.0017559387224415938 -0.0026251726287399545 0.004896145062884898 -0.03010536386663544 0.020747499632852853 -0.020658030137807752 -0.0027289057771364852 -0.01759785612424215 0.0080677349704571747 -0.0037921075641018593 -0.0001337805049843155 0.012336912522600456 0.027931485821027308 -0.010006602576670602 -0.013113171521884702 -0.017914626179262996 0.0032720057782034163 0.021143624717369677 -0.018991053929891102 0.0014705407640172377 -0.0017351623720434661 0.016356941443518735 0.019282757584005595 -0.012419335347744089 -0.030424534538760786 0.022501580807424728 -0.00046732702688486669
leaf_weight=6077 20 23 27 30 159 20 29 24 24 21 27 55 41 32 22 20 23 24 20 179 40 22 36 238 32 20 187 20 21 472
leaf_count=6077 20 23 27 30 159 20 29 24 24 21 27 55 41 32 22 20 23 24 20 179 40 22 36 238 32 20 187 20 21 472
internal_value=5.10805e-12 -2.6883e-05 0.00267547 0.0134264 -0.000139996 -0.00450431 -0.015819 -0.00207264 -0.00499014 0.00979184 0.00034541 0.00279542 0.00551639 -0.00812582 0.00869679 0.0133647 0.000916894 2.40801e-05 -0.0073924 6.70123e-05 0.00385043 0.000835253 0.0118248 -8.12837e-05 -0.00220489 -0.00528029 -0.0064362 0.000306213 -0.000695002 0.000511065
internal_weight=7985 7965 320 57 7645 277 49 228 183 45 263 204 161 59 120 75 45 7368 43 7344 277 201 76 7067 990 445 425 545 513 493
internal_count=7985 7965 320 57 7645 277 49 228 183 45 263 204 161 59 120 75 45 7368 43 7344 277 201 76 7067 990 445 425 545 513 493
is_linear=0
shrinkage=0.05


Tree=239
num_leaves=31
num_cat=0
split_feature=367 23 96 37 89 22 45 20 22 22 24 43 96 83 100 6 20 21 19 14 291 87 41 130 0 20 2 16 43 128
split_gain=0.916246 2.40443 2.17393 3.93018 3.45256 3.28818 5.77542 4.26147 3.61803 3.52358 4.20513 2.86834 2.85827 2.8556 2.70688 2.63815 2.5657 3.13873 2.37346 2.31656 3.60668 4.13468 3.48864 6.1427 4.27421 3.55239 3.11946 2.7159 5.44146 4.41902
threshold=1.0000000180025095e-35 -1.7016303879581389 3.1856577341584784 0.54403457722854498 29.347722865324716 2.4311584947247353 1.4209081331704774 2.2129278067509328 2.4135070239442622 2.60427148895899 5.9175577631368936 21.340660333505586 4.3292283950617287 42.555000000000014 -0.8319090803220357 312.27100000000002 2.0406198303844127 -2.0243752649745956 9.7522841355704326 0.016554306371151357 1.0000000180025095e-35 29.969199237178646 0.35155844155844151 -0.018500000000000513 8.4272457032055268 2.1564500155263779 0.72575633030990183 1.4821200510855685 17.803041277184487 8.4044586352744286
decision_type=2 10 2 2 2 10 2 10 10 10 10 2 2 2 2 2 8 10 8 10 2 2 2 2 2 8 2 2 2 2
left_child=2 -2 5 12 16 8 -7 -8 18 11 -11 15 -4 14 -14 -9 17 -5 -1 20 21 22 24 -24 25 -20 -25 29 -29 -21
right_child=1 -3 3 4 -6 6 7 9 -10 10 -12 -13 13 -15 -16 -17 -18 -19 19 27 -22 -23 23 26 -26 -27 -28 28 -30 -31
leaf_value=0.01521152751799673 0.00060136743341502718 0.016179251626133921 -0.0076557405364628024 -0.025742585568999249 0.011246066726744176 -0.011700362856917753 0.029596582638940008 0.00041252763961286592 -0.016067108268746074 0.003004846479743719 0.035040012478739738 -0.014324629032940029 0.024791090824596941 -0.011148291165855799 0.0054645562065133799 0.01714696413172143 -0.0035136206076647387 -0.0080359143826768224 0.0039745072225252026 -0.0051444681551262809 0.018156503466889264 0.02081430809070858 -0.0330985473934561 -0.01411361000722363 0.025281155891716478 -0.016962449159473182 0.012026586018502712 1.3634687870377341e-05 0.013115631407353938 0.00035174595740911546
leaf_weight=25 2699 25 52 30 30 39 23 72 36 20 21 21 21 22 132 35 318 151 130 699 39 26 20 21 20 24 25 2360 82 767
leaf_count=25 2699 25 52 30 30 39 23 72 36 20 21 21 21 22 132 35 318 151 130 699 39 26 20 21 20 24 25 2360 82 767
internal_value=4.37988e-12 0.000744336 -0.000385397 -0.0028665 -0.00522807 3.09666e-05 0.00584144 0.00940462 -0.000283076 0.0066566 0.0194131 0.00257054 0.00263689 0.00569527 0.00811722 0.00588641 -0.0062185 -0.0109707 -0.000148998 -0.000240147 0.0039567 0.00187478 -0.000177008 -0.00996503 0.00353569 0.000711605 9.30183e-05 -0.00056769 0.000453587 -0.00226889
internal_weight=7985 2724 5261 756 529 4505 231 192 4274 169 41 128 227 175 153 107 499 181 4238 4213 305 266 240 66 174 154 46 3908 2442 1466
internal_count=7985 2724 5261 756 529 4505 231 192 4274 169 41 128 227 175 153 107 499 181 4238 4213 305 266 240 66 174 154 46 3908 2442 1466
is_linear=0
shrinkage=0.05


Tree=240
num_leaves=31
num_cat=0
split_feature=180 41 87 26 128 22 186 60 99 44 134 93 64 90 19 33 131 26 31 33 78 94 38 78 31 43 98 28 94 2
split_gain=0.917969 2.09703 2.16875 1.31842 1.44292 1.61878 1.14581 2.7929 1.1837 3.80693 3.65563 2.505 2.40374 2.10514 2.05127 2.30751 2.18444 2.5064 2.13132 2.01122 1.80504 1.59128 2.88214 2.50706 2.85135 3.77279 3.26734 2.40267 1.81313 5.1068
threshold=1.0000000180025095e-35 -0.91883116883116867 18.640859350972384 2.5391996731573818 4.3573799586902124 2.311543230786854 1.0000000180025095e-35 10.472848753864719 -0.54808641975308547 6.2014368129677973 1.0000000180025095e-35 11.832257784126197 4.9371265901661001 11.344836925954082 10.145207634754009 4.6800355245609637 64.477500000000049 2.5982219440042313 8.1682284753421843 8.7341484954801789 14.057877854966447 28.963089471830632 3.5254929537885169 9.7129893825878622 13.112865884296225 13.471592356648413 29.333042128926873 494.89185627703239 17.345727274024672 0.9246064814814815
decision_type=2 2 2 2 2 10 2 2 2 2 2 2 2 2 8 2 2 2 2 2 2 2 2 2 2 2 2 2 2 2
left_child=6 2 3 4 5 -2 8 -8 9 11 12 14 19 -14 15 18 -17 -18 20 -11 -1 28 23 24 25 -23 -27 -24 -10 -30
right_child=1 -3 -4 -5 -6 -7 7 -9 21 10 -12 -13 13 -15 -16 16 17 -19 -20 -21 -22 22 27 -25 -26 26 -28 -29 29 -31
leaf_value=0.021503434277006558 0.0065933556082832107 -0.018734960592701102 -0.012953587465316935 0.011533001622650772 -0.012335024500878165 -0.0073730152857024228 0.016846752364654095 -0.0024302736279510316 -8.0977609520884686e-05 -0.0074004036561539331 -0.017412650595818247 0.023323617186397316 0.02136344427073544 -0.00076873751268500374 -0.00045616870674376303 -0.01179993751924485 0.021560096871107819 -0.00087154001406760837 0.028723569307476285 0.0057930803240471805 0.0031500415338480193 0.0022918736655832975 -0.010162326913921098 0.017492854935912096 -0.013044542643580249 0.033029059622259369 0.0065123512481267635 0.001215462114286593 -0.0036934045087631522 0.020815372873436322
leaf_weight=21 59 20 34 25 23 32 34 42 6019 88 35 20 22 21 104 20 20 33 20 43 37 164 58 41 22 21 26 232 627 22
leaf_count=21 59 20 34 25 23 32 34 42 6019 88 35 20 22 21 104 20 20 33 20 43 37 164 58 41 22 21 26 232 627 22
internal_value=-1.25111e-11 -0.00340637 -0.00163428 0.00113447 -0.00114591 0.0016821 8.43724e-05 0.00619366 2.4198e-05 0.00241807 -0.00266853 0.00628388 0.000297237 0.0105547 0.00494743 0.00866912 0.00228003 0.00759323 0.0146487 -0.00306972 0.00979524 -0.000136011 0.00241418 0.00609133 0.00408506 0.00587108 0.0183602 -0.0010601 -0.000351714 -0.0028626
internal_weight=7985 193 173 139 114 91 7792 76 7716 484 209 275 174 43 255 151 73 53 78 131 58 7232 564 274 233 211 47 290 6668 649
internal_count=7985 193 173 139 114 91 7792 76 7716 484 209 275 174 43 255 151 73 53 78 131 58 7232 564 274 233 211 47 290 6668 649
is_linear=0
shrinkage=0.05


Tree=241
num_leaves=31
num_cat=0
split_feature=41 43 17 97 20 23 84 58 89 94 76 84 76 222 76 33 76 43 83 9 128 235 226 128 30 76 9 83 5 5
split_gain=0.88917 1.16521 2.15093 1.09135 2.43841 3.09232 2.31261 2.18765 1.5756 2.38247 1.7247 3.15017 2.01528 1.68945 2.13114 3.80651 2.68887 1.74331 2.56507 2.28189 1.97911 1.75755 1.48701 2.35711 4.06927 2.96525 2.52455 3.51747 2.29237 3.17679
threshold=3.2583766233766238 149.65641697331017 0.49757281553398064 45.620711745635347 2.2370252157228023 -2.3773848828978248 42.318722164320036 48.38730204457881 63.532899894449436 11.15158196618701 45.27398868577815 33.309346842292832 39.373202824088303 1.0000000180025095e-35 31.276889282193896 6.899613616659769 30.355970713913205 47.052208439199624 242.30499999999998 86.500000000000014 48.683834986926065 1.0000000180025095e-35 1.0000000180025095e-35 0.65675145276162017 1.3208373247184559 6.1925467291592815 8.5000000000000018 17.225000000000005 7.0250000000000012 7.9545454545454559
decision_type=2 2 2 2 8 10 2 2 2 2 2 2 2 2 2 2 2 2 2 2 2 2 2 2 2 2 2 2 2 2
left_child=1 2 -1 8 -5 6 -6 -7 10 -10 12 -12 13 14 16 -16 17 18 20 -19 21 22 23 26 25 -25 -4 -28 -26 -30
right_child=-2 -3 3 4 5 7 -8 -9 9 -11 11 -13 -14 -15 15 -17 -18 19 -20 -21 -22 -23 -24 24 28 -27 27 -29 29 -31
leaf_value=-0.011774274085958799 0.0098168491507353989 0.011209404832966952 0.024398875087499619 -0.016183363547492207 -0.015850442098943811 0.020803242629732599 0.00073740361430804549 -0.0008153142128139734 0.02025286857970059 -0.0020260036457329989 0.022160949092358353 -0.0043562578902180708 -0.011368034354960308 -0.014485900588333607 0.020795441592824371 -0.0020933568501510682 -0.015482871367463045 -0.022339494125917556 0.014456402906216682 -0.00067710382563452567 0.011425030407936951 -0.01445931082680112 -0.011474330330799733 -0.028065093458545482 0.004994294424035141 -0.0028959467262029649 -0.012360412208363415 0.016611905937845058 -0.0080105977455875079 6.4526846331258925e-05
leaf_weight=39 23 23 20 33 38 22 47 25 24 24 24 21 39 20 34 39 28 20 31 31 38 21 28 22 230 25 20 22 124 6850
leaf_count=39 23 23 20 33 38 22 47 25 24 24 24 21 39 20 34 39 28 20 31 31 38 21 28 22 230 25 20 22 124 6850
internal_value=2.70867e-13 -2.83581e-05 -6.0915e-05 -3.08951e-06 -0.0040268 -0.000987654 -0.00667834 0.00930401 8.27426e-05 0.00911343 2.63522e-05 0.00978625 -3.11191e-05 2.70343e-05 6.53118e-05 0.00856718 -1.73295e-05 4.05474e-05 0.000103776 -0.00917216 4.36496e-05 -1.5097e-05 2.62228e-05 7.02561e-05 -1.27497e-05 -0.0146772 0.00977792 0.00281556 8.29237e-05 -7.90515e-05
internal_weight=7985 7962 7939 7900 165 132 85 47 7735 48 7687 45 7642 7603 7583 73 7510 7482 7431 51 7400 7362 7341 7313 7251 47 62 42 7204 6974
internal_count=7985 7962 7939 7900 165 132 85 47 7735 48 7687 45 7642 7603 7583 73 7510 7482 7431 51 7400 7362 7341 7313 7251 47 62 42 7204 6974
is_linear=0
shrinkage=0.05


Tree=242
num_leaves=31
num_cat=0
split_feature=19 0 16 11 103 336 105 79 38 97 26 19 102 18 21 21 103 56 88 23 65 105 27 310 75 45 26 27 88 91
split_gain=0.886756 2.75809 2.33599 2.29305 2.50292 2.32362 2.74229 2.56139 2.57377 2.14008 2.05422 2.84866 2.05849 2.04535 1.92768 1.91183 3.96462 3.24034 3.74874 3.25525 4.00781 6.10873 4.02624 4.03367 3.89311 4.0783 3.68217 3.60485 3.13984 3.69757
threshold=10.22742967971754 12.746248047839748 2.4058823529411768 0.72026438874300447 13.079087969860428 1.0000000180025095e-35 0.19615384615384621 10.133693877853322 0.65377042926185702 19.930454774502397 0.72206074145469235 11.813541950164437 7.3190780822307717 16.640802481428285 -2.3129794649710012 -2.0661905353356294 6.784713883774355 6.5011427896093794 11.314634211712344 -2.2704752336928773 6.4827890144192919 0.14039408866995076 2.094603433475914 1.0000000180025095e-35 19.826976554241728 1.776558177329403 2.2681608847834309 2.6358475433962409 18.808006277302692 25.056301046492869
decision_type=10 2 2 10 2 2 2 2 2 2 2 10 2 10 10 10 2 2 2 10 2 2 2 2 2 2 2 2 2 2
left_child=2 3 15 4 5 10 9 8 -8 -7 -2 12 14 -9 -12 -1 17 19 -19 27 22 -22 -21 24 28 -26 -25 -17 29 -24
right_child=1 -3 -4 -5 -6 6 7 13 -10 -11 11 -13 -14 -15 -16 16 -18 18 -20 20 21 -23 23 26 25 -27 -28 -29 -30 -31
leaf_value=0.0001748406983885963 -0.01004931673873216 0.016107012429435193 0.013556330374267418 0.01536875941719 -0.016347515769302847 -0.0010098038660551658 -0.016454293512819837 -0.026641920402359506 0.0018990248488585674 0.016260669220771112 -0.014485301254317165 0.014279692818499393 0.016337984904583377 -0.0082379493241508794 0.0011144937826862052 -0.00018308715408910876 -0.013345555874750266 -0.0038998775254545171 -0.029672517472257215 -0.011496901210176009 -0.0039728548701690588 0.032468659252576207 -0.00063701518026783744 -0.004625810785126863 -0.0078127298154868196 0.010564710229149702 -0.02719950457526879 -0.020087486023290291 -0.017291056840784021 0.015714645566832688
leaf_weight=3823 40 29 30 26 22 123 26 26 72 21 20 42 22 36 2013 46 72 43 21 82 23 23 872 101 37 164 22 45 27 36
leaf_count=3823 40 29 30 26 22 123 26 26 72 21 20 42 22 36 2013 46 72 43 21 82 23 23 872 101 37 164 22 45 27 36
internal_value=-4.51592e-13 0.000776392 -0.000357592 0.000597771 0.000441845 0.000593163 -0.00349694 -0.00800211 -0.00297022 0.00150881 0.001175 0.0013891 0.00112565 -0.0159557 0.000961028 -0.000434366 -0.00187736 -0.00134188 -0.0123565 -0.000864929 -0.000263883 0.0142479 -0.000761677 -6.24806e-05 0.000868779 0.0071818 -0.00866338 -0.0100259 -0.000488351 1.12885e-05
internal_weight=7985 2518 5467 2489 2463 2441 304 160 98 144 2137 2097 2055 62 2033 5437 1614 1542 64 1478 1387 46 1341 1259 1136 201 123 91 935 908
internal_count=7985 2518 5467 2489 2463 2441 304 160 98 144 2137 2097 2055 62 2033 5437 1614 1542 64 1478 1387 46 1341 1259 1136 201 123 91 935 908
is_linear=0
shrinkage=0.05


Tree=243
num_leaves=31
num_cat=0
split_feature=244 5 27 131 4 52 46 23 46 49 30 41 62 21 35 29 53 103 57 68 23 16 39 37 101 14 17 131 22 34
split_gain=0.890428 1.85829 1.5033 1.20481 4.27306 7.878 1.80763 1.51725 2.65487 2.48759 2.06922 14.2616 2.93933 1.83165 1.8861 2.03865 1.72495 1.90496 2.71415 1.89059 1.5924 3.78594 2.69642 2.53638 1.85778 1.82539 2.28925 2.12733 3.30215 2.5262
threshold=1.0000000180025095e-35 9.5505050505050519 2.9641432756821806 2.1417500000000005 0.44482470809146896 19.505526730992496 18.102380928505251 -1.7501651324832344 24.781682652819118 4.2789295219186076 2.1836225904276225 0.68000000000000016 23.031995810559071 -1.6951168286947016 1.0000000180025095e-35 3.4748737341529168 4.2996567699196451 1.8890012440161257 33.619492185746729 33.221339555068283 -1.8170360681769191 0.87689393939393956 0.76100844486639085 2.5114563143534636 7.1812952552420155 0.01038651822586544 2.2838827838827842 89.120350000000059 2.098765721084582 3.1176220157884198
decision_type=2 2 2 2 2 2 2 10 2 2 2 2 2 10 2 2 2 2 2 2 10 2 2 2 2 8 2 2 8 2
left_child=3 -2 -3 4 5 -1 -5 8 -8 16 11 -10 -13 14 -12 -16 17 19 -19 -9 25 -22 24 -24 -23 26 27 28 29 -17
right_child=1 2 -4 6 -6 -7 7 9 10 -11 13 12 -14 -15 15 20 -18 18 -20 -21 21 22 23 -25 -26 -27 -28 -29 -30 -31
leaf_value=0.032939707267063634 -0.012799599855888364 -0.0062786211984025113 0.011328878165328536 -0.012689055529023921 -0.013520071673251333 -0.0027888107142644003 0.017627905242815836 0.0090643321210919902 -0.040639939782736098 0.01740674935613892 -0.011113871486547093 -0.0051667649904266 0.021616361842357688 0.012232322481771311 0.015108714485540986 0.017612202465534212 -0.0099810558504291949 -0.0043218844510163994 0.013147027178719226 -0.0024751472559341407 -0.022065980875721345 -0.0044957400605964816 0.005738535535571257 -0.011861253425478935 -0.020714361698407194 -9.7426607457197525e-05 -0.0092803187179379167 -0.0048596578916268694 0.025736483036270064 -0.0057039483835419208
leaf_weight=27 41 27 22 28 21 36 21 145 23 28 39 20 21 30 22 21 28 126 27 47 26 76 113 25 23 6824 20 21 31 26
leaf_count=27 41 27 22 28 21 36 21 145 23 28 39 20 21 30 22 21 28 126 27 47 26 76 113 25 23 6824 20 21 31 26
internal_value=2.16107e-11 -0.00494523 0.00162679 5.63738e-05 0.00601254 0.0125234 -7.67919e-06 3.79431e-05 -0.000124765 0.00303324 -0.000175411 -0.00912672 0.00855142 -9.69018e-05 -0.0001478 -8.86305e-05 0.00195426 0.00292292 -0.00123914 0.00623956 -0.000135028 -0.00395399 -0.00196702 0.00255017 -0.0082637 9.63362e-06 0.00614895 0.00926598 0.013069 0.00471391
internal_weight=7985 90 49 7895 84 63 7811 7783 7382 401 7361 64 41 7297 7267 7228 373 345 153 192 7206 263 237 138 99 6943 119 99 78 47
internal_count=7985 90 49 7895 84 63 7811 7783 7382 401 7361 64 41 7297 7267 7228 373 345 153 192 7206 263 237 138 99 6943 119 99 78 47
is_linear=0
shrinkage=0.05


Tree=244
num_leaves=31
num_cat=0
split_feature=58 99 297 37 370 18 34 30 66 37 101 10 31 10 76 18 130 2 97 66 51 74 74 100 83 4 4 83 4 62
split_gain=0.879274 2.96372 3.48079 4.02541 4.2009 3.24781 3.03024 3.4594 2.81507 3.10295 2.72719 2.40457 6.48237 3.66952 10.0252 2.42333 3.09555 7.47659 4.23359 4.69959 3.44099 3.35857 2.6969 2.39581 2.62319 4.34723 3.57024 2.27542 3.52744 4.61929
threshold=5.9798734376546774 0.87487153607284485 1.0000000180025095e-35 0.19578207818757118 1.0000000180025095e-35 16.365120023801243 5.6788787669439111 11.947553259060482 1.0000000180025095e-35 1.810973768858277 7.8699714191232051 1.5000000000000002 7.0523931524041181 1.0000000180025095e-35 22.344725488882528 35.501238587287979 -0.018500000000000513 0.011002574640967768 25.452617542251236 6.0429683030322172 5.5490960737176769 11.681412419811817 7.8645836997016243 -3.0751934256635791 74.90000000000002 0.36381776936871374 0.49710650598277067 57.240000000000002 0.3716185524122797 5.964429928347843
decision_type=2 2 2 2 2 8 2 2 2 2 2 2 2 2 2 10 2 2 2 2 2 2 2 2 2 2 2 2 2 2
left_child=1 6 3 -3 5 -5 10 8 -8 -10 11 13 -13 15 -15 16 18 -18 22 20 -20 -19 23 -1 26 -26 27 28 -25 -30
right_child=-2 2 -4 4 -6 -7 7 -9 9 -11 -12 12 -14 14 -16 -17 17 21 19 -21 -22 -23 -24 24 25 -27 -28 -29 29 -31
leaf_value=-0.013458135457975523 0.00025915331899174207 0.0057788147591054445 0.0018116844980651079 -0.03960210293531418 -0.0065264295393293635 -0.015025427085688201 -0.020693848941455338 0.0028663256036900522 0.011759481057524682 -0.011830908364778304 0.014748621955513956 0.0070850461721420292 -0.031836703345179559 0.031356563125595906 -0.010619588986039163 0.0073518878573344817 -0.028496626892994193 0.00017302757111323005 -0.029169100975351678 0.0067587791666429602 -0.004152281477150542 -0.014043577208413269 0.017469328351851023 -0.00049401224189620863 0.0023279313477215127 0.022440370126489806 -0.015236967943298322 -0.0065558555970589329 0.0037835459889672498 0.030831878513304725
leaf_weight=21 6419 36 107 20 103 41 47 69 20 46 35 23 20 33 25 108 29 273 28 34 27 49 35 84 69 44 30 45 38 27
leaf_count=21 6419 36 107 20 103 41 47 69 20 46 35 23 20 33 25 108 29 273 28 34 27 49 35 84 69 44 30 45 38 27
internal_value=6.55069e-12 -0.00106226 -0.00546716 -0.00936135 -0.0126848 -0.0230834 1.1846e-05 -0.00595531 -0.011342 -0.00468231 0.00102022 0.000559097 -0.0110181 0.00105741 0.0132634 0.00030508 -0.000608552 -0.00418034 0.00199248 -0.00785447 -0.0168881 -0.00199037 0.00422246 0.00292737 0.00394843 0.0101593 0.00081525 0.00329755 0.00627341 0.015019
internal_weight=7985 1566 307 200 164 61 1259 182 113 66 1077 1042 43 999 58 941 833 351 482 89 55 322 393 358 337 113 224 194 149 65
internal_count=7985 1566 307 200 164 61 1259 182 113 66 1077 1042 43 999 58 941 833 351 482 89 55 322 393 358 337 113 224 194 149 65
is_linear=0
shrinkage=0.05


Tree=245
num_leaves=31
num_cat=0
split_feature=48 130 44 43 222 128 128 128 62 45 4 3 45 44 15 215 57 22 87 120 44 16 7 130 22 340 87 87 59 76
split_gain=0.882494 1.33569 2.68428 1.49426 1.15697 1.56976 1.46112 1.75976 1.63343 1.61187 4.49751 2.41552 1.63501 5.5643 1.42884 2.04531 2.87129 5.09701 1.60903 3.20584 7.69258 6.47022 5.05221 4.74217 3.05581 3.20154 4.3324 2.92052 6.16957 4.46174
threshold=60.563584722840467 -13.786900000000003 102.69262469764733 85.044772744595306 1.0000000180025095e-35 139.65495466110892 48.683834986926065 39.894095108156172 17.3469063382069 274.58676742449973 0.39603170067953958 -3.4255893125666752 62.628507673170454 3.1625203512207714 0.26376811594202904 23.500000000000004 123.00144198912346 2.2193431291959249 28.987087793910035 5.5000000000000009 5.0403794392236447 1.5797962648556878 306.21600000000012 0.62779000000000029 2.1110159311291423 1.0000000180025095e-35 51.686414739978765 25.841676830130247 6.0541039488047863 9.8403217425291292
decision_type=2 2 2 2 2 2 2 2 2 2 2 2 2 2 2 2 2 8 2 2 2 2 2 2 8 2 2 2 2 2
left_child=1 -1 3 4 5 6 7 9 -8 12 11 -11 14 -14 -3 16 18 -18 27 22 21 -21 23 -20 -22 -26 -27 -16 -29 -30
right_child=-2 2 -4 -5 -6 -7 8 -9 -10 10 -12 -13 13 -15 15 -17 17 -19 19 20 24 -23 -24 -25 25 26 -28 28 29 -31
leaf_value=0.012060675080663162 -0.0095734081725822769 -0.012954565297280039 -0.017446931189095433 0.013362246472388506 -0.01052295733243227 -0.010523529435907092 -0.0027668322902172806 -0.012953015703421373 0.015448279131669553 0.030019674911385491 -0.0081047319289710793 0.0057400235999375583 0.010488545977171851 -0.02239065070696656 -5.2319335738203242e-05 -0.015862849969416858 0.024434813071275131 -0.0064233647021667466 0.0094222131929949261 -0.0039445902482839303 0.017780194279427331 -0.040197372478432955 0.024580030523341252 -0.011271135070312181 0.0046284469361244727 0.0013509465749411069 -0.01496639210825502 0.0099651557641724751 -0.0072298086816217841 -0.034029660679399963
leaf_weight=23 24 21 22 21 26 35 20 26 32 21 27 20 22 31 6703 20 32 23 102 32 30 20 37 38 291 131 59 30 41 25
leaf_count=23 24 21 22 21 26 35 20 26 32 21 27 20 22 31 6703 20 32 23 102 32 30 20 37 38 291 131 59 30 41 25
internal_value=1.37257e-12 2.88609e-05 -6.00072e-06 4.24708e-05 7.04137e-06 4.18336e-05 8.90365e-05 3.32182e-05 0.00844247 7.67512e-05 0.00774097 0.0181759 8.96153e-06 -0.00874268 6.9713e-05 0.000105635 0.00014769 0.0115305 6.46484e-05 0.00227877 0.000433511 -0.017888 0.00814816 0.00380545 0.00229793 0.0013323 -0.00371602 -0.000176336 -0.00883551 -0.0173813
internal_weight=7985 7961 7938 7916 7895 7869 7834 7782 52 7756 68 41 7688 53 7635 7614 7594 55 7539 740 563 52 177 140 511 481 190 6799 96 66
internal_count=7985 7961 7938 7916 7895 7869 7834 7782 52 7756 68 41 7688 53 7635 7614 7594 55 7539 740 563 52 177 140 511 481 190 6799 96 66
is_linear=0
shrinkage=0.05


Tree=246
num_leaves=31
num_cat=0
split_feature=93 48 68 105 67 25 89 308 89 105 47 220 98 99 66 27 71 95 27 34 131 4 305 27 53 76 19 97 31 30
split_gain=0.881659 3.30518 4.59992 3.3321 5.1755 4.7616 3.23457 3.46466 4.48186 2.74484 4.7309 2.69675 2.6735 2.66308 2.61891 2.40218 3.42268 2.35897 4.075 2.26363 5.7747 4.00581 5.19847 3.54781 3.54176 3.42257 3.07774 2.9 4.52157 5.14825
threshold=5.1000446670203816 6.244990809577831 80.461188563239503 0.12132352941176472 6.3193441026231802 0.60171821442955475 38.202776259168793 1.0000000180025095e-35 24.026504327666213 0.20344827586206901 10.446923214904638 1.0000000180025095e-35 20.608019403085695 5.0743750000000007 24.886124583397638 2.8380630522816994 5.0969112289589296 4.8809344293272874 2.6762633753534826 3.6689327237482003 48.707650000000037 0.55844388491830055 1.0000000180025095e-35 2.5779637924476262 4.1959919624070894 3.40821687586054 10.279450325612126 32.456462348828424 7.8901069978086005 7.9630511213109827
decision_type=2 2 2 2 2 8 2 2 2 2 2 2 2 2 2 2 2 2 2 2 2 2 2 2 2 2 8 2 2 2
left_child=1 2 6 4 5 12 7 8 19 10 -5 -2 -3 -11 -15 17 -17 18 -9 -1 27 22 -22 26 25 -25 -23 28 -21 -30
right_child=11 3 -4 9 -6 -7 -8 15 -10 13 -12 -13 -14 14 -16 16 -18 -19 -20 20 21 23 -24 24 -26 -27 -28 -29 29 -31
leaf_value=-0.00067214132475870107 -0.00037178515126955734 -0.0040849311765536528 0.024215598751536824 0.0001215240084079664 -0.028855474454422408 -0.023781218628088633 0.017863966073391253 0.01022793967179075 -0.012155479569371571 -0.00079521526831817068 0.024594527435588785 -0.01753632342847793 0.014769466039117263 -0.024815999506972733 -0.00093279434579678566 0.0069300202761859268 -0.012674440635788826 0.0015928087466419107 0.035946159758605066 0.0065313014019729486 -0.00078455327439359292 -0.003292989890761168 -0.016722892696270721 0.010644160970414599 0.012552459029102465 -0.0045548934684674072 0.014302870937223947 -0.009476336147636176 0.033023277192543714 0.0023165537487892878
leaf_weight=1171 4506 103 22 67 26 27 29 67 68 476 28 23 23 24 22 79 31 41 20 190 255 221 64 62 140 92 28 20 39 21
leaf_count=1171 4506 103 22 67 26 27 29 67 68 476 28 23 23 24 22 79 31 41 20 190 255 221 64 62 140 92 28 20 39 21
internal_value=-5.64351e-12 0.000601447 0.0014473 -0.00222516 -0.0082312 -0.00472643 0.00125742 0.00107283 0.000495555 -0.000482721 0.00733462 -0.000458953 -0.000643255 -0.00190542 -0.0133936 0.0068238 0.00140513 0.0114805 0.0161402 0.000869099 0.00246344 0.000464774 -0.00398221 0.00307728 0.00679671 0.00156421 -0.00131434 0.00884436 0.01031 0.0222759
internal_weight=7985 3456 2660 796 179 153 2638 2609 2371 617 95 4529 126 522 46 238 110 128 87 2303 1132 862 319 543 294 154 249 270 250 60
internal_count=7985 3456 2660 796 179 153 2638 2609 2371 617 95 4529 126 522 46 238 110 128 87 2303 1132 862 319 543 294 154 249 270 250 60
is_linear=0
shrinkage=0.05


Tree=247
num_leaves=31
num_cat=0
split_feature=41 43 17 18 45 100 279 57 35 12 105 41 56 26 358 11 31 4 130 361 120 128 34 14 0 103 77 44 25 60
split_gain=0.88056 1.18644 1.71504 1.05393 2.58017 3.41412 2.71594 2.95493 3.34113 2.8756 4.14423 2.49658 2.22817 2.18406 2.06831 1.68711 2.7064 3.17757 3.59495 2.54251 2.43972 2.69963 2.7617 2.17575 3.8714 2.84197 2.59015 2.49997 3.00519 3.0674
threshold=3.2583766233766238 149.65641697331017 0.49757281553398064 16.13849123655616 15.893030065756241 1.2524333900226761 1.0000000180025095e-35 68.351434111102051 5.6875527100720014 -0.36720018095150697 0.19615384615384621 -1.0000000180025095e-35 6.5011427896093794 2.4981474339236183 1.0000000180025095e-35 0.048481774955112737 5.142901572294611 0.28853790530748319 4.6700000000000044 1.0000000180025095e-35 1.5000000000000002 1.0797780331789719 1.8635293452370918 0.092861427000480071 10.384996693121694 9.9043880636914619 10.821769250866362 15.472690282754703 0.04046342093169817 5.8989547455658675
decision_type=2 2 2 8 2 2 2 2 2 10 2 2 2 2 2 8 2 2 2 2 2 2 2 10 2 2 2 2 8 2
left_child=1 2 -1 4 5 6 7 8 9 10 -4 12 13 -11 -7 16 20 -18 19 -19 21 -5 -23 24 25 26 27 28 -17 -30
right_child=-2 -3 3 15 -6 14 -8 -9 -10 11 -12 -13 -14 -15 -16 23 17 18 -20 -21 -22 22 -24 -25 -26 -27 -28 -29 29 -31
leaf_value=-0.01052045640655053 0.0097692024367658989 0.011311481688070396 0.0024278936396433934 0.0098907366651913228 0.015030554687837139 -0.0016208449296434139 0.01836292376369238 -0.014623298882334322 0.022378600174561142 0.0056958377435999798 -0.02079250308028846 -0.010515629922156223 -0.0090315481482614434 -0.0098205638952398051 -0.019797325214563774 0.01194874785125623 0.01086817616596818 -0.0090013364867451758 -0.027293431914101048 0.0092403349593620423 0.010952089483422849 -0.023931741670239717 -0.001748158087200941 -0.00033248782926955679 0.021126570566384881 0.016165868111067652 -0.015735653144392101 -0.015700161326094531 0.0071350016275868724 -0.0011901246588286304
leaf_weight=39 23 23 46 29 35 34 25 27 20 412 33 32 31 24 29 71 22 145 24 22 48 20 47 6057 27 33 22 20 151 414
leaf_count=39 23 23 46 29 35 34 25 27 20 412 33 32 31 24 29 71 22 145 24 22 48 20 47 6057 27 33 22 20 151 414
internal_value=1.04724e-11 -2.82205e-05 -6.10726e-05 -9.4377e-06 0.00177633 0.00112571 0.00220286 0.00155646 0.00228698 0.00159177 -0.00727177 0.00299502 0.0039208 0.00484172 -0.0099878 -0.000196205 -0.00354654 -0.00712605 -0.00919868 -0.00659824 0.00174815 -0.00285382 -0.00837012 -2.01826e-05 0.00254301 0.0018373 0.00113989 0.00170584 0.0022532 0.00103482
internal_weight=7985 7962 7939 7900 748 713 650 625 598 578 79 499 467 436 63 7152 357 213 191 167 144 96 67 6795 738 711 678 656 636 565
internal_count=7985 7962 7939 7900 748 713 650 625 598 578 79 499 467 436 63 7152 357 213 191 167 144 96 67 6795 738 711 678 656 636 565
is_linear=0
shrinkage=0.05


Tree=248
num_leaves=31
num_cat=0
split_feature=367 28 32 17 5 2 50 306 98 15 47 7 43 97 23 23 48 47 35 61 27 100 255 25 0 2 104 91 103 99
split_gain=0.879216 2.29302 2.45361 2.42468 2.37968 5.1757 3.17427 3.86735 4.23931 3.25531 2.79537 3.60546 2.67857 3.61524 2.63734 2.55768 5.48935 2.42458 2.29925 2.20833 4.22322 2.21402 2.17072 2.16774 2.1525 2.07358 2.25076 2.42916 2.07036 1.98518
threshold=1.0000000180025095e-35 284.57121965121388 5.5207092213812556 2.7669683257918556 11.145502645502647 0.018320139006015927 5.2200114009324841 1.0000000180025095e-35 9.1817252456538192 1.3390804597701151 9.8201776137095536 240.226 11.74826799420619 24.206143635797094 -2.0107858484011834 -2.0728662592649156 6.0541039488047863 10.102412092276746 4.325234784231534 9.6461498852130898 2.4838371033625735 0.89908038338169727 1.0000000180025095e-35 0.20010901959060687 10.805047455525676 0.19444444444444456 1.4399088246409677 4.8818348909119624 -0.64418988021688606 0.11765176209372664
decision_type=2 2 2 2 2 2 2 2 2 2 2 2 2 2 10 10 2 2 2 2 2 2 2 10 2 2 2 2 2 2
left_child=-1 19 29 4 5 18 7 8 10 25 11 -7 17 24 28 -9 -17 -10 -4 21 -21 -2 -5 -22 -14 26 27 -8 -6 -3
right_child=1 2 3 22 14 6 9 15 12 -11 -12 -13 13 -15 -16 16 -18 -19 -20 20 23 -23 -24 -25 -26 -27 -28 -29 -30 -31
leaf_value=-0.00037752856030368216 0.0032783729945764541 0.0033787595573812725 -0.000892574182325142 -0.0076581999350160569 0.010013403503573499 0.014953794851802135 0.011788416793569923 0.00030174160210896307 -0.0035208564100636022 0.027533697761595251 -0.0071308701299130917 0.0010485850818205678 0.037388853474774143 0.00088756665410030453 -0.010954818631146562 0.0028858298181810163 -0.032435259951109234 0.017151952316255673 -0.01709439234762657 0.030520198717713356 0.0013925827410529628 -0.01043129748363486 0.0075399632565677169 0.015866149644795303 0.017197993438634457 0.01915571040891368 0.014978317463577823 -0.0099448975356709636 -0.00038304385751071132 -0.012825875826150416
leaf_weight=5261 220 27 47 146 50 60 20 78 37 25 69 209 22 21 57 22 22 23 41 20 86 34 28 37 33 29 29 36 1133 63
leaf_count=5261 220 27 47 146 50 60 20 78 37 25 69 209 22 21 57 22 22 23 41 20 86 34 28 37 33 29 29 36 1133 63
internal_value=-6.76085e-12 0.00072914 0.000129947 0.000455606 0.000933673 0.00301812 0.00439011 0.00280327 0.00484663 0.0111941 0.0018472 0.00415012 0.0123011 0.0185359 -0.000449793 -0.00513567 -0.0147747 0.00440372 -0.00844115 0.00424129 0.00921128 0.00144322 -0.00521252 0.00574642 0.0252743 0.00761087 0.00367204 -0.002183 5.63664e-05 -0.00796449
internal_weight=7985 2724 2327 2237 2063 823 735 596 474 139 338 269 136 76 1240 122 44 60 88 397 143 254 174 123 55 114 85 56 1183 90
internal_count=7985 2724 2327 2237 2063 823 735 596 474 139 338 269 136 76 1240 122 44 60 88 397 143 254 174 123 55 114 85 56 1183 90
is_linear=0
shrinkage=0.05


Tree=249
num_leaves=31
num_cat=0
split_feature=138 4 4 100 18 59 14 53 240 91 90 130 102 114 330 130 23 130 89 64 12 307 27 95 92 14 91 84 71 47
split_gain=0.864111 1.98341 2.26582 2.189 1.67751 2.40112 1.81245 1.30389 1.15883 2.61395 2.46818 2.41976 1.54897 1.24309 1.81364 3.131 2.24546 1.62539 1.29223 1.26403 3.11523 1.85666 1.71382 1.6079 1.35849 3.46192 3.90259 5.11718 3.07986 3.7101
threshold=1.0000000180025095e-35 0.6490024919831473 0.59933454479021253 0.010228778239691151 16.518056942556839 6.8206266779952793 0.31356896762091108 9.3606111504331651 1.0000000180025095e-35 6.7942814019615811 11.098653420575211 1.5242500000000003 -0.44266061980347676 1.5000000000000002 1.0000000180025095e-35 0.3203000000000002 -2.0895306820637134 -0.11904999999999936 10.076392765895775 14.732096228472434 -0.32348462736251316 1.0000000180025095e-35 2.2556089702621356 36.225277777777784 33.918128320571888 0.32031554856394001 5.8197357992654402 6.0986032293433601 10.854581789010927 10.49728602987293
decision_type=2 2 2 2 8 2 10 2 2 2 2 2 2 2 2 2 8 2 2 2 10 2 2 2 2 8 2 2 2 2
left_child=8 2 4 7 6 -6 -2 -3 13 11 12 -10 -11 19 15 -15 -17 -16 -19 24 21 22 23 -21 -1 28 -27 -28 29 -26
right_child=1 3 -4 -5 5 -7 -8 -9 9 10 -12 -13 -14 14 17 16 -18 18 -20 20 -22 -23 -24 -25 25 26 27 -29 -30 -31
leaf_value=-0.00018448827488550196 -0.001995035982169489 -0.011435262929825557 0.015270545950070734 -0.020869811625951636 0.014144386077720311 -0.0033141749015259043 -0.016782396671672663 0.0064031804259866475 0.005151318993260403 0.0062250311509939949 -0.0033886766061186793 -0.013360536921649211 0.021812241031108678 -0.003339498014455395 0.0069785479700815792 0.028200532851571387 0.0084818850705882399 0.002702782477717847 -0.013038867868453964 0.016407968396128254 -0.018774476528708492 -0.011078578335946077 -0.006592345373415999 -0.0012946607949941057 0.0014033216588773187 0.027224850130301938 -0.013201427012681961 0.015369739427807786 0.015303747443249451 -0.012449538942972391
leaf_weight=6743 67 21 21 28 31 54 30 20 41 28 25 31 37 35 37 22 42 22 32 29 31 32 29 23 290 27 25 42 32 58
leaf_count=6743 67 21 21 28 31 54 30 20 41 28 25 31 37 35 37 22 42 22 32 29 31 32 29 23 290 27 25 42 32 58
internal_value=-5.16101e-12 -0.00276978 -0.000280529 -0.0100932 -0.00207488 0.00305306 -0.00656845 -0.00273358 9.76765e-05 0.00428188 0.00996263 -0.00281906 0.0150978 7.90817e-06 0.00400101 0.00868453 0.0152602 -0.00109424 -0.0066256 -9.51607e-05 -0.00473366 -0.000881758 0.00314662 0.00857796 -2.60914e-06 0.00258476 0.0111762 0.00470886 0.0004595 -0.000905488
internal_weight=7985 272 203 69 182 85 97 41 7713 162 90 72 65 7551 190 99 64 91 54 7361 144 113 81 52 7217 474 94 67 380 348
internal_count=7985 272 203 69 182 85 97 41 7713 162 90 72 65 7551 190 99 64 91 54 7361 144 113 81 52 7217 474 94 67 380 348
is_linear=0
shrinkage=0.05


Tree=250
num_leaves=31
num_cat=0
split_feature=22 176 19 60 94 31 46 27 47 103 97 5 104 40 13 102 25 52 52 5 250 119 19 87 34 8 24 5 9 30
split_gain=0.843954 3.74224 3.02064 3.51496 2.91553 3.90398 7.28695 3.23078 3.37151 3.04504 4.35167 7.23802 3.98541 3.71521 4.81479 2.81323 2.7127 2.54679 5.05564 3.91703 2.53106 4.12524 2.46645 2.9206 4.8719 8.97337 8.40631 6.60608 4.53101 3.08989
threshold=2.2875006962981383 4.5000000000000009 10.022223438271407 32.542363625746383 29.242966162209139 13.112865884296225 194.53395035164752 2.4476532863739791 30.641153478064982 5.1651954207608979 23.596782433137179 11.301515151515153 1.0000000180025095e-35 3.9166626444960215 0.54478289651522582 14.052035382351509 -0.13332127471697677 7.5949166867671254 11.184853214129996 11.577935222672066 1.0000000180025095e-35 1.5000000000000002 10.057561760375597 22.629039342937194 1.4969194326249122 147.04259308400003 5.9070347690782148 7.9545454545454559 56.500000000000007 1.4651312397830087
decision_type=10 2 8 2 2 2 2 2 2 2 2 2 2 2 10 2 10 2 2 2 2 2 8 2 2 2 8 2 2 2
left_child=1 2 3 -1 9 7 -7 8 -6 17 12 16 13 14 15 -11 -12 -4 19 -19 -2 -22 -20 24 -24 26 -26 -27 -29 -25
right_child=20 -3 4 -5 5 6 -8 -9 -10 10 11 -13 -14 -15 -16 -17 -18 18 22 -21 21 -23 23 29 25 27 -28 28 -30 -31
leaf_value=-0.0027728381628665658 0.0011524297782984675 0.020270236528647897 1.8981001975205955e-05 -0.023062816336327657 0.033677338909966728 -0.023631694995296691 0.012533407628070564 0.0037171528156814647 0.0086731174195717499 -0.00051751475835367777 -0.014129891297356648 0.026196294403349869 0.017217176770036285 -0.010772990224771758 0.020851310552848924 0.015569744503189778 0.010428612970534469 -0.032293556526303294 0.012592612579464913 -0.0048273765249177815 -0.022090289955057445 0.0027925519867696698 -0.026196183779069949 0.013125057132749977 -0.0058236353484721025 -0.03465486681532292 0.031627793119649493 0.014733665116131306 -0.0075057908741278951 -0.0011474401328717312
leaf_weight=717 2088 22 3179 22 26 26 30 58 28 432 22 49 37 67 31 29 23 25 28 27 31 36 27 41 29 21 31 25 273 505
leaf_count=717 2088 22 3179 22 26 26 30 58 28 432 22 49 37 67 31 29 23 25 28 27 31 36 27 41 29 21 31 25 273 505
internal_value=1.07037e-11 -0.000312522 -0.000390487 -0.00337687 4.48916e-05 0.00652161 -0.00425753 0.0119112 0.0207122 -0.000177122 0.00290176 0.0129002 0.00132482 0.00027291 0.00177713 0.000494482 -0.00157777 -0.000681616 -0.00283975 -0.0180323 0.000845479 -0.0087204 -0.00203362 -0.0024638 -0.0056754 -0.0042135 0.0135263 -0.00755013 -0.00564006 -7.56958e-05
internal_weight=7985 5830 5808 739 5069 168 56 112 54 4901 690 94 596 559 492 461 45 4211 1032 52 2155 67 980 952 406 379 60 319 298 546
internal_count=7985 5830 5808 739 5069 168 56 112 54 4901 690 94 596 559 492 461 45 4211 1032 52 2155 67 980 952 406 379 60 319 298 546
is_linear=0
shrinkage=0.05


Tree=251
num_leaves=31
num_cat=0
split_feature=15 102 2 128 101 21 343 78 44 5 72 94 94 299 24 146 131 52 52 130 88 2 71 57 23 17 103 76 98 99
split_gain=0.847894 2.79431 3.0549 3.3102 2.83486 3.70997 3.21108 3.04254 2.84713 2.79661 2.78387 3.46011 2.88351 2.57515 2.75223 2.3576 2.37571 3.05552 2.84885 2.2717 3.23451 2.70913 3.01912 3.81382 3.5217 3.09837 3.88329 3.19228 2.88572 2.65539
threshold=1.1929280397022335 6.8014965199042594 0.016393936784449007 8.8115153195616021 8.0640106791173274 -2.1899366958216202 1.0000000180025095e-35 19.166004642682463 6.7789881271606207 5.366666666666668 10.780910609790608 16.869725002543451 14.333374868354866 1.0000000180025095e-35 5.9987965109569936 1.0000000180025095e-35 7.1165000000000012 17.938820476048665 12.020999576107418 0.48995000000000005 16.985011576301471 0.031875925453658145 10.043464309295215 12.49810586610702 -2.1445226399127826 2.7290209790209796 3.2933306563366087 4.7419427035088049 12.742695000080689 4.4730214873994205
decision_type=2 2 2 2 2 10 2 2 2 2 2 2 2 2 10 2 2 2 2 2 2 2 2 2 10 2 2 2 2 2
left_child=-1 2 9 4 7 6 -6 15 -7 -2 11 12 -11 -9 -15 16 -4 18 19 20 29 -21 25 24 -24 27 -27 -23 -29 -18
right_child=1 -3 3 -5 5 8 -8 13 -10 10 -12 -13 -14 14 -16 -17 17 -19 -20 21 -22 22 23 -25 -26 26 -28 28 -30 -31
leaf_value=-0.00046483796401583922 -0.0060211800299584872 0.008529595869906665 -0.013789518493493753 0.01962843899215971 0.0060716370322011614 0.0031791813291686902 0.02955464634578675 -0.0020604640542714911 -0.016071240435398759 0.0087284381538752075 -0.006394625008106232 -0.0069567237184533191 0.026190768903190338 -0.0062241327484036241 -0.025371245497270774 -0.012261061006938689 0.0050865431335965564 0.02032201216876274 -0.013059399705506056 -0.010408046070693268 0.020094529000510064 -0.0020936055769206221 -0.0053821880560444325 0.027838678732514385 0.014348590413906745 -0.0039541154175867354 -0.027314556541969071 0.0026681821053507969 0.016951417662203313 -0.0023283061267048454
leaf_weight=4402 50 107 28 21 37 225 24 849 21 190 35 31 27 102 23 36 371 20 37 63 28 442 49 20 42 161 20 305 40 179
leaf_count=4402 50 107 28 21 37 225 24 849 21 190 35 31 27 102 23 36 371 20 37 63 28 442 49 20 42 161 20 305 40 179
internal_value=4.92501e-13 0.00057109 0.000326108 -0.000156371 -0.000289453 0.0042729 0.0153109 -0.000787017 0.00153585 0.00487995 0.00680595 0.00866893 0.0109012 -0.00304695 -0.0097472 0.000408626 0.000661318 0.000889018 0.000667812 0.000963106 0.00351728 -0.000329636 0.000258816 0.00806925 0.00372433 -0.000636803 -0.00653538 0.000719795 0.00432421 0.00267335
internal_weight=7985 3583 3476 3143 3122 307 61 2815 246 333 283 248 217 974 125 1841 1805 1777 1757 1720 578 1142 1079 111 91 968 181 787 345 550
internal_count=7985 3583 3476 3143 3122 307 61 2815 246 333 283 248 217 974 125 1841 1805 1777 1757 1720 578 1142 1079 111 91 968 181 787 345 550
is_linear=0
shrinkage=0.05


Tree=252
num_leaves=31
num_cat=0
split_feature=58 38 4 89 26 99 24 57 27 26 140 44 372 45 39 31 46 9 76 16 224 3 131 62 84 39 76 7 128 7
split_gain=0.843001 2.62268 3.43399 3.41282 3.00741 2.55437 2.97689 5.72621 2.51584 2.08856 1.8953 2.19607 3.82753 2.33814 1.97255 2.54112 1.81318 3.95764 2.40995 3.19499 2.24654 2.4631 5.85881 3.63386 3.11671 5.21843 4.47144 2.92481 2.85062 4.15887
threshold=5.9798734376546774 1.7546838418699522 0.59933454479021253 20.010957143591252 2.5201731915097931 0.95630787037037057 5.8334386016353044 6.751336441644562 2.9088763999523537 1.6467901353382925 1.0000000180025095e-35 5.3062156281009214 1.0000000180025095e-35 4.975766886146479 0.31730424887511444 8.4225257173709345 157.80027189090714 83.000000000000014 34.070943295197267 0.4974226804123712 1.0000000180025095e-35 -2.1458024691358015 10.427800000000003 34.799632727598826 12.918801305391691 0.14452946342370113 20.075973543713275 112.08900000000001 0.65675145276162017 50.023500000000006
decision_type=2 2 2 2 2 2 8 2 2 2 2 2 2 2 2 2 2 2 2 2 2 2 2 2 2 2 2 2 2 2
left_child=1 2 3 5 10 16 7 8 -7 -10 11 14 -13 -14 -3 -16 17 18 19 -1 21 22 -21 27 26 -26 28 -24 -23 -30
right_child=-2 4 -4 -5 -6 6 -8 -9 9 -11 -12 12 13 -15 15 -17 -18 -19 -20 20 -22 24 23 -25 25 -27 -28 -29 29 -31
leaf_value=0.021125183305703107 0.0002537516037000578 0.0046266955347397387 0.01251023345437177 -0.020368561592130435 0.0024464023790266047 0.0033046398235827079 0.0027970606604693078 -0.032441990101790948 -0.024646229731539886 -0.0039415109204128385 0.00095984933956060569 -0.032025572176401812 -0.021796369854360821 -0.0032463355710343369 -0.016545722439574698 -0.00098264643187306964 -0.013742045280523599 0.021088497465010736 -0.013795762191768047 -0.029831407999708539 0.013456875710364649 0.016056353610474618 -0.014777594273909928 -0.018266820597748919 0.033209320493042475 0.00331118426596125 -0.017387319034473461 0.0063611426543340914 -0.017060736206270032 0.0019152856750453595
leaf_weight=20 6419 39 54 21 116 49 73 23 21 29 60 24 25 53 51 54 20 25 27 21 34 32 20 26 20 54 33 90 31 421
leaf_count=20 6419 39 54 21 116 49 73 23 21 29 60 24 25 53 51 54 20 25 27 21 34 32 20 26 20 54 33 90 31 421
internal_value=8.04638e-13 -0.00104012 0.000202646 -0.000407088 -0.00440914 -1.49538e-05 -0.00518937 -0.00996814 -0.00474694 -0.0126375 -0.00700798 -0.00895135 -0.0145645 -0.00919186 -0.00497537 -0.00854185 0.00113952 0.00148804 0.000896949 0.00139159 0.000886896 0.000315533 -0.00525125 -0.00145578 0.00179436 0.0113918 0.000420646 0.00251774 0.00163483 0.000613833
internal_weight=7985 1566 1144 1090 422 1069 195 122 99 50 306 246 102 78 144 105 874 854 829 802 782 748 157 136 591 74 517 110 484 452
internal_count=7985 1566 1144 1090 422 1069 195 122 99 50 306 246 102 78 144 105 874 854 829 802 782 748 157 136 591 74 517 110 484 452
is_linear=0
shrinkage=0.05


Tree=253
num_leaves=31
num_cat=0
split_feature=41 43 17 31 78 17 107 61 215 10 9 4 0 57 22 17 94 90 25 90 77 2 94 35 35 122 122 66 84 16
split_gain=0.851096 0.998305 1.55703 6.87958 4.66884 1.72641 5.34633 3.69541 2.60492 2.21314 1.70543 4.40026 3.03528 1.64411 4.63671 2.00528 5.63681 2.05583 2.94132 2.72872 1.93189 2.30967 3.60516 2.47383 3.65878 5.88208 6.33731 3.20054 3.45485 4.24525
threshold=3.2583766233766238 149.65641697331017 0.58089500860585208 8.4669279806020032 25.657693815776863 0.7327380952380953 1.5000000000000002 19.746070802050578 23.500000000000004 1.5000000000000002 8.5000000000000018 0.3716185524122797 1.0000000180025095e-35 123.00144198912346 2.2550675235796374 0.80673457838143758 19.001265142483064 91.375105016323303 0.2113491269175152 83.532648489531454 29.187044634751416 1.5030864197530864 6.0257326055706644 7.3706787267173981 6.0087847206914118 16.500000000000004 13.500000000000002 70.842730917771092 5.0883290412657489 1.2329457364341088
decision_type=2 2 2 2 2 2 2 2 2 2 2 2 2 2 8 2 2 2 8 2 2 2 2 2 2 2 2 2 2 2
left_child=1 2 3 -1 -5 6 7 -4 9 10 11 -7 -12 15 -15 16 -14 19 -19 20 21 23 -23 24 -17 26 27 28 -26 -30
right_child=-2 -3 5 4 -6 8 -8 -9 -10 -11 12 -13 13 14 -16 17 -18 18 -20 -21 -22 22 -24 -25 25 -27 -28 -29 29 -31
leaf_value=0.015247969076037407 0.0096043725902943515 0.010374082754487576 -0.0016584557015448809 -0.026583241372320217 0.0023599959444254638 -0.0022420463025231252 -0.012533836983717406 0.022732203601679598 -0.016180382542312143 -0.014304584220776129 -0.019479363658465448 0.027479760104324669 -0.028492159531875089 0.020571617827270974 -0.0086731584681926863 6.7360300615363174e-05 0.0077237814875497001 -0.024840724989771842 0.0022762248059734701 0.017278915546510534 -0.0058744281772626847 0.0014401559233715006 0.019690185885778384 0.0032844677930223033 -0.012494605895076579 0.019404996130227423 -0.026736632946823893 0.011759028908122204 0.018907433316450228 -0.004173171381748577
leaf_weight=25 23 23 24 38 22 33 26 44 25 27 20 20 22 33 23 6230 21 20 20 23 136 94 38 537 118 24 34 29 22 211
leaf_count=25 23 23 24 38 22 33 26 44 25 27 20 20 22 33 23 6230 21 20 20 23 136 94 38 537 118 24 34 29 22 211
internal_value=-9.01736e-12 -2.77444e-05 -5.78794e-05 -0.00678875 -0.0159707 1.49656e-05 0.00675036 0.0141237 -6.6623e-05 -1.45424e-05 3.55136e-05 0.00897373 -2.63709e-05 2.45865e-05 0.00856037 -3.8483e-05 -0.0108053 2.29519e-05 -0.0112823 8.32785e-05 3.03547e-05 0.000139807 0.00669395 1.97309e-05 -0.000243191 -0.00466039 -0.00605549 -0.00420507 -0.00552404 -0.00199389
internal_weight=7985 7962 7939 85 60 7854 94 68 7760 7735 7708 53 7655 7635 56 7579 43 7536 40 7496 7473 7337 132 7205 6668 438 414 380 351 233
internal_count=7985 7962 7939 85 60 7854 94 68 7760 7735 7708 53 7655 7635 56 7579 43 7536 40 7496 7473 7337 132 7205 6668 438 414 380 351 233
is_linear=0
shrinkage=0.05


Tree=254
num_leaves=31
num_cat=0
split_feature=48 61 67 87 12 87 76 103 67 76 61 71 31 265 44 57 60 26 90 102 164 23 99 15 224 10 11 63 128 27
split_gain=0.852506 1.25154 2.17718 2.41161 4.14239 3.47881 3.13682 2.67006 2.14416 5.34637 2.11794 3.48023 3.127 2.98206 2.45307 2.00792 1.88583 3.43026 2.95069 2.88678 2.42381 3.76892 2.11411 1.65155 1.60498 5.99508 3.43274 1.79884 4.25289 1.80248
threshold=60.563584722840467 61.324659197721751 64.28172181581985 54.072890762357922 -0.3975982005560354 50.564390740428344 10.366750879919627 3.6277096718316963 46.52974531663056 14.239425976536035 94.226842442824378 35.369298520071375 7.0523931524041181 1.0000000180025095e-35 17.459619214057145 11.960159282076228 31.933570594744836 2.7985473728533292 14.188532303254897 0.38439814814814804 1.0000000180025095e-35 -2.0474517900051832 2.2258073638405995 0.83484848484848495 1.0000000180025095e-35 1.0000000180025095e-35 2.5000000000000004 5.3273714384385489 4.2497860564896532 1.0000000180025095e-35
decision_type=2 2 2 2 10 2 2 2 2 2 2 2 2 2 2 2 2 2 2 2 2 10 2 2 2 2 10 2 2 2
left_child=1 2 3 5 6 8 -5 -8 16 -10 12 -12 -3 14 23 -15 20 18 -18 -19 24 22 -22 -14 26 -26 27 29 -29 -1
right_child=-2 10 -4 4 -6 -7 7 -9 9 -11 11 -13 13 15 -16 -17 17 19 -20 -21 21 -23 -24 -25 25 -27 -28 28 -30 -31
leaf_value=-0.0037183794008821928 -0.0094093443942256279 -0.011499392837285996 0.016379207456484437 -0.0010179002339450213 0.012237114315079949 0.016421767062274741 -0.027883800459759578 -0.0049823639681562783 0.0037813047878444196 -0.02765231806940089 -0.020665958118624986 0.0018898161781273027 -0.013670956134877128 0.02429767917376012 0.015600005960247168 0.0073440820023777985 0.0045945620282538359 0.010440008242148906 0.02270131997265188 -0.013499741392169038 -0.0079577257595674113 0.0085250209762968814 -0.027967709126691762 0.0047225090424315294 -0.0080195238774952785 0.028115577149120247 -0.016984906947861114 -0.003832471334008557 0.02241284445185086 6.629931549024875e-05
leaf_weight=330 24 20 20 39 22 32 35 20 31 24 20 118 23 40 24 31 63 20 35 34 33 22 22 26 24 22 30 33 29 6739
leaf_count=330 24 20 20 39 22 32 35 20 31 24 20 118 23 40 24 31 63 20 35 34 33 22 22 26 24 22 30 33 29 6739
internal_value=-6.09076e-12 2.83663e-05 -9.61214e-05 -0.000139256 -0.00729364 -2.89401e-05 -0.0118647 -0.019556 -9.92141e-05 -0.00993519 0.00318549 -0.00137914 0.00702646 0.00959949 0.00250347 0.0168954 -2.64629e-05 0.00548561 0.0110613 -0.00463317 -0.000141487 -0.00896551 -0.0159617 -0.00391116 -4.72105e-05 0.00926248 -0.000107013 -3.6008e-05 0.00844356 -0.00011038
internal_weight=7985 7961 7659 7639 116 7523 94 55 7491 55 302 138 164 144 73 71 7436 152 98 54 7284 77 55 49 7207 46 7161 7131 62 7069
internal_count=7985 7961 7659 7639 116 7523 94 55 7491 55 302 138 164 144 73 71 7436 152 98 54 7284 77 55 49 7207 46 7161 7131 62 7069
is_linear=0
shrinkage=0.05


Tree=255
num_leaves=31
num_cat=0
split_feature=158 59 59 110 2 128 44 43 83 35 44 100 27 101 23 104 27 43 76 2 7 52 30 41 37 87 4 3 130 75
split_gain=0.826018 0.866205 1.59402 3.59179 1.40672 2.17046 1.16282 1.76862 1.16394 3.6032 4.60162 3.27417 2.54472 3.02382 2.26717 2.27084 2.20633 2.39232 2.17391 2.08263 2.54626 2.6379 2.10238 10.89 2.2714 3.3481 2.66857 4.30235 2.95462 2.37288
threshold=6.5000000000000009 49.09884082577112 41.439325842369584 1.0000000180025095e-35 0.1291771215296649 15.063074057712795 102.69262469764733 85.044772744595306 16.840000000000003 8.9720155443185163 15.950000000000005 0.77962018140589562 2.2361300394552228 0.74387281728627042 -1.741367214025239 6.3033854836559824 3.7910641148372348 20.091790866910554 19.213508275199811 1.1286574074074076 212.16499999999999 17.830102310474647 2.1836225904276225 0.68000000000000016 0.13040279620681233 20.097949017788341 0.28853790530748319 -2.9685340643459028 -4.0691999999999995 10.923877326549709
decision_type=2 2 2 2 2 2 2 2 2 2 2 2 2 2 10 2 2 2 2 2 2 2 2 2 2 2 2 2 2 2
left_child=1 2 6 -4 5 -3 7 8 9 10 11 16 -13 -14 15 19 17 18 -1 22 21 -21 23 -10 25 29 28 -28 -27 -24
right_child=-2 4 3 -5 -6 -7 -8 -9 14 -11 -12 12 13 -15 -16 -17 -18 -19 -20 20 -22 -23 24 -25 -26 26 27 -29 -30 -31
leaf_value=0.00016644253218820525 0.01014858029317111 0.012383237844333053 0.019896315476827086 -0.0050482938480046063 -0.014501850403569364 -0.009027400363943186 -0.011024367203935981 0.014155048402872954 -0.037609160372521731 0.018089345368840125 -0.019748449437320233 0.0014421082968640673 -0.0085640352282540088 -0.030608786232769494 0.006270450161787719 0.015424292748017857 -0.01230076037951418 0.017255144398659467 -0.015403002646306289 0.0060171245915206298 -0.0074835530450482945 0.027384363436140119 0.026065537061255712 0.014568323937710376 -0.00019134769150725952 -0.0014975338727235795 -0.017876039369083527 0.005202027912373129 0.023942643483834611 0.0069312661734604562
leaf_weight=889 20 20 31 27 27 29 24 22 20 23 35 42 70 20 151 24 37 20 23 52 22 20 26 20 6120 25 36 46 21 43
leaf_count=889 20 20 31 27 27 29 24 22 20 23 35 42 70 20 151 24 37 20 23 52 22 20 26 20 6120 25 36 46 21 43
internal_value=-1.68117e-12 -2.54829e-05 2.5695e-05 0.00828417 -0.00533789 -0.000288364 -3.5471e-05 -1.68936e-06 -4.16956e-05 -0.0015035 -0.00190019 -0.0013328 -0.00872038 -0.0134629 0.000213999 7.27598e-05 -0.000326447 0.000148928 -0.000226208 1.56466e-05 0.00740361 0.0119525 -9.35981e-05 -0.0115204 -2.12421e-05 0.00526326 0.000477446 -0.00492981 0.0101165 0.0141413
internal_weight=7985 7965 7889 58 76 49 7831 7807 7785 1159 1136 1101 132 90 6626 6475 969 932 912 6451 94 72 6357 40 6317 197 128 82 46 69
internal_count=7985 7965 7889 58 76 49 7831 7807 7785 1159 1136 1101 132 90 6626 6475 969 932 912 6451 94 72 6357 40 6317 197 128 82 46 69
is_linear=0
shrinkage=0.05


Tree=256
num_leaves=31
num_cat=0
split_feature=101 92 99 58 328 48 135 44 36 31 339 18 75 47 47 40 40 78 92 83 255 18 68 96 95 250 147 23 76 75
split_gain=0.834254 1.29403 1.18976 2.22922 3.34114 2.35839 1.85396 2.83709 5.09479 2.68727 2.73735 2.2677 1.78725 2.7218 1.83945 1.93621 1.57834 1.5622 1.45507 2.01123 1.31243 2.23069 3.09522 2.25441 1.91351 1.80683 5.22115 3.60816 2.20077 2.26086
threshold=33.18583703336126 78.401698749457196 7.2465006530387548 36.637788717051968 1.0000000180025095e-35 12.15807033655309 1.0000000180025095e-35 7.01035610131279 8.4937681173194726 10.648078205662605 1.0000000180025095e-35 35.495691640771774 6.3345397724322554 15.173253017175059 21.281638867092003 1.0237467418747297 1.2239815721338274 4.9423854452770337 62.652552409497581 57.240000000000002 1.0000000180025095e-35 32.166636212466649 52.582264528546446 5.6994996378180902 25.577800925925931 1.0000000180025095e-35 1.0000000180025095e-35 -2.1138057593555835 11.119063671123213 49.695676150277258
decision_type=2 2 2 2 2 2 2 2 2 2 2 8 2 2 2 2 2 2 2 2 2 8 2 2 2 2 2 10 2 2
left_child=1 2 6 5 -5 12 18 9 -9 11 -11 -8 17 16 -15 -16 -14 -4 20 -20 25 22 -22 24 -23 -1 27 -27 -28 -30
right_child=-2 -3 3 4 -6 -7 7 8 -10 10 -12 -13 13 14 15 -17 -18 -19 19 -21 21 23 -24 -25 -26 26 28 -29 29 -31
leaf_value=8.3802187824050389e-05 -0.0080569772024318819 0.011390084963291885 -0.0019821383736728293 0.003741284810812838 0.025160507589578631 0.015771809441966152 -0.0022504714012209237 -0.032918138920583505 -0.00050373913254588845 0.022391951456665993 -0.0031374467143212405 -0.018719065362044301 -0.022321571732083195 0.0091128007435288868 0.0060811555489809037 -0.013854152635382167 -0.0047261894345283512 0.015038245099668319 -0.019730085062408101 0.0016497780187902126 0.002919955673463516 0.029773415639065205 -0.016583962467215631 0.0015579319455557399 0.0081635291591131438 0.010904171367386176 -0.021968695467997654 -0.012283778891129339 -0.0016876618698006497 -0.020604500326920641
leaf_weight=6825 32 25 28 67 25 22 162 22 27 21 21 24 26 38 21 29 25 26 22 22 176 20 23 36 21 62 36 23 56 22
leaf_count=6825 32 25 28 67 25 22 162 22 27 21 21 24 26 38 21 29 25 26 22 22 176 20 23 36 21 62 36 23 56 22
internal_value=8.19901e-12 3.24184e-05 -3.39667e-06 0.0030484 0.00956173 0.000261298 -0.000126333 -0.00414184 -0.0150571 -0.00179601 0.00962725 -0.00437545 -0.00150674 -0.00450572 0.000820685 -0.00548132 -0.0136964 0.00621286 2.51229e-05 -0.00904015 7.9763e-05 0.00346184 0.000665734 0.0106882 0.0187049 -5.3132e-05 -0.00474949 0.00462978 -0.0117428 -0.00702318
internal_weight=7985 7953 7928 307 92 215 7621 277 49 228 42 186 193 139 88 50 51 54 7344 44 7300 276 199 77 41 7024 199 85 114 78
internal_count=7985 7953 7928 307 92 215 7621 277 49 228 42 186 193 139 88 50 51 54 7344 44 7300 276 199 77 41 7024 199 85 114 78
is_linear=0
shrinkage=0.05


Tree=257
num_leaves=31
num_cat=0
split_feature=244 60 47 16 97 105 71 100 97 58 39 20 105 40 17 94 84 78 54 299 100 59 97 120 48 78 18 176 66 59
split_gain=0.843628 1.60764 1.70512 1.4832 1.10354 2.24077 4.40757 3.51865 3.97619 2.90792 3.55254 2.13109 2.05111 4.32739 3.82738 3.82491 4.05482 3.02983 2.6825 2.17151 1.93259 2.53918 1.91623 2.09272 1.90891 1.90574 1.85366 2.12212 2.79984 1.83395
threshold=1.0000000180025095e-35 12.12050196012974 5.2620208143918115 1.8722826086956526 0.19168249244142146 0.9240384615384617 21.838697830026081 -0.65169570159918699 10.324099640800815 12.643857140405801 1.0083427020323195 2.2129278067509328 0.84313055365686951 3.4755383419143331 1.1854497354497358 15.015436139202917 6.1605706208366433 78.781297738856296 4.7787241878891571 1.0000000180025095e-35 0.92252915826824577 5.9436056670566222 11.707072156514123 2.5000000000000004 5.592035476312966 118.88920471785629 79.919761894169355 4.5000000000000009 18.747823528154104 5.6302454023764161
decision_type=2 2 2 2 2 2 2 2 2 2 2 8 2 2 2 2 2 2 2 2 2 2 2 2 2 2 10 2 2 2
left_child=4 2 3 -2 29 12 7 -7 11 10 -10 -9 25 15 -15 16 19 -16 -18 20 21 -14 -11 -24 -25 26 27 -6 -29 -1
right_child=1 -3 -4 -5 5 6 -8 8 9 22 -12 -13 13 14 17 -17 18 -19 -20 -21 -22 -23 23 24 -26 -27 -28 28 -30 -31
leaf_value=-0.00027300255993573639 -0.011588631427058807 0.0069350883788005871 -0.020880425218492746 0.0060511007418178704 -0.00049484694060300397 0.012789013917790727 -0.027126093343831599 -0.00086842273974943216 -0.0052347471573106624 0.0086969289556145662 -0.031755226193594617 0.017041085585951805 -0.0068766784940798506 0.0016009199939258961 0.0105495282728225 -0.014040526717374296 0.026532351170425062 0.037741873400019749 0.0023726212838664652 -0.01195891669485718 -0.0095581512261802958 0.0077507306760972216 -0.02263489107601345 0.0063120225695176765 -0.01136646399626861 -0.012551896431250499 0.011877641256057447 0.024321283712051809 -0.0018185967756878764 0.0023951386283106056
leaf_weight=1472 26 22 20 22 4466 32 20 98 23 20 28 20 39 33 20 38 27 21 20 32 30 124 20 26 37 32 31 20 21 1145
leaf_count=1472 26 22 20 22 4466 32 20 98 23 20 28 20 39 33 20 38 27 21 20 32 30 124 20 26 37 32 31 20 21 1145
internal_value=6.15691e-12 -0.00481352 -0.00861454 -0.00350375 5.48723e-05 -0.000361379 -0.00438984 -0.00289403 -0.0047391 -0.0100309 -0.019795 0.00216709 -9.79105e-05 0.00341187 0.0142757 0.000818568 0.00289447 0.0244773 0.0162516 0.000104312 0.00210443 0.00425092 -0.00519617 -0.00854391 -0.00407058 -0.000392824 -0.000307083 -0.000390892 0.0109326 0.000894373
internal_weight=7985 90 68 48 7895 5278 324 304 272 154 51 118 4954 384 74 310 272 41 47 225 193 163 103 83 63 4570 4538 4507 41 2617
internal_count=7985 90 68 48 7895 5278 324 304 272 154 51 118 4954 384 74 310 272 41 47 225 193 163 103 83 63 4570 4538 4507 41 2617
is_linear=0
shrinkage=0.05


Tree=258
num_leaves=31
num_cat=0
split_feature=184 35 164 57 24 57 54 293 21 30 34 41 41 59 15 97 116 21 17 60 130 16 78 12 0 38 58 2 319 28
split_gain=0.823751 2.50769 1.50594 1.73523 1.86083 1.46298 1.98343 2.618 1.38495 1.51236 3.23809 1.64388 1.62604 1.89868 1.99645 1.06799 2.20567 3.57703 3.40517 3.36593 4.91069 3.45325 4.11071 5.96102 3.49833 3.7984 3.50885 4.37461 3.6854 3.44097
threshold=1.0000000180025095e-35 1.8616172387194261 1.0000000180025095e-35 65.372161443461835 6.6832821828178757 53.711905734676527 4.3079236804599113 1.0000000180025095e-35 -2.5760730717320537 8.3306948500246865 5.2642113762165605 -1.3599999999999994 -1.0266233766233761 12.331273862011624 1.1547008547008548 0.19168249244142146 1.0000000180025095e-35 -2.3391072404326736 1.1854497354497358 29.975429025923138 -0.065949999999999995 0.4974226804123712 35.542933937897864 -0.55015368673016873 12.437949650436591 5.859019576231935 24.529531070704863 0.25864851001497352 1.0000000180025095e-35 134.50675466915357
decision_type=2 2 2 2 10 2 2 2 10 2 2 2 2 2 2 2 2 8 2 2 2 2 2 10 2 2 2 2 2 2
left_child=15 -2 3 4 5 6 8 -8 -3 11 -11 -10 13 -12 -15 -1 17 -17 -18 21 -21 -19 -23 -24 26 -26 27 29 -28 -25
right_child=1 2 -4 -5 -6 -7 7 -9 9 10 12 -13 -14 14 -16 16 18 19 -20 20 -22 22 23 24 25 -27 28 -29 -30 -31
leaf_value=0.00067798604833300003 0.015538980480050668 -0.0079451030115534026 -0.0087569637583025436 0.015569840494373982 -0.013717938587069512 -0.010861752642362957 0.024309375396241312 0.0020451681448086616 -0.014267299705269663 0.023908326656202832 -0.01074858388502992 0.0010674283883589156 0.012568143641035404 0.013059023506411905 -0.0050539888923281234 -0.010775749037336363 -0.011701162888226575 0.018933313765696118 0.0017417233587232166 -0.0061308398335416505 0.012599566887761241 -0.00061701632191207487 -0.026284467580262573 0.0030762807482147014 -0.02936087047888173 -0.0030769072988602736 0.0042640413002227439 0.0018030890884057791 -0.013541940028560073 -0.016179740749969918
leaf_weight=2659 32 37 36 22 20 21 23 31 22 21 31 85 31 32 29 95 49 21 1220 53 103 2758 32 29 27 28 200 88 34 116
leaf_count=2659 32 37 36 22 20 21 23 31 22 21 31 85 31 32 29 95 49 21 1220 53 103 2758 32 29 27 28 200 88 34 116
internal_value=-8.7404e-12 0.00202385 0.00104316 0.00191428 0.00112989 0.00194795 0.00273451 0.0115281 0.00108572 0.00241695 0.00576253 -0.00208551 0.00266447 -0.000672642 0.00444792 -0.000127433 -0.00056873 -0.00120301 0.00122265 -0.00094236 0.00623603 -0.00127834 -0.0014065 -0.00533679 -0.00405264 -0.0159799 -0.00264793 -0.00699127 0.00167685 -0.0123285
internal_weight=7985 473 441 405 383 363 342 54 288 251 144 107 123 92 61 7512 4853 3584 1269 3489 156 3333 3312 554 522 55 467 233 234 145
internal_count=7985 473 441 405 383 363 342 54 288 251 144 107 123 92 61 7512 4853 3584 1269 3489 156 3333 3312 554 522 55 467 233 234 145
is_linear=0
shrinkage=0.05


Tree=259
num_leaves=31
num_cat=0
split_feature=61 61 61 11 87 90 87 118 130 34 25 25 90 104 90 104 128 265 5 6 130 71 52 98 52 6 15 131 14 28
split_gain=0.856167 4.18958 4.78398 4.2119 3.38435 2.82094 4.50797 3.48163 2.34089 2.14725 1.97307 1.59527 1.82482 2.663 2.06337 1.52733 3.86069 3.58038 2.21633 2.01515 2.81706 3.80921 4.13197 1.96054 1.93358 1.71899 1.54892 1.47672 1.53162 5.31702
threshold=47.748610179232877 39.486043020296925 38.428982836384954 1.0499536332980961 35.111051220938201 6.4827890144192937 40.01122615639661 4.5000000000000009 -4.0691999999999995 2.2286715014279936 -0.18562589974226246 -0.14112586517700929 31.03164075459329 -9.2488378239592279 24.27029479303258 -4.9284837402141344 9.4569058993528916 1.0000000180025095e-35 9.5119047619047645 451.58600000000041 -1.0793999999999995 15.232279189919318 41.458756129927302 44.696867927896015 52.005734210289546 536.88500000000056 0.90803382663847787 1.0000000180025095e-35 0.43745895390525708 516.41209428233094
decision_type=2 2 2 8 2 2 2 2 2 2 10 10 2 2 2 2 2 2 2 2 2 2 2 2 2 2 2 2 10 2
left_child=1 2 8 5 -4 6 7 -3 9 -1 -7 12 14 -14 15 16 -2 19 -18 20 21 -17 -23 -21 -19 -20 -24 -10 -29 -30
right_child=11 3 4 -5 -6 10 -8 -9 27 -11 -12 -13 13 -15 -16 17 18 24 25 23 -22 22 26 -25 -26 -27 -28 28 29 -31
leaf_value=-0.00080147031694650657 -0.022757492028176785 0.01201365847539689 0.031091880900341842 -0.026239616485933467 0.0023526780365500603 0.012138029662591795 -0.031429069857113065 -0.015602309711277485 0.013252519780681246 -0.023693189639598131 -0.0060061265694394969 0.015891146371141078 0.0025566698498643782 -0.015214088547823801 0.017505943665847831 -0.016972380467569052 -0.011948200802064756 0.025209361925307251 0.018588845911435784 -0.019087039940946161 0.021122547008451963 0.021350405529012968 -0.012194051157513803 0.00069946777075529103 0.0054810302008105362 0.00077887506700963487 0.0044767446791459074 8.9840521254889221e-05 -0.0011212661566043442 -0.025981223242357371
leaf_weight=21 20 21 21 27 20 31 20 25 21 20 29 20 49 37 23 23 22 27 20 21 21 29 22 31 23 42 38 7082 154 25
leaf_count=21 20 21 21 27 20 31 20 25 21 20 29 20 49 37 23 23 22 27 20 21 21 29 22 31 23 42 38 7082 154 25
internal_value=-1.41651e-12 -0.000129185 4.09609e-05 -0.00831844 0.0170728 -0.00447818 -0.0116114 -0.00299502 -5.43967e-05 -0.0119682 0.00336835 0.00207497 0.00145817 -0.00508889 0.00301355 0.00203029 -0.00301462 0.00426294 0.00168606 0.00105445 0.00431743 0.00116647 0.00585403 -0.00729124 0.0161343 0.00652403 -0.00163588 1.26817e-05 -2.56101e-05 -0.00459333
internal_weight=7985 7517 7364 153 41 126 66 46 7323 41 60 468 448 86 362 339 104 235 84 185 133 112 89 52 50 62 60 7282 7261 179
internal_count=7985 7517 7364 153 41 126 66 46 7323 41 60 468 448 86 362 339 104 235 84 185 133 112 89 52 50 62 60 7282 7261 179
is_linear=0
shrinkage=0.05


Tree=260
num_leaves=31
num_cat=0
split_feature=240 91 130 129 89 210 5 22 14 130 108 14 28 14 100 122 99 85 19 100 102 76 25 42 67 48 78 30 24 85
split_gain=0.822355 2.32313 3.00165 2.40524 1.64001 1.01778 1.11873 2.48593 2.48365 2.83966 2.07483 2.81292 2.8165 3.56047 2.79017 2.757 3.14509 2.9931 2.01759 2.94792 3.11952 3.98736 3.50006 3.36681 9.89293 3.77676 3.17064 3.38607 4.41838 3.27441
threshold=1.0000000180025095e-35 6.7942814019615811 1.5242500000000003 1.5000000000000002 5.6302454023764161 1.0000000180025095e-35 23.40454545454546 2.6301436517692487 0.34902492312536421 5.0087500000000054 3.5000000000000004 0.14295925077734287 206.2212720337495 0.15556514103639327 1.1247222222222228 1.0000000180025095e-35 0.7372981986592787 4.679792734501576 9.9339114869709828 -3.0751934256635791 5.1074466569035026 5.4455911526390723 0.085534233879377072 6384562.8474671096 22.912001091087429 11.56661128352984 35.90705642687093 9.023347498186002 6.1897394717148764 14.687484158340627
decision_type=2 2 2 2 2 2 2 10 8 2 2 10 2 10 2 2 2 2 8 2 2 2 10 2 2 2 2 2 10 2
left_child=5 2 -2 4 -3 6 7 18 9 10 11 14 -13 -14 -8 16 -12 -17 19 -1 23 22 -22 24 25 26 29 -28 -29 -21
right_child=1 3 -4 -5 -6 -7 8 -9 -10 -11 15 12 13 -15 -16 17 -18 -19 -20 20 21 -23 -24 -25 -26 -27 27 28 -30 -31
leaf_value=0.013608991982898892 0.0055097090368646951 0.0082006506588576094 -0.014641390125634094 -0.0016285021789371969 0.024810322017773338 -0.0069174223333700663 0.0045399660114076382 0.016193551035678905 0.015272173286454442 0.01487304818454302 -0.02740428210871125 0.019923824342624408 0.018094807640591171 -0.0019075883829915157 -0.0085101798286713239 -0.016701606970925171 -0.00035223653096528283 0.0011369911634374591 2.0536248417468115e-06 -0.0024891523308216189 0.0303403715436746 -0.0037125693453624307 0.0026513740569353104 0.0039649022729246917 -0.038172818091697994 -0.019966415874660016 -0.026550503187657643 -0.00093265365826051779 -0.023853887231261642 0.014120072262095554
leaf_weight=26 42 42 33 39 23 54 95 23 33 36 22 39 32 73 72 26 21 246 6370 195 21 69 25 84 24 39 24 95 27 35
leaf_count=26 42 42 33 39 23 54 95 23 33 36 22 39 32 73 72 26 21 246 6370 195 21 69 25 84 24 39 24 95 27 35
internal_value=-5.05536e-13 0.00335081 -0.00335677 0.00818801 0.0140779 -7.68377e-05 -2.91866e-05 -0.000217685 0.00188482 0.00121748 0.000432172 0.00332917 0.00845006 0.00418838 -0.00108644 -0.00242804 -0.0141928 -0.000568169 -0.000271347 -0.00289418 -0.00356673 0.00388926 0.015292 -0.00520619 -0.00696102 -0.005156 -0.00361982 -0.00938267 -0.00600539 3.83384e-05
internal_weight=7985 179 75 104 65 7806 7752 7057 695 662 626 311 144 105 167 315 43 272 7034 664 638 115 46 523 439 415 376 146 122 230
internal_count=7985 179 75 104 65 7806 7752 7057 695 662 626 311 144 105 167 315 43 272 7034 664 638 115 46 523 439 415 376 146 122 230
is_linear=0
shrinkage=0.05


Tree=261
num_leaves=31
num_cat=0
split_feature=99 99 364 25 75 52 45 18 105 31 99 344 61 15 186 60 89 60 53 87 87 65 23 83 64 28 105 62 24 33
split_gain=0.818697 3.30316 3.06506 2.94776 2.3002 2.1564 3.67656 2.0334 1.8725 3.30418 1.60549 1.64014 1.55426 1.51055 1.26889 2.29939 1.38128 1.26677 1.40563 1.47558 3.4918 2.69 3.72771 3.29054 4.01297 3.56046 3.07692 4.15024 2.93477 3.13678
threshold=-0.54808641975308547 -0.6932000346434869 1.0000000180025095e-35 -0.12369631005911415 38.940735997066867 16.635110800771951 7.4851979925015604 35.495692201250385 0.77346041055718484 10.37326206866309 -0.46642023574619557 1.0000000180025095e-35 28.115728742836652 0.93844696969696983 1.0000000180025095e-35 12.802551608756366 6.4154584645210662 52.830651314809039 28.866156878712857 6.0364776707430172 6.0986032293433601 5.4595822028148939 -2.0305997347177578 43.445000000000007 4.9371265901661001 764.25261294866129 0.9298029556650248 5.964429928347843 6.4518230001593784 4.8111848212213904
decision_type=2 2 2 10 2 2 2 10 2 2 2 2 2 2 2 2 2 2 2 2 2 2 10 2 2 2 2 2 8 2
left_child=1 2 4 -3 7 6 -4 8 12 -10 11 -2 13 -1 17 16 -16 18 19 -12 -21 23 26 24 25 -22 -23 -28 29 -26
right_child=10 3 5 -5 -6 -7 -8 -9 9 -11 14 -13 -14 -15 15 -17 -18 -19 -20 20 21 22 -24 -25 28 -27 27 -29 -30 -31
leaf_value=-0.010133106717839839 -0.00024804473810252691 0.0044893544648259287 -0.0045263497897500664 0.02748727411116389 -0.0050132640388230211 0.0066153252124786371 -0.027952981786802413 -0.0043597893066665474 0.031211402425542475 0.0031312013933943077 -0.00087300696851655077 -0.020254825009033084 0.013969514053314924 0.0045567698597109739 0.0047185573828123183 -0.0061479004018980526 0.022242886750874196 0.0099368409749360821 -0.0097833038060343835 0.01627357075855668 0.0018312528932145787 0.0029988434392710156 0.018725981616548131 -0.0015555585475692383 0.0065668596789085617 -0.014953498237512328 -0.00021124942669350851 -0.025777746618471365 -0.0013065141470481954 0.031200507436213748
leaf_weight=20 21 38 103 22 71 30 20 48 20 22 3531 20 38 140 23 23 22 31 38 35 742 824 35 1880 24 33 57 22 24 28
leaf_count=20 21 38 103 22 71 30 20 48 20 22 3531 20 38 140 23 23 22 31 38 35 742 824 35 1880 24 33 57 22 24 28
internal_value=4.74864e-12 0.00182261 0.000521906 0.0129219 0.00304744 -0.00540401 -0.00833556 0.00503462 0.00691351 0.0165027 -0.000140636 -0.0100074 0.00487943 0.00272054 -8.57605e-05 0.00671277 0.013286 -0.000149055 -0.000192044 -0.000141668 0.000555512 0.000405571 0.00271568 -0.000387866 0.00219176 0.00111655 0.00209512 -0.00733103 0.0131561 0.0198311
internal_weight=7985 572 512 60 359 153 123 288 240 42 7413 41 198 160 7372 68 45 7304 7273 7235 3704 3669 938 2731 851 775 903 79 76 52
internal_count=7985 572 512 60 359 153 123 288 240 42 7413 41 198 160 7372 68 45 7304 7273 7235 3704 3669 938 2731 851 775 903 79 76 52
is_linear=0
shrinkage=0.05


Tree=262
num_leaves=31
num_cat=0
split_feature=138 20 3 34 4 60 0 83 43 18 59 305 28 58 75 100 93 73 65 135 19 59 22 127 71 23 291 13 25 62
split_gain=0.795497 1.83555 3.05409 1.94715 1.97176 1.75355 1.45525 1.45312 1.98169 1.06164 1.04868 5.54513 3.06641 3.01948 8.69129 3.84231 3.62456 3.09876 2.99667 2.99093 2.76565 3.08986 2.81536 2.78034 3.18312 3.30908 2.71169 2.99667 3.90963 2.67093
threshold=1.0000000180025095e-35 2.0510921790906358 -0.45721546435518229 5.065495424310293 0.72912600043010922 6.5758191852127474 12.369635298563871 57.240000000000002 6.1478010897799997 16.627245013855067 12.230209888262836 1.0000000180025095e-35 656.38014623285937 42.839494580070465 17.974505111952521 1.5392063492063495 24.265569401486875 5.8147500848596385 11.038215990947117 1.0000000180025095e-35 10.053066057530929 24.322215502770621 2.3659311861211996 1.0000000180025095e-35 10.043464309295215 -2.2224782221921995 1.0000000180025095e-35 0.35130080461040231 0.026121366713965005 13.811656028248652
decision_type=2 8 2 2 2 2 2 2 2 10 2 2 2 2 2 2 2 2 2 2 8 2 10 2 2 10 2 10 10 2
left_child=10 2 -2 9 5 -5 -7 8 -4 -3 29 12 13 15 -15 17 -16 19 20 26 21 22 -13 24 -22 -26 -12 -28 -29 -1
right_child=1 3 7 4 -6 6 -8 -9 -10 -11 11 18 -14 14 16 -17 -18 -19 -20 -21 23 -23 -24 -25 25 -27 27 28 -30 -31
leaf_value=-0.0011686869686450233 -0.020927630554539181 0.0023974732437636705 0.0025527514769367243 0.012144786763625841 -0.016146593223410576 -0.011373000610547024 0.0030987718461179419 0.0078520496860922627 -0.016258759407459626 0.017791400943938895 0.0042685767976412521 -0.036053143031895163 -0.0010467406722796113 -0.0034451356902718542 0.013640793599188329 -0.013765215840848053 0.039418728720396756 0.01971798465237953 0.0073979125214232644 -0.012437072861939669 -0.0089529052572632876 0.0014018915034830571 -0.010133138417520306 0.0077324638680117772 -0.0031847069027355398 0.015531205621858439 0.0076935176058929968 -0.0008442803745298353 -0.021170397174012451 0.0011334317595441906
leaf_weight=3316 31 24 28 24 22 32 38 24 28 21 987 20 512 50 30 34 25 28 55 31 206 20 22 49 111 30 47 73 35 2032
leaf_count=3316 31 24 28 24 22 32 38 24 28 21 987 20 512 50 30 34 25 28 55 31 206 20 22 49 111 30 47 73 35 2032
internal_value=9.2806e-14 -0.00265754 -0.00760428 0.000752956 -0.00267183 0.000481832 -0.0035169 -0.00244149 -0.006853 0.00958131 9.37184e-05 0.000970436 0.00224467 0.00350228 0.0116422 0.00281022 0.025358 0.00327947 -0.00362971 0.00288707 -0.00495399 -0.0147735 -0.022476 -0.0034166 -0.00499096 0.000797402 0.00330305 -0.00284517 -0.00743145 -0.000293985
internal_weight=7985 272 111 161 116 94 70 80 56 45 7713 2365 1852 1340 105 1235 55 1201 513 1173 458 62 42 396 347 141 1142 155 108 5348
internal_count=7985 272 111 161 116 94 70 80 56 45 7713 2365 1852 1340 105 1235 55 1201 513 1173 458 62 42 396 347 141 1142 155 108 5348
is_linear=0
shrinkage=0.05


Tree=263
num_leaves=31
num_cat=0
split_feature=58 99 297 37 370 18 101 34 105 48 158 13 15 10 31 10 76 199 87 26 130 87 9 31 35 34 71 14 4 34
split_gain=0.793412 2.40009 2.93533 3.1657 4.13893 2.63266 2.4314 2.21002 3.8 2.77138 2.07848 2.05421 1.99294 1.8553 5.25361 2.67369 8.5421 2.01367 2.10295 3.14692 5.57428 6.74733 3.77595 2.04858 1.86816 3.05683 2.35513 1.86497 3.19841 2.24203
threshold=5.9798734376546774 0.87487153607284485 1.0000000180025095e-35 0.13040279620681233 1.0000000180025095e-35 16.365120023801243 7.8699714191232051 5.6788787669439111 0.30217391304347835 12.863912811445131 1.0000000180025095e-35 0.48073531096240768 1.361818181818182 1.5000000000000002 7.0523931524041181 1.0000000180025095e-35 22.344725488882528 1.0000000180025095e-35 58.307166390490529 0.72206074145469235 -0.21364999999999887 29.516498673096788 16.500000000000004 8.7996732791617394 3.09873157477965 5.0390661099773233 4.9015010544674711 0.39486139619946853 0.31737841097305747 1.4083053213410401
decision_type=2 2 2 2 2 8 2 2 2 2 2 8 2 2 2 2 2 2 2 2 2 2 2 2 2 2 2 10 2 2
left_child=1 6 3 -3 5 -5 7 10 -9 11 13 -10 -6 15 -15 17 -17 18 19 20 21 -1 -23 -20 25 27 -26 -21 29 -29
right_child=-2 2 -4 4 12 -7 -8 8 9 -11 -12 -13 -14 14 -16 16 -18 -19 23 24 -22 22 -24 -25 26 -27 -28 28 -30 -31
leaf_value=0.021843062244031743 0.00024617508549839185 0.0084858221622804812 0.0017111986032338972 -0.03605672881007195 -0.011865832530628805 -0.014178283885253638 0.011240851345064584 -0.019451256270687552 -0.011506111295027715 0.010373711354498353 -0.013297574999914678 0.0036451291292905808 0.001475734854313104 0.0068922293250975406 -0.028146958686411386 0.028319405538566184 -0.010427706971764567 -0.015143355643376709 0.022284411124530293 0.0023419212700704155 -0.025361973937833682 0.003218299327418208 -0.027506097797304393 0.0036189953159844997 -0.020772431311862811 0.019152879733126613 0.0012139353863011789 -0.0070554291691493111 -0.017746284756470811 0.014727700044888825
leaf_weight=23 6419 24 107 20 55 44 46 39 62 35 27 35 57 23 20 33 25 20 21 573 32 20 20 49 21 25 29 27 33 21
leaf_count=23 6419 24 107 20 55 44 46 39 62 35 27 35 57 23 20 33 25 20 21 573 32 20 20 49 21 25 29 27 33 21
internal_value=1.35729e-11 -0.00100907 -0.00497305 -0.00854912 -0.0108721 -0.0210153 -4.24724e-05 -0.000470364 -0.0057387 -0.00168727 0.00039421 -0.00603917 -0.00507593 0.000758425 -0.00940507 0.00120804 0.0116181 0.000547452 0.000898477 0.000191669 -0.00836788 0.000264039 -0.0121439 0.00921862 0.00130711 0.00199396 -0.00802034 0.00133804 -0.00576348 0.00247469
internal_weight=7985 1566 307 200 176 64 1259 1213 171 132 1042 97 112 1015 43 972 58 914 894 824 95 63 40 70 729 679 50 654 81 48
internal_count=7985 1566 307 200 176 64 1259 1213 171 132 1042 97 112 1015 43 972 58 914 894 824 95 63 40 70 729 679 50 654 81 48
is_linear=0
shrinkage=0.05


Tree=264
num_leaves=31
num_cat=0
split_feature=41 43 17 31 78 17 107 61 16 2 16 59 17 103 10 84 93 71 94 3 62 18 23 93 19 10 128 27 17 128
split_gain=0.87056 0.942061 1.32733 5.79001 3.84144 1.59923 4.5528 3.26612 2.24753 3.37326 2.53733 2.85606 2.93071 2.0897 1.83975 1.66489 1.57366 2.83041 3.68631 3.45761 2.37532 2.95072 2.70302 2.0929 1.79269 1.69444 6.07195 4.11476 2.37699 4.55258
threshold=3.2583766233766238 149.65641697331017 0.58089500860585208 8.4669279806020032 25.657693815776863 0.7327380952380953 1.5000000000000002 19.746070802050578 0.64839839839839852 0.067188681027966948 0.72281323877068571 20.051891633240544 0.95119047619047625 19.594642926739613 1.5000000000000002 11.771471284760098 38.592541419585693 10.043464309295215 12.281657369181028 -0.12260474952172105 48.872975267247064 14.207531843402174 -1.8914661438304401 37.256999664164013 10.080888498950204 1.0000000180025095e-35 4.5896349982843976 -1.0000000180025095e-35 1.1277173913043479 27.912662212171014
decision_type=2 2 2 2 2 2 2 2 2 2 2 2 2 2 2 2 2 2 2 2 2 8 10 2 8 2 2 2 2 2
left_child=1 2 3 -1 -5 6 7 -4 9 -7 11 12 -10 14 16 -11 23 18 20 -19 21 22 -18 25 -25 28 -27 -28 -12 -30
right_child=-2 -3 5 4 -6 8 -8 -9 10 15 13 -13 -14 -15 -16 -17 17 19 -20 -21 -22 -23 -24 24 -26 26 27 -29 29 -31
leaf_value=0.013944573983550071 0.0097135764020292656 0.010076499833603918 -0.001540520911415418 -0.024321797007302706 0.0019318301146003334 -0.026281995701137928 -0.011303142787745366 0.02138971606565809 0.026314871703756845 -0.0089774798273163699 -0.0044611652680846339 -0.0061822828310339351 0.0039985564807730337 0.01228856166057727 -0.013163422796599293 0.0092029721548897211 -0.01154110032133758 -0.0024000417608767751 -0.025551629483345009 0.019804229711492857 0.0089909467906181817 -0.008572001438612158 0.01055063281622198 0.018329926233353288 -0.00085230656079060974 0.029467408155853098 0.013149250082840975 -0.016787461610510947 0.00020499146714731645 -0.020757902646437287
leaf_weight=25 23 23 24 38 22 20 26 44 28 34 295 23 31 34 27 20 20 50 21 27 32 192 45 29 21 22 22 24 6717 26
leaf_count=25 23 23 24 38 22 20 26 44 28 34 295 23 31 34 27 20 20 50 21 27 32 192 45 29 21 22 22 24 6717 26
internal_value=1.19111e-11 -2.80598e-05 -5.73336e-05 -0.00627193 -0.0146955 9.92386e-06 0.00649248 0.0132967 -6.8602e-05 -0.00874074 1.48925e-05 0.00876316 0.0145894 -7.94471e-05 -0.000134997 -0.00224398 -8.8362e-05 -0.00319387 -0.00532497 0.00538587 -0.00385522 -0.00545474 0.00375318 7.95857e-05 0.0102734 7.85897e-06 0.00786276 -0.0024699 -6.80338e-05 0.000124162
internal_weight=7985 7962 7939 85 60 7854 94 68 7760 74 7686 82 59 7604 7570 54 7543 387 310 77 289 257 65 7156 50 7106 68 46 7038 6743
internal_count=7985 7962 7939 85 60 7854 94 68 7760 74 7686 82 59 7604 7570 54 7543 387 310 77 289 257 65 7156 50 7106 68 46 7038 6743
is_linear=0
shrinkage=0.05


Tree=265
num_leaves=31
num_cat=0
split_feature=41 44 128 222 128 128 62 45 41 17 5 45 76 30 14 14 59 4 83 18 41 103 87 72 43 18 93 102 128 27
split_gain=0.785681 0.880291 1.13216 1.47506 1.56304 0.950437 1.27616 1.17999 3.68753 1.33691 2.82543 2.54255 5.12102 4.22687 4.10127 2.49643 4.32145 3.35654 2.99482 3.49693 3.19236 4.35814 3.36057 4.0195 2.52472 2.50253 2.07799 2.08279 3.89108 2.22677
threshold=3.2583766233766238 102.69262469764733 348.03924765646929 1.0000000180025095e-35 139.65495466110892 48.683834986926065 17.3469063382069 495.30836194077762 0.12999999999999998 1.1277173913043479 22.294258373205746 2.5810747342408122 7.3585579622598623 1.7261931695516097 0.74727695429543095 0.051171606029018372 6.5458838797968317 0.5700896722315717 46.050000000000011 35.453001300530538 -0.68525974025974001 3.6800811868527039 5.9125428877564508 4.5474057147043636 40.568301381438836 19.413413773280848 83.921683277231253 23.414461114405089 27.912662212171014 -1.0666666572222222e-07
decision_type=2 2 2 2 2 2 2 2 2 2 2 2 2 2 10 10 2 2 2 8 2 2 2 2 2 10 2 2 2 2
left_child=1 2 3 4 5 7 -7 9 -9 10 11 12 13 -1 15 16 -13 18 19 25 22 -22 -20 24 -24 -17 27 28 29 -11
right_child=-2 -3 -4 -5 -6 6 -8 8 -10 26 -12 14 -14 -15 -16 17 -18 -19 20 -21 21 -23 23 -25 -26 -27 -28 -29 -30 -31
leaf_value=0.009159505821000306 0.0092278972996965702 -0.0095880667834232266 0.0093880743253976114 -0.01296456175094301 -0.013308400091376495 -0.003132971897721291 0.012967367300007027 -0.0034592846408486367 0.02367690040596894 0.011539458864650062 0.010057848253758453 0.02416959637431083 -0.027742710629285412 -0.011044194240292366 -0.021355505272125208 -0.010222195166030101 -0.0011328670022905702 0.01649300880406214 0.011461604374926538 0.00048546698498761376 -5.1949403270901671e-05 0.027419056929647925 -0.0079655076277309247 0.0068382719412787112 -0.027075254585593941 -0.031742652391337535 -0.01557069822613682 0.015202727346553256 -0.021358663850419582 0.00012655849637438943
leaf_weight=39 23 24 32 22 22 20 32 31 21 43 43 27 29 77 24 35 45 23 28 42 42 22 56 33 25 22 21 23 21 7038
leaf_count=39 23 24 32 22 22 20 32 31 21 43 43 27 29 77 24 35 45 23 28 42 42 22 56 33 25 22 21 23 21 7038
internal_value=-1.0059e-11 -2.66568e-05 2.25143e-06 -3.57382e-05 3.39151e-07 3.75806e-05 0.00677493 -7.27755e-06 0.00749956 -5.75941e-05 -0.00230045 -0.00323438 -0.0089498 -0.00425157 -0.00127982 -7.5277e-05 0.00835556 -0.00192595 -0.00331492 -0.0104619 0.000119784 0.00939121 -0.00405889 -0.00787094 -0.0138636 -0.0185283 0.000134489 0.000180778 0.000132129 0.000195864
internal_weight=7985 7962 7938 7906 7884 7862 52 7810 52 7758 612 569 145 116 424 400 72 328 305 99 206 64 142 114 81 57 7146 7125 7102 7081
internal_count=7985 7962 7938 7906 7884 7862 52 7810 52 7758 612 569 145 116 424 400 72 328 305 99 206 64 142 114 81 57 7146 7125 7102 7081
is_linear=0
shrinkage=0.05


Tree=266
num_leaves=31
num_cat=0
split_feature=27 21 21 18 13 119 21 275 100 16 2 15 60 20 103 4 103 103 371 25 97 3 83 130 71 26 104 198 44 93
split_gain=0.792362 3.81116 4.30907 3.48479 2.63357 2.65688 2.88907 2.27277 1.99173 1.6903 3.24943 2.19982 3.60194 1.81166 1.61477 2.40806 1.48415 1.36759 2.64127 1.49911 1.39495 2.10848 3.48965 3.2627 4.16953 4.47495 4.58748 3.99462 3.74264 3.2414
threshold=3.8310513791455962 -2.3175189111105681 -2.3488251614333917 16.555419726504876 0.54938400275239718 1.0000000180025095e-35 -2.2067567868678761 1.0000000180025095e-35 -1.0459055698406783 1.4954545454545458 0.35855394935752111 1.361818181818182 6.0541039488047863 2.2007937481878534 4.0139006991685573 0.37412741519903731 7.0753527599311345 -0.55408454585537903 1.0000000180025095e-35 -0.13629713240616892 0.19168249244142146 0.25380857898715053 25.900000000000002 1.0588000000000004 10.043464309295215 2.6787940929215477 -3.7688700260861592 1.0000000180025095e-35 13.195270696070187 38.991623388637059
decision_type=2 8 10 8 8 2 10 2 2 2 2 2 2 10 2 2 2 2 2 10 2 2 2 2 2 2 2 2 2 2
left_child=17 2 -2 9 5 7 -7 8 -5 10 -3 13 -13 -11 -10 -16 -17 18 -1 -20 21 23 -23 27 25 26 -25 -19 29 -28
right_child=1 3 -4 4 -6 6 -8 -9 14 11 -12 12 -14 -15 15 16 -18 20 19 -21 -22 22 -24 24 -26 -27 28 -29 -30 -31
leaf_value=-0.0030331526574098383 0.00083412848142606607 -0.022615759203734764 -0.028499980393375847 0.015613839873445355 0.023406781912559557 -0.0020876738792139807 0.015429824945488108 -0.012170880981203584 -0.0069698327938758041 0.018258870475586841 0.0021495050509218821 -0.021025061320203046 0.0073298940612446699 0.00087394730604075386 -0.008143931673839689 0.021702988417819143 0.0046287667491872395 2.538888657772584e-05 0.006629493956154745 0.022151372798252852 -0.00072358780445026718 -0.0022734739605878396 0.0051892480824852162 0.027981042955070735 0.016473065281567712 -0.0084165611040876494 0.0038588245834082209 -0.021691175723787062 0.024940693490207194 -0.011813493450172246
leaf_weight=67 31 26 21 28 21 32 89 27 43 22 27 24 21 47 24 20 35 565 70 20 4852 871 191 20 63 76 575 22 20 35
leaf_count=67 31 26 21 28 21 32 89 27 43 22 27 24 21 47 24 20 35 565 70 20 4852 871 191 20 63 76 575 22 20 35
internal_value=-3.91115e-12 0.00185308 -0.0110123 0.00322963 0.00629302 0.00508702 0.0107971 0.00118352 0.00358731 -0.00262201 -0.00999949 0.000807868 -0.00779275 0.00641697 0.000827127 0.00507104 0.0108376 -0.000133874 0.00448325 0.0100788 -0.00023331 0.00074242 -0.000931308 0.00203421 0.00413426 0.00306354 0.00440583 -0.00078852 0.00365741 0.00295959
internal_weight=7985 538 52 486 319 298 121 177 150 167 53 114 45 69 122 79 55 7447 157 90 7290 2438 1062 1376 789 726 650 587 630 610
internal_count=7985 538 52 486 319 298 121 177 150 167 53 114 45 69 122 79 55 7447 157 90 7290 2438 1062 1376 789 726 650 587 630 610
is_linear=0
shrinkage=0.05


Tree=267
num_leaves=31
num_cat=0
split_feature=80 176 157 76 14 309 22 131 59 40 356 13 16 34 2 58 72 14 79 55 74 6 2 68 14 5 4 7 41 4
split_gain=0.811746 0.878387 0.93656 2.95392 3.8449 1.99368 1.81084 2.2173 1.82524 2.70162 1.52981 1.83235 1.56082 1.4874 1.38822 1.2258 2.60215 2.86157 2.80911 2.46076 3.52588 2.66497 2.44529 2.3346 2.76736 2.15512 2.13807 5.317 2.92177 6.60905
threshold=39.731567316008572 9.5000000000000018 1.0000000180025095e-35 9.5529258377042776 0.24158375442234972 1.0000000180025095e-35 2.2626721930682128 43.516800000000025 10.040718817506033 0.95219644680177917 1.0000000180025095e-35 0.44111310888055283 1.2366946778711487 7.3203993997533461 2.7013888888888897 5.9798734376546774 12.421827621380858 0.32819354018337094 11.630173336307623 5.2595634745176278 8.6667496621929825 256.35100000000006 1.3205375514403295 20.385277661640266 0.31356896762091108 11.63818181818182 0.45255930567438468 239.17800000000003 1.4184415584415586 0.37976232309142754
decision_type=2 2 2 2 10 2 10 2 2 2 2 10 2 2 2 2 2 8 2 2 2 2 2 2 10 2 2 2 2 2
left_child=1 2 14 6 -5 -6 7 10 9 -8 11 12 -4 -7 15 16 17 23 19 20 26 -22 -17 -1 25 -25 28 -28 -19 -30
right_child=-2 -3 3 4 5 13 8 -9 -10 -11 -12 -13 -14 -15 -16 22 -18 18 -20 -21 21 -23 -24 24 -26 -27 27 -29 29 -31
leaf_value=-0.0019846739780436883 -0.0083500876508910086 0.0095814908194976553 0.012967499298974873 -0.025005152036568952 -0.0097541454187835309 0.014251152384094896 0.0019389000778189964 -0.013735492610269124 -0.0029292131477797576 0.020942944775742947 0.0090766609352107893 -0.013968112392883217 -0.0020212628666106897 -0.005032229712232948 0.012684117232195355 0.00029608754572490038 0.015032428219759218 0.0014030801239649409 0.01041296230314212 -0.013363250977867705 -0.025471598668290036 -0.00083566507243591813 0.0096953606058481721 -0.0031138770378660412 -0.026015814715065061 -0.016576832606910896 0.0078477681614458564 -0.019723801301134863 0.0031634445583342378 0.035763696928254589
leaf_weight=574 29 24 20 28 61 20 45 36 44 32 36 28 132 20 22 6025 24 237 72 33 21 23 70 125 20 39 36 34 53 22
leaf_count=574 29 24 20 28 61 20 45 36 44 32 36 28 132 20 22 6025 24 237 72 33 21 23 70 125 20 39 36 34 53 22
internal_value=-1.85005e-11 3.04364e-05 1.53765e-06 -0.00208867 -0.00861061 -0.00406559 0.00016691 -0.00224715 0.00519454 0.00983668 -0.000332426 -0.00221424 -4.90573e-05 0.00460946 0.00014276 0.000105515 -0.00128023 -0.00158396 0.00123075 -0.000209601 0.000809344 -0.0125937 0.000404037 -0.00355574 -0.00845678 -0.00631543 0.00235315 -0.00554414 0.00412498 0.0127262
internal_weight=7985 7956 7932 502 129 101 373 252 121 77 216 180 152 40 7430 7408 1313 1289 531 459 426 44 6095 758 184 164 382 70 312 75
internal_count=7985 7956 7932 502 129 101 373 252 121 77 216 180 152 40 7430 7408 1313 1289 531 459 426 44 6095 758 184 164 382 70 312 75
is_linear=0
shrinkage=0.05


Tree=268
num_leaves=31
num_cat=0
split_feature=21 21 18 28 58 25 9 26 118 68 45 303 41 62 6 3 107 75 24 140 37 34 104 19 15 20 17 20 27 370
split_gain=0.79043 2.4266 2.71253 3.10254 2.25447 3.3158 2.67827 2.88222 3.91241 2.51587 5.47889 3.68931 3.59468 4.3374 5.08022 3.69589 3.45323 2.47524 2.43378 2.39799 3.00815 4.49208 2.28683 2.82124 2.69405 2.81483 2.32981 6.07909 3.10083 2.1909
threshold=-2.0661905353356294 -2.0610672010957041 32.233272290428026 373.4743965140878 18.409921256735153 -0.18562589974226246 213.00000000000003 2.7705673178318095 3.5000000000000004 11.620520297935352 29.496353000049719 1.0000000180025095e-35 -0.37746753246753245 33.645209077124129 238.24150000000003 -0.67547170256991684 2.5000000000000004 73.914926892799045 5.6169626203290326 1.0000000180025095e-35 1.8368263997107039 6.0398992029637801 1.4399088246409677 10.147414909710379 1.5358974358974362 2.1890909850493019 1.2672619047619049 1.954441134559479 2.0624984960914179e-06 1.0000000180025095e-35
decision_type=8 8 10 2 2 8 2 2 2 2 2 2 2 2 2 2 2 2 10 2 2 2 2 10 2 10 2 10 2 2
left_child=-1 2 3 -2 6 18 7 17 -9 12 11 19 15 14 -14 -7 -13 -3 -6 22 -21 -22 24 -24 25 26 27 -11 -28 -30
right_child=1 4 -4 -5 5 9 -8 8 -10 10 -12 16 13 -15 -16 -17 -18 -19 -20 20 21 -23 23 -25 -26 -27 28 -29 29 -31
leaf_value=0.00051593902261919502 -0.012359791985816427 0.00078720737423574054 -0.021545322432562158 0.0067784591589588675 0.0005601605493575334 0.03134593740105629 0.018742086049169302 -0.026563319855410123 -0.0012134060025629071 0.00067941204433075413 -0.02830446090549231 0.027682701302692292 0.0011149038146249951 0.013376195828701989 -0.027278913589923279 0.0041790002778608112 -0.0013474845194390841 -0.014428058342525252 -0.020892889043077446 -0.017574891539438146 0.011657939656757779 -0.016238254995119793 -0.025925737608312849 -0.0014903480187058449 -0.014505823518515433 -0.017168899088089044 -0.01608635674417019 -0.030943731165357997 0.0035563958897563176 -0.0032368969345020274
leaf_weight=3847 45 2673 27 40 20 21 20 23 45 55 20 20 50 36 23 31 21 27 39 56 31 27 21 27 35 24 25 21 477 158
leaf_count=3847 45 2673 27 40 20 21 20 23 45 55 20 20 50 36 23 31 21 27 39 56 31 27 21 27 35 24 25 21 477 158
internal_value=-1.1415e-11 -0.000479656 -0.00773907 -0.00335356 -0.000277705 -0.00205329 0.000510735 0.000379006 -0.00978764 -0.00147443 -0.00239297 -0.0018737 0.00433346 -0.000826851 -0.00783109 0.0151503 0.0128136 0.000635055 -0.0136207 -0.00250293 -0.00930904 -0.00132822 -0.00158253 -0.0121808 -0.000942636 -0.000318016 0.000231469 -0.00805856 0.00118608 0.0018661
internal_weight=7985 4138 112 85 4026 1238 2788 2768 68 1179 1018 998 161 109 73 52 41 2700 59 957 114 58 843 48 795 760 736 76 660 635
internal_count=7985 4138 112 85 4026 1238 2788 2768 68 1179 1018 998 161 109 73 52 41 2700 59 957 114 58 843 48 795 760 736 76 660 635
is_linear=0
shrinkage=0.05


Tree=269
num_leaves=31
num_cat=0
split_feature=101 79 16 16 68 27 58 21 19 15 103 88 92 0 18 23 20 58 28 41 91 34 89 162 101 103 4 29 19 31
split_gain=0.784215 1.16343 2.49442 4.19853 2.5865 2.47553 2.82266 1.97159 2.50153 3.03363 3.0032 2.40649 1.64687 1.63827 1.60312 1.5336 1.6525 1.93417 1.55202 1.40077 3.18105 3.75768 3.06125 1.47447 1.33675 3.11313 1.50673 2.07878 2.40414 1.95687
threshold=33.18583703336126 59.337201949811778 1.462912087912088 1.5055555555555558 65.729033118734634 1.9343144492054452 36.106106885355366 -2.3233037792973961 9.9595706530764936 0.70710784313725505 1.9884471844293274 11.048937789060906 30.177291739116992 13.697453221442757 16.534160173257742 -2.180616436837135 2.024761355923038 36.371560305528639 916.30005526969796 -3.3949999999999991 12.140414900440021 9.9671783217109695 16.695180994277127 2.5000000000000004 16.535702329623394 1.3067901234567902 0.048455044417232356 25.265155861466596 10.022223438271407 24.720930776546425
decision_type=2 2 2 2 2 2 2 8 8 2 2 2 2 2 10 8 10 2 2 2 2 2 2 2 2 2 2 2 8 2
left_child=1 19 7 -4 -5 6 -6 -3 10 13 11 -9 -11 15 -8 -10 17 -17 -18 20 21 -1 -22 24 26 -26 -21 -28 29 -29
right_child=-2 2 3 4 5 -7 14 8 9 12 -12 -13 -14 -15 -16 16 18 -19 -20 23 22 -23 -24 -25 25 -27 27 28 -30 -31
leaf_value=0.01241815930013271 -0.0078116122276696842 -0.00997892665592107 -0.023854627203018893 0.016782971727661789 -0.020306139249721758 0.012615703467634463 -0.01223703029099852 0.033171802962368185 0.01433185559231788 0.0050309356814250347 0.003287510845499734 0.011073634517379105 0.021299769689462015 -0.012628532414479803 0.0050297470445313103 0.014662561634624448 -0.016283834836660668 -0.0011886444669077867 0.0019917429864151582 -0.010133043630048633 -0.026470153281223721 -0.014895015354268255 -0.00066115733730839573 -0.010285510024321931 -0.017242010300267591 0.0031479149776248217 4.4397986748740595e-06 0.01049128996920913 0.014834723867790993 -0.005196018729358912
leaf_weight=34 32 22 21 20 26 21 20 22 20 35 48 28 28 24 41 27 26 67 21 36 27 20 20 35 36 39 7055 33 51 50
leaf_count=34 32 22 21 20 26 21 20 22 20 35 48 28 28 24 41 27 26 67 21 36 27 20 20 35 36 39 7055 33 51 50
internal_value=-3.25527e-12 3.14311e-05 0.00232494 -0.00313314 0.000266474 -0.00279214 -0.00651127 0.00453487 0.00545771 0.00278518 0.0122208 0.0207968 0.0122615 -0.000441896 -0.000631491 0.00137475 -0.000463143 0.00336436 -0.00811815 -0.000128029 -0.00597624 0.00230217 -0.0154876 -4.75011e-05 1.58522e-06 -0.00663925 7.05212e-05 0.000121617 0.00629091 0.0010411
internal_weight=7985 7953 517 149 128 108 87 368 346 248 98 50 63 185 61 161 141 94 47 7436 101 54 47 7335 7300 75 7225 7189 134 83
internal_count=7985 7953 517 149 128 108 87 368 346 248 98 50 63 185 61 161 141 94 47 7436 101 54 47 7335 7300 75 7225 7189 134 83
is_linear=0
shrinkage=0.05


Tree=270
num_leaves=31
num_cat=0
split_feature=20 49 0 0 60 97 12 28 61 13 27 291 95 60 26 36 60 29 32 88 58 89 2 72 49 60 88 4 19 48
split_gain=0.762943 2.67792 3.00486 2.94432 3.00206 3.04235 4.33385 4.34609 3.07221 2.97105 3.18301 2.6989 3.5854 2.67762 2.79391 2.77525 2.63674 2.90009 2.97829 2.62787 2.64866 2.9574 2.86161 2.78236 2.61602 2.48285 2.69902 3.40589 5.2893 5.0977
threshold=2.0770853505885212 5.964429928347843 12.997632993401167 13.155602954144625 45.142095992622878 23.596782433137179 -0.38811753030026358 897.93427988177575 19.338320361418596 0.72559674731152224 7.5091658187464229e-07 1.0000000180025095e-35 6.7928117596995774 19.801846233895411 3.0999638849659257 7.1926555333582929 16.045161633848995 23.867632396503307 12.579318029219266 25.124539026877567 35.406754384706431 11.989099633809142 0.11307135508524425 4.5474057147043636 12.391907027052007 36.511040602838527 23.783155002207618 0.53370031957860975 10.885561881317985 12.509458256980734
decision_type=10 2 2 2 2 2 10 2 2 10 2 2 2 2 2 2 2 2 2 2 2 2 2 2 2 2 2 2 10 2
left_child=24 3 11 4 5 9 16 8 -8 25 -11 13 -13 14 -3 -15 19 18 -18 20 21 -7 -22 -23 -1 26 27 -2 29 -29
right_child=1 2 -4 -5 -6 6 7 -9 -10 10 -12 12 -14 15 -16 -17 17 -19 -20 -21 22 23 -24 -25 -26 -27 -28 28 -30 -31
leaf_value=-0.0006736522306043755 -0.0015136708867340238 -0.0016219250684990666 0.0050937752715863975 -0.0055714679955147541 -0.016223092621657997 0.0076907347885693993 0.0039743421375805022 -0.021500775254199932 -0.013350737368067106 0.0014666416578822665 0.027087496017867869 -0.024898572230904394 -0.0038490444895896044 -0.018561047950680268 0.016573659994173796 -0.00051885547343259438 0.0050024013669526836 0.017215235340248408 -0.010722795682959259 0.02417207987075954 -0.012083575308874802 0.011202958360314369 0.01252600732037709 0.035583539907185532 0.01119780904276574 0.015623411813888839 -0.0045853849804299409 0.0028799618364695728 0.026223827023868974 -0.0090057825806464271
leaf_weight=3671 886 514 124 159 24 113 174 23 30 27 22 32 55 47 22 39 91 29 45 33 27 25 21 22 47 27 247 1289 23 97
leaf_count=3671 886 514 124 159 24 113 174 23 30 27 22 32 55 47 22 39 91 29 45 33 27 25 21 22 47 27 247 1289 23 97
internal_value=-1.60725e-11 0.000456218 -0.00208701 0.00107314 0.00139573 0.0015258 0.00463643 -0.000896495 0.00142654 0.000773687 0.0129699 -0.00334288 -0.0115914 -0.00218915 -0.000875091 -0.0103791 0.00772997 0.00286021 -0.000200789 0.011064 0.0089844 0.0120748 -0.00131688 0.0226151 -0.000523583 0.000541062 0.000380864 0.000915358 0.00244277 0.00204813
internal_weight=7985 4267 833 3434 3275 3251 633 227 204 2618 49 709 87 622 536 86 406 165 136 241 208 160 48 47 3718 2569 2542 2295 1409 1386
internal_count=7985 4267 833 3434 3275 3251 633 227 204 2618 49 709 87 622 536 86 406 165 136 241 208 160 48 47 3718 2569 2542 2295 1409 1386
is_linear=0
shrinkage=0.05


Tree=271
num_leaves=31
num_cat=0
split_feature=48 61 61 61 4 120 25 87 6 43 130 15 60 17 60 118 87 47 318 75 91 26 39 37 97 83 94 27 215 65
split_gain=0.767983 1.15355 3.56209 4.23436 3.76371 10.3382 3.00581 2.86698 2.31082 2.77233 2.1557 2.06728 1.36626 2.1888 3.37844 1.90752 2.84532 6.17137 3.30152 2.64199 2.38514 2.36399 2.34651 3.73144 2.2311 2.93326 2.13567 1.95624 5.40994 5.462
threshold=60.563584722840467 47.748610179232877 39.486043020296925 38.428982836384954 0.38989041270040325 6.5000000000000009 -0.15692456700324267 35.111051220938201 451.58600000000041 18.209801587301591 -4.0691999999999995 0.98863636363636376 34.978001545705489 1.5751879699248124 40.861197835542846 7.5000000000000009 35.471380987291575 20.408691310052141 1.0000000180025095e-35 36.983878952357252 6.7942814019615811 0.9294802187663721 3.3582934525410431 3.9859169776311991 51.348054589224006 139.41000000000005 5.6798078397109215 1.0000000180025095e-35 9.5000000000000018 5.4595822028148939
decision_type=2 2 2 2 2 2 10 2 2 2 2 2 2 2 2 2 2 2 2 2 2 2 2 2 2 2 2 2 2 2
left_child=1 2 3 10 6 -6 8 -5 9 -4 11 -1 15 -14 -15 16 24 18 19 -18 -20 -21 23 -17 25 27 -27 28 29 -12
right_child=-2 -3 4 7 5 -7 -8 -9 -10 -11 12 -13 13 14 -16 22 17 -19 20 21 -22 -23 -24 -25 -26 26 -28 -29 -30 -31
leaf_value=1.9643921405076981e-05 -0.0089307191160817936 0.0025034049834921301 -0.0021704293652682716 0.028964263255641401 -0.044166057611371136 0.0048801156248719918 -0.01800767767149955 0.0025127950846217575 -0.012677042443482651 0.019018258512593235 -0.0060275056475952065 -0.022441761553775343 -0.00064085607117118492 0.022085161041468383 -0.0029194540682841432 -0.0052962528019234907 0.027109003143371359 -0.01694000690088918 -0.0095832087897828652 -0.0033693691292269665 0.012708137018073882 0.017327589181730073 0.0027937164283569228 -0.029383466094732288 -0.016790496986359357 0.02269119841411062 0.0038900714085850102 -1.7923448187555686e-05 -0.02582559229491313 0.016224354576757728
leaf_weight=20 24 444 38 21 22 21 25 20 21 26 146 21 73 35 22 82 34 24 28 22 21 37 55 20 20 23 44 6535 27 34
leaf_count=20 24 444 38 21 22 21 25 20 21 26 146 21 73 35 22 82 34 24 28 22 21 37 55 20 20 23 44 6535 27 34
internal_value=3.85617e-12 2.69234e-05 -0.000119353 3.7535e-05 -0.00767047 -0.0202133 -0.00276738 0.0160611 0.00171506 0.00643748 -5.21778e-05 -0.011485 1.21926e-05 0.00509208 0.0124343 -8.01431e-05 4.21907e-05 0.00651013 0.0104735 0.0160075 -2.97749e-05 0.00961008 -0.00553062 -0.0100192 -0.000115033 -6.6052e-05 0.0103442 -0.000169506 -0.00495497 -0.00182438
internal_weight=7985 7961 7517 7364 153 43 110 41 85 64 7323 41 7282 130 57 7152 6995 166 142 93 49 59 157 102 6829 6809 67 6742 207 180
internal_count=7985 7961 7517 7364 153 43 110 41 85 64 7323 41 7282 130 57 7152 6995 166 142 93 49 59 157 102 6829 6809 67 6742 207 180
is_linear=0
shrinkage=0.05


Tree=272
num_leaves=31
num_cat=0
split_feature=18 92 66 12 105 118 130 26 59 0 130 39 0 59 43 32 39 66 98 25 75 75 21 48 100 92 58 22 37 98
split_gain=0.749322 2.32424 2.36426 1.82222 2.57663 2.46944 3.66229 2.48668 2.44964 2.10149 1.94815 2.48959 1.86411 2.07617 2.54524 2.97489 3.6217 1.85851 1.86007 1.44513 1.26051 2.88183 3.0231 2.75721 3.48635 2.49501 2.82645 4.44934 2.88996 2.5201
threshold=16.13849123655616 38.082333853023208 5.882315005936932 -0.36720018095150697 0.29705882352941182 1.5000000000000002 0.46153999999999989 2.2924812231731706 17.068918428798117 5.920985134794658 1.0076999999999998 0.11109282057314097 2.231365740740741 6.0055730585499054 9.9646828200778312 9.8997964726961918 2.1354415802001219 39.444804616075878 2.6606619642848521 0.68874283409687342 12.578498813431359 13.078944662122323 -2.0328394677173982 11.532707939230976 -0.43050012597631632 60.673323722988378 34.184375154004634 2.096910313380246 6.438894955194356 2.1709916785644316
decision_type=8 2 2 10 2 2 2 2 2 2 2 2 2 2 2 2 2 2 2 10 2 2 8 2 2 2 2 10 2 2
left_child=1 3 -3 4 -1 8 -7 9 10 -8 -5 -12 -13 14 17 16 -16 18 19 -14 23 22 -22 25 -25 26 -2 -28 29 -29
right_child=20 2 -4 5 -6 6 7 -9 -10 -11 11 12 13 -15 15 -17 -18 -19 -20 -21 21 -23 -24 24 -26 -27 27 28 -30 -31
leaf_value=-0.00038425592216781857 -0.00020929835525689423 0.0013590816862969883 0.025379736488685013 0.0096767835281103293 -0.020981821661222391 -0.0043272274247824379 0.029123934244196261 0.0024264671041497165 -0.016958196489140393 0.0083354496024549002 -0.013885166777688411 0.0094690359109167576 -0.0064006871560757812 0.0049952050327705458 -0.0026925527610416923 -0.010364247447457807 0.020053561218082907 -0.018372020316310227 -0.016832721078147494 0.0062785169942224843 0.020078371182033743 0.0001321325525773303 0.00190624389021347 -0.027425249426492621 -0.004342266118289223 0.016831043935380877 -0.024009703452987918 -0.011244988149533479 0.010003968330898456 -0.0009380257210147608
leaf_weight=49 1961 21 20 56 22 39 31 28 20 20 31 54 55 117 35 29 35 30 24 38 37 4752 60 21 74 20 29 104 35 138
leaf_count=49 1961 21 20 56 22 39 31 28 20 20 31 54 55 117 35 29 35 30 24 38 37 4752 60 21 74 20 29 104 35 138
internal_value=7.35227e-12 0.00149996 0.0130765 0.000834273 -0.0067666 0.00167487 0.00820958 0.0143986 0.000203311 0.0209716 0.000884323 -0.000214735 0.000801532 -0.000487848 -0.00309564 0.00310174 0.0086805 -0.00726939 -0.00442256 -0.00121994 -0.000156406 0.000306283 0.00883788 -0.0010983 -0.00944482 -0.000751588 -0.000906706 -0.00537604 -0.00342523 -0.00536746
internal_weight=7985 754 41 713 71 642 118 79 524 51 504 448 417 363 246 99 70 147 117 93 7231 4849 97 2382 95 2287 2267 306 277 242
internal_count=7985 754 41 713 71 642 118 79 524 51 504 448 417 363 246 99 70 147 117 93 7231 4849 97 2382 95 2287 2267 306 277 242
is_linear=0
shrinkage=0.05


Tree=273
num_leaves=31
num_cat=0
split_feature=130 215 76 58 20 13 34 318 32 35 76 90 20 68 316 43 58 77 94 24 13 17 19 105 2 22 23 23 232 4
split_gain=0.767303 2.72405 4.4351 2.15936 3.42354 3.07422 2.6656 2.64643 3.20361 2.83772 5.42165 3.9682 3.11008 2.77212 2.61686 5.29049 2.48683 1.89662 2.37898 2.63195 2.17221 2.08377 2.0456 2.01726 1.96388 1.87482 2.94229 1.50919 1.45417 1.83369
threshold=5.128900000000006 9.5000000000000018 6.4827890144192937 41.579051288691339 2.4470837385511084 0.49170735963370799 10.28543705204167 1.0000000180025095e-35 9.8997964726961918 12.150941061190847 9.4166556883016259 11.098653420575211 2.2393776479094174 89.9945013925811 1.0000000180025095e-35 22.55947322333569 80.667629508798044 19.259611436975401 4.9386950618498426 5.6916695709135894 0.46534594521348072 1.9913793103448278 10.058528589096211 0.95180023228803723 0.29289351851851825 2.1510312316055074 -2.2224782221921995 -2.2768248029591107 1.0000000180025095e-35 0.37700365553888499
decision_type=2 2 2 2 10 10 2 2 2 2 2 2 10 2 2 2 2 2 2 10 10 2 10 2 2 8 10 10 2 2
left_child=1 28 -3 5 7 14 -7 9 -9 10 11 -5 -12 -10 17 -16 -11 18 25 23 21 22 -21 -20 -24 -2 -27 -15 -1 -30
right_child=3 2 -4 4 -6 6 -8 8 13 16 12 -13 -14 27 15 -17 -18 -19 19 20 -22 -23 24 -25 -26 26 -28 -29 29 -31
leaf_value=-2.3718901064333013e-05 -0.015893409034470098 -0.0266526785697788 0.0034388546521464981 -0.014727129482410171 0.011512371990829707 0.02865849540879329 0.0060016365009633935 0.019011991155212342 -0.01352377186412923 0.011187178139094145 -0.033589572570053863 0.0096121649545453051 -0.0088262491726449552 -0.0034170656667455385 0.031912755593657492 -0.0021294224224984648 -0.010793371129230681 0.01582108037546277 0.025382047086022798 0.004019707598684666 -0.01430459255453847 0.014336019391515131 -0.019923856388777497 0.0029250673111528161 -0.0016276072714985772 -0.016514934782753701 0.0075256668350526263 0.014696017250357924 -0.018553001107648015 0.00044162939130156127
leaf_weight=7070 36 25 24 33 42 21 34 23 32 31 32 34 21 23 21 25 22 20 20 120 23 29 20 20 55 20 35 23 24 27
leaf_count=7070 36 25 24 33 42 21 34 23 32 31 32 34 21 23 21 25 22 20 20 120 23 29 20 20 55 20 35 23 24 27
internal_value=1.40257e-11 -0.000165248 -0.011914 0.00145377 -0.00178038 0.00350185 0.0146524 -0.00381796 0.00261318 -0.00757255 -0.0118283 -0.00237585 -0.0237777 -0.00222237 0.00212059 0.0134116 0.00206318 0.000815601 2.16601e-05 0.00225523 0.000328374 0.00183087 -2.8875e-05 0.0141536 -0.00650661 -0.00702267 -0.00121637 0.00563948 -8.4404e-05 -0.00849702
internal_weight=7985 7170 49 815 316 499 55 274 101 173 120 67 53 78 444 46 53 398 378 287 247 224 195 40 75 91 55 46 7121 51
internal_count=7985 7170 49 815 316 499 55 274 101 173 120 67 53 78 444 46 53 398 378 287 247 224 195 40 75 91 55 46 7121 51
is_linear=0
shrinkage=0.05


Tree=274
num_leaves=31
num_cat=0
split_feature=49 22 49 18 39 18 49 91 94 49 20 27 13 47 14 5 138 122 65 327 26 32 139 136 11 374 45 20 5 3
split_gain=0.745448 1.54226 1.08691 2.33729 2.31397 2.32191 1.17737 1.80813 2.24449 1.08107 1.08925 2.38476 2.15972 4.18647 2.50901 2.34022 2.0411 2.42452 2.78981 2.83523 3.51487 4.28418 2.74268 2.78445 2.83929 4.54599 2.81896 3.13379 2.53475 2.38616
threshold=23.204787598533496 2.3892825261769186 17.178783148143292 16.488976349374663 2.6151623611486241 16.747768878979588 12.57618725246477 12.996357909503702 9.8151067770728542 12.388219551217771 2.0770853505885212 4.0765952693507925 0.72559674731152224 21.524134894983849 0.43745895390525708 9.1291666666666682 1.0000000180025095e-35 1.0000000180025095e-35 10.324464248931966 1.0000000180025095e-35 1.9779873656526801 8.6096815566740457 1.5000000000000002 1.0000000180025095e-35 1.0499536332980961 1.0000000180025095e-35 1.3827534207676762 2.0630765858098372 10.069047619047621 -0.44715720533124487
decision_type=2 8 2 10 2 10 2 2 2 2 10 2 10 2 10 2 2 2 2 2 2 2 2 2 8 2 2 8 2 2
left_child=2 -2 6 -4 -5 -6 9 8 -8 10 11 16 14 -14 15 -12 17 -1 22 20 -20 -22 23 24 -19 -26 -25 -28 -27 -18
right_child=1 -3 3 4 5 -7 7 -9 -10 -11 12 -13 13 -15 -16 -17 29 18 19 -21 21 -23 -24 26 25 28 27 -29 -30 -31
leaf_value=0.0017520435044932005 -0.014643510907458572 0.0021269285216413696 0.014804835381726614 -0.0075427656715570876 -0.0013666250556707384 0.020019031032411892 -0.020815758889637374 0.003212680969093191 -0.001880963203182225 0.011361549750325226 0.017583312578499318 0.014468654431402684 0.023642501800224702 -0.0027870498657707249 -0.016409093849572606 0.00043603795728051615 -0.016666064620949328 -0.0012087832187840852 -0.0068035367812450624 -0.0080710029996493276 0.030441894228570167 0.0068313248270382007 0.015485801855507103 0.0024198066542989445 -0.026181019619107251 0.0087979855291821351 -0.025097222676357403 -0.00075369904981926084 -0.014065498625859619 -0.0022581928659097424
leaf_weight=893 26 29 39 48 30 22 29 38 34 21 20 26 29 31 22 3896 42 2257 31 34 25 83 23 28 30 27 39 20 22 91
leaf_count=893 26 29 39 48 30 22 29 38 34 21 20 26 29 31 22 3896 42 2257 31 34 25 83 23 28 30 27 39 20 22 91
internal_value=7.12789e-13 -0.00580092 4.02333e-05 0.0044227 0.000373672 0.00768115 -3.79547e-05 -0.00540127 -0.010597 3.24867e-05 1.46433e-06 -0.000620396 0.000572462 0.00998723 0.000429017 0.000523613 -0.000728027 -0.000497776 -0.0012649 0.00487123 0.00803696 0.0122967 -0.00169889 -0.00186201 -0.00153491 -0.0108522 -0.010645 -0.0168452 -0.00146725 -0.00680805
internal_weight=7985 55 7930 139 100 52 7791 101 63 7690 7669 3671 3998 60 3938 3916 3645 3512 2619 173 139 108 2446 2423 2336 79 87 59 49 133
internal_count=7985 55 7930 139 100 52 7791 101 63 7690 7669 3671 3998 60 3938 3916 3645 3512 2619 173 139 108 2446 2423 2336 79 87 59 49 133
is_linear=0
shrinkage=0.05


Tree=275
num_leaves=31
num_cat=0
split_feature=158 102 57 52 130 98 30 35 27 75 18 332 103 24 62 77 58 64 58 4 328 102 369 40 100 203 47 85 329 51
split_gain=0.74068 0.738467 2.57857 4.17864 2.83422 3.37648 6.1674 6.49712 2.56128 3.04031 2.58399 2.53884 2.52747 2.61772 3.45112 2.74538 2.51764 2.3551 2.41887 2.34108 2.31628 2.31806 2.80539 2.25186 2.33006 2.24088 2.55636 2.9209 3.58246 2.71614
threshold=6.5000000000000009 0.13455329585537915 6.0711935876477465 11.871263466475154 2.7113500000000008 20.428438481014663 14.07416881515034 4.5053298990900998 3.388879813874385 34.279238473778896 16.372467642177117 1.0000000180025095e-35 9.4910561787020349 5.2540517464788481 25.50620688966271 12.791300643294271 57.41284869418535 4.9964455224508706 12.492015210573756 0.78638058020267743 1.0000000180025095e-35 15.992471581612758 1.0000000180025095e-35 7.6248907829978529 3.7040025759532216 1.0000000180025095e-35 15.085182257455397 9.477701165099667 1.0000000180025095e-35 3.8532689665767532
decision_type=2 2 2 2 2 2 2 2 2 2 10 2 2 10 2 2 2 2 2 2 2 2 2 2 2 2 2 2 2 2
left_child=1 11 3 19 5 25 7 -7 9 10 -5 -1 23 15 20 -14 -8 -13 -19 -3 21 22 -15 24 -6 26 29 -28 -29 -4
right_child=-2 2 4 8 12 6 16 -9 -10 -11 -12 17 13 14 -16 -17 -18 18 -20 -21 -22 -23 -24 -25 -26 -27 27 28 -30 -31
leaf_value=8.3122944471990899e-05 0.0096100538538303228 0.0048473466330755466 -0.0014144497829291988 -0.033236310905998663 0.0014033775000731614 -0.008745565825762849 0.013148098025956881 -0.04500702175622185 0.0062206662673917092 -0.0010737671749666334 -0.0081242142547853294 0.0024023070852234045 -0.0054821959806277479 -0.019750530487143023 0.011454623775637669 0.014610890711329001 -0.0090035318782360398 -0.0011227522285480519 0.018772340083494782 -0.0058071079623084852 -0.022328519970843837 0.0075799029475698875 -0.0040470998299930389 0.015193559968009078 -0.014667988374181415 -0.012179105522899102 -0.0057883572299033403 0.015166255928626336 -0.0046435167392094934 -0.0078786981737403762
leaf_weight=3808 20 540 1159 21 1160 30 23 21 27 36 20 244 34 43 23 34 29 22 50 57 28 24 84 29 23 52 48 74 33 189
leaf_count=3808 20 540 1159 21 1160 30 23 21 27 36 20 244 34 43 23 34 29 22 50 57 28 24 84 29 23 52 48 74 33 189
internal_value=-1.19195e-11 -2.41307e-05 -0.000522992 0.00221886 -0.00113511 -0.00255532 -0.0113224 -0.0236768 -0.00703024 -0.0116767 -0.0209865 0.000440497 0.000453771 -0.00392103 -0.00677749 0.00456435 0.000794304 0.00474709 0.0126933 0.00383009 -0.00912017 -0.00667094 -0.00936401 0.00142836 0.00109092 -0.0019746 -0.00162155 0.00445952 0.0090567 -0.00232079
internal_weight=7985 7965 3841 701 3140 1658 103 51 104 77 41 4124 1482 270 202 68 52 316 72 597 179 151 127 1212 1183 1555 1503 155 107 1348
internal_count=7985 7965 3841 701 3140 1658 103 51 104 77 41 4124 1482 270 202 68 52 316 72 597 179 151 127 1212 1183 1555 1503 155 107 1348
is_linear=0
shrinkage=0.05


Tree=276
num_leaves=31
num_cat=0
split_feature=5 5 122 102 108 88 48 316 122 22 90 98 130 60 59 128 2 87 2 22 19 22 35 17 48 39 131 2 83 61
split_gain=0.732251 1.97902 2.37796 1.25017 1.22393 0.912746 3.81238 4.07777 2.74035 3.26033 4.73959 3.11257 2.9237 2.71581 3.11441 3.57781 3.89897 2.8672 5.38909 2.70275 2.56371 2.55652 3.27115 3.19441 2.40809 3.26267 3.32241 3.1891 3.11904 5.60617
threshold=51.752012882447673 47.547348484848492 1.0000000180025095e-35 10.026165057464549 3.5000000000000004 17.557377644692277 5.4081218830049176 1.0000000180025095e-35 1.5000000000000002 2.1531192537471227 4.6187579188563275 2.603557256235828 0.98719000000000023 5.5682780108831329 6.5458838797968317 8.6939990371946525 0.087152742784357265 9.7439265400077009 0.40624999999999972 2.6460271076703616 10.080888498950204 2.3613819209509206 4.0974876124995818 2.2873015873015876 15.040755137887656 5.1405999917742591 150.77354999999983 0.2450123023746538 77.620000000000019 23.993838791722137
decision_type=2 2 2 2 2 2 2 2 2 8 2 2 2 2 2 2 2 2 2 10 8 10 2 2 2 2 2 2 2 2
left_child=1 5 -3 4 -2 19 7 13 11 10 12 -8 -10 17 20 21 -17 18 -7 24 -15 22 -16 -24 25 26 -1 -27 29 -26
right_child=3 2 -4 -5 -6 6 8 -9 9 -11 -12 -13 -14 14 15 16 -18 -19 -20 -21 -22 -23 23 -25 28 27 -28 -29 -30 -31
leaf_value=0.00034836843118203484 0.0057848448654817001 0.021684585122958476 0.001507960753515363 -0.014920100366527383 -0.0090844872351735825 -0.036697669310325927 0.0074085274277604189 -0.01484765451334949 0.017712640082886952 0.0008756783152246416 0.028258336481771302 -0.016651031642970517 -0.0053044472239373534 -0.016031723995419109 0.00095849795896490975 0.02986985222835626 0.0041966688465327022 -0.00077351976414116068 -0.0052868712586738795 0.016305275533634884 -0.0015401863002855527 0.003373506269885064 -0.032138979667797683 -0.0048164688421504414 -0.0055221952166036887 0.017916443288399309 -0.016915039279099025 -0.0033347960940941623 -0.00028707649194479034 -0.034017901141196488
leaf_weight=6012 31 23 40 22 25 22 20 77 22 531 28 41 37 51 54 21 50 49 36 26 76 137 20 23 126 51 28 27 259 20
leaf_count=6012 31 23 40 22 25 22 20 77 22 531 28 41 37 51 54 21 50 49 36 26 76 137 20 23 126 51 28 27 259 20
internal_value=1.11231e-12 4.75559e-05 0.00887403 -0.00482082 -0.00085325 -2.3335e-05 -0.00123625 -0.00408449 0.00134773 0.00234568 0.0113178 -0.00876265 0.0032782 -0.0025469 -0.000780558 0.00195892 0.0117901 -0.0096783 -0.0172013 0.000216506 -0.00735962 -0.00102406 -0.00723505 -0.0175246 0.000152378 0.000399554 0.000268339 0.0105602 -0.0035815 -0.00942572
internal_weight=7985 7907 63 78 56 7844 1295 616 679 618 87 61 59 539 432 305 71 107 58 6549 127 234 97 43 6523 6118 6040 78 405 146
internal_count=7985 7907 63 78 56 7844 1295 616 679 618 87 61 59 539 432 305 71 107 58 6549 127 234 97 43 6523 6118 6040 78 405 146
is_linear=0
shrinkage=0.05


Tree=277
num_leaves=31
num_cat=0
split_feature=80 67 197 48 0 0 48 75 20 75 17 57 30 220 16 13 34 20 98 27 9 40 23 7 94 61 27 36 58 42
split_gain=0.724038 0.808726 1.94295 3.31345 5.05684 5.24092 10.3293 2.80217 4.90138 4.21021 3.42939 4.3647 3.73166 3.02372 6.57839 3.7343 3.43795 2.53836 2.52088 2.49201 3.36865 2.43734 2.32043 3.49647 3.39439 3.01471 2.82838 2.81953 3.22535 2.84409
threshold=39.731567316008572 1.0000000180025095e-35 1.5000000000000002 10.542980432701336 5.8629745370370374 10.336624741861774 12.509458256980734 11.943815567201584 1.8792065380142466 16.207844184372885 1.4564393939393943 5.9934006936586277 7.9763708683490657 1.0000000180025095e-35 1.2366946778711487 0.26425567124540511 11.795373694982638 2.2521624856692735 18.942207779755861 -1.3808823502357266e-08 148.50000000000003 1.0686114951437848 -2.2492953337161095 356.87100000000015 14.950926653161545 24.555005145348151 3.388879813874385 3.0764968066338305 11.989099633809142 22035.362316828549
decision_type=2 2 2 2 2 2 2 2 8 2 2 2 2 2 2 10 2 10 2 2 2 2 10 2 2 2 2 2 2 2
left_child=1 2 3 7 -5 6 -6 18 -9 10 -10 -12 21 15 -15 -11 19 -4 -1 -17 22 -13 23 24 -21 -26 27 28 -24 -29
right_child=-2 -3 17 4 5 -7 -8 8 9 13 11 12 -14 14 -16 16 -18 -19 -20 20 -22 -23 26 -25 25 -27 -28 29 -30 -31
leaf_value=7.5182243665810225e-05 -0.0078860879795433127 -0.00042733012205513668 0.01284257967254498 0.016909151078345112 -0.0067748447216009026 -0.0022503790540244193 -0.048181219983380291 -0.02165089986403473 0.025914766853032956 0.02128761104272249 -0.0061951568805273969 0.012320375634432846 0.0027402673860144038 0.0042712530237622561 -0.032283294759690766 0.010494755937153814 0.022026921320884005 -0.0040177140723575248 -0.010592696167071139 8.0199872034337423e-05 -0.018144993704703193 0.032296491271028148 0.0026441533908085979 0.01879689476706765 -0.02156452503357385 0.00065195458368040051 0.01377611812669784 0.014918209673328834 -0.018879520704753565 -0.0024799662295774353
leaf_weight=1946 29 4375 69 26 61 235 20 20 29 26 44 37 55 32 20 71 21 33 57 405 23 26 46 22 37 26 70 55 28 41
leaf_count=1946 29 4375 69 26 61 235 20 20 29 26 44 37 55 32 20 71 21 33 57 405 23 26 46 22 37 26 70 55 28 41
internal_value=1.7765e-11 2.87452e-05 0.000585944 0.000386523 -0.00428682 -0.00603079 -0.0169986 0.000896016 0.00288208 0.00332253 0.0100797 0.007245 0.0122566 0.00192425 -0.00978819 0.0026235 0.00204922 0.00738778 -0.000228397 0.00154008 0.000695746 0.0205645 0.00128936 -0.000683518 -0.00159926 -0.0123958 0.00531732 0.00183428 -0.00549994 0.00748774
internal_weight=7985 7956 3581 3479 342 316 81 3137 1134 1114 191 162 118 923 52 871 845 102 2003 824 753 63 730 490 468 63 240 170 74 96
internal_count=7985 7956 3581 3479 342 316 81 3137 1134 1114 191 162 118 923 52 871 845 102 2003 824 753 63 730 490 468 63 240 170 74 96
is_linear=0
shrinkage=0.05


Tree=278
num_leaves=31
num_cat=0
split_feature=367 24 96 37 89 22 45 20 22 22 24 96 83 43 6 83 19 4 1 20 62 84 224 3 30 130 5 3 60 44
split_gain=0.703537 1.89161 1.87321 2.82518 2.70969 2.64457 4.17019 3.57896 2.97267 2.66827 2.91062 2.15281 2.37652 2.11328 2.27514 2.06214 2.0531 2.0055 1.92917 2.74553 1.90723 5.78384 4.30188 4.20172 4.05884 3.83018 3.80843 3.05418 2.7206 3.20531
threshold=1.0000000180025095e-35 5.3925943963759559 3.1856577341584784 0.54403457722854498 29.347722865324716 2.4311584947247353 1.4209081331704774 2.2129278067509328 2.4135070239442622 2.60427148895899 5.9175577631368936 4.3292283950617287 42.555000000000014 21.340660333505586 312.27100000000002 30.820000000000004 9.7522841355704326 0.33167432518409468 11.050591318904361 2.1143644838831759 12.202176792461765 30.858942944202905 1.0000000180025095e-35 -4.3717879254325167 2.1836225904276225 -2.6707999999999976 11.120606060606063 -3.7227133723859902 15.621024378211105 10.947400423775981
decision_type=2 8 2 2 2 10 2 10 10 10 10 2 2 2 2 2 8 2 2 10 2 2 2 2 2 2 2 2 2 2
left_child=2 -2 5 11 17 8 -7 -8 16 13 -11 -4 15 14 -9 -13 -1 -5 -19 -20 21 22 23 26 -24 -23 -18 -25 -22 -30
right_child=1 -3 3 4 -6 6 7 9 -10 10 -12 12 -14 -15 -16 -17 20 18 19 -21 28 25 24 27 -26 -27 -28 -29 29 -31
leaf_value=0.014175006035715344 0.0062293691308392832 0.00034095684466811064 -0.0069073836892270118 0.0052171013178303844 0.0099515225132927303 -0.0096462979244116027 0.026791944229246484 -2.3817009706464079e-05 -0.014540073627399076 0.0032188474852591757 0.029870863436233432 0.0043235652031398788 -0.010686381731647999 -0.012288580471206279 0.015516709488417421 0.020023560833185912 -0.02527542476036064 -0.0084174814255870197 0.01490720775168897 -0.0045851302102074441 0.0027277701217676099 -0.0048679916791363881 -0.00061611957848072051 0.014381201356445673 0.030856904857570217 -0.035100754494778813 -0.0015995359713477748 -0.00069188976652084051 -0.0086769281940031508 0.0042597436744612289
leaf_weight=25 144 2580 52 40 30 39 23 72 36 20 21 128 22 21 35 25 33 336 22 101 918 22 20 34 21 20 35 2908 124 78
leaf_count=25 144 2580 52 40 30 39 23 72 36 20 21 128 22 21 35 25 33 336 22 101 918 22 20 34 21 20 35 2908 124 78
internal_value=-8.48852e-12 0.000652239 -0.000337711 -0.00264082 -0.00464307 4.87824e-05 0.00525967 0.00828745 -0.000232854 0.00576908 0.0168699 0.0020252 0.00467946 0.00221336 0.00505953 0.00688892 -0.000111321 -0.0055205 -0.00645624 -0.0010987 -0.000196096 -0.000836264 -0.000582581 -0.000801703 0.0155042 -0.0192645 -0.0130893 -0.000517694 0.0015718 -0.00368158
internal_weight=7985 2724 5261 756 529 4505 231 192 4274 169 41 227 175 128 107 153 4238 499 459 123 4213 3093 3051 3010 41 42 68 2942 1120 202
internal_count=7985 2724 5261 756 529 4505 231 192 4274 169 41 227 175 128 107 153 4238 499 459 123 4213 3093 3051 3010 41 42 68 2942 1120 202
is_linear=0
shrinkage=0.05


Tree=279
num_leaves=31
num_cat=0
split_feature=244 60 45 24 24 75 88 26 79 335 99 4 104 89 4 66 130 93 220 93 253 74 47 41 375 98 335 75 127 128
split_gain=0.707614 1.40848 1.62269 0.965719 4.20337 3.37544 2.14122 3.43681 2.52222 2.03417 2.01277 1.46171 1.31055 1.19547 1.55791 1.42498 1.17375 1.09658 2.61245 2.46762 2.30741 2.13506 4.31842 3.384 2.77236 2.62415 2.09476 2.0884 2.29265 3.56435
threshold=1.0000000180025095e-35 12.12050196012974 1.6910116265561037 8.4141721866915553 8.6746069835202757 35.917201571245705 11.726031131256887 2.5687476902418234 28.760564270096548 1.0000000180025095e-35 0.36844624279278054 0.51320169837428919 8.1153395351817945 5.3173147716501683 0.62537221271378729 6.8272769735950556 1.8859700000000001 5.1000446670203816 1.0000000180025095e-35 5.0214617714811149 1.0000000180025095e-35 11.862295596319308 9.0764970354021823 -0.17844155844155854 1.0000000180025095e-35 5.1188978104760947 1.0000000180025095e-35 80.785992891545007 1.0000000180025095e-35 13.508688171211899
decision_type=2 2 2 10 10 2 2 2 2 2 2 2 2 2 2 2 2 2 2 2 2 2 2 2 2 2 2 2 2 2
left_child=3 2 -2 12 -5 6 7 8 11 10 -8 16 17 14 -13 -15 -6 19 21 20 27 -19 23 24 -23 26 -24 -1 29 -29
right_child=1 -3 -4 4 5 -7 9 -9 -10 -11 -12 13 -14 15 -16 -17 -18 18 -20 -21 -22 22 25 -25 -26 -27 -28 28 -30 -31
leaf_value=0.00082950516980918117 0.0035888226170625002 0.0065883782099593769 -0.01312914280359574 0.021222647188031782 0.0073291624127887192 -0.015897730372294232 -0.00043065333971753722 0.024815115723758937 -0.0085011376454004733 0.0058847767032253057 -0.022346840875053949 0.022800814209935759 0.011362846249714495 -0.0059501929881820535 0.0070000077597796922 0.012064533662937936 -0.0089217878095805645 -0.00020822775408781062 -0.01867257862351835 0.016889718799527897 -0.008872368663835983 -0.027039725383344506 -0.00095138473462000436 -0.00081689816527819687 -0.0098454232502263039 0.0059364864255555651 -0.018658487393480281 -0.028871878524395551 0.0051393813635829998 -0.0015265623841864558
leaf_weight=3200 21 22 47 28 20 27 20 20 38 26 22 26 25 23 39 21 25 3794 20 23 65 35 61 62 71 110 23 22 23 26
leaf_count=3200 21 22 47 28 20 27 20 20 38 26 22 26 25 23 39 21 25 3794 20 23 65 35 61 62 71 110 23 22 23 26
internal_value=-1.09884e-11 -0.00440845 -0.00796624 5.02546e-05 0.00267724 0.000985804 0.00261386 0.00509019 0.00303551 -0.00510646 -0.0119106 0.00588221 -6.61529e-05 0.00901213 0.0133203 0.00264774 -0.00169914 -0.000104073 -0.000645042 0.000568476 0.000455949 -0.000558288 -0.00422715 -0.0100956 -0.0155228 0.000854814 -0.00579976 0.000641318 -0.00784037 -0.0140598
internal_weight=7985 90 68 7895 335 307 280 212 192 68 42 154 7560 109 65 44 45 7535 4176 3359 3336 4156 362 168 106 194 84 3271 71 48
internal_count=7985 90 68 7895 335 307 280 212 192 68 42 154 7560 109 65 44 45 7535 4176 3359 3336 4156 362 168 106 194 84 3271 71 48
is_linear=0
shrinkage=0.05


Tree=280
num_leaves=31
num_cat=0
split_feature=44 43 43 76 16 222 83 47 128 75 29 26 76 235 96 96 226 52 23 45 48 34 58 34 76 130 130 11 97 43
split_gain=0.696751 1.37325 0.937315 4.81061 2.29466 1.41755 1.58944 1.74039 1.77232 2.05828 1.35515 1.88697 1.32406 1.5933 1.14353 1.97747 1.30811 1.81637 4.24729 8.79765 3.35995 3.60242 3.57006 3.61634 4.80379 4.06843 3.74883 3.33378 2.08438 2.30838
threshold=102.69262469764733 85.044772744595306 47.052208439199624 14.095896194078792 0.45742753623188409 1.0000000180025095e-35 251.38 55.370274414314927 48.683834986926065 17.270142793866246 52.319258435000336 3.1696842036076975 44.360708899243512 1.0000000180025095e-35 -3.2589379044437128 -1.8761342592592591 1.0000000180025095e-35 17.163306686242333 -1.0000000180025095e-35 4.0442948848046454 4.886315334609538 4.2187231005111938 27.401648574159342 5.4030805933079087 10.07070900622057 -4.0691999999999995 -0.21364999999999887 2.5000000000000004 8.4636026077097508 21.340660333505586
decision_type=2 2 2 2 2 2 2 2 2 2 2 2 2 2 2 2 2 2 8 2 2 2 2 2 2 2 2 8 2 2
left_child=1 2 5 -4 -5 6 7 8 12 -10 11 -6 13 14 -1 -16 17 18 -17 -20 22 -22 23 25 -25 -19 -26 -27 -23 -30
right_child=-2 -3 3 4 10 -7 -8 -9 9 -11 -12 -13 -14 -15 15 16 -18 20 19 -21 21 28 -24 24 26 27 -28 -29 29 -31
leaf_value=0.011965210227062926 -0.0077360579025417819 0.011285242674596331 -0.026132349423798069 0.015292024477384987 -0.00017906399972906169 -0.012911950051784516 0.0096825461582887157 -0.013400635511303941 -0.0012811801023781301 0.020881428158926695 0.0077992154817496029 -0.016783077757073835 0.010022375417192411 -0.013154742380847101 -0.014645037881058197 -1.5418472458810654e-05 -0.0092153871995642005 -0.0020739158897688896 0.0052817177412838772 -0.034379534726893465 -0.021196451399009678 0.013634980142116546 0.023555537106262316 -0.020656982912071822 -0.0083265032286622704 0.0097270604804094527 0.017785383790733588 0.031362998665177395 0.007449627055219659 -0.0059253458577721314
leaf_weight=20 29 27 21 20 44 21 43 24 20 22 21 28 33 23 23 6956 38 66 29 27 22 25 27 29 28 117 27 21 46 108
leaf_count=20 29 27 21 20 44 21 43 24 20 22 21 28 33 23 23 6956 38 66 29 27 22 25 27 29 28 117 27 21 46 108
internal_value=6.45952e-13 2.81983e-05 -1.01344e-05 -0.00415642 -7.2398e-05 6.11423e-05 9.61867e-05 4.28671e-05 8.47309e-05 0.0103278 -0.00337657 -0.00663618 2.86045e-05 -1.46076e-05 2.51116e-05 -6.35527e-06 3.81451e-05 8.48553e-05 -0.000125831 -0.0138407 0.0029479 -0.00210299 0.00617086 0.00454105 -0.00419035 0.00813633 0.00449206 0.0130195 0.000243687 -0.00193022
internal_weight=7985 7956 7929 134 113 7795 7774 7731 7707 42 93 72 7665 7632 7609 7589 7566 7528 7012 56 516 201 315 288 84 204 55 138 179 154
internal_count=7985 7956 7929 134 113 7795 7774 7731 7707 42 93 72 7665 7632 7609 7589 7566 7528 7012 56 516 201 315 288 84 204 55 138 179 154
is_linear=0
shrinkage=0.05


Tree=281
num_leaves=31
num_cat=0
split_feature=41 43 17 31 33 19 17 107 76 120 16 2 57 98 16 90 2 90 10 10 7 128 17 128 13 2 97 43 62 107
split_gain=0.702858 0.801726 1.26792 4.91286 3.43036 2.07346 1.16532 3.87541 2.90153 2.11657 1.82729 2.69392 2.10299 2.18825 1.67714 2.58271 2.5678 2.41186 1.53203 1.57452 5.80894 8.61999 2.7021 3.89952 2.75631 3.24439 2.44721 3.301 2.6757 2.37403
threshold=3.2583766233766238 149.65641697331017 0.58089500860585208 8.4669279806020032 2.6157980717371423 10.002295961042746 0.7327380952380953 1.5000000000000002 20.433692960060238 3.5000000000000004 0.64839839839839852 0.067188681027966948 129.17080582366719 3.0570001889644751 0.72281323877068571 91.375105016323303 0.63719084624590605 83.532648489531454 1.5000000000000002 1.0000000180025095e-35 192.13500000000002 4.9973503966548467 1.1277173913043479 27.912662212171014 0.12549230902015043 0.75000000000000022 28.382506771643488 20.091790866910554 49.5534890280762 1.0000000180025095e-35
decision_type=2 2 2 2 2 10 2 2 2 2 2 2 2 2 2 2 2 2 2 2 2 2 2 2 8 2 2 2 2 2
left_child=1 2 3 -1 -5 -6 7 8 9 -4 11 -8 14 -14 16 17 -12 18 19 22 21 -21 24 -24 25 -16 28 -28 29 -26
right_child=-2 -3 6 4 5 -7 10 -9 -10 -11 12 -13 13 -15 15 -17 -18 -19 -20 20 -22 -23 23 -25 26 -27 27 -29 -30 -31
leaf_value=0.012496167317032814 0.0087279762829775408 0.0092963934562209517 0.01530372922619184 -0.030792920086532834 0.0059521449729800224 -0.016815474019385875 -0.023548739524558188 -0.010871285758912564 0.025370279040187599 -0.0068884553557092502 0.0016091696918010712 -0.0020671410874153178 0.023151178122498096 -0.00023818904533982278 -0.028043574869632722 -0.014511701062081323 0.022807381805032494 0.017290168097242715 -0.011985018449249091 0.043016463834792379 -0.0097158260964627929 -0.0028495217185644881 0.00015454558435101741 -0.020034081690634292 -0.0072884733945679653 -0.0028166000964120032 -0.028453868273645641 -0.00038718905469233342 0.011323212547442662 0.0035248700708753488
leaf_weight=25 23 23 21 20 20 20 20 26 25 22 50 54 20 20 25 31 20 20 27 20 29 21 7061 24 126 26 20 22 39 85
leaf_count=25 23 23 21 20 20 20 20 26 25 22 50 54 20 20 25 31 20 20 27 20 29 21 7061 24 126 26 20 22 39 85
internal_value=5.44148e-12 -2.52127e-05 -5.22182e-05 -0.00612613 -0.0138854 -0.00543166 1.35167e-05 0.00554719 0.0118248 0.00394959 -5.35149e-05 -0.00787298 2.17701e-05 0.0114565 -3.80506e-05 -0.000109232 0.0076658 -5.00568e-05 -9.61437e-05 -5.33324e-05 0.00741043 0.0195241 -0.000123669 8.61579e-05 -0.00445786 -0.0151828 -0.00258467 -0.0137523 -0.000708514 -0.00293239
internal_weight=7985 7962 7939 85 60 40 7854 94 68 43 7760 74 7686 40 7646 7576 70 7545 7525 7498 70 41 7428 7085 343 51 292 42 250 211
internal_count=7985 7962 7939 85 60 40 7854 94 68 43 7760 74 7686 40 7646 7576 70 7545 7525 7498 70 41 7428 7085 343 51 292 42 250 211
is_linear=0
shrinkage=0.05


Tree=282
num_leaves=31
num_cat=0
split_feature=61 61 4 61 6 14 62 130 15 61 130 31 31 29 9 45 41 28 45 38 122 47 3 229 95 9 9 3 9 27
split_gain=0.704773 3.03543 3.81024 2.29741 2.73902 2.20831 2.02174 1.88722 1.75718 1.45181 3.29451 1.52389 3.8456 3.52412 3.83587 3.27722 2.37488 2.27897 2.47055 2.2494 1.40439 1.3438 1.58289 1.29112 2.75211 2.07296 2.17997 7.01975 3.5202 1.40827
threshold=47.748610179232877 39.64075599728141 0.38989041270040325 38.428982836384954 324.43300000000016 0.30558186604668641 20.844288225631182 -4.0691999999999995 0.98863636363636376 52.030395913363229 -0.79339999999999811 7.3933645794519292 11.77570671020826 15.604265767220335 94.500000000000014 37.204678447056459 1.3462987012987016 1313.8254534961491 6.0001329484108306 6.342849479336393 5.5000000000000009 41.458623783254104 -4.8647595126359322 1.0000000180025095e-35 1.1217882455269692 8.5000000000000018 16.500000000000004 1.370433884297521 18.500000000000004 -1.0666666572222222e-07
decision_type=2 2 2 2 2 10 2 2 2 2 2 2 2 2 2 2 2 2 2 2 2 2 2 2 2 2 2 2 2 2
left_child=1 3 5 7 -5 -3 -7 8 -1 10 -2 16 15 14 -14 -13 -11 19 -19 20 -15 22 -20 25 -25 -9 27 -27 -28 -30
right_child=9 2 -4 4 -6 6 -8 23 -10 11 -12 12 13 17 -16 -17 -18 18 21 -21 -22 -23 -24 24 -26 26 28 -29 29 -31
leaf_value=-0.00014625580981373788 -0.003653603187412955 -0.016701260454614054 -0.021707262202565161 0.00038380904795391665 0.022882762994656029 0.0063383662958809168 -0.010715861889533699 0.011552724612351413 -0.020854581062061093 -0.018980070049672025 0.024701597115823204 0.0042182365112239497 -0.0018993590271566064 0.012826985326994743 -0.029348833059193571 0.025742572203411591 0.0030765186654976929 -0.018108057887293399 0.00015903235674186639 0.022144736724228346 -0.0013184623079414064 -0.0068566739739617331 0.015153790771728383 -0.020483377170951472 0.0045521089829327092 -0.023256931972463389 0.021023201737552885 0.010644142874158345 0.0097462333789932222 -3.3878221354500352e-05
leaf_weight=20 20 22 35 31 24 57 25 39 21 23 21 48 35 28 20 28 26 20 66 22 47 40 24 23 21 37 20 26 37 7079
leaf_count=20 20 22 35 31 24 57 25 39 21 23 21 48 35 28 20 28 26 20 66 22 47 40 24 23 21 37 20 26 37 7079
internal_value=-1.15892e-11 -0.000117208 -0.00743735 2.07018e-05 0.0102015 -0.00263497 0.00113891 -5.57622e-05 -0.010753 0.00188259 0.0108698 0.00101965 0.00209509 -0.000434845 -0.011881 0.0121483 -0.00727657 0.00211389 -0.00174827 0.00808631 0.0039625 0.000768617 0.00415763 4.46647e-06 -0.00853462 5.63758e-05 -5.90471e-06 -0.00926601 7.58479e-05 1.6974e-05
internal_weight=7985 7517 139 7378 55 104 82 7323 41 468 41 427 378 302 55 76 49 247 150 97 75 130 90 7282 44 7238 7199 63 7136 7116
internal_count=7985 7517 139 7378 55 104 82 7323 41 468 41 427 378 302 55 76 49 247 150 97 75 130 90 7282 44 7238 7199 63 7136 7116
is_linear=0
shrinkage=0.05


Tree=283
num_leaves=31
num_cat=0
split_feature=291 12 23 361 254 57 16 118 21 101 4 93 51 18 303 65 3 19 21 84 373 18 18 44 33 88 94 62 18 92
split_gain=0.689837 4.52528 4.64931 4.40707 4.01792 5.19242 3.45135 3.77926 3.24322 3.0406 2.74103 2.186 2.21 1.98052 1.86697 1.84817 2.31834 2.98804 1.96784 1.82291 1.88643 1.8126 3.60022 2.38317 2.08886 1.73392 1.98737 1.69394 1.70654 1.68175
threshold=1.0000000180025095e-35 -0.39312255486010811 -2.4130169342557313 1.0000000180025095e-35 1.0000000180025095e-35 19.766644581889771 1.7285012285012289 2.5000000000000004 -2.1187726189007043 4.1668364197530874 0.6729781217537476 38.991623388637059 5.1215277623766253 16.959529462041555 1.0000000180025095e-35 17.661598853984582 0.66145856953892701 10.032254646410982 -2.1565051151498662 33.777098407299121 1.0000000180025095e-35 16.52950610631768 16.365151768444147 4.6198744490856569 4.1233238793533777 10.768044183214833 5.6798078397109215 8.5816533431211663 32.166362727177273 37.270052099557084
decision_type=2 8 10 2 2 2 2 2 10 2 2 2 2 10 2 2 2 10 10 2 2 10 10 2 2 2 2 2 10 2
left_child=29 2 6 11 5 8 7 -2 13 -5 -8 12 21 -3 -11 16 17 27 -19 20 -9 22 24 -24 -4 26 -23 -7 -29 -1
right_child=1 4 3 9 -6 15 10 19 -10 14 -12 -13 -14 -15 -16 -17 -18 18 -20 -21 -22 25 23 -25 -26 -27 -28 28 -30 -31
leaf_value=3.8054460626280105e-05 -0.020853539897749823 0.020868669662338038 -0.011566459824098275 -0.01091621222246128 -0.012788771827971297 -0.00057379296932626384 0.005157419406767825 0.013831389747146103 0.0028177728266455234 0.0011814139321436512 0.026214519711211328 -0.025978699848055842 -0.022535958610199119 0.0074773991650242053 0.016806067184855542 0.010309907996228765 -0.012582228444570806 -0.00089007918412486715 0.016050307237310334 -0.0080380545886741452 -0.0042657295785223448 -0.0042022731978582535 -0.011166667510567801 -0.032174455250302957 0.0084475935563783754 -0.0083290752716010854 0.014426169493658977 -0.020838128360143551 -0.0019826706304835779 0.0040033650657275224
leaf_weight=6426 24 65 32 45 42 145 68 36 100 94 20 20 27 48 24 35 43 30 40 33 24 41 27 27 22 98 22 24 24 279
leaf_count=6426 24 65 32 45 42 145 68 36 100 94 20 20 27 48 24 35 43 30 40 33 24 41 27 27 22 98 22 24 24 279
internal_value=4.32948e-12 -0.00106365 -0.00383878 -0.00653556 0.00212122 0.00325158 0.00246247 -0.003164 0.00937632 0.000142141 0.00994312 -0.00998007 -0.00889908 0.0151803 0.00435931 -0.00057413 -0.00181904 -5.92747e-05 0.00879014 0.00140104 0.00659254 -0.00753032 -0.0125416 -0.0216706 -0.00341259 -0.00416874 0.0023029 -0.00326891 -0.0114104 0.000203054
internal_weight=7985 1280 684 479 596 554 205 117 213 163 88 316 296 113 118 341 306 263 70 93 60 269 108 54 54 161 63 193 48 6705
internal_count=7985 1280 684 479 596 554 205 117 213 163 88 316 296 113 118 341 306 263 70 93 60 269 108 54 54 161 63 193 48 6705
is_linear=0
shrinkage=0.05


Tree=284
num_leaves=31
num_cat=0
split_feature=240 91 130 71 4 47 186 76 43 59 59 128 16 25 112 41 2 34 10 42 13 62 8 103 57 42 7 131 21 88
split_gain=0.684888 1.96398 2.52936 2.10883 1.4392 1.07458 0.878938 2.2303 1.03343 0.896047 2.65568 3.39648 3.91719 3.84201 3.3592 3.08278 2.91254 2.59965 2.44843 3.25682 2.13469 2.08745 4.4904 3.24322 2.41445 2.38559 2.11431 2.53208 2.55362 2.30692
threshold=1.0000000180025095e-35 6.7942814019615811 1.5242500000000003 5.7448651496958201 0.6325412131669067 18.972428027347178 1.0000000180025095e-35 11.119063671123213 12.419843205574916 23.973486443310684 18.76516737010617 20.314978320573058 1.8136574074074077 1.5309533068271255 1.0000000180025095e-35 -0.93383116883116857 0.077858221327339452 8.6418148269306485 1.0000000180025095e-35 333.69673781284303 0.38446515527661534 11.938452408796641 252.05041498795504 4.530522052982259 24.212184063364386 1642.2026513922294 284.20100000000008 92.246500000000026 -2.3596574381532061 12.172004342941358
decision_type=2 2 2 2 2 2 2 2 2 2 2 2 2 10 2 2 2 2 2 2 10 2 2 2 2 2 2 2 10 2
left_child=6 2 -2 4 -3 -5 9 -8 -9 10 -1 12 13 14 -12 17 -16 -14 19 -11 -17 23 25 -21 -25 -23 29 28 -28 -24
right_child=1 3 -4 5 -6 -7 7 8 -10 18 11 -13 15 -15 16 20 -18 -19 -20 21 -22 22 26 24 -26 -27 27 -29 -30 -31
leaf_value=-3.1462538901410372e-05 0.0050297144146281341 0.0077436465805826278 -0.013468258108266377 -0.0043522176918174543 0.025584152084775269 0.009560307146697913 0.016805756380091665 -0.0084839958374990001 0.0063476859834855019 -0.013006484383076895 -0.0143767078652436 0.016326549965888264 -0.0056860907314376548 0.0059208452352322643 -0.014919486114134392 0.0010042034368962051 0.0070118544441534264 0.011766146403701548 0.013880932321281812 0.013642037762564327 0.02357444494793361 -0.0033171878520237364 0.00015115492375722777 0.006878592133068958 -0.012786061306380565 -0.026090100144400549 -0.019630960145821941 0.0028056513588556923 -0.0019464916132978705 0.019308650746207801
leaf_weight=6486 42 26 33 35 20 23 27 24 23 40 177 20 119 40 24 20 41 26 38 81 22 23 30 37 27 23 26 304 95 33
leaf_count=6486 42 26 33 35 20 23 27 24 23 40 177 20 119 40 24 20 41 26 38 81 22 23 30 37 27 23 26 304 95 33
internal_value=2.14406e-12 0.00305795 -0.00310939 0.00750555 0.0155004 0.00116482 -7.01221e-05 0.00535319 -0.00122594 -0.000122027 -0.00029935 -0.00385255 -0.00471307 -0.00843413 -0.0108069 0.000898379 -0.00108587 -0.00255672 0.00151183 0.000858107 0.0128267 0.00167487 0.000230241 0.0069951 -0.00141743 -0.0147036 0.00163794 0.000370815 -0.00574646 0.010186
internal_weight=7985 179 75 104 46 58 7806 74 47 7732 6975 489 469 282 242 187 65 145 757 719 42 679 534 145 64 46 488 425 121 63
internal_count=7985 179 75 104 46 58 7806 74 47 7732 6975 489 469 282 242 187 65 145 757 719 42 679 534 145 64 46 488 425 121 63
is_linear=0
shrinkage=0.05


Tree=285
num_leaves=31
num_cat=0
split_feature=44 43 59 75 47 59 2 22 71 57 102 128 26 2 36 2 89 362 59 329 84 13 62 102 41 98 87 59 15 47
split_gain=0.684093 1.22578 0.870618 0.93539 0.85873 0.891341 2.84325 3.87189 2.98406 3.02419 3.31664 3.98225 3.15288 2.81626 3.7447 2.90406 2.57682 2.61444 2.49783 2.87077 2.07563 2.65256 2.03142 1.96448 1.93331 1.91558 1.81515 1.72745 3.43961 3.79354
threshold=102.69262469764733 85.044772744595306 64.006119530985004 124.33449932923186 58.772201039329083 23.973486443310684 0.23261030801209373 2.4887299390747848 1.0000000180025095e-35 25.114641088541607 3.7522736363063749 3.3631414129020438 2.7705673178318095 0.030370370370370717 7.7618768897245074 0.0069072814310909844 43.440626450185498 1.0000000180025095e-35 36.927132795241533 1.0000000180025095e-35 7.7502706615087202 0.46466047048071535 8.5816533431211663 0.6445113999818034 -1.3599999999999994 2.3550040480193837 22.860891691216271 18.76516737010617 1.4258241758241761 28.166474746080574
decision_type=2 2 2 2 2 2 2 8 2 2 2 2 2 2 2 2 2 2 2 2 2 10 2 2 2 2 2 2 2 2
left_child=1 2 3 4 5 27 8 16 20 10 11 -10 -11 14 15 -13 17 22 19 -15 24 -22 -8 -14 -7 -19 -26 -1 29 -29
right_child=-2 -3 -4 -5 -6 6 7 -9 9 12 -12 13 23 18 -16 -17 -18 25 -20 -21 21 -23 -24 -25 26 -27 -28 28 -30 -31
leaf_value=5.4242898248376857e-05 -0.0076654639852269365 0.010663390183752335 -0.0097220740604983744 0.0082954251207411293 -0.009880351247689264 0.026999572377938492 0.0045251074773461925 0.013958486442550502 -0.014184970870584011 -0.018780409143636784 0.020169441818822333 0.0017435595387210831 0.0089622582628258642 0.022011610514349671 0.013777771955356004 -0.018759027494853666 -0.020967856065059701 0.013046868634410203 -0.0047908201137380237 0.0034164703477706226 -0.0088376769721508035 0.013052321821751615 -0.012383947654131753 -0.0062452476161221661 0.00014880768873769306 -0.0038788901582094172 0.02074473559856415 -0.005573067998470866 0.008331127154396184 0.016206635450500818
leaf_weight=6619 29 27 23 34 22 26 23 29 31 31 30 39 35 51 30 31 24 32 21 35 25 31 78 54 23 35 20 417 59 21
leaf_count=6619 29 27 23 34 22 26 23 29 31 31 30 39 35 51 30 31 24 32 21 35 25 31 78 54 23 35 20 417 59 21
internal_value=-4.56258e-12 2.7941e-05 -8.27508e-06 1.99841e-05 -1.57584e-05 1.18876e-05 0.00167081 -0.00307043 0.00371334 0.00154885 0.00450266 0.00252785 -0.00504798 0.00503074 -0.00100198 -0.00733616 -0.0056425 -0.00345317 0.0106688 0.0144438 0.0104319 0.00328 -0.00853337 -0.000264768 0.0162363 0.00420505 0.00972831 -0.000159227 -0.0030022 -0.00452884
internal_weight=7985 7956 7929 7906 7872 7850 734 221 513 388 268 238 120 207 100 70 192 168 107 86 125 56 101 89 69 67 43 7116 497 438
internal_count=7985 7956 7929 7906 7872 7850 734 221 513 388 268 238 120 207 100 70 192 168 107 86 125 56 101 89 69 67 43 7116 497 438
is_linear=0
shrinkage=0.05


Tree=286
num_leaves=31
num_cat=0
split_feature=18 21 23 11 0 17 66 63 105 77 31 122 31 32 62 5 97 18 340 17 66 88 27 99 9 53 88 28 24 23
split_gain=0.683692 1.15212 1.99144 1.72134 1.52364 2.03561 1.05999 2.20097 3.37306 2.22684 2.92811 2.78949 3.12518 3.049 2.71572 2.4242 2.23745 3.32171 2.90724 6.1493 3.62942 2.53276 3.86235 2.66087 2.51693 3.37008 3.08988 2.41061 2.78012 2.54489
threshold=13.716832959559779 -1.6951168286947016 -1.9350007963854818 0.28974881837060207 2.4528358824632348 1.7956095481670931 5.6182655752357471 5.3273714384385489 0.62202380952380965 1.0000000180025095e-35 3.312758747996742 1.0000000180025095e-35 8.6895130576916255 5.8472095434828795 10.851246987492685 8.6961538461538463 12.377853611160567 16.162940643980644 1.0000000180025095e-35 1.9110671936758896 65.241680106787399 26.365402299451333 1.6903585195302326 -0.019449654090030518 121.00000000000001 9.3606111504331651 17.4063497431878 128.96417752244741 4.9961886689096877 -2.2043534349803569
decision_type=8 10 10 10 2 2 2 2 2 2 2 2 2 2 2 2 2 10 2 2 2 2 2 2 2 2 2 2 8 10
left_child=-1 6 -3 4 -4 -6 -2 9 -9 10 -8 12 13 -12 -14 -11 18 24 21 -20 -21 23 -23 -17 25 -18 -26 29 -29 -25
right_child=1 2 3 -5 5 -7 7 8 -10 15 11 -13 14 -15 -16 16 17 -19 19 20 -22 22 -24 27 26 -27 -28 28 -30 -31
leaf_value=-0.0076632177200296834 -0.0010081632378010374 0.016672383839837636 -0.0089105371125264184 -0.011962371839908885 0.013572332282084973 0.00085812036605442286 -0.013789644428514736 -0.0014954089632500773 0.026580721447244288 -0.013211612242739649 0.0055154978402346478 0.00078039052833359459 0.0019910381486018497 -0.015275904266163707 0.024395611140827993 0.0086364478283365697 0.031792549232274973 -5.7401823068495197e-05 -0.028598842114723962 -0.0063473199263731107 0.013816126994788647 0.0007158912959155338 -0.026400342847531039 0.0074920132756233215 -0.013050008133392445 0.0068188730351227732 0.011140977016960582 0.015080891847610474 -0.00049766376077406622 -0.0092931416332789202
leaf_weight=29 2166 26 21 20 50 85 33 23 20 40 149 3052 21 20 38 76 22 863 29 208 25 29 24 27 22 35 33 30 631 138
leaf_count=29 2166 26 21 20 50 85 33 23 20 40 149 3052 21 20 38 76 22 863 29 208 25 29 24 27 22 35 33 30 631 138
internal_value=3.23482e-12 2.79328e-05 0.00375579 0.00184766 0.00361818 0.00556709 -6.91819e-05 0.000294783 0.0115633 0.000207399 0.00102983 0.00117893 0.00651375 0.00305498 0.0164211 -0.00101335 -0.000790758 0.00099396 -0.00222058 -0.00688628 -0.00418386 -0.000940571 -0.0115632 -0.000316406 0.00909508 0.0164578 0.00146458 -0.00114016 0.000209381 -0.00654648
internal_weight=7985 7956 202 176 156 135 7754 5588 43 5545 3313 3280 228 169 59 2232 2192 975 1217 262 233 955 53 902 112 57 55 826 661 165
internal_count=7985 7956 202 176 156 135 7754 5588 43 5545 3313 3280 228 169 59 2232 2192 975 1217 262 233 955 53 902 112 57 55 826 661 165
is_linear=0
shrinkage=0.05


Tree=287
num_leaves=31
num_cat=0
split_feature=48 61 61 11 61 44 67 87 130 15 131 14 28 28 130 4 47 128 100 383 105 18 12 103 12 5 17 128 75 52
split_gain=0.693302 0.963784 2.83599 3.28859 3.26791 2.69709 3.43712 2.68991 1.74565 1.59951 1.28338 1.28747 4.06154 5.66935 4.46368 3.0085 2.37412 2.01241 1.58985 1.55787 7.49094 4.37608 7.39759 4.07007 3.13488 2.55174 1.58183 2.52629 2.19631 2.00317
threshold=60.563584722840467 47.748610179232877 39.486043020296925 1.0499536332980961 38.428982836384954 4.8489730480008175 25.632725912261389 35.111051220938201 -4.0691999999999995 0.98863636363636376 1.0000000180025095e-35 0.43745895390525708 516.41209428233094 251.03344701281694 -0.86064999999999903 0.40281721315129909 10.152597800979249 8.9491671410509053 -3.9542201092124416 1.0000000180025095e-35 0.85540069686411158 16.281483757265736 -0.37115787018824503 6.4268427973041069 -0.48123038978522042 10.489130434782611 1.1026315789473686 18.165599345520615 32.637537510562986 12.054159288120408
decision_type=2 2 2 8 2 2 2 2 2 2 2 10 2 2 2 2 2 2 2 2 2 10 8 2 10 2 2 2 2 2
left_child=1 2 4 5 8 -4 -7 -6 9 -1 -10 18 13 14 16 -16 -13 -18 -12 26 21 22 -21 -22 25 -23 29 -28 -29 -20
right_child=-2 -3 3 -5 7 6 -8 -9 10 -11 11 12 -14 -15 15 -17 17 -19 19 20 23 24 -24 -25 -26 -27 27 28 -30 -31
leaf_value=-0.000215427502989769 -0.0084853958804160367 0.0022892186335845945 -0.019810025983800494 -0.022681338008907106 0.026606911212833703 0.0051414068173378331 -0.015556790538270165 0.00098530951887369159 0.012353696283839997 -0.01997287459075562 0.0088772960564158128 0.015392758934335275 -0.022905588820576667 0.019628359391181557 -0.030348267988301814 -0.0044341930121715575 -0.012665714416089619 0.0056584616255914346 -0.0052484764259533735 -0.023064955357800832 -0.021098966935339074 0.022991374142467977 0.013736632567209504 0.003616927906630501 0.030586359940158826 0.0020762791763991118 -2.9924594101912136e-05 0.022170218215099645 0.00099447034671902644 0.0052911295046753903
leaf_weight=20 24 444 21 27 21 78 27 20 21 21 51 22 25 27 24 21 31 29 273 22 36 25 36 31 30 35 6440 24 25 54
leaf_count=20 24 444 21 27 21 78 27 20 21 21 51 22 25 27 24 21 31 29 273 22 36 25 36 31 30 35 6440 24 25 54
internal_value=3.04243e-12 2.55809e-05 -0.000108123 -0.00684582 3.1864e-05 -0.00345249 -0.000180987 0.0141086 -4.69486e-05 -0.0103351 1.0977e-05 -2.47202e-05 -0.00421258 -0.001178 -0.0056014 -0.018255 0.00134267 -0.00380903 8.11294e-05 1.73256e-05 0.00420789 0.0104874 -0.00022259 -0.00966325 0.0173894 0.0107909 -0.000114859 5.61308e-05 0.0113663 -0.00350799
internal_weight=7985 7961 7517 153 7364 126 105 41 7323 41 7282 7261 179 154 127 45 82 60 7082 7031 215 148 58 67 90 60 6816 6489 49 327
internal_count=7985 7961 7517 153 7364 126 105 41 7323 41 7282 7261 179 154 127 45 82 60 7082 7031 215 148 58 67 90 60 6816 6489 49 327
is_linear=0
shrinkage=0.05


Tree=288
num_leaves=31
num_cat=0
split_feature=118 6 83 44 46 22 147 100 31 18 57 77 303 31 45 30 45 28 104 329 96 12 76 45 45 130 102 76 88 98
split_gain=0.717523 2.95401 2.84777 3.59751 3.00189 2.70818 2.50539 5.00245 4.36223 3.54629 4.44488 2.36583 2.75647 2.47766 2.0949 3.74605 3.05043 2.41458 2.23862 3.3855 2.7743 2.59064 2.61047 3.37812 6.46141 4.61892 2.13629 4.03855 5.72536 3.3283
threshold=3.5000000000000004 129.16050000000001 44.070000000000007 6.8347557233190948 52.245618533150534 2.382152923857487 1.5000000000000002 -0.74189484126984029 14.3692627492377 16.148759704179835 36.325236035966689 5.4121370375941522 1.0000000180025095e-35 8.0348426420139134 50.159386329265651 2.6683504694038556 37.204678447056459 30.845292235855492 4.2343117139504232 1.0000000180025095e-35 -1.8761342592592591 1.0000000180025095e-35 17.069820644245219 2.4991730469862321 3.6734436644621087 1.2829500000000003 0.13455329585537915 10.871571205018542 6.5758191852127474 17.098991297048865
decision_type=2 2 2 2 2 8 2 2 2 10 2 2 2 2 2 2 2 2 2 2 2 8 2 2 2 2 2 2 2 2
left_child=6 -2 3 5 -4 -3 14 -8 9 -9 11 12 13 -11 16 -16 18 -17 20 -20 -1 22 26 -24 -25 -26 27 -22 -29 -28
right_child=1 2 4 -5 -6 -7 7 8 -10 10 -12 -13 -14 -15 15 17 -18 -19 19 -21 21 -23 23 24 25 -27 29 28 -30 -31
leaf_value=-0.017893273197114468 -0.018103838079453757 -0.029544141754237131 0.018703311060865722 -0.0018091831780013739 -0.00027518396308757754 -0.0050712241954170168 0.027677238935774024 0.010098652814825377 0.021350466166141221 -0.024462704378224554 -0.019736314608599061 0.011032358415015951 0.0046670121188949918 -0.0027386270250592914 -0.019986623728699568 0.0079032037686556575 0.016985965806438966 -0.010861832996209464 -0.024989494342695585 0.0024459886081192807 0.0008912468204646803 0.01387293353676796 -0.023154346659206428 0.018155182425219279 -0.028612695611082019 0.00021533418559666835 -0.00020758675870131017 0.015920963516202102 -0.0032731946492873011 -0.0084212629849674137
leaf_weight=21 24 26 21 93 2666 20 22 75 29 21 32 41 58 35 36 40 27 30 22 23 2072 35 26 26 24 33 2108 107 61 131
leaf_count=21 24 26 21 93 2666 20 22 75 29 21 32 41 58 35 36 40 27 30 22 23 2072 35 26 26 24 33 2108 107 61 131
internal_value=4.88018e-12 -0.000636207 -0.000487862 -0.00746638 -0.000126859 -0.0189037 0.000353104 0.004688 0.00294998 0.000913288 -0.00277068 0.000731901 -0.00297265 -0.0108852 7.17223e-05 -0.00687967 0.000227967 -0.000138955 0.000131471 -0.0109669 0.000239014 0.00032138 0.000218001 -0.00742731 -0.00250077 -0.0119228 0.000404055 0.00149578 0.00895166 -0.000688155
internal_weight=7985 2850 2826 139 2687 46 5135 313 291 262 187 155 114 56 4822 106 4716 70 4689 45 4644 4623 4588 109 83 57 4479 2240 168 2239
internal_count=7985 2850 2826 139 2687 46 5135 313 291 262 187 155 114 56 4822 106 4716 70 4689 45 4644 4623 4588 109 83 57 4479 2240 168 2239
is_linear=0
shrinkage=0.05


Tree=289
num_leaves=31
num_cat=0
split_feature=314 104 363 27 57 26 5 47 11 103 28 20 48 84 19 91 45 130 310 16 26 71 51 286 268 31 51 41 30 148
split_gain=0.688667 2.22669 2.0575 4.17283 4.43617 5.72549 3.07804 2.84953 2.81265 2.47539 2.48151 2.12897 2.0438 3.03382 2.88929 2.64212 2.49097 2.37373 2.10887 1.95812 1.93474 1.84808 1.80683 5.6368 2.97556 2.95329 2.36354 1.96787 1.95457 1.79804
threshold=1.0000000180025095e-35 1.5033431358654574 1.0000000180025095e-35 3.4887594589695738 37.126417596443012 2.7204355118542574 10.447222222222225 9.4631927560704714 0.34783474441935092 1.3067901234567902 684.76126401550823 2.1305206326680777 5.7043621579132688 10.802572010553108 9.8540183694002401 4.8818348909119624 4.8064831451926251 2.519950000000001 1.0000000180025095e-35 1.935416666666667 2.7906868289781204 10.068332807285104 6.5311825656108278 1.0000000180025095e-35 1.0000000180025095e-35 7.5146785203846154 6.4488328047878278 -1.4849999999999997 7.7717818659354583 1.0000000180025095e-35
decision_type=2 2 2 2 2 2 2 2 10 2 2 10 2 2 10 2 2 2 2 2 2 2 2 2 2 2 2 2 2 2
left_child=22 2 3 4 8 -6 7 -4 9 11 -11 19 14 15 -8 -14 18 -17 -16 -2 -3 -21 26 24 28 -25 -1 -27 -24 -15
right_child=1 20 6 -5 5 -7 12 -9 -10 10 -12 -13 13 29 16 17 -18 -19 -20 21 -22 -23 23 25 -26 27 -28 -29 -30 -31
leaf_value=0.00013348454041788575 0.010425535796417132 0.0062498208531947949 0.018827625135115038 -0.024253098716816079 -0.030336473044008019 -0.00086960655308383349 0.0023697837122943549 0.0017507753931759477 -0.016766723144799472 0.008061062663151812 -0.010973663460463287 -0.016854571595063639 -0.0051497839612975015 -0.0071838693032041205 -0.0094710611176165999 0.026923412896692756 -0.022089635182557438 0.005345278846708915 0.003940254130746979 0.00073323655112578386 -0.0033126336375349447 -0.016974565275418369 -0.011224947177938052 0.0004328245185315609 -0.018085163284558805 0.013252842006605696 -0.017082324242219331 0.03195266953359048 0.0064609656963482134 0.00050001716179930871
leaf_weight=6275 27 174 36 26 32 34 88 76 25 119 20 27 21 100 118 25 29 26 39 41 76 23 21 25 24 34 20 24 61 319
leaf_count=6275 27 174 36 26 32 34 88 76 25 119 20 27 21 100 118 25 29 26 39 41 76 23 21 25 24 34 20 24 61 319
internal_value=-8.38929e-12 -0.000965091 -0.00182599 -0.00493108 -0.00348749 -0.0151566 -0.000501807 0.00723976 -0.000756423 0.000801 0.00532225 -0.00452488 -0.00163521 0.000295388 -0.00509479 0.00977663 -0.00862642 0.0159228 -0.00613959 -0.000866625 0.00334283 -0.0056305 0.000223412 0.00504038 -0.00260046 0.0147986 7.87878e-05 0.0209907 0.00193165 -0.00133385
internal_weight=7985 1501 1251 374 348 66 877 112 282 257 139 118 765 491 274 72 186 51 157 91 250 64 6484 189 106 83 6295 58 82 419
internal_count=7985 1501 1251 374 348 66 877 112 282 257 139 118 765 491 274 72 186 51 157 91 250 64 6484 189 106 83 6295 58 82 419
is_linear=0
shrinkage=0.05


Tree=290
num_leaves=31
num_cat=0
split_feature=101 99 27 87 297 99 67 135 105 21 44 102 18 81 98 22 30 22 21 92 362 15 148 367 27 168 58 14 22 12
split_gain=0.667879 0.996236 1.85364 2.01535 2.45597 1.63747 1.6649 1.56437 2.27741 3.81628 1.87739 2.24877 1.79796 2.21461 1.4881 1.36441 1.3602 1.38708 1.34716 1.33486 1.3059 1.14667 1.30301 1.11064 2.57296 2.44418 2.28613 2.6505 2.50123 3.58324
threshold=33.18583703336126 7.2465006530387548 2.1588179654941761 5.6885648364435193 1.0000000180025095e-35 9.1199510769929262 11.456000545543715 1.0000000180025095e-35 0.19615384615384621 -2.0639132509901148 7.01035610131279 1.6278423472012264 35.495691519206268 10.837686680505326 8.5940322571767709 2.0596025175750219 5.7948095555656201 2.1335321662283748 -2.1649112672373536 5.9934006936586277 1.0000000180025095e-35 1.1231060606060608 1.0000000180025095e-35 1.0000000180025095e-35 1.4399995636001379e-06 1.0000000180025095e-35 18.912836833499767 0.068583033964200499 2.1909884128734451 -0.47762636510003437
decision_type=2 2 2 2 2 2 2 2 2 8 2 2 10 2 2 10 2 10 10 2 2 2 2 2 2 2 2 10 8 10
left_child=1 7 5 4 16 18 -7 23 9 -9 11 -10 13 14 21 -5 -4 -18 -3 -8 -17 -11 -23 -1 -25 26 27 -26 29 -28
right_child=-2 2 3 15 -6 6 19 8 10 12 -12 -13 -14 -15 -16 20 17 -19 -20 -21 -22 22 -24 24 25 -27 28 -29 -30 -31
leaf_value=-0.00037104682000677763 -0.007208947110484587 0.022987682341287535 -0.010750998518363175 -0.01780663549900055 0.019391495224443223 0.012851795127304892 0.0044221857638173812 0.017129304249269461 -0.012160097302504532 -0.0046554782450021733 -0.022662904449617088 0.0079225409589707852 -0.017155715033766769 -0.016453080331640585 -0.0063033370566446083 0.0043747657429306737 0.014588338006287813 -0.0025277584068605615 0.006053677403732487 -0.010718533610148977 -0.010521996603347362 0.0031370571308902335 0.018891205709604994 0.01384615567757895 0.016118387428180472 -0.001862064650235769 -0.007022265682178664 0.0030524875317056725 -0.0011106764446632354 0.010099087471220021
leaf_weight=4970 32 24 21 20 21 30 37 26 46 21 23 20 21 21 43 31 20 29 23 24 28 35 21 38 41 656 41 728 774 120
leaf_count=4970 32 24 21 20 21 30 37 26 46 21 23 20 21 21 43 31 20 29 23 24 28 35 21 38 41 656 41 728 774 120
internal_value=9.28325e-12 2.90062e-05 0.00281705 -0.000677757 0.00439464 0.00712224 0.00320802 -8.33177e-05 -0.00377213 -0.000652761 -0.0103614 -0.00607445 -0.00350667 -0.00147384 0.00114753 -0.00652064 -0.000104417 0.0044584 0.0147008 -0.00153482 -0.00269488 0.00530841 0.00904486 5.53631e-05 0.000939124 0.000731298 0.00172968 0.00374911 6.87851e-05 0.00573899
internal_weight=7985 7953 308 170 91 138 91 7645 277 188 89 66 162 141 120 79 70 49 47 61 59 77 56 7368 2398 2360 1704 769 935 161
internal_count=7985 7953 308 170 91 138 91 7645 277 188 89 66 162 141 120 79 70 49 47 61 59 77 56 7368 2398 2360 1704 769 935 161
is_linear=0
shrinkage=0.05


Tree=291
num_leaves=31
num_cat=0
split_feature=80 180 97 25 28 22 33 21 21 18 28 27 100 58 25 45 17 2 87 4 103 58 37 37 8 27 4 61 26 130
split_gain=0.674085 0.755252 1.68314 1.99031 1.95731 1.44838 1.2554 0.934154 2.17527 2.29177 2.49015 2.24429 5.26795 1.80181 3.00914 2.4672 4.93776 5.27912 3.25052 2.71857 3.00133 2.54482 2.35585 2.78411 3.01667 2.35548 4.43569 2.35468 2.34387 2.48626
threshold=39.731567316008572 1.0000000180025095e-35 22.336219746000253 -0.15003475706280192 730.73759164470437 2.311543230786854 5.0643270369797895 -2.0661905353356294 -2.0610672010957041 32.233272290428026 373.4743965140878 3.8571236556828725 -1.0000000180025095e-35 18.409921256735153 -0.18562589974226246 5.7703738657753094 1.474342105263158 0.65309786813281578 40.01122615639661 0.057891457669423274 1.0000000180025095e-35 19.324432260271315 2.6847661850980606 1.8244509965483824 220.10298499800004 3.6146761073484108 0.45504648471487508 9.8738433382739377 2.5687476902418234 3.3650500000000028
decision_type=2 2 2 8 2 10 2 8 8 10 2 2 2 2 8 2 2 2 2 2 2 2 2 2 2 2 2 2 2 2
left_child=1 7 -3 -4 5 6 -5 -1 9 10 -9 13 -13 25 -15 16 17 -16 22 20 -17 -21 23 -18 27 -10 -27 -25 29 -26
right_child=-2 2 3 4 -6 -7 -8 8 11 -11 -12 12 -14 14 15 19 18 -19 -20 21 -22 -23 -24 24 28 26 -28 -29 -30 -31
leaf_value=0.00068646064439631079 -0.0076091894526676895 -0.01608358721926131 -0.013569484283548913 0.0026073560235090557 -0.013074536613255208 -0.0027344624931432029 0.016411422755170085 -0.011322534142269029 0.00060629511610564004 -0.019975370182483285 0.0058232052674065931 0.023601321980822834 -0.0039329219226553842 -0.013087072130292655 -0.031535179179045372 0.0035835201520416321 -0.0027441681798843643 -0.0031356555645793887 -0.020279794899017916 -0.0093546532871832521 -0.017741260896295762 0.0058137181111760586 -0.011231392957011446 0.0053620978246132532 -0.012183115463308499 -0.024147532931861601 0.00015455326923218213 0.021562365291174501 0.01158357896326509 0.003703950938728193
leaf_weight=3651 29 22 28 40 21 53 28 45 2624 27 40 32 38 58 30 33 434 36 23 31 33 256 54 75 53 28 57 32 28 46
leaf_count=3651 29 22 28 40 21 53 28 45 2624 27 40 32 38 58 30 33 434 36 23 31 33 256 54 75 53 28 57 32 28 46
internal_value=-8.19554e-12 2.77359e-05 -0.00307012 -0.00138602 0.00101635 0.00346188 0.00829138 0.000104344 -0.000412385 -0.00728501 -0.00325395 -0.00022 0.00865416 -0.000378023 -0.00197185 -0.001418 -0.00293671 -0.0160445 -0.00177548 0.00207114 -0.00707887 0.00417532 -0.001186 -0.000373951 0.00402209 0.000340937 -0.00785084 0.010207 -0.00118884 -0.00480125
internal_weight=7985 7956 192 170 142 121 68 7764 4113 112 85 4001 70 3931 1222 1164 811 66 745 353 66 287 722 668 234 2709 85 107 127 99
internal_count=7985 7956 192 170 142 121 68 7764 4113 112 85 4001 70 3931 1222 1164 811 66 745 353 66 287 722 668 234 2709 85 107 127 99
is_linear=0
shrinkage=0.05


Tree=292
num_leaves=31
num_cat=0
split_feature=291 12 23 361 254 57 16 118 21 101 92 93 51 131 45 18 23 18 128 5 128 65 130 87 93 84 105 128 83 131
split_gain=0.652623 4.06524 3.87806 3.78721 3.49857 4.4835 3.05253 3.22488 2.90117 2.67365 2.52437 1.98769 2.00852 1.95803 1.82259 1.95515 1.7439 3.18671 5.18476 1.73407 1.70564 1.99925 1.68536 1.67936 1.65689 1.63682 1.74595 1.62573 1.58773 2.56884
threshold=1.0000000180025095e-35 -0.39312255486010811 -2.4130169342557313 1.0000000180025095e-35 1.0000000180025095e-35 19.766644581889771 1.7285012285012289 2.5000000000000004 -2.1187726189007043 4.1668364197530874 20.144626672397894 38.991623388637059 5.1215277623766253 51.874500000000033 6.9406601158982122 31.164283969487741 -2.0448336837381542 16.531463043320262 4.1535924427921023 12.474937343358397 1.7667803154783834 17.661598853984582 1.4881500000000007 5.7804493351420669 6.5755362865776936 33.777098407299121 0.8973684210526317 4.5224996567959703 9.4750000000000032 62.950350000000043
decision_type=2 8 10 2 2 2 2 2 10 2 2 2 2 2 2 10 10 10 2 2 2 2 2 2 2 2 2 2 2 2
left_child=-1 2 6 11 5 8 7 -2 14 -5 13 12 16 -8 15 23 17 18 -4 27 -7 28 -19 -3 -15 26 -9 -11 -22 -30
right_child=1 4 3 9 -6 20 10 25 -10 19 -12 -13 -14 24 -16 -17 -18 22 -20 -21 21 -23 -24 -25 -26 -27 -28 -29 29 -31
leaf_value=0.00019750104800806984 -0.019541998483085386 0.0068505905544152482 -0.0071034617955007765 -0.0103071521802081 -0.011928958944710237 -0.012824601902124975 0.0019939692502486564 -0.00078971355499045284 0.0025271023572422564 0.00039907484222203497 -0.0043180322758853444 -0.024576591774821285 -0.021290526235545126 0.011224026368422943 0.027134303778240627 0.0013811540112576702 0.002791314621945509 0.0077987555259217819 -0.033582082100148347 -0.0020442502932244188 -0.0070204059538235405 0.012345688866480487 -0.0066580049033897627 0.024030804656671758 0.031108530852943662 -0.0079287118948713851 0.016752986221462894 0.017195283364066307 0.0077183551898297792 -0.0035037384978656113
leaf_weight=6705 24 25 51 45 42 26 21 37 100 25 25 20 27 22 22 33 39 24 29 59 76 32 126 33 20 33 23 34 91 116
leaf_count=6705 24 25 51 45 42 26 21 37 100 25 25 20 27 22 22 33 39 24 29 59 76 32 126 33 20 33 23 34 91 116
internal_value=4.62969e-12 -0.00103457 -0.00366485 -0.00612782 0.00198409 0.00303887 0.00209008 -0.00320133 0.00873016 6.24779e-05 0.00912525 -0.00932092 -0.00829013 0.0144599 0.0142196 0.0110974 -0.00698526 -0.00864302 -0.016702 0.004017 -0.000516105 0.000499834 -0.00434492 0.0166255 0.0206928 0.00101561 0.00593499 0.0100782 -0.000839626 0.00142965
internal_weight=7985 1280 684 479 596 554 205 117 213 163 88 316 296 63 113 91 269 230 80 118 341 315 150 58 42 93 60 59 283 207
internal_count=7985 1280 684 479 596 554 205 117 213 163 88 316 296 63 113 91 269 230 80 118 341 315 150 58 42 93 60 59 283 207
is_linear=0
shrinkage=0.05


Tree=293
num_leaves=31
num_cat=0
split_feature=130 57 59 43 92 95 104 87 103 21 24 87 15 100 24 4 189 44 21 24 21 40 41 49 95 79 67 105 25 87
split_gain=0.657124 2.79428 3.18241 7.60445 2.72832 2.52769 2.35549 3.51018 2.7772 2.55201 2.22571 4.18099 2.52896 2.91883 3.59087 2.77161 4.33289 3.93329 3.76498 3.05841 3.25249 2.92312 3.96995 2.6427 3.59175 2.38885 4.26423 2.14229 2.60181 2.27851
threshold=2.7506500000000016 54.07994870442684 5.5511883720401718 26.126735089958988 5.4029270837881507 70.858290899202657 -3.0492486448861569 13.182701149725666 19.594642926739613 -2.377081680652926 5.3736983924720541 5.5278129849998043 0.53021175611537064 -1.4266743569047853 5.923431480121363 0.38725530540122272 1.0000000180025095e-35 5.5576098972715027 -2.0148090242473611 5.6593706749255324 -2.065164455505379 2.7006981514954753 -1.3200000000000001 6.072903608448132 5.7651977040816336 39.920993500373875 5.2008370972869509 0.76568627450980398 -0.11798983699109199 11.314634211712344
decision_type=2 2 2 2 2 2 2 2 2 8 8 2 2 2 10 2 2 2 8 10 10 2 2 2 2 2 2 2 10 2
left_child=1 -1 -3 -4 5 6 7 -2 9 -8 11 -6 -12 14 -14 21 17 27 19 -19 23 22 -15 25 -25 -21 -27 28 29 -17
right_child=4 2 3 -5 10 -7 8 -9 -10 -11 12 -13 13 15 -16 16 -18 18 -20 20 -22 -23 -24 24 -26 26 -28 -29 -30 -31
leaf_value=-0.00016997025037924821 -0.026413290365852174 0.0058554533421993262 -0.038078798598650362 -0.0018291755089870632 0.0018154820840385175 0.01241585919428069 -0.010729295101864681 -0.0012683442062033075 0.016286597477839046 -0.00067067126410756152 -0.0061554393005887201 0.023633234196698622 0.0015008373568819551 0.034367045389843136 0.02862257304317925 -0.018817829785191201 -0.017396770353661852 -0.018768857972248011 0.019721720730885864 -0.0019402429155888968 -0.014916192325365889 0.0036329280339585722 0.0051379554833357148 -0.023287290890045741 -0.00049168113328050826 0.021130941134273402 0.0016162320428892323 0.016542385684678685 0.0055480238512879421 0.003459220208848516
leaf_weight=5286 23 25 23 39 62 34 67 35 23 1072 96 34 26 21 23 22 32 27 20 201 41 129 26 27 48 37 115 37 310 24
leaf_count=5286 23 25 23 39 62 34 67 35 23 1072 96 34 26 21 23 22 32 27 20 201 41 129 26 27 48 37 115 37 310 24
internal_value=-9.8919e-12 -0.000316253 -0.00920418 -0.0152766 0.000650546 -0.00103109 -0.00140584 -0.0112396 -0.000915001 -0.00126236 0.0022034 0.0095426 0.00164511 0.00228735 0.0142314 0.00176339 0.000686253 0.00132284 -0.00154753 -0.00240516 -0.00146311 0.0075224 0.0181978 -0.000174381 -0.0086981 0.00163661 0.00636652 0.00509156 0.00390145 -0.00719502
internal_weight=7985 5373 87 62 2612 1254 1220 58 1162 1139 1358 96 1262 1166 49 1117 941 909 516 496 469 176 47 428 75 353 152 393 356 46
internal_count=7985 5373 87 62 2612 1254 1220 58 1162 1139 1358 96 1262 1166 49 1117 941 909 516 496 469 176 47 428 75 353 152 393 356 46
is_linear=0
shrinkage=0.05


Tree=294
num_leaves=31
num_cat=0
split_feature=15 68 2 128 140 91 58 41 79 131 12 18 34 43 43 7 26 87 26 16 14 130 51 94 7 118 59 130 77 99
split_gain=0.6583 2.37628 2.64799 3.28872 2.53061 2.97007 2.15077 2.23467 2.06147 1.95911 3.67338 1.92889 2.17683 1.78362 3.41087 2.55416 2.52978 2.24624 5.96613 1.96386 2.80214 2.17539 2.69076 1.87802 1.75627 1.76805 1.72855 1.94348 1.97204 2.62262
threshold=1.1929280397022335 41.966480421652797 0.016393936784449007 9.4569058993528916 1.0000000180025095e-35 10.930348260933993 6.3382954032187078 -1.8449999999999991 36.920266243827179 7.1165000000000012 -0.54904296134887831 35.495691519206268 4.6504360273830692 7.9209164969450105 9.3114463967405161 112.06750000000001 2.4981474339236183 17.698118534459805 0.72206074145469235 1.8304597701149428 0.1653989362641182 3.2827400000000027 5.8888668403964921 6.0257326055706644 198.11499999999998 1.5000000000000002 33.252357845680287 4.5217500000000053 12.84417151854627 -0.0481481481481476
decision_type=2 2 2 2 2 2 2 2 2 2 10 10 2 2 2 2 2 2 2 2 10 2 2 2 2 2 2 2 2 2
left_child=13 2 6 9 5 8 24 -8 -3 -4 -11 12 -9 17 15 -15 -17 18 -1 -16 23 22 -22 -21 25 -2 27 28 -12 -30
right_child=1 4 3 -5 -6 -7 7 11 -10 10 26 -13 -14 14 19 16 -18 -19 -20 20 21 -23 -24 -25 -26 -27 -28 -29 29 -31
leaf_value=-0.024551168305888063 -0.011251482339575888 0.021768711172044278 -0.013533605508772389 0.0194859731543277 0.022425430177134418 -0.0017801419789251942 -0.0043647697878380623 0.0082728784251958135 0.0039070865777986385 0.016604130360065028 -8.3505710656462897e-05 -0.0027716329807172652 0.021973526814359837 -0.020142684387142906 -2.6239166167481932e-05 -0.0030787408820970919 -0.021501256581395865 0.015617015399038793 0.0026870584117085279 0.011194210083953007 0.0013394218458990127 -0.015339641264381499 -0.016345101868112884 -0.0077347949892282485 -0.013962509175762534 0.0052177112186903045 -0.013518944233655931 0.013854458057903685 0.0072252163816509509 -0.0078355777036789274
leaf_weight=21 20 30 28 21 21 93 30 85 35 32 2763 23 44 28 3331 273 20 30 471 38 76 64 30 20 20 88 25 24 35 166
leaf_count=21 20 30 28 21 21 93 30 85 35 32 2763 23 44 28 3331 273 20 30 471 38 76 64 30 20 20 88 25 24 35 166
internal_value=-1.86273e-11 0.000503206 0.000207931 -0.00023349 0.00611838 0.00395099 0.00461361 0.00810626 0.0121509 -0.000368248 -0.000247187 0.0105676 0.012946 -0.000409584 -0.000778745 -0.005715 -0.00433625 0.00233437 0.00152445 -0.000333524 -0.00482285 -0.00806055 -0.00366563 0.00466697 -0.00035251 0.00216786 -0.000426159 -0.000316614 -0.00043136 -0.00521305
internal_weight=7985 3583 3404 3094 179 158 310 182 65 3073 3045 152 129 4402 3880 321 293 522 492 3559 228 170 106 58 128 108 3013 2988 2964 201
internal_count=7985 3583 3404 3094 179 158 310 182 65 3073 3045 152 129 4402 3880 321 293 522 492 3559 228 170 106 58 128 108 3013 2988 2964 201
is_linear=0
shrinkage=0.05


Tree=295
num_leaves=31
num_cat=0
split_feature=79 101 310 127 101 71 105 35 30 37 98 2 0 41 95 25 25 25 26 48 168 23 36 4 58 4 120 22 101 66
split_gain=0.662781 2.97999 2.55034 3.21932 2.14315 1.9104 1.85141 4.08975 7.34303 1.8302 1.97294 1.64605 1.56023 2.26938 2.78939 3.18476 2.98983 2.03981 2.11967 1.88908 1.84902 2.55812 1.75869 2.99215 3.42512 2.81771 2.11694 2.07774 2.64055 1.27315
threshold=48.726651302420088 15.649570976010763 1.0000000180025095e-35 1.0000000180025095e-35 15.006927367654884 10.214876562269112 0.21980676328502416 6.376768833622493 13.348385463555042 4.7758213191219872 5.3983175447390908 0.062788126112761647 11.800839908075497 -2.8850000000000002 6.0137273268658564 0.058337170808978676 0.10130087525230751 0.81888310905052941 2.2740920126142239 4.948827249149697 3.5000000000000004 -1.8463401061290476 8.4937681173194726 0.61261056683363513 35.900113353191195 0.67606666715307129 4.5000000000000009 2.3777692850514249 25.957379167716471 19.744821617328629
decision_type=2 2 2 2 2 2 2 2 2 2 2 2 2 2 2 8 8 8 2 2 2 10 2 2 2 2 2 10 2 2
left_child=1 -1 6 4 11 -6 12 8 -8 -9 -11 -4 13 -2 15 19 -17 -18 -19 -15 21 -20 23 24 -14 -25 -27 28 29 -24
right_child=2 -3 3 -5 5 -7 7 9 -10 10 -12 -13 22 14 -16 16 17 18 20 -21 -22 -23 27 25 -26 26 -28 -29 -30 -31
leaf_value=-8.729260846813573e-05 0.016928554192806283 -0.015147341883769542 -0.025596114813994902 0.008683149048099012 -0.010747161583805627 0.0075767785012722027 0.0037163735096973761 -0.011505460827833131 0.042575850598514084 0.014765779825756909 -0.0010136091505745964 -0.0065165115077979868 -0.023851682980859872 -0.023342925207689408 0.016258303400489591 0.019979063376946295 -0.011539231129323266 -0.010244516124525531 0.0032590191451163267 -0.0016111539176199585 -0.0028689787800734242 0.024853544868528844 0.0074201789129311069 0.017117780010977929 -0.0026153522002142528 0.0051923387870192531 -0.016341624631812528 0.014766330624531424 -0.01601657879073173 -0.0043668927974067628
leaf_weight=7105 30 33 26 33 33 25 31 21 20 32 52 20 34 20 31 23 28 22 32 20 30 24 63 22 43 25 21 28 22 36
leaf_count=7105 30 33 26 33 33 25 31 21 20 32 52 20 34 20 31 23 28 22 32 20 30 24 63 22 43 25 21 28 22 36
internal_value=-4.02483e-12 -0.000156917 0.0013224 -0.00492352 -0.00924102 -0.00284891 0.0025276 0.00733915 0.0189554 0.00169698 0.00499759 -0.0173006 0.00117273 0.00399434 0.00230726 0.000133987 0.00330657 0.00048696 0.00360486 -0.012477 0.00714772 0.0125138 -0.00132257 -0.0052427 -0.0119924 0.00240038 -0.00463838 0.00249232 -0.000347947 0.00313397
internal_weight=7985 7138 847 137 104 58 710 156 51 105 84 46 554 260 230 199 159 136 108 40 86 56 294 145 77 68 46 149 121 99
internal_count=7985 7138 847 137 104 58 710 156 51 105 84 46 554 260 230 199 159 136 108 40 86 56 294 145 77 68 46 149 121 99
is_linear=0
shrinkage=0.05


Tree=296
num_leaves=31
num_cat=0
split_feature=198 73 94 94 94 50 27 64 88 47 44 45 50 67 62 58 25 41 20 57 143 53 102 29 57 38 20 92 102 102
split_gain=0.639359 0.936558 3.03793 1.10312 1.52322 0.795609 2.913 3.27818 2.58767 2.26824 2.60786 2.55337 2.24941 1.98595 1.77332 2.68287 2.19914 1.95693 1.97595 3.46863 2.15958 2.79885 2.41672 1.771 2.48635 2.13924 1.71474 1.94253 1.59364 2.31001
threshold=2.5000000000000004 14.634732589512696 10.251131773292093 24.387727069555513 30.371431544593477 7.4060862364871403 2.1147976824895993 14.774130623520799 26.21437157456322 15.661989340818744 7.3962037085108276 4.2526658640489687 1.0000000180025095e-35 6.6358537843727277 33.884328932543099 20.895146382058442 -0.11684338744300851 -0.035584415584415614 1.9570981557861915 6.751336441644562 2.5000000000000004 14.467932315537213 1.5308365789731528 10.556259848096431 13.42361585295288 3.1924651756962068 2.2393776479094174 13.547550635939444 0.21447763133031009 0.51654870609017245
decision_type=2 2 2 2 2 2 2 2 2 2 2 2 2 2 2 2 8 2 8 2 2 2 2 2 2 2 8 2 2 2
left_child=1 5 -3 -4 -5 12 8 9 -7 10 11 13 -1 23 17 16 -16 18 19 -14 21 28 -23 24 -8 -25 27 -17 -20 -30
right_child=-2 2 3 4 -6 6 7 -9 -10 -11 -12 -13 14 -15 15 26 -18 -19 20 -21 -22 22 -24 25 -26 -27 -28 -29 29 -31
leaf_value=-0.00015732145488096699 0.0071666606341398535 -0.02215846604667604 0.0059199961594698074 -0.014592699214816094 0.00062754231233460211 0.0062205875702022627 -0.0015242569903666909 -0.021085918944403863 -0.0071282677488246314 0.0089636019348879083 -0.01813901304776664 0.0091311936820479677 0.0032635180308122416 -0.014410610765011775 0.02020392982910077 -0.022492529408862958 -0.0013697982179345909 0.018971435413695874 0.0068778604731622927 -0.019330582569818944 -0.0055793296356030087 0.0078002709979773507 0.0287466264285502 0.010744286787051423 -0.0230647141734759 -0.0045648184308612885 -0.0011916872429295997 -0.00276620144189413 -0.013193406939506531 0.0026556823834316106
leaf_weight=6371 31 20 38 25 48 149 37 28 48 34 32 37 49 45 21 26 27 20 229 26 54 40 21 39 21 55 79 24 25 286
leaf_count=6371 31 20 38 25 48 149 37 28 48 34 32 37 49 45 21 26 27 20 229 26 54 40 21 39 21 55 79 24 25 286
internal_value=2.42835e-11 -2.79314e-05 -0.00422065 -0.000988609 -0.00458487 4.22777e-05 -0.00183771 -0.00472411 0.00296807 -0.00319701 -0.00475138 -0.00292059 0.000177519 -0.00518412 0.00247878 -0.00202282 0.00806871 0.00354116 0.00311842 -0.0045691 0.00399867 0.00485925 0.0150113 -0.00245259 -0.00932339 0.00178683 -0.00577781 -0.0130239 0.00371244 0.00138164
internal_weight=7985 7954 131 111 73 7823 525 328 197 300 266 234 7298 197 927 177 48 750 730 75 655 601 61 152 58 94 129 50 540 311
internal_count=7985 7954 131 111 73 7823 525 328 197 300 266 234 7298 197 927 177 48 750 730 75 655 601 61 152 58 94 129 50 540 311
is_linear=0
shrinkage=0.05


Tree=297
num_leaves=31
num_cat=0
split_feature=56 5 5 122 358 122 45 45 62 25 2 12 43 130 24 60 89 9 224 46 44 9 45 9 131 87 62 4 5 17
split_gain=0.639933 0.896081 1.47664 2.07175 1.28912 1.08069 0.907308 1.81297 2.53525 1.5248 1.90591 3.31081 2.26119 2.04663 1.82442 1.4198 1.74513 1.32019 1.44941 6.04575 1.46832 1.31471 4.90844 4.06129 1.64402 5.01727 4.16809 2.59715 2.18967 1.89442
threshold=23.765871475097367 51.752012882447673 47.547348484848492 1.0000000180025095e-35 1.0000000180025095e-35 1.0000000180025095e-35 1.0316802187316483 1.0995309076909248 11.938452408796641 1.5625273870100085 0.16109889576813266 -0.083664210834365163 4.3064332247556996 1.0903000000000003 6.0552074300972949 6.0726207098130782 10.926300319121426 6.5000000000000009 1.0000000180025095e-35 51.754333588185496 102.69262469764733 16.500000000000004 3.1207024793611198 18.500000000000004 13.268050000000004 58.307166390490529 7.7130119554651797 0.33912291085640034 6.4142857142857155 0.49757281553398064
decision_type=2 2 2 2 2 2 2 2 2 10 2 8 2 2 10 2 2 2 2 2 2 2 2 2 2 2 2 2 2 2
left_child=1 2 6 -4 5 -3 9 8 -8 10 12 14 -1 -14 15 -12 -17 -9 20 -20 21 22 -19 -23 25 26 27 -25 -26 -30
right_child=-2 4 3 -5 -6 -7 7 17 -10 -11 11 -13 13 -15 -16 16 -18 18 19 -21 -22 23 -24 24 28 -27 -28 -29 29 -31
leaf_value=0.021561229832115628 0.0067460449758384904 -0.017658294175751509 0.01960293875359323 0.00077011356712318967 0.0031288167478999603 -0.0022724825024072613 -0.0016996092806082397 -0.012609431892633438 -0.023328632988268511 0.01453479084496697 0.0068276566008102493 -0.019098398980365704 -0.00090465637072662105 0.015237413319172683 -0.0087827162328176205 -0.0070363813809136743 0.010297352359630169 -0.023824333265423776 0.027031726130129149 -0.0057448770070229385 -0.013015341894193131 0.021933721830802305 0.007507566250860691 0.0087713574585707287 0.0064381132233225242 0.011860968811630176 -0.027203448433429003 -0.0134039823266287 -0.014760430223858832 -6.4918369447742206e-05
leaf_weight=21 35 25 23 40 27 21 42 21 20 24 103 23 72 27 40 53 20 25 24 34 22 21 25 23 130 29 30 31 22 6932
leaf_count=21 35 25 23 40 27 21 42 21 20 24 103 23 72 27 40 53 20 25 24 34 22 21 25 23 130 29 30 31 22 6932
internal_value=-1.26266e-11 -2.96996e-05 2.14028e-05 0.00764559 -0.00554386 -0.0106343 -4.00669e-05 -0.000162384 -0.00867671 0.00233314 0.00151743 -0.00106403 0.00665884 0.00349773 0.000856291 0.00304697 -0.00228741 -9.07474e-05 -5.497e-05 0.00781786 -0.000117607 -7.8566e-05 -0.00815838 -2.25961e-05 -8.6662e-05 -0.00607007 -0.0122605 -0.00395893 8.78192e-06 -0.00011141
internal_weight=7985 7950 7877 63 73 46 7814 7431 62 383 359 239 120 99 216 176 73 7369 7348 58 7290 7268 50 7218 7197 113 84 54 7084 6954
internal_count=7985 7950 7877 63 73 46 7814 7431 62 383 359 239 120 99 216 176 73 7369 7348 58 7290 7268 50 7218 7197 113 84 54 7084 6954
is_linear=0
shrinkage=0.05


Tree=298
num_leaves=31
num_cat=0
split_feature=158 59 59 5 23 41 44 99 362 37 68 145 160 77 128 17 19 23 97 27 100 91 99 15 128 100 58 53 57 118
split_gain=0.644392 0.687911 1.19096 2.35151 1.07733 0.969403 1.18264 0.947668 1.75442 1.39628 1.18325 0.881386 0.936649 0.902696 2.22112 2.97227 2.26671 2.14412 3.22359 2.88256 2.9324 5.32964 2.86559 2.78175 2.72764 2.64819 2.85349 2.63745 3.195 2.63089
threshold=6.5000000000000009 49.09884082577112 41.439325842369584 13.337899543378997 -2.5011890632358216 3.2583766233766238 102.69262469764733 10.990700831111253 1.0000000180025095e-35 4.2407944659562888 152.58268020878259 1.0000000180025095e-35 1.0000000180025095e-35 1.0000000180025095e-35 348.03924765646929 0.58089500860585208 10.339429185510477 -1.8564014567721983 11.864877989490896 4.3245740523295444 -0.53884117535903242 6.7942814019615811 -1.0000000180025095e-35 0.52086956521739147 4.2199276677510857 0.46562783446712047 26.187123741596505 4.7019488997986372 12.184956828357231 3.5000000000000004
decision_type=2 2 2 2 10 2 2 2 2 2 2 2 2 2 2 2 8 8 2 2 2 2 2 2 2 2 2 2 2 2
left_child=1 2 5 -4 -3 6 7 10 -9 -10 11 12 13 14 15 16 -1 18 19 20 21 -15 -22 -24 -25 27 -27 28 -20 -29
right_child=-2 4 3 -5 -6 -7 -8 8 9 -11 -12 -13 -14 17 -16 -17 -18 -19 25 -21 22 -23 23 24 -26 26 -28 29 -30 -31
leaf_value=-0.001737927505746484 0.0089636608026921749 0.00074349582790135885 0.020040133053606208 -0.00070875347591936588 -0.011199824638731246 0.010964135248214006 -0.012200871964450926 0.01309546648333661 -0.0074955706724501919 0.0074086127853176245 -0.011942610830356856 0.0099357018723491251 0.0080741547739931526 -0.0018766087069663974 0.015443156100809576 0.0003071159866798285 -0.025257814843207601 0.0025147684962751014 0.001843864067690447 -0.020915284279086021 0.0058428046251647178 -0.025038476987946326 0.01334679527580738 -0.0016006935260258197 -0.0076381318780058402 0.017613957867724822 0.002635070064345435 0.0042443085660425761 -0.014858419136769736 -0.0017812701583786224
leaf_weight=21 20 41 22 36 35 20 20 39 33 30 21 22 35 63 24 4939 20 395 50 23 100 41 25 572 278 40 155 278 67 520
leaf_count=21 20 41 22 36 35 20 20 39 33 30 21 22 35 63 24 4939 20 395 50 23 100 41 25 572 278 40 155 278 67 520
internal_value=6.07181e-12 -2.25076e-05 2.31002e-05 0.00716151 -0.00475672 -2.97702e-05 -5.792e-05 -2.67483e-05 0.00476106 -0.00039834 -9.02619e-05 -5.78024e-05 -8.65569e-05 -0.000124085 0.000268951 0.000195822 -0.013211 -0.000878496 -0.00148444 -0.00340009 -0.00302674 -0.0110077 -0.00217543 -0.0030918 -0.00357529 0.000417415 0.00570766 -0.000710015 -0.00772069 0.000317866
internal_weight=7985 7965 7889 58 76 7831 7811 7791 102 63 7689 7668 7646 7611 5004 4980 41 2607 2212 1102 1079 104 975 875 850 1110 195 915 117 798
internal_count=7985 7965 7889 58 76 7831 7811 7791 102 63 7689 7668 7646 7611 5004 4980 41 2607 2212 1102 1079 104 975 875 850 1110 195 915 117 798
is_linear=0
shrinkage=0.05


Tree=299
num_leaves=31
num_cat=0
split_feature=130 57 59 43 92 87 306 14 104 23 58 18 2 61 3 5 97 40 76 12 20 23 19 316 24 24 87 15 100 24
split_gain=0.663819 2.48194 2.83476 6.80959 2.33107 2.44839 2.91567 2.64417 3.53276 2.59098 2.26119 4.43502 3.29525 2.97893 4.22995 2.63119 2.9998 2.42578 2.35846 2.21651 2.13303 2.06439 2.05648 2.16674 2.16409 2.01642 3.75445 2.3123 2.55671 3.14705
threshold=2.7506500000000016 54.07994870442684 5.5511883720401718 26.126735089958988 5.4029270837881507 23.287786536428474 1.0000000180025095e-35 0.39959225035352569 -3.0159799382716042 -2.180616436837135 41.579051288691339 16.36554120842845 0.18892786281179144 9.6890111177536067 -0.069467592592592928 16.13942307692308 11.020644447593854 3.8033106787262478 19.372638236330257 -0.36550786401096513 2.3903479207829421 -2.0806201966898139 9.9339114869709828 1.0000000180025095e-35 6.6638377247826828 5.3736983924720541 5.5278129849998043 0.53021175611537064 -1.4266743569047853 5.923431480121363
decision_type=2 2 2 2 2 2 2 10 2 8 2 10 2 2 2 2 2 2 2 10 10 8 8 2 10 8 2 2 2 10
left_child=1 -1 -3 -4 5 6 7 8 -2 -9 13 17 -13 15 18 16 22 -12 21 -17 -7 -15 -10 24 -24 26 -6 -27 29 -29
right_child=4 2 3 -5 25 20 -8 9 10 -11 11 12 -14 14 -16 19 -18 -19 -20 -21 -22 -23 23 -25 -26 27 -28 28 -30 -31
leaf_value=-0.00017999482540227761 -0.019471198085833481 0.0055189403295516975 -0.036003088671714069 -0.0017002568233949252 0.0017524620097491049 0.0021068118162513127 -0.01084516439081944 0.024185386525932703 -0.01358429942778977 -0.00018193028712024291 0.0064431704547924691 -0.0056190624351276919 -0.02749319431992869 -0.0008166224572859291 0.021845249004001102 -0.0071306810714304447 -0.014759489159398485 -0.010021434593945742 -0.014266686141490938 0.012621564060753708 0.017019258698980726 0.0095999056559658673 -0.0035458732548974119 0.012468015332706273 0.0096545662371707811 -0.0059011048206230043 0.02242736140581067 0.0014326502911549493 0.0016815470916524634 0.026823044086442045
leaf_weight=5286 27 25 23 39 62 167 83 20 35 24 62 36 33 108 31 20 53 35 20 49 28 85 275 28 35 96 34 26 1117 23
leaf_count=5286 27 25 23 39 62 167 83 20 35 24 62 36 33 108 31 20 53 35 20 49 28 85 275 28 35 96 34 26 1117 23
internal_value=1.11976e-11 -0.00031786 -0.00869434 -0.0144255 0.000653852 -0.000900545 -0.00184859 -0.00108352 -0.00164898 0.0108941 -0.00111727 -0.00639057 -0.0160806 6.72591e-05 0.00458879 -0.00216154 -0.00362865 0.000502334 0.00207729 0.00689628 0.00424809 0.00377097 -0.00204705 -0.00085237 -0.0020555 0.00208921 0.00907482 0.00155781 0.00217193 0.0133506
internal_weight=7985 5373 87 62 2612 1254 1059 976 932 44 905 166 69 739 244 495 426 97 213 69 195 193 373 338 310 1358 96 1262 1166 49
internal_count=7985 5373 87 62 2612 1254 1059 976 932 44 905 166 69 739 244 495 426 97 213 69 195 193 373 338 310 1358 96 1262 1166 49
is_linear=0
shrinkage=0.05


end of trees

feature_importances:
MolLogP=352
HallKierAlpha=203
qed=172
BalabanJ=162
PEOE_VSA8=144
BCUT2D_MRHI=131
BCUT2D_MWHI=128
SlogP_VSA3=126
SMR_VSA10=125
Kappa3=120
BCUT2D_MRLOW=116
VSA_EState2=116
SPS=115
BertzCT=115
Phi=114
BCUT2D_MWLOW=113
SlogP_VSA2=113
VSA_EState9=112
PEOE_VSA7=111
MinPartialCharge=109
BCUT2D_LOGPLOW=105
PEOE_VSA6=105
MaxAbsPartialCharge=104
BCUT2D_LOGPHI=104
EState_VSA2=104
MinAbsEStateIndex=103
BCUT2D_CHGHI=101
MinEStateIndex=99
EState_VSA4=99
SMR_VSA1=95
Kappa1=94
VSA_EState4=94
BCUT2D_CHGLO=93
SlogP_VSA1=93
MinAbsPartialCharge=91
MaxPartialCharge=90
FpDensityMorgan2=90
Kappa2=90
MaxAbsEStateIndex=87
FpDensityMorgan1=86
VSA_EState5=84
FractionCSP3=80
AvgIpc=79
VSA_EState3=76
Chi0n=75
PEOE_VSA1=75
FpDensityMorgan3=74
VSA_EState7=74
MolMR=74
VSA_EState8=73
TPSA=72
SMR_VSA6=71
HeavyAtomMolWt=70
PEOE_VSA10=68
SlogP_VSA4=68
Chi0v=64
SMR_VSA5=62
EState_VSA9=62
MolWt=61
PEOE_VSA9=61
EState_VSA5=61
EState_VSA7=61
PEOE_VSA14=60
VSA_EState6=59
PEOE_VSA2=58
EState_VSA1=55
SlogP_VSA5=54
EState_VSA8=53
PEOE_VSA4=51
SMR_VSA3=51
Chi1v=49
Chi3n=47
EState_VSA3=47
NumValenceElectrons=46
SMR_VSA7=45
NumRotatableBonds=45
maccs_139=43
PEOE_VSA11=42
VSA_EState1=41
VSA_EState10=39
Ipc=37
LabuteASA=36
NumRadicalElectrons=35
maccs_5=34
Chi2n=33
Chi2v=33
Chi4n=33
maccs_20=32
Chi4v=31
NumHAcceptors=31
fr_Ar_NH=31
fr_unbrch_alkane=31
Chi3v=30
SlogP_VSA7=29
maccs_18=29
PEOE_VSA13=28
SlogP_VSA6=28
EState_VSA10=26
Chi1n=25
EState_VSA6=25
NHOHCount=25
maccs_48=24
maccs_29=23
SMR_VSA4=21
SlogP_VSA10=21
fr_imide=21
Chi0=20
NumHDonors=20
maccs_97=20
SMR_VSA9=19
NumHeteroatoms=19
maccs_86=19
maccs_100=19
PEOE_VSA3=18
fr_C_S=18
maccs_111=18
Chi1=17
PEOE_VSA12=16
fr_ester=16
fr_halogen=16
SlogP_VSA12=15
fr_COO=15
fr_allylic_oxid=15
ExactMolWt=14
fr_NH0=14
fr_ketone=14
maccs_7=14
NumAromaticHeterocycles=12
RingCount=12
fr_C_O_noCOO=12
fr_bicyclic=12
maccs_27=12
maccs_43=12
maccs_73=12
PEOE_VSA5=11
SlogP_VSA11=11
SlogP_VSA8=11
NOCount=11
fr_aryl_methyl=11
fr_ketone_Topliss=11
maccs_102=11
fr_Ar_COO=10
maccs_8=10
maccs_101=10
maccs_113=10
fr_ArN=9
fr_phenol_noOrthoHbond=9
maccs_35=9
maccs_38=9
maccs_39=9
maccs_127=9
maccs_150=9
NumAliphaticCarbocycles=8
fr_ether=8
maccs_9=8
maccs_47=8
maccs_74=8
maccs_99=8
maccs_119=8
maccs_145=8
fr_Ar_OH=7
maccs_30=7
maccs_72=7
maccs_85=7
maccs_89=7
maccs_93=7
maccs_126=7
maccs_141=7
maccs_144=7
maccs_148=7
maccs_152=7
SMR_VSA2=6
fr_COO2=6
fr_amidine=6
fr_hdrzone=6
maccs_37=6
maccs_40=6
maccs_45=6
maccs_106=6
maccs_115=6
maccs_166=6
NumAliphaticHeterocycles=5
NumUnspecifiedAtomStereoCenters=5
fr_Al_COO=5
fr_NH1=5
fr_para_hydroxylation=5
fr_pyridine=5
maccs_105=5
maccs_142=5
maccs_158=5
HeavyAtomCount=4
NumAliphaticRings=4
NumAmideBonds=4
NumAtomStereoCenters=4
fr_aniline=4
fr_lactone=4
fr_phos_acid=4
maccs_3=4
maccs_15=4
maccs_57=4
maccs_80=4
maccs_82=4
maccs_118=4
maccs_136=4
maccs_146=4
maccs_153=4
maccs_155=4
maccs_161=4
NumAromaticCarbocycles=3
fr_Al_OH=3
fr_Al_OH_noTert=3
fr_NH2=3
fr_isothiocyan=3
fr_nitrile=3
fr_phos_ester=3
maccs_23=3
maccs_52=3
maccs_55=3
maccs_63=3
maccs_69=3
maccs_78=3
maccs_88=3
maccs_90=3
maccs_109=3
maccs_112=3
maccs_123=3
maccs_128=3
maccs_133=3
maccs_147=3
maccs_157=3
NumHeterocycles=2
fr_C_O=2
fr_HOCCN=2
fr_Imine=2
fr_azo=2
fr_methoxy=2
fr_phenol=2
fr_quatN=2
maccs_33=2
maccs_36=2
maccs_42=2
maccs_50=2
maccs_62=2
maccs_91=2
maccs_98=2
maccs_104=2
maccs_108=2
maccs_114=2
maccs_122=2
maccs_129=2
maccs_130=2
maccs_132=2
maccs_138=2
maccs_149=2
maccs_151=2
maccs_154=2
maccs_156=2
maccs_159=2
maccs_160=2
MaxEStateIndex=1
NumSaturatedHeterocycles=1
fr_Ar_N=1
fr_Ndealkylation1=1
fr_alkyl_halide=1
fr_priamide=1
fr_sulfonamd=1
fr_term_acetylene=1
maccs_11=1
maccs_12=1
maccs_24=1
maccs_34=1
maccs_46=1
maccs_51=1
maccs_53=1
maccs_54=1
maccs_58=1
maccs_67=1
maccs_75=1
maccs_76=1
maccs_77=1
maccs_79=1
maccs_81=1
maccs_83=1
maccs_92=1
maccs_94=1
maccs_103=1
maccs_110=1
maccs_116=1
maccs_124=1
maccs_131=1
maccs_135=1

parameters:
[boosting: gbdt]
[objective: regression]
[metric: l2]
[tree_learner: serial]
[device_type: cpu]
[data_sample_strategy: bagging]
[data: ]
[valid: ]
[num_iterations: 300]
[learning_rate: 0.05]
[num_leaves: 31]
[num_threads: 0]
[seed: 0]
[deterministic: 0]
[force_col_wise: 0]
[force_row_wise: 0]
[histogram_pool_size: -1]
[max_depth: -1]
[min_data_in_leaf: 20]
[min_sum_hessian_in_leaf: 0.001]
[bagging_fraction: 1]
[pos_bagging_fraction: 1]
[neg_bagging_fraction: 1]
[bagging_freq: 0]
[bagging_seed: 7719]
[bagging_by_query: 0]
[feature_fraction: 1]
[feature_fraction_bynode: 1]
[feature_fraction_seed: 2437]
[extra_trees: 0]
[extra_seed: 11797]
[early_stopping_round: 0]
[early_stopping_min_delta: 0]
[first_metric_only: 0]
[max_delta_step: 0]
[lambda_l1: 0]
[lambda_l2: 0]
[linear_lambda: 0]
[min_gain_to_split: 0]
[drop_rate: 0.1]
[max_drop: 50]
[skip_drop: 0.5]
[xgboost_dart_mode: 0]
[uniform_drop: 0]
[drop_seed: 21238]
[top_rate: 0.2]
[other_rate: 0.1]
[min_data_per_group: 100]
[max_cat_threshold: 32]
[cat_l2: 10]
[cat_smooth: 10]
[max_cat_to_onehot: 4]
[top_k: 20]
[monotone_constraints: ]
[monotone_constraints_method: basic]
[monotone_penalty: 0]
[feature_contri: ]
[forcedsplits_filename: ]
[refit_decay_rate: 0.9]
[cegb_tradeoff: 1]
[cegb_penalty_split: 0]
[cegb_penalty_feature_lazy: ]
[cegb_penalty_feature_coupled: ]
[path_smooth: 0]
[interaction_constraints: ]
[verbosity: -1]
[saved_feature_importance_type: 0]
[use_quantized_grad: 0]
[num_grad_quant_bins: 4]
[quant_train_renew_leaf: 0]
[stochastic_rounding: 1]
[linear_tree: 0]
[max_bin: 255]
[max_bin_by_feature: ]
[min_data_in_bin: 3]
[bin_construct_sample_cnt: 200000]
[data_random_seed: 38]
[is_enable_sparse: 1]
[enable_bundle: 1]
[use_missing: 1]
[zero_as_missing: 0]
[feature_pre_filter: 1]
[pre_partition: 0]
[two_round: 0]
[header: 0]
[label_column: ]
[weight_column: ]
[group_column: ]
[ignore_column: ]
[categorical_feature: ]
[forcedbins_filename: ]
[precise_float_parser: 0]
[parser_config_file: ]
[objective_seed: 8855]
[num_class: 1]
[is_unbalance: 0]
[scale_pos_weight: 1]
[sigmoid: 1]
[boost_from_average: 1]
[reg_sqrt: 0]
[alpha: 0.9]
[fair_c: 1]
[poisson_max_delta_step: 0.7]
[tweedie_variance_power: 1.5]
[lambdarank_truncation_level: 30]
[lambdarank_norm: 1]
[label_gain: ]
[lambdarank_position_bias_regularization: 0]
[eval_at: ]
[multi_error_top_k: 1]
[auc_mu_weights: ]
[num_machines: 1]
[local_listen_port: 12400]
[time_out: 120]
[machine_list_filename: ]
[machines: ]
[gpu_platform_id: -1]
[gpu_device_id: -1]
[gpu_device_id_list: ]
[gpu_use_dp: 0]
[num_gpu: 1]

end of parameters

pandas_categorical:[]
